Customer Number,Customer Name,Collateral Code,Serial Number,Brand,Model,Year,Stock Number,Effective Date,Current Principal Amount,Maturity Date
FL148,Hyundai of New Port Richey,NEW,5NMJA3AE1PH293592,HYUN,TUCSON SE,2023,PH293592,7/24/2023,27825,7/24/2024
FL148,Hyundai of New Port Richey,NEW,5NMJACAE6PH267425,HYUN,TUCSON SE,2023,PH267425,6/7/2023,29390,6/7/2024
FL148,Hyundai of New Port Richey,NEW,5NMJACDE9RH295976,HYUN,TUCSON SE,2024,,7/18/2023,30172,7/18/2024
FL148,Hyundai of New Port Richey,NEW,5NMJB3AE7PH287776,HYUN,TUCSON SEL,2023,,6/29/2023,29449,6/29/2024
FL148,Hyundai of New Port Richey,NEW,5NMJB3DE4RH295770,HYUN,TUCSON SEL,2024,,7/19/2023,30478,7/19/2024
FL148,Hyundai of New Port Richey,NEW,5NMJB3DE5RH294627,HYUN,TUCSON SEL,2024,,7/19/2023,30512,7/19/2024
FL148,Hyundai of New Port Richey,NEW,5NMJB3DE6RH295043,HYUN,TUCSON SEL,2024,,7/24/2023,30478,7/24/2024
FL148,Hyundai of New Port Richey,NEW,5NMJB3DEXRH297149,HYUN,TUCSON SEL,2024,,7/24/2023,30512,7/24/2024
FL148,Hyundai of New Port Richey,NEW,5NMJBCAE1PH282069,HYUN,TUCSON SEL,2023,,6/8/2023,30986,6/8/2024
FL148,Hyundai of New Port Richey,NEW,5NMJBCAE3PH265158,HYUN,TUCSON SEL,2023,,4/28/2023,31324,4/28/2024
FL148,Hyundai of New Port Richey,NEW,5NMJBCAE3PH269601,HYUN,TUCSON SEL,2023,,5/11/2023,30811,5/11/2024
FL148,Hyundai of New Port Richey,NEW,5NMJBCAE4PH282115,HYUN,TUCSON SEL,2023,PH282115,7/10/2023,31292,7/10/2024
FL148,Hyundai of New Port Richey,NEW,5NMJBCDE4RH294361,HYUN,TUCSON SEL,2024,,7/19/2023,31883,7/19/2024
FL148,Hyundai of New Port Richey,NEW,5NMJBCDE9RH294730,HYUN,TUCSON SEL,2024,,7/18/2023,32402,7/18/2024
FL148,Hyundai of New Port Richey,NEW,5NMJE3AE0PH286332,HYUN,TUCSON LIMITED,2023,,6/30/2023,36561,6/30/2024
FL148,Hyundai of New Port Richey,NEW,5NMJE3AE1PH269331,HYUN,TUCSON LIMITED,2023,,5/8/2023,36557,5/8/2024
FL148,Hyundai of New Port Richey,NEW,5NMJE3AE5NH148265,HYUN,TUCSON LIMITED,2022,,7/20/2022,35907,7/20/2023
FL148,Hyundai of New Port Richey,NEW,5NMJE3AE5PH285239,HYUN,TUCSON LIMITED,2023,,6/29/2023,36593,6/29/2024
FL148,Hyundai of New Port Richey,NEW,5NMJE3AE9PH271229,HYUN,TUCSON LIMITED,2023,,5/12/2023,36509,5/12/2024
FL148,Hyundai of New Port Richey,NEW,5NMJE3DE5RH297583,HYUN,TUCSON LIMITED,2024,,7/24/2023,36952,7/24/2024
FL148,Hyundai of New Port Richey,NEW,5NMJE3DE9RH294461,HYUN,TUCSON LIMITED,2024,,7/19/2023,36952,7/19/2024
FL148,Hyundai of New Port Richey,NEW,5NMJECAE0PH283396,HYUN,TUCSON LIMITED,2023,,6/14/2023,38000,6/14/2024
FL148,Hyundai of New Port Richey,NEW,5NMJECAE2PH203418,HYUN,TUCSON LIMITED,2023,,11/29/2022,37598,11/29/2023
FL148,Hyundai of New Port Richey,NEW,5NMJECAE4PH284194,HYUN,TUCSON LIMITED,2023,,6/29/2023,38000,6/29/2024
FL148,Hyundai of New Port Richey,NEW,5NMJECAE5PH175663,HYUN,TUCSON LIMITED,2023,,9/20/2022,37691,9/20/2023
FL148,Hyundai of New Port Richey,NEW,5NMJECAE5PH283748,HYUN,TUCSON LIMITED,2023,,6/12/2023,38000,6/12/2024
FL148,Hyundai of New Port Richey,NEW,5NMJECAE6PH227561,HYUN,TUCSON LIMITED,2023,,2/2/2023,37989,2/2/2024
FL148,Hyundai of New Port Richey,NEW,5NMJECAE6PH238284,HYUN,TUCSON LIMITED,2023,,3/13/2023,37682,3/13/2024
FL148,Hyundai of New Port Richey,NEW,5NMJECAE6PH268997,HYUN,TUCSON LIMITED,2023,,5/8/2023,37932,5/8/2024
FL148,Hyundai of New Port Richey,NEW,5NMJECAE6PH284875,HYUN,TUCSON LIMITED,2023,,6/27/2023,38436,6/27/2024
FL148,Hyundai of New Port Richey,NEW,5NMJECAE7PH285100,HYUN,TUCSON LIMITED,2023,,6/20/2023,38467,6/20/2024
FL148,Hyundai of New Port Richey,NEW,5NMJECAE8PH249559,HYUN,TUCSON LIMITED,2023,,3/24/2023,38032,3/24/2024
FL148,Hyundai of New Port Richey,NEW,5NMJECAE9PH249165,HYUN,TUCSON LIMITED,2023,,3/24/2023,38386,3/24/2024
FL148,Hyundai of New Port Richey,NEW,5NMJECAEXNH151520,HYUN,TUCSON LIMITED,2022,,7/28/2022,37267,7/28/2023
FL148,Hyundai of New Port Richey,NEW,5NMJECDE5RH295123,HYUN,TUCSON LIMITED,2024,,7/18/2023,38331,7/18/2024
FL148,Hyundai of New Port Richey,NEW,5NMJECDE9RH294413,HYUN,TUCSON LIMITED,2024,,7/18/2023,38331,7/18/2024
FL148,Hyundai of New Port Richey,NEW,5NMJF3AE2PH284398,HYUN,TUCSON SEL,2023,,7/13/2023,32037,7/13/2024
FL148,Hyundai of New Port Richey,NEW,5NMJF3DE6RH295256,HYUN,TUCSON SEL,2024,,7/18/2023,33288,7/18/2024
FL148,Hyundai of New Port Richey,NEW,5NMJFCAE2PH233726,HYUN,TUCSON SEL,2023,,2/16/2023,32969,2/16/2024
FL148,Hyundai of New Port Richey,NEW,5NMJFCAE3PH237574,HYUN,TUCSON SEL,2023,,2/28/2023,33357,2/28/2024
FL148,Hyundai of New Port Richey,NEW,5NMJFCAE4PH270955,HYUN,TUCSON SEL,2023,,5/15/2023,33083,5/15/2024
FL148,Hyundai of New Port Richey,NEW,5NMJFCAE7PH255723,HYUN,TUCSON SEL,2023,PH255723,6/7/2023,33479,6/7/2024
FL148,Hyundai of New Port Richey,NEW,5NMJFCAEXPH284200,HYUN,TUCSON SEL,2023,,6/12/2023,33055,6/12/2024
FL148,Hyundai of New Port Richey,NEW,5NMJFCDE8RH295095,HYUN,TUCSON SEL,2024,,7/19/2023,34329,7/19/2024
FL148,Hyundai of New Port Richey,NEW,5NMS1DAJ6PH591319,HYUN,SANTA FE SE,2023,,6/14/2023,31084,6/14/2024
FL148,Hyundai of New Port Richey,NEW,5NMS24AJ6PH580107,HYUN,SANTA FE SEL,2023,,5/8/2023,33539,5/8/2024
FL148,Hyundai of New Port Richey,NEW,5NMS24AJ6PH601506,HYUN,SANTA FE SEL,2023,,7/18/2023,33709,7/18/2024
FL148,Hyundai of New Port Richey,NEW,5NMS24AJ8PH556438,HYUN,SANTA FE SEL,2023,PH556438,5/26/2023,32977,5/26/2024
FL148,Hyundai of New Port Richey,NEW,5NMS24AJXPH602237,HYUN,SANTA FE SEL,2023,,7/24/2023,33276,7/24/2024
FL148,Hyundai of New Port Richey,NEW,5NMS2DA1XPH011289,HYUN,SANTA FE BLUE,2023,PH011289,6/26/2023,36896,6/26/2024
FL148,Hyundai of New Port Richey,NEW,5NMS2DAJ0PH572763,HYUN,SANTA FE SEL,2023,,4/17/2023,34839,4/17/2024
FL148,Hyundai of New Port Richey,NEW,5NMS2DAJ0PH575971,HYUN,SANTA FE SEL,2023,,4/24/2023,34843,4/24/2024
FL148,Hyundai of New Port Richey,NEW,5NMS2DAJ0PH576649,HYUN,SANTA FE SEL,2023,,4/28/2023,35248,4/28/2024
FL148,Hyundai of New Port Richey,NEW,5NMS2DAJ0PH579034,HYUN,SANTA FE SEL,2023,,5/3/2023,34880,5/3/2024
FL148,Hyundai of New Port Richey,NEW,5NMS2DAJ2PH572182,HYUN,SANTA FE SEL,2023,,4/19/2023,34839,4/19/2024
FL148,Hyundai of New Port Richey,NEW,5NMS2DAJ3PH575463,HYUN,SANTA FE SEL,2023,,4/27/2023,34815,4/27/2024
FL148,Hyundai of New Port Richey,NEW,5NMS2DAJ3PH575477,HYUN,SANTA FE SEL,2023,,4/25/2023,34815,4/25/2024
FL148,Hyundai of New Port Richey,NEW,5NMS2DAJ3PH591436,HYUN,SANTA FE SEL,2023,,6/14/2023,34815,6/14/2024
FL148,Hyundai of New Port Richey,NEW,5NMS2DAJ5PH573648,HYUN,SANTA FE SEL,2023,,4/19/2023,34815,4/19/2024
FL148,Hyundai of New Port Richey,NEW,5NMS2DAJ5PH582592,HYUN,SANTA FE SEL,2023,,5/16/2023,34880,5/16/2024
FL148,Hyundai of New Port Richey,NEW,5NMS2DAJ6PH580267,HYUN,SANTA FE SEL,2023,,5/8/2023,34880,5/8/2024
FL148,Hyundai of New Port Richey,NEW,5NMS2DAJ7PH535368,HYUN,SANTA FE SEL,2023,,12/19/2022,34162,12/19/2023
FL148,Hyundai of New Port Richey,NEW,5NMS2DAJ7PH576258,HYUN,SANTA FE SEL,2023,,4/27/2023,35248,4/27/2024
FL148,Hyundai of New Port Richey,NEW,5NMS2DAJ7PH576454,HYUN,SANTA FE SEL,2023,,4/27/2023,34843,4/27/2024
FL148,Hyundai of New Port Richey,NEW,5NMS2DAJ7PH580486,HYUN,SANTA FE SEL,2023,,5/8/2023,35313,5/8/2024
FL148,Hyundai of New Port Richey,NEW,5NMS2DAJ7PH583839,HYUN,SANTA FE SEL,2023,,5/23/2023,34880,5/23/2024
FL148,Hyundai of New Port Richey,NEW,5NMS2DAJ8PH573241,HYUN,SANTA FE SEL,2023,,4/20/2023,34815,4/20/2024
FL148,Hyundai of New Port Richey,NEW,5NMS2DAJ8PH574616,HYUN,SANTA FE SEL,2023,,4/21/2023,34815,4/21/2024
FL148,Hyundai of New Port Richey,NEW,5NMS2DAJ8PH581467,HYUN,SANTA FE SEL,2023,,5/19/2023,35313,5/19/2024
FL148,Hyundai of New Port Richey,NEW,5NMS2DAJ9PH579842,HYUN,SANTA FE SEL,2023,,5/8/2023,34880,5/8/2024
FL148,Hyundai of New Port Richey,NEW,5NMS2DAJXPH574505,HYUN,SANTA FE SEL,2023,,4/24/2023,34815,4/24/2024
FL148,Hyundai of New Port Richey,NEW,5NMS2DAJXPH574617,HYUN,SANTA FE SEL,2023,,4/24/2023,35248,4/24/2024
FL148,Hyundai of New Port Richey,NEW,5NMS34AJ4PH598165,HYUN,SANTA FE SEL PREMIUM,2023,,7/7/2023,38143,7/7/2024
FL148,Hyundai of New Port Richey,NEW,5NMS34AJ6PH588978,HYUN,SANTA FE SEL PREMIUM,2023,,6/6/2023,37710,6/6/2024
FL148,Hyundai of New Port Richey,NEW,5NMS34AJ7PH560171,HYUN,SANTA FE SEL PREMIUM,2023,,4/19/2023,37725,4/19/2024
FL148,Hyundai of New Port Richey,NEW,5NMS34AJ7PH588360,HYUN,SANTA FE SEL PREMIUM,2023,,6/5/2023,37710,6/5/2024
FL148,Hyundai of New Port Richey,NEW,5NMS34AJ8PH592384,HYUN,SANTA FE SEL PREMIUM,2023,,6/14/2023,38086,6/14/2024
FL148,Hyundai of New Port Richey,NEW,5NMS34AJ8PH592613,HYUN,SANTA FE SEL PREMIUM,2023,,6/26/2023,37710,6/26/2024
FL148,Hyundai of New Port Richey,NEW,5NMS34AJXPH577675,HYUN,SANTA FE SEL PREMIUM,2023,,5/1/2023,37725,5/1/2024
FL148,Hyundai of New Port Richey,NEW,5NMS3DA15PH009351,HYUN,SANTA FE SEL PREMIUM,2023,PH009351,6/22/2023,40726,6/22/2024
FL148,Hyundai of New Port Richey,NEW,5NMS3DAJ3PH553671,HYUN,SANTA FE SEL PREMIUM,2023,,3/2/2023,38921,3/2/2024
FL148,Hyundai of New Port Richey,NEW,5NMS3DAJ4PH592656,HYUN,SANTA FE SEL PREMIUM,2023,,6/26/2023,39354,6/26/2024
FL148,Hyundai of New Port Richey,NEW,5NMS3DAJ5PH573162,HYUN,SANTA FE SEL PREMIUM,2023,,4/20/2023,39802,4/20/2024
FL148,Hyundai of New Port Richey,NEW,5NMS3DAJ6PH574062,HYUN,SANTA FE SEL PREMIUM,2023,,4/21/2023,39312,4/21/2024
FL148,Hyundai of New Port Richey,NEW,5NMS3DAJ9PH572337,HYUN,SANTA FE SEL PREMIUM,2023,,4/17/2023,39745,4/17/2024
FL148,Hyundai of New Port Richey,NEW,5NMS54AL0PH593539,HYUN,SANTA FE CALLIGRAPHY,2023,,6/30/2023,42929,6/30/2024
FL148,Hyundai of New Port Richey,NEW,5NMS54AL0PH602983,HYUN,SANTA FE CALLIGRAPHY,2023,,7/24/2023,43071,7/24/2024
FL148,Hyundai of New Port Richey,NEW,5NMS54AL3PH594782,HYUN,SANTA FE CALLIGRAPHY,2023,,6/26/2023,42929,6/26/2024
FL148,Hyundai of New Port Richey,NEW,5NMS54AL5PH597456,HYUN,SANTA FE CALLIGRAPHY,2023,,6/30/2023,42929,6/30/2024
FL148,Hyundai of New Port Richey,NEW,5NMS54AL9PH602447,HYUN,SANTA FE CALLIGRAPHY,2023,,7/24/2023,43504,7/24/2024
FL148,Hyundai of New Port Richey,NEW,5NMS64AJ3PH578643,HYUN,SANTA FE XRT,2023,,5/8/2023,35368,5/8/2024
FL148,Hyundai of New Port Richey,NEW,5NMS6DAJ0PH594346,HYUN,SANTA FE XRT,2023,,6/26/2023,36514,6/26/2024
FL148,Hyundai of New Port Richey,NEW,5NMS6DAJ1PH553630,HYUN,SANTA FE XRT,2023,,4/6/2023,36027,4/6/2024
FL148,Hyundai of New Port Richey,NEW,5NPLP4AG1PH107292,HYUN,ELANTRA LIMITED,2023,,2/28/2023,27191,2/28/2024
FL148,Hyundai of New Port Richey,NEW,5NPLS4AG4PH118527,HYUN,ELANTRA SEL,2023,,5/16/2023,24874,5/16/2024
FL148,Hyundai of New Port Richey,NEW,5NTJA4AE0RH080677,HYUN,SANTA CRUZ SE,2024,RH080677,7/17/2023,27832,7/17/2024
FL148,Hyundai of New Port Richey,NEW,5NTJBDAE7RH080768,HYUN,SANTA CRUZ SEL,2024,,6/30/2023,31540,6/30/2024
FL148,Hyundai of New Port Richey,NEW,5NTJBDAE8RH081802,HYUN,SANTA CRUZ SEL,2024,,7/24/2023,31764,7/24/2024
FL148,Hyundai of New Port Richey,NEW,5NTJBDAEXRH082028,HYUN,SANTA CRUZ SEL,2024,,7/24/2023,31822,7/24/2024
FL148,Hyundai of New Port Richey,NEW,5NTJC4AE5RH079387,HYUN,SANTA CRUZ SEL,2024,,6/29/2023,33940,6/29/2024
FL148,Hyundai of New Port Richey,NEW,5NTJC4AE6RH080354,HYUN,SANTA CRUZ SEL,2024,,7/10/2023,33566,7/10/2024
FL148,Hyundai of New Port Richey,NEW,5NTJC4AE8RH081103,HYUN,SANTA CRUZ SEL,2024,,7/13/2023,33773,7/13/2024
FL148,Hyundai of New Port Richey,NEW,5NTJCDAE0RH078874,HYUN,SANTA CRUZ SEL,2024,,6/29/2023,36431,6/29/2024
FL148,Hyundai of New Port Richey,NEW,5NTJCDAE1PH073406,HYUN,SANTA CRUZ SEL,2023,,5/23/2023,33466,5/23/2024
FL148,Hyundai of New Port Richey,NEW,5NTJCDAE7RH081481,HYUN,SANTA CRUZ SEL,2024,,7/18/2023,36068,7/18/2024
FL148,Hyundai of New Port Richey,NEW,5NTJCDAEXRH082527,HYUN,SANTA CRUZ SEL,2024,,7/24/2023,35515,7/24/2024
FL148,Hyundai of New Port Richey,NEW,5NTJCDAF0RH081671,HYUN,SANTA CRUZ NIGHT,2024,,7/18/2023,39132,7/18/2024
FL148,Hyundai of New Port Richey,NEW,5NTJCDAF1PH074211,HYUN,SANTA CRUZ NIGHT,2023,,5/16/2023,37015,5/16/2024
FL148,Hyundai of New Port Richey,NEW,5NTJCDAF2PH064593,HYUN,SANTA CRUZ NIGHT,2023,,3/3/2023,36806,3/3/2024
FL148,Hyundai of New Port Richey,NEW,5NTJCDAF4PH073148,HYUN,SANTA CRUZ NIGHT,2023,,5/10/2023,36953,5/10/2024
FL148,Hyundai of New Port Richey,NEW,5NTJCDAF9RH078767,HYUN,SANTA CRUZ NIGHT,2024,,7/3/2023,38790,7/3/2024
FL148,Hyundai of New Port Richey,NEW,5NTJCDAFXPH073672,HYUN,SANTA CRUZ NIGHT,2023,,5/22/2023,37005,5/22/2024
FL148,Hyundai of New Port Richey,NEW,5NTJCDAFXRH078762,HYUN,SANTA CRUZ NIGHT,2024,,7/18/2023,38659,7/18/2024
FL148,Hyundai of New Port Richey,NEW,5NTJDDAF2PH060704,HYUN,SANTA CRUZ SEL PREMIUM,2023,,2/2/2023,38315,2/2/2024
FL148,Hyundai of New Port Richey,NEW,5NTJDDAF3PH046360,HYUN,SANTA CRUZ SEL PREMIUM,2023,,10/31/2022,38326,10/31/2023
FL148,Hyundai of New Port Richey,NEW,5NTJDDAF3PH068472,HYUN,SANTA CRUZ SEL PREMIUM,2023,,4/3/2023,38273,4/3/2024
FL148,Hyundai of New Port Richey,NEW,5NTJDDAF4PH041099,HYUN,SANTA CRUZ SEL PREMIUM,2023,,9/19/2022,38275,9/19/2023
FL148,Hyundai of New Port Richey,NEW,5NTJDDAF4PH074295,HYUN,SANTA CRUZ SEL PREMIUM,2023,,5/16/2023,38467,5/16/2024
FL148,Hyundai of New Port Richey,NEW,5NTJDDAF5PH068103,HYUN,SANTA CRUZ SEL PREMIUM,2023,,4/6/2023,38282,4/6/2024
FL148,Hyundai of New Port Richey,NEW,5NTJDDAF6PH054405,HYUN,SANTA CRUZ SEL PREMIUM,2023,,12/19/2022,38322,12/19/2023
FL148,Hyundai of New Port Richey,NEW,5NTJDDAF6PH057644,HYUN,SANTA CRUZ SEL PREMIUM,2023,,1/23/2023,38605,1/23/2024
FL148,Hyundai of New Port Richey,NEW,5NTJDDAF6PH065145,HYUN,SANTA CRUZ SEL PREMIUM,2023,,3/16/2023,38846,3/16/2024
FL148,Hyundai of New Port Richey,NEW,5NTJDDAF8RH078384,HYUN,SANTA CRUZ XRT,2024,,7/19/2023,40239,7/19/2024
FL148,Hyundai of New Port Richey,NEW,5NTJDDAF9PH046637,HYUN,SANTA CRUZ SEL PREMIUM,2023,,11/1/2022,38326,11/1/2023
FL148,Hyundai of New Port Richey,NEW,5NTJDDAF9PH056617,HYUN,SANTA CRUZ SEL PREMIUM,2023,,12/29/2022,38602,12/29/2023
FL148,Hyundai of New Port Richey,NEW,5NTJDDAFXPH064340,HYUN,SANTA CRUZ SEL PREMIUM,2023,,2/28/2023,38219,2/28/2024
FL148,Hyundai of New Port Richey,NEW,5NTJDDAFXPH064970,HYUN,SANTA CRUZ SEL PREMIUM,2023,,4/28/2023,38821,4/28/2024
FL148,Hyundai of New Port Richey,NEW,5NTJDDAFXPH073880,HYUN,SANTA CRUZ SEL PREMIUM,2023,,5/12/2023,38556,5/12/2024
FL148,Hyundai of New Port Richey,NEW,5NTJEDAF1RH078367,HYUN,SANTA CRUZ LIMITED,2024,,6/26/2023,41431,6/26/2024
FL148,Hyundai of New Port Richey,NEW,5NTJEDAF6PH074053,HYUN,SANTA CRUZ LIMITED,2023,,5/15/2023,41389,5/15/2024
FL148,Hyundai of New Port Richey,NEW,5NTJEDAF7PH073560,HYUN,SANTA CRUZ LIMITED,2023,,5/9/2023,41366,5/9/2024
FL148,Hyundai of New Port Richey,NEW,KM8JBCAEXPU246420,HYUN,TUCSON SEL,2023,PU246420,7/6/2023,31011,7/6/2024
FL148,Hyundai of New Port Richey,NEW,KM8JECA10PU132737,HYUN,TUCSON LIMITED,2023,,7/20/2023,39554,7/20/2024
FL148,Hyundai of New Port Richey,NEW,KM8JECA14PU132708,HYUN,TUCSON LIMITED,2023,,7/24/2023,39471,7/24/2024
FL148,Hyundai of New Port Richey,NEW,KM8JECA19PU132946,HYUN,TUCSON LIMITED,2023,,7/24/2023,39534,7/24/2024
FL148,Hyundai of New Port Richey,NEW,KM8JECA1XPU132695,HYUN,TUCSON LIMITED,2023,,7/21/2023,39530,7/21/2024
FL148,Hyundai of New Port Richey,NEW,KM8JF3AE0NU150233,HYUN,TUCSON N LINE,2022,NU150233,7/8/2022,32973,7/8/2023
FL148,Hyundai of New Port Richey,NEW,KM8JF3AE1NU160625,HYUN,TUCSON N LINE,2022,,8/31/2022,33089,8/31/2023
FL148,Hyundai of New Port Richey,NEW,KM8K22AB2PU050332,HYUN,KONA SE,2023,,7/12/2023,23463,7/12/2024
FL148,Hyundai of New Port Richey,NEW,KM8K2CAB0PU048066,HYUN,KONA SE,2023,,7/13/2023,24791,7/13/2024
FL148,Hyundai of New Port Richey,NEW,KM8K2CAB1PU047136,HYUN,KONA SE,2023,,7/19/2023,24762,7/19/2024
FL148,Hyundai of New Port Richey,NEW,KM8K2CAB3PU048241,HYUN,KONA SE,2023,,7/10/2023,24791,7/10/2024
FL148,Hyundai of New Port Richey,NEW,KM8K2CABXPU041478,HYUN,KONA SE,2023,PU041478,7/6/2023,24896,7/6/2024
FL148,Hyundai of New Port Richey,NEW,KM8K32AB6PU046281,HYUN,KONA SEL,2023,,6/23/2023,27189,6/23/2024
FL148,Hyundai of New Port Richey,NEW,KM8K32AB9PU048218,HYUN,KONA SEL,2023,,7/10/2023,27048,7/10/2024
FL148,Hyundai of New Port Richey,NEW,KM8K32ABXPU046543,HYUN,KONA SEL,2023,,6/20/2023,27321,6/20/2024
FL148,Hyundai of New Port Richey,NEW,KM8K33A31PU947637,HYUN,KONA SEL,2023,,9/21/2022,28825,9/21/2023
FL148,Hyundai of New Port Richey,NEW,KM8K33A35PU048019,HYUN,KONA SEL,2023,,7/12/2023,29283,7/12/2024
FL148,Hyundai of New Port Richey,NEW,KM8K33A37PU940949,HYUN,KONA SEL,2023,,9/8/2022,28584,9/8/2023
FL148,Hyundai of New Port Richey,NEW,KM8K33A38PU044028,HYUN,KONA SEL,2023,,6/20/2023,28793,6/20/2024
FL148,Hyundai of New Port Richey,NEW,KM8K3CA33PU039321,HYUN,KONA SEL,2023,,5/26/2023,30667,5/26/2024
FL148,Hyundai of New Port Richey,NEW,KM8K3CA36PU940585,HYUN,KONA SEL,2023,,9/2/2022,30111,9/2/2023
FL148,Hyundai of New Port Richey,NEW,KM8K3CAB2PU970870,HYUN,KONA SEL,2023,,11/23/2022,28452,11/23/2023
FL148,Hyundai of New Port Richey,NEW,KM8K3CAB5PU970846,HYUN,KONA SEL,2023,,11/18/2022,28452,11/18/2023
FL148,Hyundai of New Port Richey,NEW,KM8K3CAB7PU048207,HYUN,KONA SEL,2023,,7/13/2023,29227,7/13/2024
FL148,Hyundai of New Port Richey,NEW,KM8K53A31PU976033,HYUN,KONA LIMITED,2023,,12/27/2022,29530,12/27/2023
FL148,Hyundai of New Port Richey,NEW,KM8K53A34PU940210,HYUN,KONA LIMITED,2023,,8/25/2022,29629,8/25/2023
FL148,Hyundai of New Port Richey,NEW,KM8K53A37NU923348,HYUN,KONA LIMITED,2022,,6/27/2022,29390,6/27/2023
FL148,Hyundai of New Port Richey,NEW,KM8K53A38PU044394,HYUN,KONA LIMITED,2023,,6/20/2023,29722,6/20/2024
FL148,Hyundai of New Port Richey,NEW,KM8K53A39NU923318,HYUN,KONA LIMITED,2022,,6/30/2022,29390,6/30/2023
FL148,Hyundai of New Port Richey,NEW,KM8K53A3XPU044381,HYUN,KONA LIMITED,2023,,6/30/2023,29722,6/30/2024
FL148,Hyundai of New Port Richey,NEW,KM8K53AG3PU173503,HYUN,KONA LIMITED,2023,,3/20/2023,42238,3/20/2024
FL148,Hyundai of New Port Richey,NEW,KM8K53AG5PU179531,HYUN,KONA LIMITED,2023,,5/8/2023,42181,5/8/2024
FL148,Hyundai of New Port Richey,NEW,KM8K5CA30PU047287,HYUN,KONA LIMITED,2023,,7/21/2023,31132,7/21/2024
FL148,Hyundai of New Port Richey,NEW,KM8K5CA32PU048716,HYUN,KONA LIMITED,2023,,7/10/2023,31005,7/10/2024
FL148,Hyundai of New Port Richey,NEW,KM8K5CA33PU039149,HYUN,KONA LIMITED,2023,,5/25/2023,31073,5/25/2024
FL148,Hyundai of New Port Richey,NEW,KM8K5CA37PU970883,HYUN,KONA LIMITED,2023,,12/1/2022,31093,12/1/2023
FL148,Hyundai of New Port Richey,NEW,KM8K5CA38PU970889,HYUN,KONA LIMITED,2023,,12/15/2022,30962,12/15/2023
FL148,Hyundai of New Port Richey,NEW,KM8K62AB0PU041326,HYUN,KONA SEL,2023,,6/7/2023,24832,6/7/2024
FL148,Hyundai of New Port Richey,NEW,KM8K62AB3PU041319,HYUN,KONA SEL,2023,,6/13/2023,24832,6/13/2024
FL148,Hyundai of New Port Richey,NEW,KM8K62AB3PU050408,HYUN,KONA SEL,2023,,7/12/2023,24731,7/12/2024
FL148,Hyundai of New Port Richey,NEW,KM8K62AB4PU048585,HYUN,KONA SEL,2023,,7/12/2023,24731,7/12/2024
FL148,Hyundai of New Port Richey,NEW,KM8K62AB6PU050838,HYUN,KONA SEL,2023,,7/13/2023,24731,7/13/2024
FL148,Hyundai of New Port Richey,NEW,KM8K62AB7PU040271,HYUN,KONA SEL,2023,,6/8/2023,25004,6/8/2024
FL148,Hyundai of New Port Richey,NEW,KM8K62AB7PU041100,HYUN,KONA SEL,2023,PU041100,6/16/2023,25376,6/16/2024
FL148,Hyundai of New Port Richey,NEW,KM8K62AB7PU048399,HYUN,KONA SEL,2023,,7/12/2023,25438,7/12/2024
FL148,Hyundai of New Port Richey,NEW,KM8K62AB7PU048449,HYUN,KONA SEL,2023,,7/13/2023,24731,7/13/2024
FL148,Hyundai of New Port Richey,NEW,KM8K62AB9PU041356,HYUN,KONA SEL,2023,,6/7/2023,24832,6/7/2024
FL148,Hyundai of New Port Richey,NEW,KM8K62AB9PU049599,HYUN,KONA SEL,2023,,7/7/2023,24731,7/7/2024
FL148,Hyundai of New Port Richey,NEW,KM8K6CAB3PU042122,HYUN,KONA SEL,2023,,6/22/2023,26336,6/22/2024
FL148,Hyundai of New Port Richey,NEW,KM8K6CABXPU045907,HYUN,KONA SEL,2023,,6/22/2023,26885,6/22/2024
FL148,Hyundai of New Port Richey,NEW,KM8KM4AB2PU159895,HYUN,IONIQ 5 SE,2023,,3/3/2023,43270,3/3/2024
FL148,Hyundai of New Port Richey,NEW,KM8KM4AB4PU163432,HYUN,IONIQ 5 SE,2023,,3/14/2023,43670,3/14/2024
FL148,Hyundai of New Port Richey,NEW,KM8KM4AB7PU171945,HYUN,IONIQ 5 SE,2023,,3/28/2023,43640,3/28/2024
FL148,Hyundai of New Port Richey,NEW,KM8KM4AB9PU150403,HYUN,IONIQ 5 SE,2023,,12/28/2022,43200,12/28/2023
FL148,Hyundai of New Port Richey,NEW,KM8KM4AE0PU186782,HYUN,IONIQ 5 SE,2023,,5/15/2023,47320,5/15/2024
FL148,Hyundai of New Port Richey,NEW,KM8KM4AE0PU187706,HYUN,IONIQ 5 SE,2023,,5/12/2023,47320,5/12/2024
FL148,Hyundai of New Port Richey,NEW,KM8KM4AE1PU177900,HYUN,IONIQ 5 SE,2023,,4/17/2023,47370,4/17/2024
FL148,Hyundai of New Port Richey,NEW,KM8KM4AE1PU186791,HYUN,IONIQ 5 SE,2023,,5/12/2023,47320,5/12/2024
FL148,Hyundai of New Port Richey,NEW,KM8KM4AE2PU165755,HYUN,IONIQ 5 SE,2023,,2/27/2023,47320,2/27/2024
FL148,Hyundai of New Port Richey,NEW,KM8KM4AE5PU151610,HYUN,IONIQ 5 SE,2023,,1/27/2023,47300,1/27/2024
FL148,Hyundai of New Port Richey,NEW,KM8KM4AE5PU159884,HYUN,IONIQ 5 SE,2023,,2/13/2023,47370,2/13/2024
FL148,Hyundai of New Port Richey,NEW,KM8KM4AE5PU187619,HYUN,IONIQ 5 SE,2023,,5/15/2023,47320,5/15/2024
FL148,Hyundai of New Port Richey,NEW,KM8KM4AE7PU151608,HYUN,IONIQ 5 SE,2023,,12/27/2022,47300,12/27/2023
FL148,Hyundai of New Port Richey,NEW,KM8KM4AE7PU151611,HYUN,IONIQ 5 SE,2023,,12/30/2022,47300,12/30/2023
FL148,Hyundai of New Port Richey,NEW,KM8KM4AE7PU187699,HYUN,IONIQ 5 SE,2023,,5/15/2023,47320,5/15/2024
FL148,Hyundai of New Port Richey,NEW,KM8KM4AEXPU186210,HYUN,IONIQ 5 SE,2023,,5/8/2023,47320,5/8/2024
FL148,Hyundai of New Port Richey,NEW,KM8KMDAF4PU171923,HYUN,IONIQ 5 SE,2023,,3/27/2023,50790,3/27/2024
FL148,Hyundai of New Port Richey,NEW,KM8KMDAF6PU171907,HYUN,IONIQ 5 SE,2023,,3/23/2023,50790,3/23/2024
FL148,Hyundai of New Port Richey,NEW,KM8KMDAF7PU146045,HYUN,IONIQ 5 SE,2023,,12/22/2022,51180,12/22/2023
FL148,Hyundai of New Port Richey,NEW,KM8KN4AE0PU171695,HYUN,IONIQ 5 SEL,2023,,4/3/2023,49360,4/3/2024
FL148,Hyundai of New Port Richey,NEW,KM8KN4AE0PU181109,HYUN,IONIQ 5 SEL,2023,,4/14/2023,49320,4/14/2024
FL148,Hyundai of New Port Richey,NEW,KM8KN4AE3PU148606,HYUN,IONIQ 5 SEL,2023,,3/6/2023,49340,3/6/2024
FL148,Hyundai of New Port Richey,NEW,KM8KN4AE3PU178902,HYUN,IONIQ 5 SEL,2023,,4/5/2023,49380,4/5/2024
FL148,Hyundai of New Port Richey,NEW,KM8KN4AE3PU184280,HYUN,IONIQ 5 SEL,2023,,4/17/2023,49320,4/17/2024
FL148,Hyundai of New Port Richey,NEW,KM8KN4AE4PU161056,HYUN,IONIQ 5 SEL,2023,,2/9/2023,49390,2/9/2024
FL148,Hyundai of New Port Richey,NEW,KM8KN4AE5PU160742,HYUN,IONIQ 5 SEL,2023,,2/1/2023,49360,2/1/2024
FL148,Hyundai of New Port Richey,NEW,KM8KN4AE6PU149443,HYUN,IONIQ 5 SEL,2023,,1/3/2023,49280,1/3/2024
FL148,Hyundai of New Port Richey,NEW,KM8KN4AE6PU178408,HYUN,IONIQ 5 SEL,2023,,4/14/2023,49270,4/14/2024
FL148,Hyundai of New Port Richey,NEW,KM8KN4AE8PU151677,HYUN,IONIQ 5 SEL,2023,,12/27/2022,49010,12/27/2023
FL148,Hyundai of New Port Richey,NEW,KM8KN4AE9PU161022,HYUN,IONIQ 5 SEL,2023,,2/13/2023,49360,2/13/2024
FL148,Hyundai of New Port Richey,NEW,KM8KNDAF1PU157345,HYUN,IONIQ 5 SEL,2023,,3/3/2023,53820,3/3/2024
FL148,Hyundai of New Port Richey,NEW,KM8KNDAF3PU179430,HYUN,IONIQ 5 SEL,2023,,4/12/2023,52820,4/12/2024
FL148,Hyundai of New Port Richey,NEW,KM8KNDAF4PU179985,HYUN,IONIQ 5 SEL,2023,,4/7/2023,52950,4/7/2024
FL148,Hyundai of New Port Richey,NEW,KM8KNDAF9PU179772,HYUN,IONIQ 5 SEL,2023,,4/7/2023,52820,4/7/2024
FL148,Hyundai of New Port Richey,NEW,KM8KR4AE1PU208161,HYUN,IONIQ 5 LIMITED,2023,,7/18/2023,53935,7/18/2024
FL148,Hyundai of New Port Richey,NEW,KM8KR4AE3PU199222,HYUN,IONIQ 5 LIMITED,2023,,6/7/2023,54470,6/7/2024
FL148,Hyundai of New Port Richey,NEW,KM8KR4AE4PU207201,HYUN,IONIQ 5 LIMITED,2023,,6/28/2023,55470,6/28/2024
FL148,Hyundai of New Port Richey,NEW,KM8KR4AE7PU199031,HYUN,IONIQ 5 LIMITED,2023,,5/31/2023,55470,5/31/2024
FL148,Hyundai of New Port Richey,NEW,KM8KRDAF1PU183142,HYUN,IONIQ 5 LIMITED,2023,,4/17/2023,58890,4/17/2024
FL148,Hyundai of New Port Richey,NEW,KM8KRDAF3PU183479,HYUN,IONIQ 5 LIMITED,2023,,4/17/2023,59440,4/17/2024
FL148,Hyundai of New Port Richey,NEW,KM8KRDAF3PU194076,HYUN,IONIQ 5 LIMITED,2023,,6/5/2023,58320,6/5/2024
FL148,Hyundai of New Port Richey,NEW,KM8KRDAF5PU194144,HYUN,IONIQ 5 LIMITED,2023,,5/22/2023,58770,5/22/2024
FL148,Hyundai of New Port Richey,NEW,KM8KRDAF7PU182352,HYUN,IONIQ 5 LIMITED,2023,,6/14/2023,58320,6/14/2024
FL148,Hyundai of New Port Richey,NEW,KM8KRDAF7PU183680,HYUN,IONIQ 5 LIMITED,2023,,4/11/2023,58440,4/11/2024
FL148,Hyundai of New Port Richey,NEW,KM8KRDAF7PU193416,HYUN,IONIQ 5 LIMITED,2023,,6/22/2023,58320,6/22/2024
FL148,Hyundai of New Port Richey,NEW,KM8KRDAF8PU183719,HYUN,IONIQ 5 LIMITED,2023,PU183719,5/26/2023,57835,5/26/2024
FL148,Hyundai of New Port Richey,NEW,KM8KRDAFXPU193927,HYUN,IONIQ 5 LIMITED,2023,,6/22/2023,58380,6/22/2024
FL148,Hyundai of New Port Richey,NEW,KM8R24GE0PU643487,HYUN,PALISADE SEL,2023,,7/17/2023,38841,7/17/2024
FL148,Hyundai of New Port Richey,NEW,KM8R24GE5PU643453,HYUN,PALISADE SEL,2023,,7/17/2023,39275,7/17/2024
FL148,Hyundai of New Port Richey,NEW,KM8R24GEXPU643464,HYUN,PALISADE SEL,2023,,7/17/2023,39275,7/17/2024
FL148,Hyundai of New Port Richey,NEW,KM8R24GEXPU643481,HYUN,PALISADE SEL,2023,,7/17/2023,39275,7/17/2024
FL148,Hyundai of New Port Richey,NEW,KM8R2DGE0PU643473,HYUN,PALISADE SEL,2023,,7/17/2023,41106,7/17/2024
FL148,Hyundai of New Port Richey,NEW,KM8R2DGE5PU642755,HYUN,PALISADE SEL,2023,,7/17/2023,41106,7/17/2024
FL148,Hyundai of New Port Richey,NEW,KM8R2DGE7PU642739,HYUN,PALISADE SEL,2023,,7/17/2023,40672,7/17/2024
FL148,Hyundai of New Port Richey,NEW,KM8R44GE5PU639171,HYUN,PALISADE SEL PREMIUM,2023,,7/18/2023,43613,7/18/2024
FL148,Hyundai of New Port Richey,NEW,KM8R44GE7PU638913,HYUN,PALISADE SEL PREMIUM,2023,,7/18/2023,43613,7/18/2024
FL148,Hyundai of New Port Richey,NEW,KM8R44GEXPU638680,HYUN,PALISADE SEL PREMIUM,2023,,7/17/2023,43613,7/17/2024
FL148,Hyundai of New Port Richey,NEW,KM8R4DGE4PU609563,HYUN,PALISADE SEL PREMIUM,2023,,4/24/2023,46133,4/24/2024
FL148,Hyundai of New Port Richey,NEW,KM8R4DGE4PU625701,HYUN,PALISADE SEL PREMIUM,2023,,6/8/2023,46129,6/8/2024
FL148,Hyundai of New Port Richey,NEW,KM8R4DGE4PU640313,HYUN,PALISADE SEL PREMIUM,2023,,7/18/2023,45445,7/18/2024
FL148,Hyundai of New Port Richey,NEW,KM8R4DGE5PU638666,HYUN,PALISADE SEL PREMIUM,2023,,7/17/2023,45445,7/17/2024
FL148,Hyundai of New Port Richey,NEW,KM8R4DGE6PU594791,HYUN,PALISADE SEL PREMIUM,2023,PU594791,6/16/2023,45841,6/16/2024
FL148,Hyundai of New Port Richey,NEW,KM8R4DGE8PU574784,HYUN,PALISADE SEL PREMIUM,2023,PU574784,6/26/2023,45859,6/7/2024
FL148,Hyundai of New Port Richey,NEW,KM8R54GE0PU630441,HYUN,PALISADE LIMITED,2023,PU630441,7/6/2023,47761,7/6/2024
FL148,Hyundai of New Port Richey,NEW,KM8R54GE6PU645283,HYUN,PALISADE LIMITED,2023,,7/20/2023,47084,7/20/2024
FL148,Hyundai of New Port Richey,NEW,KM8R5DGE2PU626570,HYUN,PALISADE LIMITED,2023,,6/13/2023,49604,6/13/2024
FL148,Hyundai of New Port Richey,NEW,KM8R5DGE7PU627035,HYUN,PALISADE LIMITED,2023,,6/8/2023,49604,6/8/2024
FL148,Hyundai of New Port Richey,NEW,KM8R5DGEXPU640006,HYUN,PALISADE LIMITED,2023,,7/24/2023,48916,7/24/2024
FL148,Hyundai of New Port Richey,NEW,KM8R74GE1PU639188,HYUN,PALISADE CALLIGRAPHY,2023,,7/19/2023,49398,7/19/2024
FL148,Hyundai of New Port Richey,NEW,KM8R74GE1PU640891,HYUN,PALISADE CALLIGRAPHY,2023,,7/21/2023,49398,7/21/2024
FL148,Hyundai of New Port Richey,NEW,KM8R74GE1PU645671,HYUN,PALISADE CALLIGRAPHY,2023,,7/19/2023,49398,7/19/2024
FL148,Hyundai of New Port Richey,NEW,KM8R74GE4PU646295,HYUN,PALISADE CALLIGRAPHY,2023,,7/17/2023,49398,7/17/2024
FL148,Hyundai of New Port Richey,NEW,KM8R74GE5PU645690,HYUN,PALISADE CALLIGRAPHY,2023,,7/19/2023,49398,7/19/2024
FL148,Hyundai of New Port Richey,NEW,KM8R74GE8PU638703,HYUN,PALISADE CALLIGRAPHY,2023,,7/20/2023,49398,7/20/2024
FL148,Hyundai of New Port Richey,NEW,KM8R74GEXPU645328,HYUN,PALISADE CALLIGRAPHY,2023,,7/17/2023,49398,7/17/2024
FL148,Hyundai of New Port Richey,NEW,KM8R7DGE2PU643167,HYUN,PALISADE CALLIGRAPHY,2023,,7/17/2023,51230,7/17/2024
FL148,Hyundai of New Port Richey,NEW,KM8R7DGE3PU643145,HYUN,PALISADE CALLIGRAPHY,2023,,7/17/2023,51230,7/17/2024
FL148,Hyundai of New Port Richey,NEW,KM8R7DGE5PU643244,HYUN,PALISADE CALLIGRAPHY,2023,,7/17/2023,51230,7/17/2024
FL148,Hyundai of New Port Richey,NEW,KM8R7DGE7PU643200,HYUN,PALISADE CALLIGRAPHY,2023,,7/17/2023,51230,7/17/2024
FL148,Hyundai of New Port Richey,NEW,KM8R7DGE7PU645268,HYUN,PALISADE CALLIGRAPHY,2023,,7/24/2023,51230,7/24/2024
FL148,Hyundai of New Port Richey,NEW,KM8R7DGEXPU643207,HYUN,PALISADE CALLIGRAPHY,2023,,7/18/2023,51230,7/18/2024
FL148,Hyundai of New Port Richey,NEW,KMHL14JA0PA303885,HYUN,SONATA SEL,2023,PA303885,6/20/2023,30262,6/20/2024
FL148,Hyundai of New Port Richey,NEW,KMHL14JA8PA319008,HYUN,SONATA SEL,2023,,7/17/2023,30226,7/17/2024
FL148,Hyundai of New Port Richey,NEW,KMHL24JA4PA321660,HYUN,SONATA SE,2023,,6/23/2023,25961,6/23/2024
FL148,Hyundai of New Port Richey,NEW,KMHL34J23PA317945,HYUN,SONATA LIMITED,2023,,7/18/2023,35166,7/18/2024
FL148,Hyundai of New Port Richey,NEW,KMHL34J24PA317338,HYUN,SONATA LIMITED,2023,,7/18/2023,35263,7/18/2024
FL148,Hyundai of New Port Richey,NEW,KMHL34J29PA317948,HYUN,SONATA LIMITED,2023,,7/17/2023,35166,7/17/2024
FL148,Hyundai of New Port Richey,NEW,KMHL34JJ1PA066169,HYUN,SONATA HYBRID,2023,,5/8/2023,31909,5/8/2024
FL148,Hyundai of New Port Richey,NEW,KMHL44J25PA322514,HYUN,SONATA SEL PLUS,2023,,7/18/2023,32956,7/18/2024
FL148,Hyundai of New Port Richey,NEW,KMHL54JJ1PA070071,HYUN,SONATA HYBRID,2023,,7/21/2023,37213,7/21/2024
FL148,Hyundai of New Port Richey,NEW,KMHL64JA1PA322205,HYUN,SONATA SEL,2023,,6/26/2023,28188,6/26/2024
FL148,Hyundai of New Port Richey,NEW,KMHL64JA2PA316090,HYUN,SONATA SEL,2023,PA316090,6/23/2023,28611,6/23/2024
FL148,Hyundai of New Port Richey,NEW,KMHL64JA2PA321645,HYUN,SONATA SEL,2023,,6/22/2023,28127,6/22/2024
FL148,Hyundai of New Port Richey,NEW,KMHL64JA4PA313529,HYUN,SONATA SEL,2023,PA313529,6/20/2023,28021,6/20/2024
FL148,Hyundai of New Port Richey,NEW,KMHL64JA4PA321274,HYUN,SONATA SEL,2023,,6/22/2023,28127,6/22/2024
FL148,Hyundai of New Port Richey,NEW,KMHL64JA5PA320540,HYUN,SONATA SEL,2023,,6/20/2023,28127,6/20/2024
FL148,Hyundai of New Port Richey,NEW,KMHL64JA6PA321647,HYUN,SONATA SEL,2023,,6/20/2023,28127,6/20/2024
FL148,Hyundai of New Port Richey,NEW,KMHL64JA6PA324290,HYUN,SONATA SEL,2023,,7/12/2023,28208,7/12/2024
FL148,Hyundai of New Port Richey,NEW,KMHL64JA7PA321611,HYUN,SONATA SEL,2023,,6/23/2023,28127,6/23/2024
FL148,Hyundai of New Port Richey,NEW,KMHL64JA7PA324248,HYUN,SONATA SEL,2023,,7/12/2023,28208,7/12/2024
FL148,Hyundai of New Port Richey,NEW,KMHL64JA9PA322162,HYUN,SONATA SEL,2023,,6/28/2023,28188,6/28/2024
FL148,Hyundai of New Port Richey,NEW,KMHL64JAXPA322333,HYUN,SONATA SEL,2023,,7/18/2023,28620,7/18/2024
FL148,Hyundai of New Port Richey,NEW,KMHLL4AG1PU596841,HYUN,ELANTRA SE,2023,,7/19/2023,21953,7/19/2024
FL148,Hyundai of New Port Richey,NEW,KMHLL4AG1PU600290,HYUN,ELANTRA SE,2023,,7/20/2023,22003,7/20/2024
FL148,Hyundai of New Port Richey,NEW,KMHLL4AG2PU594614,HYUN,ELANTRA SE,2023,,7/17/2023,21995,7/17/2024
FL148,Hyundai of New Port Richey,NEW,KMHLL4AG2PU594676,HYUN,ELANTRA SE,2023,,7/13/2023,21994,7/13/2024
FL148,Hyundai of New Port Richey,NEW,KMHLL4AG2PU594791,HYUN,ELANTRA SE,2023,,7/17/2023,21953,7/17/2024
FL148,Hyundai of New Port Richey,NEW,KMHLL4AG3PU593049,HYUN,ELANTRA SE,2023,,7/18/2023,21957,7/18/2024
FL148,Hyundai of New Port Richey,NEW,KMHLL4AG3PU594573,HYUN,ELANTRA SE,2023,,7/17/2023,21995,7/17/2024
FL148,Hyundai of New Port Richey,NEW,KMHLL4AG3PU600193,HYUN,ELANTRA SE,2023,,7/20/2023,22016,7/20/2024
FL148,Hyundai of New Port Richey,NEW,KMHLL4AG4PU584411,HYUN,ELANTRA SE,2023,,7/17/2023,21994,7/17/2024
FL148,Hyundai of New Port Richey,NEW,KMHLL4AG4PU591990,HYUN,ELANTRA SE,2023,,7/18/2023,21974,7/18/2024
FL148,Hyundai of New Port Richey,NEW,KMHLL4AG4PU594887,HYUN,ELANTRA SE,2023,,7/17/2023,21974,7/17/2024
FL148,Hyundai of New Port Richey,NEW,KMHLL4AG4PU602390,HYUN,ELANTRA SE,2023,,7/18/2023,22003,7/18/2024
FL148,Hyundai of New Port Richey,NEW,KMHLL4AG5PU585809,HYUN,ELANTRA SE,2023,,7/19/2023,21830,7/19/2024
FL148,Hyundai of New Port Richey,NEW,KMHLL4AG5PU594705,HYUN,ELANTRA SE,2023,,7/17/2023,21928,7/17/2024
FL148,Hyundai of New Port Richey,NEW,KMHLL4AG5PU602768,HYUN,ELANTRA SE,2023,,7/17/2023,22016,7/17/2024
FL148,Hyundai of New Port Richey,NEW,KMHLL4AG5PU602821,HYUN,ELANTRA SE,2023,,7/17/2023,22021,7/17/2024
FL148,Hyundai of New Port Richey,NEW,KMHLL4AG6PU594664,HYUN,ELANTRA SE,2023,,7/17/2023,21974,7/17/2024
FL148,Hyundai of New Port Richey,NEW,KMHLL4AG7PU593703,HYUN,ELANTRA SE,2023,,7/17/2023,21855,7/17/2024
FL148,Hyundai of New Port Richey,NEW,KMHLL4AG7PU594463,HYUN,ELANTRA SE,2023,,7/17/2023,22038,7/17/2024
FL148,Hyundai of New Port Richey,NEW,KMHLL4AG7PU594592,HYUN,ELANTRA SE,2023,,7/17/2023,21995,7/17/2024
FL148,Hyundai of New Port Richey,NEW,KMHLL4AG7PU594785,HYUN,ELANTRA SE,2023,,7/17/2023,21974,7/17/2024
FL148,Hyundai of New Port Richey,NEW,KMHLL4AG9PU584100,HYUN,ELANTRA SE,2023,,7/19/2023,21995,7/19/2024
FL148,Hyundai of New Port Richey,NEW,KMHLL4AG9PU594514,HYUN,ELANTRA SE,2023,,7/17/2023,21995,7/17/2024
FL148,Hyundai of New Port Richey,NEW,KMHLL4AG9PU594772,HYUN,ELANTRA SE,2023,,7/17/2023,21928,7/17/2024
FL148,Hyundai of New Port Richey,NEW,KMHLL4AG9PU594898,HYUN,ELANTRA SE,2023,,7/18/2023,21928,7/18/2024
FL148,Hyundai of New Port Richey,NEW,KMHLL4AG9PU594903,HYUN,ELANTRA SE,2023,,7/17/2023,22038,7/17/2024
FL148,Hyundai of New Port Richey,NEW,KMHLL4AGXPU585045,HYUN,ELANTRA SE,2023,,7/14/2023,21953,7/14/2024
FL148,Hyundai of New Port Richey,NEW,KMHLL4AGXPU594831,HYUN,ELANTRA SE,2023,,7/13/2023,21994,7/13/2024
FL148,Hyundai of New Port Richey,NEW,KMHLL4AGXPU596823,HYUN,ELANTRA SE,2023,,7/19/2023,21953,7/19/2024
FL148,Hyundai of New Port Richey,NEW,KMHLM4AG0PU595791,HYUN,ELANTRA SEL,2023,,7/17/2023,22976,7/17/2024
FL148,Hyundai of New Port Richey,NEW,KMHLM4AG0PU595810,HYUN,ELANTRA SEL,2023,,7/17/2023,22997,7/17/2024
FL148,Hyundai of New Port Richey,NEW,KMHLM4AG0PU595936,HYUN,ELANTRA SEL,2023,,7/13/2023,22996,7/13/2024
FL148,Hyundai of New Port Richey,NEW,KMHLM4AG0PU596634,HYUN,ELANTRA SEL,2023,,7/18/2023,22976,7/18/2024
FL148,Hyundai of New Port Richey,NEW,KMHLM4AG0PU596701,HYUN,ELANTRA SEL,2023,,7/17/2023,22976,7/17/2024
FL148,Hyundai of New Port Richey,NEW,KMHLM4AG0PU596729,HYUN,ELANTRA SEL,2023,,7/10/2023,23039,7/10/2024
FL148,Hyundai of New Port Richey,NEW,KMHLM4AG0PU596780,HYUN,ELANTRA SEL,2023,,7/17/2023,22976,7/17/2024
FL148,Hyundai of New Port Richey,NEW,KMHLM4AG0PU598352,HYUN,ELANTRA SEL,2023,,7/18/2023,22976,7/18/2024
FL148,Hyundai of New Port Richey,NEW,KMHLM4AG1PU590938,HYUN,ELANTRA SEL,2023,,7/13/2023,22954,7/13/2024
FL148,Hyundai of New Port Richey,NEW,KMHLM4AG1PU595783,HYUN,ELANTRA SEL,2023,,7/18/2023,22976,7/18/2024
FL148,Hyundai of New Port Richey,NEW,KMHLM4AG1PU596710,HYUN,ELANTRA SEL,2023,,7/17/2023,22976,7/17/2024
FL148,Hyundai of New Port Richey,NEW,KMHLM4AG1PU597386,HYUN,ELANTRA SEL,2023,,7/12/2023,23039,7/12/2024
FL148,Hyundai of New Port Richey,NEW,KMHLM4AG1PU597453,HYUN,ELANTRA SEL,2023,,7/17/2023,22933,7/17/2024
FL148,Hyundai of New Port Richey,NEW,KMHLM4AG1PU597601,HYUN,ELANTRA SEL,2023,,7/17/2023,22996,7/17/2024
FL148,Hyundai of New Port Richey,NEW,KMHLM4AG1PU598215,HYUN,ELANTRA SEL,2023,,7/21/2023,23022,7/21/2024
FL148,Hyundai of New Port Richey,NEW,KMHLM4AG2PU591144,HYUN,ELANTRA SEL,2023,,7/19/2023,22831,7/19/2024
FL148,Hyundai of New Port Richey,NEW,KMHLM4AG2PU595999,HYUN,ELANTRA SEL,2023,,7/17/2023,22976,7/17/2024
FL148,Hyundai of New Port Richey,NEW,KMHLM4AG2PU596022,HYUN,ELANTRA SEL,2023,,7/17/2023,23018,7/17/2024
FL148,Hyundai of New Port Richey,NEW,KMHLM4AG2PU596604,HYUN,ELANTRA SEL,2023,,7/24/2023,22997,7/24/2024
FL148,Hyundai of New Port Richey,NEW,KMHLM4AG2PU598319,HYUN,ELANTRA SEL,2023,,7/18/2023,22997,7/18/2024
FL148,Hyundai of New Port Richey,NEW,KMHLM4AG3PU591833,HYUN,ELANTRA SEL,2023,,7/17/2023,22954,7/17/2024
FL148,Hyundai of New Port Richey,NEW,KMHLM4AG3PU596854,HYUN,ELANTRA SEL,2023,,7/18/2023,22996,7/18/2024
FL148,Hyundai of New Port Richey,NEW,KMHLM4AG4PU591162,HYUN,ELANTRA SEL,2023,,7/18/2023,23039,7/18/2024
FL148,Hyundai of New Port Richey,NEW,KMHLM4AG4PU591713,HYUN,ELANTRA SEL,2023,,7/19/2023,22958,7/19/2024
FL148,Hyundai of New Port Richey,NEW,KMHLM4AG4PU591856,HYUN,ELANTRA SEL,2023,,7/13/2023,22958,7/13/2024
FL148,Hyundai of New Port Richey,NEW,KMHLM4AG4PU595941,HYUN,ELANTRA SEL,2023,,7/13/2023,22996,7/13/2024
FL148,Hyundai of New Port Richey,NEW,KMHLM4AG4PU597608,HYUN,ELANTRA SEL,2023,,7/18/2023,22996,7/18/2024
FL148,Hyundai of New Port Richey,NEW,KMHLM4AG5PU564794,HYUN,ELANTRA SEL,2023,,6/23/2023,22996,6/23/2024
FL148,Hyundai of New Port Richey,NEW,KMHLM4AG5PU591008,HYUN,ELANTRA SEL,2023,,7/19/2023,23039,7/19/2024
FL148,Hyundai of New Port Richey,NEW,KMHLM4AG5PU595978,HYUN,ELANTRA SEL,2023,,7/17/2023,22976,7/17/2024
FL148,Hyundai of New Port Richey,NEW,KMHLM4AG5PU596855,HYUN,ELANTRA SEL,2023,,7/14/2023,22958,7/14/2024
FL148,Hyundai of New Port Richey,NEW,KMHLM4AG5PU596869,HYUN,ELANTRA SEL,2023,,7/14/2023,22958,7/14/2024
FL148,Hyundai of New Port Richey,NEW,KMHLM4AG5PU596872,HYUN,ELANTRA SEL,2023,,7/17/2023,22976,7/17/2024
FL148,Hyundai of New Port Richey,NEW,KMHLM4AG5PU597410,HYUN,ELANTRA SEL,2023,,7/21/2023,22997,7/21/2024
FL148,Hyundai of New Port Richey,NEW,KMHLM4AG5PU598332,HYUN,ELANTRA SEL,2023,,7/17/2023,23039,7/17/2024
FL148,Hyundai of New Port Richey,NEW,KMHLM4AG6PU583872,HYUN,ELANTRA SEL,2023,,6/22/2023,22954,6/22/2024
FL148,Hyundai of New Port Richey,NEW,KMHLM4AG6PU595830,HYUN,ELANTRA SEL,2023,,7/13/2023,23022,7/13/2024
FL148,Hyundai of New Port Richey,NEW,KMHLM4AG6PU596637,HYUN,ELANTRA SEL,2023,,7/18/2023,22976,7/18/2024
FL148,Hyundai of New Port Richey,NEW,KMHLM4AG6PU596847,HYUN,ELANTRA SEL,2023,,7/18/2023,22958,7/18/2024
FL148,Hyundai of New Port Richey,NEW,KMHLM4AG6PU596878,HYUN,ELANTRA SEL,2023,,7/18/2023,22976,7/18/2024
FL148,Hyundai of New Port Richey,NEW,KMHLM4AG6PU596881,HYUN,ELANTRA SEL,2023,,7/17/2023,22933,7/17/2024
FL148,Hyundai of New Port Richey,NEW,KMHLM4AG6PU597481,HYUN,ELANTRA SEL,2023,,7/17/2023,22976,7/17/2024
FL148,Hyundai of New Port Richey,NEW,KMHLM4AG7PU596727,HYUN,ELANTRA SEL,2023,,7/12/2023,22996,7/12/2024
FL148,Hyundai of New Port Richey,NEW,KMHLM4AG7PU596789,HYUN,ELANTRA SEL,2023,,7/12/2023,23039,7/12/2024
FL148,Hyundai of New Port Richey,NEW,KMHLM4AG7PU597389,HYUN,ELANTRA SEL,2023,,7/10/2023,22997,7/10/2024
FL148,Hyundai of New Port Richey,NEW,KMHLM4AG7PU597604,HYUN,ELANTRA SEL,2023,,7/18/2023,22996,7/18/2024
FL148,Hyundai of New Port Richey,NEW,KMHLM4AG7PU598333,HYUN,ELANTRA SEL,2023,,7/19/2023,22996,7/19/2024
FL148,Hyundai of New Port Richey,NEW,KMHLM4AG8PU591116,HYUN,ELANTRA SEL,2023,,7/13/2023,23022,7/13/2024
FL148,Hyundai of New Port Richey,NEW,KMHLM4AG8PU591150,HYUN,ELANTRA SEL,2023,,7/19/2023,22996,7/19/2024
FL148,Hyundai of New Port Richey,NEW,KMHLM4AG8PU592511,HYUN,ELANTRA SEL,2023,,7/12/2023,23031,7/12/2024
FL148,Hyundai of New Port Richey,NEW,KMHLM4AG8PU595781,HYUN,ELANTRA SEL,2023,,7/18/2023,22976,7/18/2024
FL148,Hyundai of New Port Richey,NEW,KMHLM4AG8PU595957,HYUN,ELANTRA SEL,2023,,7/18/2023,22976,7/18/2024
FL148,Hyundai of New Port Richey,NEW,KMHLM4AG8PU597515,HYUN,ELANTRA SEL,2023,,7/13/2023,23039,7/13/2024
FL148,Hyundai of New Port Richey,NEW,KMHLM4AG8PU598275,HYUN,ELANTRA SEL,2023,,7/21/2023,22997,7/21/2024
FL148,Hyundai of New Port Richey,NEW,KMHLM4AG9PU591111,HYUN,ELANTRA SEL,2023,,7/10/2023,23022,7/10/2024
FL148,Hyundai of New Port Richey,NEW,KMHLM4AG9PU595790,HYUN,ELANTRA SEL,2023,,7/18/2023,22976,7/18/2024
FL148,Hyundai of New Port Richey,NEW,KMHLM4AG9PU595806,HYUN,ELANTRA SEL,2023,,7/13/2023,22997,7/13/2024
FL148,Hyundai of New Port Richey,NEW,KMHLM4AG9PU595949,HYUN,ELANTRA SEL,2023,,7/12/2023,23005,7/12/2024
FL148,Hyundai of New Port Richey,NEW,KMHLM4AG9PU596793,HYUN,ELANTRA SEL,2023,,7/18/2023,22976,7/18/2024
FL148,Hyundai of New Port Richey,NEW,KMHLM4AG9PU596809,HYUN,ELANTRA SEL,2023,,7/18/2023,22976,7/18/2024
FL148,Hyundai of New Port Richey,NEW,KMHLM4AG9PU606769,HYUN,ELANTRA SEL,2023,,7/24/2023,23014,7/24/2024
FL148,Hyundai of New Port Richey,NEW,KMHLM4AGXPU591151,HYUN,ELANTRA SEL,2023,,7/19/2023,22831,7/19/2024
FL148,Hyundai of New Port Richey,NEW,KMHLM4AGXPU591697,HYUN,ELANTRA SEL,2023,,7/19/2023,23039,7/19/2024
FL148,Hyundai of New Port Richey,NEW,KMHLM4AGXPU596754,HYUN,ELANTRA SEL,2023,,7/18/2023,22976,7/18/2024
FL148,Hyundai of New Port Richey,NEW,KMHLM4AGXPU598309,HYUN,ELANTRA SEL,2023,,7/24/2023,22996,7/24/2024
FL148,Hyundai of New Port Richey,NEW,KMHLM4AGXPU598312,HYUN,ELANTRA SEL,2023,,7/20/2023,22996,7/20/2024
FL148,Hyundai of New Port Richey,NEW,KMHLM4AJ1PU075112,HYUN,ELANTRA BLUE,2023,,7/17/2023,25312,7/17/2024
FL148,Hyundai of New Port Richey,NEW,KMHLM4AJ4PU075105,HYUN,ELANTRA BLUE,2023,,7/20/2023,25668,7/20/2024
FL148,Hyundai of New Port Richey,NEW,KMHLM4AJ5PU074948,HYUN,ELANTRA BLUE,2023,,7/13/2023,25278,7/13/2024
FL148,Hyundai of New Port Richey,NEW,KMHLM4AJ5PU075176,HYUN,ELANTRA BLUE,2023,,7/10/2023,25278,7/10/2024
FL148,Hyundai of New Port Richey,NEW,KMHLM4AJ6PU075073,HYUN,ELANTRA BLUE,2023,,7/13/2023,25249,7/13/2024
FL148,Hyundai of New Port Richey,NEW,KMHLM4AJ9PU075066,HYUN,ELANTRA BLUE,2023,,7/13/2023,25291,7/13/2024
FL148,Hyundai of New Port Richey,NEW,KMHLM4AJXPU075108,HYUN,ELANTRA BLUE,2023,,7/18/2023,25685,7/18/2024
FL148,Hyundai of New Port Richey,NEW,KMHLM4AJXPU075254,HYUN,ELANTRA BLUE,2023,,7/19/2023,25685,7/19/2024
FL148,Hyundai of New Port Richey,NEW,KMHLN4AJ1PU077455,HYUN,ELANTRA LIMITED,2023,,7/19/2023,29771,7/19/2024
FL148,Hyundai of New Port Richey,NEW,KMHLN4AJ1PU077486,HYUN,ELANTRA LIMITED,2023,,7/19/2023,29691,7/19/2024
FL148,Hyundai of New Port Richey,NEW,KMHLN4AJ2PU078193,HYUN,ELANTRA LIMITED,2023,,7/24/2023,29729,7/24/2024
FL148,Hyundai of New Port Richey,NEW,KMHLN4AJ3PU074556,HYUN,ELANTRA LIMITED,2023,,7/20/2023,29691,7/20/2024
FL148,Hyundai of New Port Richey,NEW,KMHLN4AJ4PU077501,HYUN,ELANTRA LIMITED,2023,,7/20/2023,29691,7/20/2024
FL148,Hyundai of New Port Richey,NEW,KMHLP4AG0PU499795,HYUN,ELANTRA LIMITED,2023,,3/10/2023,27156,3/10/2024
FL148,Hyundai of New Port Richey,NEW,KMHLP4AG0PU561101,HYUN,ELANTRA LIMITED,2023,,5/18/2023,27460,5/18/2024
FL148,Hyundai of New Port Richey,NEW,KMHLP4AG0PU607218,HYUN,ELANTRA LIMITED,2023,,7/24/2023,27459,7/24/2024
FL148,Hyundai of New Port Richey,NEW,KMHLP4AG1PU561723,HYUN,ELANTRA LIMITED,2023,,5/22/2023,27460,5/22/2024
FL148,Hyundai of New Port Richey,NEW,KMHLP4AG1PU606286,HYUN,ELANTRA LIMITED,2023,,7/24/2023,27464,7/24/2024
FL148,Hyundai of New Port Richey,NEW,KMHLP4AG2PU606250,HYUN,ELANTRA LIMITED,2023,,7/24/2023,27477,7/24/2024
FL148,Hyundai of New Port Richey,NEW,KMHLP4AG3PU592116,HYUN,ELANTRA LIMITED,2023,,7/12/2023,27485,7/12/2024
FL148,Hyundai of New Port Richey,NEW,KMHLP4AG5PU606503,HYUN,ELANTRA LIMITED,2023,,7/24/2023,27477,7/24/2024
FL148,Hyundai of New Port Richey,NEW,KMHLP4AG6PU559952,HYUN,ELANTRA LIMITED,2023,,5/30/2023,27502,5/30/2024
FL148,Hyundai of New Port Richey,NEW,KMHLP4AG7PU583435,HYUN,ELANTRA LIMITED,2023,,6/27/2023,27485,6/27/2024
FL148,Hyundai of New Port Richey,NEW,KMHLR4AF0PU570950,HYUN,ELANTRA N LINE,2023,,6/7/2023,28148,6/7/2024
FL148,Hyundai of New Port Richey,NEW,KMHLR4AF0PU585965,HYUN,ELANTRA N LINE,2023,,7/21/2023,28046,7/21/2024
FL148,Hyundai of New Port Richey,NEW,KMHLR4AF1PU585151,HYUN,ELANTRA N LINE,2023,,7/19/2023,28148,7/19/2024
FL148,Hyundai of New Port Richey,NEW,KMHLR4AF2PU543717,HYUN,ELANTRA N LINE,2023,,5/8/2023,28020,5/8/2024
FL148,Hyundai of New Port Richey,NEW,KMHLR4AF2PU569024,HYUN,ELANTRA N LINE,2023,,5/24/2023,28122,5/24/2024
FL148,Hyundai of New Port Richey,NEW,KMHLR4AF2PU584400,HYUN,ELANTRA N LINE,2023,,6/26/2023,28148,6/26/2024
FL148,Hyundai of New Port Richey,NEW,KMHLR4AF3PU571512,HYUN,ELANTRA N LINE,2023,,6/22/2023,28482,6/22/2024
FL148,Hyundai of New Port Richey,NEW,KMHLR4AF5PU588294,HYUN,ELANTRA N LINE,2023,,7/20/2023,28080,7/20/2024
FL148,Hyundai of New Port Richey,NEW,KMHLR4AF6PU588174,HYUN,ELANTRA N LINE,2023,,7/20/2023,28516,7/20/2024
FL148,Hyundai of New Port Richey,NEW,KMHLR4AF7PU588331,HYUN,ELANTRA N LINE,2023,,7/20/2023,28076,7/20/2024
FL148,Hyundai of New Port Richey,NEW,KMHLR4AF8PU545424,HYUN,ELANTRA N LINE,2023,,5/8/2023,28122,5/8/2024
FL148,Hyundai of New Port Richey,NEW,KMHLR4AF9PU569912,HYUN,ELANTRA N LINE,2023,,6/5/2023,28148,6/5/2024
FL148,Hyundai of New Port Richey,NEW,KMHLR4AFXPU571653,HYUN,ELANTRA N LINE,2023,,6/14/2023,28148,6/14/2024
FL148,Hyundai of New Port Richey,NEW,KMHLS4AG0PU589432,HYUN,ELANTRA SEL,2023,,7/10/2023,24865,7/10/2024
FL148,Hyundai of New Port Richey,NEW,KMHLS4AG0PU589530,HYUN,ELANTRA SEL,2023,,7/17/2023,24861,7/17/2024
FL148,Hyundai of New Port Richey,NEW,KMHLS4AG1PU556259,HYUN,ELANTRA SEL,2023,,5/18/2023,24865,5/18/2024
FL148,Hyundai of New Port Richey,NEW,KMHLS4AG1PU563048,HYUN,ELANTRA SEL,2023,,7/10/2023,24861,7/10/2024
FL148,Hyundai of New Port Richey,NEW,KMHLS4AG1PU588662,HYUN,ELANTRA SEL,2023,,7/13/2023,24819,7/13/2024
FL148,Hyundai of New Port Richey,NEW,KMHLS4AG1PU589536,HYUN,ELANTRA SEL,2023,,7/10/2023,24861,7/10/2024
FL148,Hyundai of New Port Richey,NEW,KMHLS4AG1PU589679,HYUN,ELANTRA SEL,2023,,7/19/2023,24802,7/19/2024
FL148,Hyundai of New Port Richey,NEW,KMHLS4AG1PU589987,HYUN,ELANTRA SEL,2023,,7/7/2023,24865,7/7/2024
FL148,Hyundai of New Port Richey,NEW,KMHLS4AG1PU590282,HYUN,ELANTRA SEL,2023,,7/17/2023,24844,7/17/2024
FL148,Hyundai of New Port Richey,NEW,KMHLS4AG1PU592601,HYUN,ELANTRA SEL,2023,,7/13/2023,24802,7/13/2024
FL148,Hyundai of New Port Richey,NEW,KMHLS4AG1PU602687,HYUN,ELANTRA SEL,2023,,7/19/2023,24839,7/19/2024
FL148,Hyundai of New Port Richey,NEW,KMHLS4AG2PU570476,HYUN,ELANTRA SEL,2023,,5/25/2023,24848,5/25/2024
FL148,Hyundai of New Port Richey,NEW,KMHLS4AG2PU571353,HYUN,ELANTRA SEL,2023,PU571353,7/3/2023,24790,7/3/2024
FL148,Hyundai of New Port Richey,NEW,KMHLS4AG2PU590288,HYUN,ELANTRA SEL,2023,,7/17/2023,24844,7/17/2024
FL148,Hyundai of New Port Richey,NEW,KMHLS4AG2PU600544,HYUN,ELANTRA SEL,2023,,7/21/2023,24777,7/21/2024
FL148,Hyundai of New Port Richey,NEW,KMHLS4AG3PU552634,HYUN,ELANTRA SEL,2023,,5/18/2023,24883,5/18/2024
FL148,Hyundai of New Port Richey,NEW,KMHLS4AG3PU589375,HYUN,ELANTRA SEL,2023,,7/10/2023,24865,7/10/2024
FL148,Hyundai of New Port Richey,NEW,KMHLS4AG3PU589523,HYUN,ELANTRA SEL,2023,,7/14/2023,24844,7/14/2024
FL148,Hyundai of New Port Richey,NEW,KMHLS4AG3PU589828,HYUN,ELANTRA SEL,2023,,7/7/2023,24802,7/7/2024
FL148,Hyundai of New Port Richey,NEW,KMHLS4AG3PU591756,HYUN,ELANTRA SEL,2023,,7/19/2023,24802,7/19/2024
FL148,Hyundai of New Port Richey,NEW,KMHLS4AG3PU602349,HYUN,ELANTRA SEL,2023,,7/19/2023,24839,7/19/2024
FL148,Hyundai of New Port Richey,NEW,KMHLS4AG4PU563884,HYUN,ELANTRA SEL,2023,,5/19/2023,24883,5/19/2024
FL148,Hyundai of New Port Richey,NEW,KMHLS4AG4PU587912,HYUN,ELANTRA SEL,2023,,7/19/2023,24861,7/19/2024
FL148,Hyundai of New Port Richey,NEW,KMHLS4AG4PU588560,HYUN,ELANTRA SEL,2023,,7/12/2023,24700,7/12/2024
FL148,Hyundai of New Port Richey,NEW,KMHLS4AG4PU588736,HYUN,ELANTRA SEL,2023,,7/14/2023,24865,7/14/2024
FL148,Hyundai of New Port Richey,NEW,KMHLS4AG4PU589627,HYUN,ELANTRA SEL,2023,,7/7/2023,24802,7/7/2024
FL148,Hyundai of New Port Richey,NEW,KMHLS4AG4PU591037,HYUN,ELANTRA SEL,2023,,7/7/2023,24865,7/7/2024
FL148,Hyundai of New Port Richey,NEW,KMHLS4AG4PU592656,HYUN,ELANTRA SEL,2023,,7/10/2023,24839,7/10/2024
FL148,Hyundai of New Port Richey,NEW,KMHLS4AG4PU600545,HYUN,ELANTRA SEL,2023,,7/20/2023,24819,7/20/2024
FL148,Hyundai of New Port Richey,NEW,KMHLS4AG4PU602361,HYUN,ELANTRA SEL,2023,,7/20/2023,24883,7/20/2024
FL148,Hyundai of New Port Richey,NEW,KMHLS4AG5PU589488,HYUN,ELANTRA SEL,2023,,7/10/2023,24848,7/10/2024
FL148,Hyundai of New Port Richey,NEW,KMHLS4AG5PU589975,HYUN,ELANTRA SEL,2023,,7/7/2023,24700,7/7/2024
FL148,Hyundai of New Port Richey,NEW,KMHLS4AG5PU590012,HYUN,ELANTRA SEL,2023,,7/7/2023,24802,7/7/2024
FL148,Hyundai of New Port Richey,NEW,KMHLS4AG5PU590317,HYUN,ELANTRA SEL,2023,,7/13/2023,24802,7/13/2024
FL148,Hyundai of New Port Richey,NEW,KMHLS4AG5PU591774,HYUN,ELANTRA SEL,2023,,7/18/2023,24819,7/18/2024
FL148,Hyundai of New Port Richey,NEW,KMHLS4AG6PU557178,HYUN,ELANTRA SEL,2023,,5/16/2023,24874,5/16/2024
FL148,Hyundai of New Port Richey,NEW,KMHLS4AG6PU589516,HYUN,ELANTRA SEL,2023,,7/10/2023,24861,7/10/2024
FL148,Hyundai of New Port Richey,NEW,KMHLS4AG6PU590309,HYUN,ELANTRA SEL,2023,,7/17/2023,24844,7/17/2024
FL148,Hyundai of New Port Richey,NEW,KMHLS4AG6PU598989,HYUN,ELANTRA SEL,2023,,7/20/2023,24883,7/20/2024
FL148,Hyundai of New Port Richey,NEW,KMHLS4AG6PU601647,HYUN,ELANTRA SEL,2023,,7/20/2023,24848,7/20/2024
FL148,Hyundai of New Port Richey,NEW,KMHLS4AG6PU602278,HYUN,ELANTRA SEL,2023,,7/20/2023,24883,7/20/2024
FL148,Hyundai of New Port Richey,NEW,KMHLS4AG7PU575172,HYUN,ELANTRA SEL,2023,,6/6/2023,24883,6/6/2024
FL148,Hyundai of New Port Richey,NEW,KMHLS4AG7PU591095,HYUN,ELANTRA SEL,2023,,7/13/2023,24844,7/13/2024
FL148,Hyundai of New Port Richey,NEW,KMHLS4AG7PU591341,HYUN,ELANTRA SEL,2023,,7/12/2023,24865,7/12/2024
FL148,Hyundai of New Port Richey,NEW,KMHLS4AG8PU551575,HYUN,ELANTRA SEL,2023,PU551575,6/16/2023,24928,6/16/2024
FL148,Hyundai of New Port Richey,NEW,KMHLS4AG8PU589355,HYUN,ELANTRA SEL,2023,,7/12/2023,24865,7/12/2024
FL148,Hyundai of New Port Richey,NEW,KMHLS4AG8PU589582,HYUN,ELANTRA SEL,2023,,7/10/2023,24802,7/10/2024
FL148,Hyundai of New Port Richey,NEW,KMHLS4AG8PU590151,HYUN,ELANTRA SEL,2023,,7/10/2023,24802,7/10/2024
FL148,Hyundai of New Port Richey,NEW,KMHLS4AG8PU600306,HYUN,ELANTRA SEL,2023,,7/20/2023,24840,7/20/2024
FL148,Hyundai of New Port Richey,NEW,KMHLS4AG9PU556039,HYUN,ELANTRA SEL,2023,,5/18/2023,24883,5/18/2024
FL148,Hyundai of New Port Richey,NEW,KMHLS4AG9PU588568,HYUN,ELANTRA SEL,2023,,7/17/2023,24819,7/17/2024
FL148,Hyundai of New Port Richey,NEW,KMHLS4AG9PU589543,HYUN,ELANTRA SEL,2023,,7/13/2023,24819,7/13/2024
FL148,Hyundai of New Port Richey,NEW,KMHLS4AG9PU590126,HYUN,ELANTRA SEL,2023,,7/10/2023,24802,7/10/2024
FL148,Hyundai of New Port Richey,NEW,KMHLS4AG9PU590157,HYUN,ELANTRA SEL,2023,,7/10/2023,24802,7/10/2024
FL148,Hyundai of New Port Richey,NEW,KMHLS4AG9PU600895,HYUN,ELANTRA SEL,2023,,7/19/2023,24839,7/19/2024
FL148,Hyundai of New Port Richey,NEW,KMHLS4AGXPU588997,HYUN,ELANTRA SEL,2023,,7/19/2023,24802,7/19/2024
FL148,Hyundai of New Port Richey,NEW,KMHLS4AGXPU589552,HYUN,ELANTRA SEL,2023,,7/7/2023,24861,7/7/2024
FL148,Hyundai of New Port Richey,NEW,KMHLS4AGXPU591009,HYUN,ELANTRA SEL,2023,,7/19/2023,24844,7/19/2024
FL148,Hyundai of New Port Richey,NEW,KMHLS4AGXPU592631,HYUN,ELANTRA SEL,2023,,7/17/2023,24865,7/17/2024
FL148,Hyundai of New Port Richey,NEW,KMHLS4AGXPU602106,HYUN,ELANTRA SEL,2023,,7/17/2023,24883,7/17/2024
FL148,Hyundai of New Port Richey,NEW,KMHM24AA0PA036801,HYUN,IONIQ 6 SE,2023,,5/22/2023,47255,5/22/2024
FL148,Hyundai of New Port Richey,NEW,KMHM24AA1PA036807,HYUN,IONIQ 6 SE,2023,,5/19/2023,47120,5/19/2024
FL148,Hyundai of New Port Richey,NEW,KMHM24AA2PA036802,HYUN,IONIQ 6 SE,2023,,5/19/2023,47120,5/19/2024
FL148,Hyundai of New Port Richey,NEW,KMHM24AC5PA019400,HYUN,IONIQ 6 SE,2023,,4/3/2023,50775,4/3/2024
FL148,Hyundai of New Port Richey,NEW,KMHM34AA1PA024590,HYUN,IONIQ 6 SEL,2023,,5/18/2023,49290,5/18/2024
FL148,Hyundai of New Port Richey,NEW,KMHM34AA2PA023030,HYUN,IONIQ 6 SEL,2023,,4/3/2023,49025,4/3/2024
FL148,Hyundai of New Port Richey,NEW,KMHM34AA2PA032052,HYUN,IONIQ 6 SEL,2023,,5/15/2023,49770,5/15/2024
FL148,Hyundai of New Port Richey,NEW,KMHM34AA3PA035414,HYUN,IONIQ 6 SEL,2023,,5/30/2023,49250,5/30/2024
FL148,Hyundai of New Port Richey,NEW,KMHM34AA5PA031316,HYUN,IONIQ 6 SEL,2023,,5/15/2023,49845,5/15/2024
FL148,Hyundai of New Port Richey,NEW,KMHM34AA6PA034323,HYUN,IONIQ 6 SEL,2023,,5/16/2023,49320,5/16/2024
FL148,Hyundai of New Port Richey,NEW,KMHM34AA9PA031321,HYUN,IONIQ 6 SEL,2023,,5/15/2023,49825,5/15/2024
FL148,Hyundai of New Port Richey,NEW,KMHM34AC4PA026433,HYUN,IONIQ 6 SEL,2023,,4/27/2023,52895,4/27/2024
FL148,Hyundai of New Port Richey,NEW,KMHM34AC5PA026246,HYUN,IONIQ 6 SEL,2023,,4/27/2023,52895,4/27/2024
FL148,Hyundai of New Port Richey,NEW,KMHM34AC6PA030208,HYUN,IONIQ 6 SEL,2023,,5/1/2023,53270,5/1/2024
FL148,Hyundai of New Port Richey,NEW,KMHM54AA0PA021111,HYUN,IONIQ 6 LIMITED,2023,PA021111,5/26/2023,54375,5/26/2024
FL148,Hyundai of New Port Richey,NEW,KMHM54AA4PA040728,HYUN,IONIQ 6 LIMITED,2023,,6/7/2023,54150,6/7/2024
FL148,Hyundai of New Port Richey,NEW,KMHM54AA5PA028281,HYUN,IONIQ 6 LIMITED,2023,,5/8/2023,54150,5/8/2024
FL148,Hyundai of New Port Richey,NEW,KMHM54AA8PA038576,HYUN,IONIQ 6 LIMITED,2023,,6/7/2023,54600,6/7/2024
FL148,Hyundai of New Port Richey,NEW,KMHM54AC4PA047292,HYUN,IONIQ 6 LIMITED,2023,,7/17/2023,57630,7/17/2024
FL148,Hyundai of New Port Richey,NEW,KMHM54AC7PA047416,HYUN,IONIQ 6 LIMITED,2023,,7/17/2023,57705,7/17/2024
FL148,Hyundai of New Port Richey,NEW,KMHM54AC9PA041309,HYUN,IONIQ 6 LIMITED,2023,,6/23/2023,58630,6/23/2024
FL148,Hyundai of New Port Richey,NEW,KMHRC8A30PU266607,HYUN,VENUE SEL,2023,,7/20/2023,24111,7/20/2024
FL148,Hyundai of New Port Richey,NEW,KMHRC8A32PU262106,HYUN,VENUE SEL,2023,,7/24/2023,24083,7/24/2024
FL148,Hyundai of New Port Richey,NEW,KMHRC8A32PU265524,HYUN,VENUE SEL,2023,,7/17/2023,24123,7/17/2024
FL148,Hyundai of New Port Richey,NEW,KMHRC8A33PU266777,HYUN,VENUE SEL,2023,,7/21/2023,24111,7/21/2024
FL148,Hyundai of New Port Richey,NEW,KMHRC8A35PU265775,HYUN,VENUE SEL,2023,,7/19/2023,22672,7/19/2024
FL148,Hyundai of New Port Richey,NEW,KMHRC8A39PU265973,HYUN,VENUE SEL,2023,,7/13/2023,24111,7/13/2024
FL149,Hyundai of Wesley Chapel,NEW,5NMJA3AE8PH292830,HYUN,TUCSON SE,2023,,6/30/2023,28078,6/30/2024
FL149,Hyundai of Wesley Chapel,NEW,5NMJA3AE9PH280072,HYUN,TUCSON SE,2023,,6/7/2023,27709,6/7/2024
FL149,Hyundai of Wesley Chapel,NEW,5NMJACAE1PH280695,HYUN,TUCSON SE,2023,,6/12/2023,29212,6/12/2024
FL149,Hyundai of Wesley Chapel,NEW,5NMJACAE1PH283046,HYUN,TUCSON SE,2023,,6/20/2023,29665,6/20/2024
FL149,Hyundai of Wesley Chapel,NEW,5NMJACAE4PH275958,HYUN,TUCSON SE,2023,,5/25/2023,29055,5/25/2024
FL149,Hyundai of Wesley Chapel,NEW,5NMJB3AE7PH284425,HYUN,TUCSON SEL,2023,,6/22/2023,29449,6/22/2024
FL149,Hyundai of Wesley Chapel,NEW,5NMJB3AE9PH269019,HYUN,TUCSON SEL,2023,,5/22/2023,29409,5/22/2024
FL149,Hyundai of Wesley Chapel,NEW,5NMJB3AE9PH285155,HYUN,TUCSON SEL,2023,,6/26/2023,29449,6/26/2024
FL149,Hyundai of Wesley Chapel,NEW,5NMJB3AEXPH285181,HYUN,TUCSON SEL,2023,,6/26/2023,29449,6/26/2024
FL149,Hyundai of Wesley Chapel,NEW,5NMJBCAE0PH283813,HYUN,TUCSON SEL,2023,,6/22/2023,30811,6/22/2024
FL149,Hyundai of Wesley Chapel,NEW,5NMJBCAE5PH273553,HYUN,TUCSON SEL,2023,,5/18/2023,31011,5/18/2024
FL149,Hyundai of Wesley Chapel,NEW,5NMJBCAE6PH273156,HYUN,TUCSON SEL,2023,,5/22/2023,31011,5/22/2024
FL149,Hyundai of Wesley Chapel,NEW,5NMJBCAE8PH282392,HYUN,TUCSON SEL,2023,,6/8/2023,30839,6/8/2024
FL149,Hyundai of Wesley Chapel,NEW,5NMJBCAE9PH271224,HYUN,TUCSON SEL,2023,,5/23/2023,30874,5/23/2024
FL149,Hyundai of Wesley Chapel,NEW,5NMJBCAEXPH270485,HYUN,TUCSON SEL,2023,PH270485,7/13/2023,31396,7/13/2024
FL149,Hyundai of Wesley Chapel,NEW,5NMJBCAEXPH271569,HYUN,TUCSON SEL,2023,,5/17/2023,30888,5/17/2024
FL149,Hyundai of Wesley Chapel,NEW,5NMJE3AE8PH253787,HYUN,TUCSON LIMITED,2023,,6/7/2023,36386,6/7/2024
FL149,Hyundai of Wesley Chapel,NEW,5NMJE3AE9PH284126,HYUN,TUCSON LIMITED,2023,,6/22/2023,36449,6/22/2024
FL149,Hyundai of Wesley Chapel,NEW,5NMJE3AEXPH292588,HYUN,TUCSON LIMITED,2023,,7/18/2023,36449,7/18/2024
FL149,Hyundai of Wesley Chapel,NEW,5NMJECAE0PH278425,HYUN,TUCSON LIMITED,2023,,5/30/2023,37786,5/30/2024
FL149,Hyundai of Wesley Chapel,NEW,5NMJECAE1PH270673,HYUN,TUCSON LIMITED,2023,,5/30/2023,38384,5/30/2024
FL149,Hyundai of Wesley Chapel,NEW,5NMJECAE1PH278823,HYUN,TUCSON LIMITED,2023,,5/30/2023,37811,5/30/2024
FL149,Hyundai of Wesley Chapel,NEW,5NMJECAE1PH285111,HYUN,TUCSON LIMITED,2023,,6/21/2023,37979,6/21/2024
FL149,Hyundai of Wesley Chapel,NEW,5NMJECAE2PH268186,HYUN,TUCSON LIMITED,2023,,5/9/2023,38215,5/9/2024
FL149,Hyundai of Wesley Chapel,NEW,5NMJECAE2PH271007,HYUN,TUCSON LIMITED,2023,,5/26/2023,38428,5/26/2024
FL149,Hyundai of Wesley Chapel,NEW,5NMJECAE2PH278443,HYUN,TUCSON LIMITED,2023,,5/30/2023,37670,5/30/2024
FL149,Hyundai of Wesley Chapel,NEW,5NMJECAE3PH267810,HYUN,TUCSON LIMITED,2023,,5/5/2023,37992,5/5/2024
FL149,Hyundai of Wesley Chapel,NEW,5NMJECAE5PH278484,HYUN,TUCSON LIMITED,2023,,5/30/2023,37786,5/30/2024
FL149,Hyundai of Wesley Chapel,NEW,5NMJECAE7PH277420,HYUN,TUCSON LIMITED,2023,,5/30/2023,37811,5/30/2024
FL149,Hyundai of Wesley Chapel,NEW,5NMJECAE8PH278432,HYUN,TUCSON LIMITED,2023,,5/30/2023,37811,5/30/2024
FL149,Hyundai of Wesley Chapel,NEW,5NMJECAEXPH278688,HYUN,TUCSON LIMITED,2023,,6/12/2023,37919,6/12/2024
FL149,Hyundai of Wesley Chapel,NEW,5NMJF3AE2PH280013,HYUN,TUCSON SEL,2023,,6/12/2023,31489,6/12/2024
FL149,Hyundai of Wesley Chapel,NEW,5NMJF3AE3PH277234,HYUN,TUCSON SEL,2023,,5/30/2023,31817,5/30/2024
FL149,Hyundai of Wesley Chapel,NEW,5NMJF3AE3PH278237,HYUN,TUCSON SEL,2023,,6/1/2023,31381,6/1/2024
FL149,Hyundai of Wesley Chapel,NEW,5NMJF3AE3PH280540,HYUN,TUCSON SEL,2023,,6/5/2023,31549,6/5/2024
FL149,Hyundai of Wesley Chapel,NEW,5NMJF3AE3PH286502,HYUN,TUCSON SEL,2023,,6/26/2023,31570,6/26/2024
FL149,Hyundai of Wesley Chapel,NEW,5NMJF3AE4PH276965,HYUN,TUCSON SEL,2023,,6/1/2023,31381,6/1/2024
FL149,Hyundai of Wesley Chapel,NEW,5NMJF3AE4PH277338,HYUN,TUCSON SEL,2023,,6/1/2023,31817,6/1/2024
FL149,Hyundai of Wesley Chapel,NEW,5NMJF3AE4PH279638,HYUN,TUCSON SEL,2023,,6/2/2023,31678,6/2/2024
FL149,Hyundai of Wesley Chapel,NEW,5NMJF3AE7PH270836,HYUN,TUCSON SEL,2023,PH270836,6/26/2023,32174,6/26/2024
FL149,Hyundai of Wesley Chapel,NEW,5NMJF3AE7PH273087,HYUN,TUCSON SEL,2023,,5/18/2023,31678,5/18/2024
FL149,Hyundai of Wesley Chapel,NEW,5NMJF3AE7PH279777,HYUN,TUCSON SEL,2023,,6/12/2023,31489,6/12/2024
FL149,Hyundai of Wesley Chapel,NEW,5NMJF3AE9PH273477,HYUN,TUCSON SEL,2023,,5/22/2023,31678,5/22/2024
FL149,Hyundai of Wesley Chapel,NEW,5NMJF3AE9PH278467,HYUN,TUCSON SEL,2023,,5/30/2023,31381,5/30/2024
FL149,Hyundai of Wesley Chapel,NEW,5NMJF3AE9PH286732,HYUN,TUCSON SEL,2023,,6/20/2023,31726,6/20/2024
FL149,Hyundai of Wesley Chapel,NEW,5NMJF3AEXPH272662,HYUN,TUCSON SEL,2023,,5/18/2023,31678,5/18/2024
FL149,Hyundai of Wesley Chapel,NEW,5NMJF3AEXPH279076,HYUN,TUCSON SEL,2023,,6/1/2023,31381,6/1/2024
FL149,Hyundai of Wesley Chapel,NEW,5NMJF3AEXPH280275,HYUN,TUCSON SEL,2023,,6/7/2023,31925,6/7/2024
FL149,Hyundai of Wesley Chapel,NEW,5NMJFCAE0PH269429,HYUN,TUCSON SEL,2023,,5/10/2023,33083,5/10/2024
FL149,Hyundai of Wesley Chapel,NEW,5NMJFCAE2PH270873,HYUN,TUCSON SEL,2023,,5/18/2023,33128,5/18/2024
FL149,Hyundai of Wesley Chapel,NEW,5NMJFCAE3PH267688,HYUN,TUCSON SEL,2023,,5/15/2023,33055,5/15/2024
FL149,Hyundai of Wesley Chapel,NEW,5NMJFCAE4PH271894,HYUN,TUCSON SEL,2023,,5/17/2023,33083,5/17/2024
FL149,Hyundai of Wesley Chapel,NEW,5NMJFCAE4PH281972,HYUN,TUCSON SEL,2023,,6/12/2023,32835,6/12/2024
FL149,Hyundai of Wesley Chapel,NEW,5NMJFCAE5PH285139,HYUN,TUCSON SEL,2023,,6/26/2023,33024,6/26/2024
FL149,Hyundai of Wesley Chapel,NEW,5NMJFCAE6PH272433,HYUN,TUCSON SEL,2023,,5/18/2023,33132,5/18/2024
FL149,Hyundai of Wesley Chapel,NEW,5NMJFCAE8PH268500,HYUN,TUCSON SEL,2023,,5/10/2023,33128,5/10/2024
FL149,Hyundai of Wesley Chapel,NEW,5NMJFCAE9PH246697,HYUN,TUCSON SEL,2023,PH246697,7/6/2023,33149,7/6/2024
FL149,Hyundai of Wesley Chapel,NEW,5NMS14AJ0PH585208,HYUN,SANTA FE SE,2023,,5/26/2023,29486,5/26/2024
FL149,Hyundai of Wesley Chapel,NEW,5NMS14AJ8PH599180,HYUN,SANTA FE SE,2023,,7/7/2023,29449,7/7/2024
FL149,Hyundai of Wesley Chapel,NEW,5NMS14AJ9PH594490,HYUN,SANTA FE SE,2023,,6/26/2023,29543,6/26/2024
FL149,Hyundai of Wesley Chapel,NEW,5NMS24AJ2PH578984,HYUN,SANTA FE SEL,2023,,5/9/2023,33662,5/9/2024
FL149,Hyundai of Wesley Chapel,NEW,5NMS24AJ2PH589788,HYUN,SANTA FE SEL,2023,,6/15/2023,33236,6/15/2024
FL149,Hyundai of Wesley Chapel,NEW,5NMS24AJ5PH503308,HYUN,SANTA FE SEL,2023,,9/19/2022,32978,9/19/2023
FL149,Hyundai of Wesley Chapel,NEW,5NMS24AJ6PH575215,HYUN,SANTA FE SEL,2023,,4/24/2023,33163,4/24/2024
FL149,Hyundai of Wesley Chapel,NEW,5NMS2DA15PH012639,HYUN,SANTA FE BLUE,2023,,6/26/2023,37164,6/26/2024
FL149,Hyundai of Wesley Chapel,NEW,5NMS2DAJ1PH582475,HYUN,SANTA FE SEL,2023,,5/18/2023,34887,5/18/2024
FL149,Hyundai of Wesley Chapel,NEW,5NMS2DAJ2PH581254,HYUN,SANTA FE SEL,2023,,5/26/2023,34880,5/26/2024
FL149,Hyundai of Wesley Chapel,NEW,5NMS2DAJ2PH581349,HYUN,SANTA FE SEL,2023,,5/15/2023,34883,5/15/2024
FL149,Hyundai of Wesley Chapel,NEW,5NMS2DAJ3PH577987,HYUN,SANTA FE SEL,2023,,5/5/2023,34815,5/5/2024
FL149,Hyundai of Wesley Chapel,NEW,5NMS2DAJ3PH591310,HYUN,SANTA FE SEL,2023,,6/22/2023,34880,6/22/2024
FL149,Hyundai of Wesley Chapel,NEW,5NMS2DAJ4PH579909,HYUN,SANTA FE SEL,2023,,5/5/2023,34880,5/5/2024
FL149,Hyundai of Wesley Chapel,NEW,5NMS2DAJ5PH583872,HYUN,SANTA FE SEL,2023,,6/5/2023,34783,6/5/2024
FL149,Hyundai of Wesley Chapel,NEW,5NMS2DAJ8PH579072,HYUN,SANTA FE SEL,2023,,5/5/2023,35313,5/5/2024
FL149,Hyundai of Wesley Chapel,NEW,5NMS34AJ0PH579841,HYUN,SANTA FE SEL PREMIUM,2023,,6/22/2023,37592,6/22/2024
FL149,Hyundai of Wesley Chapel,NEW,5NMS34AJ1PH579900,HYUN,SANTA FE SEL PREMIUM,2023,,6/20/2023,37522,6/20/2024
FL149,Hyundai of Wesley Chapel,NEW,5NMS34AJ1PH580514,HYUN,SANTA FE SEL PREMIUM,2023,,6/20/2023,37592,6/20/2024
FL149,Hyundai of Wesley Chapel,NEW,5NMS34AJ1PH588130,HYUN,SANTA FE SEL PREMIUM,2023,,6/2/2023,37592,6/2/2024
FL149,Hyundai of Wesley Chapel,NEW,5NMS34AJ1PH592839,HYUN,SANTA FE SEL PREMIUM,2023,,6/20/2023,37653,6/20/2024
FL149,Hyundai of Wesley Chapel,NEW,5NMS34AJ2PH579551,HYUN,SANTA FE SEL PREMIUM,2023,,6/22/2023,37592,6/22/2024
FL149,Hyundai of Wesley Chapel,NEW,5NMS34AJ2PH589559,HYUN,SANTA FE SEL PREMIUM,2023,,6/15/2023,37705,6/15/2024
FL149,Hyundai of Wesley Chapel,NEW,5NMS34AJ3PH588453,HYUN,SANTA FE SEL PREMIUM,2023,,6/12/2023,37721,6/12/2024
FL149,Hyundai of Wesley Chapel,NEW,5NMS34AJ3PH590056,HYUN,SANTA FE SEL PREMIUM,2023,,6/15/2023,37725,6/15/2024
FL149,Hyundai of Wesley Chapel,NEW,5NMS34AJ4PH580670,HYUN,SANTA FE SEL PREMIUM,2023,,6/20/2023,37522,6/20/2024
FL149,Hyundai of Wesley Chapel,NEW,5NMS34AJ4PH585674,HYUN,SANTA FE SEL PREMIUM,2023,,5/30/2023,37616,5/30/2024
FL149,Hyundai of Wesley Chapel,NEW,5NMS34AJ5PH512734,HYUN,SANTA FE SEL PREMIUM,2023,,10/11/2022,37332,10/11/2023
FL149,Hyundai of Wesley Chapel,NEW,5NMS34AJ5PH579740,HYUN,SANTA FE SEL PREMIUM,2023,,6/16/2023,37592,6/16/2024
FL149,Hyundai of Wesley Chapel,NEW,5NMS34AJ5PH587594,HYUN,SANTA FE SEL PREMIUM,2023,,6/1/2023,37653,6/1/2024
FL149,Hyundai of Wesley Chapel,NEW,5NMS34AJ5PH588499,HYUN,SANTA FE SEL PREMIUM,2023,,6/5/2023,37713,6/5/2024
FL149,Hyundai of Wesley Chapel,NEW,5NMS34AJ5PH597560,HYUN,SANTA FE SEL PREMIUM,2023,,6/30/2023,37653,6/30/2024
FL149,Hyundai of Wesley Chapel,NEW,5NMS34AJ6PH588219,HYUN,SANTA FE SEL PREMIUM,2023,,6/26/2023,37471,6/26/2024
FL149,Hyundai of Wesley Chapel,NEW,5NMS34AJ6PH596577,HYUN,SANTA FE SEL PREMIUM,2023,,7/7/2023,37653,7/7/2024
FL149,Hyundai of Wesley Chapel,NEW,5NMS34AJ7PH588455,HYUN,SANTA FE SEL PREMIUM,2023,,6/12/2023,37721,6/12/2024
FL149,Hyundai of Wesley Chapel,NEW,5NMS34AJ7PH588603,HYUN,SANTA FE SEL PREMIUM,2023,,7/24/2023,37713,7/24/2024
FL149,Hyundai of Wesley Chapel,NEW,5NMS34AJ7PH591078,HYUN,SANTA FE SEL PREMIUM,2023,,6/16/2023,37580,6/16/2024
FL149,Hyundai of Wesley Chapel,NEW,5NMS34AJ7PH597611,HYUN,SANTA FE SEL PREMIUM,2023,,6/30/2023,38013,6/30/2024
FL149,Hyundai of Wesley Chapel,NEW,5NMS34AJ8PH510668,HYUN,SANTA FE SEL PREMIUM,2023,PH510668,6/7/2023,37004,10/11/2023
FL149,Hyundai of Wesley Chapel,NEW,5NMS34AJ8PH575004,HYUN,SANTA FE SEL PREMIUM,2023,,4/27/2023,37653,4/27/2024
FL149,Hyundai of Wesley Chapel,NEW,5NMS34AJ9PH579899,HYUN,SANTA FE SEL PREMIUM,2023,,5/9/2023,37673,5/9/2024
FL149,Hyundai of Wesley Chapel,NEW,5NMS34AJ9PH586268,HYUN,SANTA FE SEL PREMIUM,2023,,6/2/2023,38041,6/2/2024
FL149,Hyundai of Wesley Chapel,NEW,5NMS34AJ9PH590224,HYUN,SANTA FE SEL PREMIUM,2023,,6/22/2023,38106,6/22/2024
FL149,Hyundai of Wesley Chapel,NEW,5NMS34AJ9PH593656,HYUN,SANTA FE SEL PREMIUM,2023,,6/28/2023,38086,6/28/2024
FL149,Hyundai of Wesley Chapel,NEW,5NMS34AJXPH590054,HYUN,SANTA FE SEL PREMIUM,2023,,6/15/2023,37681,6/15/2024
FL149,Hyundai of Wesley Chapel,NEW,5NMS34AJXPH590376,HYUN,SANTA FE SEL PREMIUM,2023,,6/12/2023,37697,6/12/2024
FL149,Hyundai of Wesley Chapel,NEW,5NMS3DA12PH010974,HYUN,SANTA FE SEL PREMIUM,2023,,6/1/2023,40768,6/1/2024
FL149,Hyundai of Wesley Chapel,NEW,5NMS3DA13PH012281,HYUN,SANTA FE SEL PREMIUM,2023,,6/26/2023,40934,6/26/2024
FL149,Hyundai of Wesley Chapel,NEW,5NMS3DA17PH008217,HYUN,SANTA FE SEL PREMIUM,2023,PH008217,6/20/2023,41026,6/20/2024
FL149,Hyundai of Wesley Chapel,NEW,5NMS3DA17PH010968,HYUN,SANTA FE SEL PREMIUM,2023,,6/20/2023,40780,6/20/2024
FL149,Hyundai of Wesley Chapel,NEW,5NMS3DAJ2PH572325,HYUN,SANTA FE SEL PREMIUM,2023,,4/19/2023,39272,4/19/2024
FL149,Hyundai of Wesley Chapel,NEW,5NMS3DAJ2PH590307,HYUN,SANTA FE SEL PREMIUM,2023,,6/12/2023,39649,6/12/2024
FL149,Hyundai of Wesley Chapel,NEW,5NMS3DAJ3PH540127,HYUN,SANTA FE SEL PREMIUM,2023,,1/17/2023,38927,1/17/2024
FL149,Hyundai of Wesley Chapel,NEW,5NMS3DAJ6PH567564,HYUN,SANTA FE SEL PREMIUM,2023,,4/6/2023,39705,4/6/2024
FL149,Hyundai of Wesley Chapel,NEW,5NMS3DAJ7PH584387,HYUN,SANTA FE SEL PREMIUM,2023,,5/25/2023,39215,5/25/2024
FL149,Hyundai of Wesley Chapel,NEW,5NMS3DAJXPH584853,HYUN,SANTA FE SEL PREMIUM,2023,,5/26/2023,39257,5/26/2024
FL149,Hyundai of Wesley Chapel,NEW,5NMS44AL5PH592194,HYUN,SANTA FE LIMITED,2023,,6/21/2023,41078,6/21/2024
FL149,Hyundai of Wesley Chapel,NEW,5NMS44AL9PH597835,HYUN,SANTA FE LIMITED,2023,,6/30/2023,41511,6/30/2024
FL149,Hyundai of Wesley Chapel,NEW,5NMS44ALXPH584785,HYUN,SANTA FE LIMITED,2023,,5/26/2023,40948,5/26/2024
FL149,Hyundai of Wesley Chapel,NEW,5NMS4DAL2PH572694,HYUN,SANTA FE LIMITED,2023,,4/19/2023,42559,4/19/2024
FL149,Hyundai of Wesley Chapel,NEW,5NMS4DAL2PH574803,HYUN,SANTA FE LIMITED,2023,,4/24/2023,42714,4/24/2024
FL149,Hyundai of Wesley Chapel,NEW,5NMS54AL2PH596992,HYUN,SANTA FE CALLIGRAPHY,2023,,6/28/2023,42929,6/28/2024
FL149,Hyundai of Wesley Chapel,NEW,5NMS54AL3PH588710,HYUN,SANTA FE CALLIGRAPHY,2023,,6/5/2023,43067,6/5/2024
FL149,Hyundai of Wesley Chapel,NEW,5NMS54AL9PH594544,HYUN,SANTA FE CALLIGRAPHY,2023,,7/24/2023,43305,7/24/2024
FL149,Hyundai of Wesley Chapel,NEW,5NMS5DA16PH012091,HYUN,SANTA FE LIMITED,2023,,7/18/2023,42609,7/18/2024
FL149,Hyundai of Wesley Chapel,NEW,5NMS64AJ7PH589290,HYUN,SANTA FE XRT,2023,,6/12/2023,34850,6/12/2024
FL149,Hyundai of Wesley Chapel,NEW,5NMS64AJ8PH599150,HYUN,SANTA FE XRT,2023,,7/7/2023,34777,7/7/2024
FL149,Hyundai of Wesley Chapel,NEW,5NPLM4AG7PH118080,HYUN,ELANTRA SEL,2023,,6/26/2023,23475,6/26/2024
FL149,Hyundai of Wesley Chapel,NEW,5NPLP4AG8PH119259,HYUN,ELANTRA LIMITED,2023,,5/23/2023,27468,5/23/2024
FL149,Hyundai of Wesley Chapel,NEW,5NPLS4AG1PH118145,HYUN,ELANTRA SEL,2023,PH118145,7/6/2023,24839,5/9/2024
FL149,Hyundai of Wesley Chapel,NEW,5NPLS4AG8PH118420,HYUN,ELANTRA SEL,2023,,5/15/2023,25319,5/15/2024
FL149,Hyundai of Wesley Chapel,NEW,5NTJCDAE5RH078787,HYUN,SANTA CRUZ SEL,2024,,6/30/2023,35227,6/30/2024
FL149,Hyundai of Wesley Chapel,NEW,5NTJCDAF0RH078916,HYUN,SANTA CRUZ NIGHT,2024,,6/30/2023,38790,6/30/2024
FL149,Hyundai of Wesley Chapel,NEW,5NTJCDAF9PH076059,HYUN,SANTA CRUZ NIGHT,2023,,5/30/2023,37154,5/30/2024
FL149,Hyundai of Wesley Chapel,NEW,5NTJDDAF2PH074294,HYUN,SANTA CRUZ SEL PREMIUM,2023,,5/25/2023,38292,5/25/2024
FL149,Hyundai of Wesley Chapel,NEW,5NTJDDAF6PH074816,HYUN,SANTA CRUZ SEL PREMIUM,2023,,5/25/2023,38463,5/25/2024
FL149,Hyundai of Wesley Chapel,NEW,5NTJEDAF0PH067910,HYUN,SANTA CRUZ LIMITED,2023,,5/1/2023,41831,5/1/2024
FL149,Hyundai of Wesley Chapel,NEW,5NTJEDAF0RH078229,HYUN,SANTA CRUZ LIMITED,2024,,6/26/2023,42397,6/26/2024
FL149,Hyundai of Wesley Chapel,NEW,5NTJEDAF2PH075443,HYUN,SANTA CRUZ LIMITED,2023,,6/5/2023,41831,6/5/2024
FL149,Hyundai of Wesley Chapel,NEW,5NTJEDAF3PH070882,HYUN,SANTA CRUZ LIMITED,2023,,4/20/2023,41347,4/20/2024
FL149,Hyundai of Wesley Chapel,NEW,5NTJEDAF8PH074958,HYUN,SANTA CRUZ LIMITED,2023,,5/23/2023,41723,5/23/2024
FL149,Hyundai of Wesley Chapel,NEW,5NTJEDAF8RH078771,HYUN,SANTA CRUZ LIMITED,2024,,6/30/2023,41431,6/30/2024
FL149,Hyundai of Wesley Chapel,NEW,KM8JB3AE4PU254853,HYUN,TUCSON SEL,2023,,6/20/2023,30046,6/20/2024
FL149,Hyundai of Wesley Chapel,NEW,KM8JB3AE7PU254183,HYUN,TUCSON SEL,2023,,6/13/2023,29557,6/13/2024
FL149,Hyundai of Wesley Chapel,NEW,KM8JB3AE9PU254847,HYUN,TUCSON SEL,2023,,6/22/2023,29532,6/22/2024
FL149,Hyundai of Wesley Chapel,NEW,KM8JB3AEXPU254842,HYUN,TUCSON SEL,2023,,6/26/2023,30020,6/26/2024
FL149,Hyundai of Wesley Chapel,NEW,KM8JBCAE0PU246524,HYUN,TUCSON SEL,2023,,6/5/2023,31011,6/5/2024
FL149,Hyundai of Wesley Chapel,NEW,KM8JBCAE6PU253686,HYUN,TUCSON SEL,2023,,6/15/2023,31038,6/15/2024
FL149,Hyundai of Wesley Chapel,NEW,KM8JECA1XPU133085,HYUN,TUCSON LIMITED,2023,PU133085,7/24/2023,39218,7/24/2024
FL149,Hyundai of Wesley Chapel,NEW,KM8JECA1XPU133278,HYUN,TUCSON LIMITED,2023,,7/12/2023,39376,7/12/2024
FL149,Hyundai of Wesley Chapel,NEW,KM8JF3AE7PU254933,HYUN,TUCSON N LINE,2023,,7/24/2023,34453,7/24/2024
FL149,Hyundai of Wesley Chapel,NEW,KM8JF3AEXPU254781,HYUN,TUCSON N LINE,2023,,6/28/2023,34453,6/28/2024
FL149,Hyundai of Wesley Chapel,NEW,KM8K32AB2PU040056,HYUN,KONA SEL,2023,PU040056,7/17/2023,27133,7/17/2024
FL149,Hyundai of Wesley Chapel,NEW,KM8K3CA33PU026763,HYUN,KONA SEL,2023,,5/10/2023,30240,5/10/2024
FL149,Hyundai of Wesley Chapel,NEW,KM8K53AG0PU179064,HYUN,KONA LIMITED,2023,,5/9/2023,41963,5/9/2024
FL149,Hyundai of Wesley Chapel,NEW,KM8K62AB7PU050590,HYUN,KONA SEL,2023,,7/12/2023,24816,7/12/2024
FL149,Hyundai of Wesley Chapel,NEW,KM8K62ABXPU048817,HYUN,KONA SEL,2023,,7/12/2023,25306,7/12/2024
FL149,Hyundai of Wesley Chapel,NEW,KM8K6CAB2PU046677,HYUN,KONA SEL,2023,,7/21/2023,26609,7/21/2024
FL149,Hyundai of Wesley Chapel,NEW,KM8K6CAB8PU046683,HYUN,KONA SEL,2023,,7/21/2023,26282,7/21/2024
FL149,Hyundai of Wesley Chapel,NEW,KM8KM4AE9PU180396,HYUN,IONIQ 5 SE,2023,,4/6/2023,47320,4/6/2024
FL149,Hyundai of Wesley Chapel,NEW,KM8KMDAF6PU197164,HYUN,IONIQ 5 SE,2023,,6/5/2023,51320,6/5/2024
FL149,Hyundai of Wesley Chapel,NEW,KM8KMDAF7PU196900,HYUN,IONIQ 5 SE,2023,,5/30/2023,50840,5/30/2024
FL149,Hyundai of Wesley Chapel,NEW,KM8KMDAFXPU197250,HYUN,IONIQ 5 SE,2023,,6/22/2023,50820,6/22/2024
FL149,Hyundai of Wesley Chapel,NEW,KM8KN4AE3PU175675,HYUN,IONIQ 5 SEL,2023,,4/24/2023,50270,4/24/2024
FL149,Hyundai of Wesley Chapel,NEW,KM8KN4AE3PU186207,HYUN,IONIQ 5 SEL,2023,,5/9/2023,50390,5/9/2024
FL149,Hyundai of Wesley Chapel,NEW,KM8KN4AE5PU154813,HYUN,IONIQ 5 SEL,2023,,3/20/2023,49280,3/20/2024
FL149,Hyundai of Wesley Chapel,NEW,KM8KNDAF0PU188411,HYUN,IONIQ 5 SEL,2023,,4/24/2023,53820,4/24/2024
FL149,Hyundai of Wesley Chapel,NEW,KM8KNDAF0PU204297,HYUN,IONIQ 5 SEL,2023,,6/26/2023,52830,6/26/2024
FL149,Hyundai of Wesley Chapel,NEW,KM8KNDAF0PU204560,HYUN,IONIQ 5 SEL,2023,,6/26/2023,53770,6/26/2024
FL149,Hyundai of Wesley Chapel,NEW,KM8KNDAF0PU204641,HYUN,IONIQ 5 SEL,2023,,6/20/2023,52770,6/20/2024
FL149,Hyundai of Wesley Chapel,NEW,KM8KNDAF1PU199238,HYUN,IONIQ 5 SEL,2023,,6/13/2023,53220,6/13/2024
FL149,Hyundai of Wesley Chapel,NEW,KM8KNDAF2PU198888,HYUN,IONIQ 5 SEL,2023,,6/5/2023,52830,6/5/2024
FL149,Hyundai of Wesley Chapel,NEW,KM8KNDAF5PU204294,HYUN,IONIQ 5 SEL,2023,,6/27/2023,53095,6/27/2024
FL149,Hyundai of Wesley Chapel,NEW,KM8KNDAF5PU204666,HYUN,IONIQ 5 SEL,2023,,6/22/2023,52830,6/22/2024
FL149,Hyundai of Wesley Chapel,NEW,KM8KNDAF6PU188686,HYUN,IONIQ 5 SEL,2023,,4/24/2023,53820,4/24/2024
FL149,Hyundai of Wesley Chapel,NEW,KM8KNDAF9PU188343,HYUN,IONIQ 5 SEL,2023,,4/24/2023,53890,4/24/2024
FL149,Hyundai of Wesley Chapel,NEW,KM8KNDAF9PU200636,HYUN,IONIQ 5 SEL,2023,,6/9/2023,52770,6/9/2024
FL149,Hyundai of Wesley Chapel,NEW,KM8KNDAFXPU157599,HYUN,IONIQ 5 SEL,2023,PU157599,6/7/2023,53220,2/24/2024
FL149,Hyundai of Wesley Chapel,NEW,KM8KNDAFXPU204419,HYUN,IONIQ 5 SEL,2023,,6/16/2023,52770,6/16/2024
FL149,Hyundai of Wesley Chapel,NEW,KM8KR4AE4PU189587,HYUN,IONIQ 5 LIMITED,2023,,6/22/2023,55770,6/22/2024
FL149,Hyundai of Wesley Chapel,NEW,KM8KRDAF5PU182298,HYUN,IONIQ 5 LIMITED,2023,PU182298,6/30/2023,58890,6/30/2024
FL149,Hyundai of Wesley Chapel,NEW,KM8R2DGE4PU613201,HYUN,PALISADE SEL,2023,PU613201,6/26/2023,41324,6/26/2024
FL149,Hyundai of Wesley Chapel,NEW,KM8R34GE2PU624002,HYUN,PALISADE XRT,2023,PU624002,6/27/2023,41628,6/27/2024
FL149,Hyundai of Wesley Chapel,NEW,KM8R4DGEXPU617733,HYUN,PALISADE SEL PREMIUM,2023,PU617733,7/19/2023,46093,7/19/2024
FL149,Hyundai of Wesley Chapel,NEW,KM8R5DGEXPU628194,HYUN,PALISADE LIMITED,2023,PU628194,7/10/2023,50026,7/10/2024
FL149,Hyundai of Wesley Chapel,NEW,KMHL14JA2PA251076,HYUN,SONATA SEL,2023,PA251076,6/7/2023,30297,9/1/2023
FL149,Hyundai of Wesley Chapel,NEW,KMHL24JA8PA322200,HYUN,SONATA SE,2023,,7/21/2023,26021,7/21/2024
FL149,Hyundai of Wesley Chapel,NEW,KMHL24JA9PA321721,HYUN,SONATA SE,2023,PA321721,7/3/2023,26008,7/3/2024
FL149,Hyundai of Wesley Chapel,NEW,KMHL24JJ8PA069685,HYUN,SONATA HYBRID,2023,,6/28/2023,28783,6/28/2024
FL149,Hyundai of Wesley Chapel,NEW,KMHL54JJ2PA069947,HYUN,SONATA HYBRID,2023,,7/21/2023,36584,7/21/2024
FL149,Hyundai of Wesley Chapel,NEW,KMHL64JA1PA324374,HYUN,SONATA SEL,2023,,7/12/2023,28640,7/12/2024
FL149,Hyundai of Wesley Chapel,NEW,KMHL64JA2PA322164,HYUN,SONATA SEL,2023,,6/27/2023,28188,6/27/2024
FL149,Hyundai of Wesley Chapel,NEW,KMHL64JA6PA320546,HYUN,SONATA SEL,2023,,6/26/2023,28127,6/26/2024
FL149,Hyundai of Wesley Chapel,NEW,KMHL64JA6PA321258,HYUN,SONATA SEL,2023,,6/29/2023,28127,6/29/2024
FL149,Hyundai of Wesley Chapel,NEW,KMHLL4AG4PU585526,HYUN,ELANTRA SE,2023,,7/21/2023,21994,7/21/2024
FL149,Hyundai of Wesley Chapel,NEW,KMHLM4AG2PU592598,HYUN,ELANTRA SEL,2023,,7/12/2023,22831,7/12/2024
FL149,Hyundai of Wesley Chapel,NEW,KMHLM4AG4PU570585,HYUN,ELANTRA SEL,2023,PU570585,6/30/2023,23081,6/30/2024
FL149,Hyundai of Wesley Chapel,NEW,KMHLM4AG7PU598266,HYUN,ELANTRA SEL,2023,,7/24/2023,23005,7/24/2024
FL149,Hyundai of Wesley Chapel,NEW,KMHLM4AG9PU592677,HYUN,ELANTRA SEL,2023,,7/18/2023,22929,7/18/2024
FL149,Hyundai of Wesley Chapel,NEW,KMHLM4AJ4PU074312,HYUN,ELANTRA BLUE,2023,PU074312,7/19/2023,25282,7/19/2024
FL149,Hyundai of Wesley Chapel,NEW,KMHLM4AJ7PU075079,HYUN,ELANTRA BLUE,2023,,7/12/2023,25295,7/12/2024
FL149,Hyundai of Wesley Chapel,NEW,KMHLP4AG7PU583953,HYUN,ELANTRA LIMITED,2023,,6/26/2023,27468,6/26/2024
FL149,Hyundai of Wesley Chapel,NEW,KMHLR4AF1PU579804,HYUN,ELANTRA N LINE,2023,,6/20/2023,28148,6/20/2024
FL149,Hyundai of Wesley Chapel,NEW,KMHLR4AF3PU571445,HYUN,ELANTRA N LINE,2023,,6/9/2023,28059,6/9/2024
FL149,Hyundai of Wesley Chapel,NEW,KMHLR4AF4PU567582,HYUN,ELANTRA N LINE,2023,,6/6/2023,28122,6/6/2024
FL149,Hyundai of Wesley Chapel,NEW,KMHLR4AF4PU570000,HYUN,ELANTRA N LINE,2023,,6/5/2023,28148,6/5/2024
FL149,Hyundai of Wesley Chapel,NEW,KMHLR4AF5PU571589,HYUN,ELANTRA N LINE,2023,,6/9/2023,28076,6/9/2024
FL149,Hyundai of Wesley Chapel,NEW,KMHLR4AF5PU571642,HYUN,ELANTRA N LINE,2023,,6/13/2023,28122,6/13/2024
FL149,Hyundai of Wesley Chapel,NEW,KMHLR4AF6PU543753,HYUN,ELANTRA N LINE,2023,,5/9/2023,28140,5/9/2024
FL149,Hyundai of Wesley Chapel,NEW,KMHLR4AF7PU579628,HYUN,ELANTRA N LINE,2023,,6/26/2023,28059,6/26/2024
FL149,Hyundai of Wesley Chapel,NEW,KMHLR4AF7PU579841,HYUN,ELANTRA N LINE,2023,,6/20/2023,28059,6/20/2024
FL149,Hyundai of Wesley Chapel,NEW,KMHLS4AG0PU577071,HYUN,ELANTRA SEL,2023,,6/13/2023,24848,6/13/2024
FL149,Hyundai of Wesley Chapel,NEW,KMHLS4AG0PU588538,HYUN,ELANTRA SEL,2023,,7/12/2023,24848,7/12/2024
FL149,Hyundai of Wesley Chapel,NEW,KMHLS4AG1PU565351,HYUN,ELANTRA SEL,2023,,5/30/2023,24883,5/30/2024
FL149,Hyundai of Wesley Chapel,NEW,KMHLS4AG1PU573983,HYUN,ELANTRA SEL,2023,,6/20/2023,24777,6/20/2024
FL149,Hyundai of Wesley Chapel,NEW,KMHLS4AG2PU569585,HYUN,ELANTRA SEL,2023,PU569585,6/30/2023,24928,6/30/2024
FL149,Hyundai of Wesley Chapel,NEW,KMHLS4AG3PU554271,HYUN,ELANTRA SEL,2023,PU554271,6/30/2023,24986,6/30/2024
FL149,Hyundai of Wesley Chapel,NEW,KMHLS4AG3PU581602,HYUN,ELANTRA SEL,2023,,6/20/2023,24836,6/20/2024
FL149,Hyundai of Wesley Chapel,NEW,KMHLS4AG4PU584881,HYUN,ELANTRA SEL,2023,,6/22/2023,24848,6/22/2024
FL149,Hyundai of Wesley Chapel,NEW,KMHLS4AG4PU601422,HYUN,ELANTRA SEL,2023,,7/18/2023,24848,7/18/2024
FL149,Hyundai of Wesley Chapel,NEW,KMHLS4AG5PU584906,HYUN,ELANTRA SEL,2023,,6/16/2023,24848,6/16/2024
FL149,Hyundai of Wesley Chapel,NEW,KMHLS4AG6PU574126,HYUN,ELANTRA SEL,2023,,6/22/2023,24819,6/22/2024
FL149,Hyundai of Wesley Chapel,NEW,KMHLS4AG6PU575194,HYUN,ELANTRA SEL,2023,,6/16/2023,24883,6/16/2024
FL149,Hyundai of Wesley Chapel,NEW,KMHLS4AG6PU599379,HYUN,ELANTRA SEL,2023,,7/18/2023,24840,7/18/2024
FL149,Hyundai of Wesley Chapel,NEW,KMHLS4AG8PU567811,HYUN,ELANTRA SEL,2023,,6/7/2023,24840,6/7/2024
FL149,Hyundai of Wesley Chapel,NEW,KMHLS4AG9PU556946,HYUN,ELANTRA SEL,2023,PU556946,6/20/2023,24839,6/20/2024
FL149,Hyundai of Wesley Chapel,NEW,KMHLS4AG9PU599358,HYUN,ELANTRA SEL,2023,,7/18/2023,24802,7/18/2024
FL149,Hyundai of Wesley Chapel,NEW,KMHM24AA0PA047037,HYUN,IONIQ 6 SE,2023,,7/17/2023,47745,7/17/2024
FL149,Hyundai of Wesley Chapel,NEW,KMHM24AA2PA047010,HYUN,IONIQ 6 SE,2023,,7/18/2023,47220,7/18/2024
FL149,Hyundai of Wesley Chapel,NEW,KMHM24AA2PA047041,HYUN,IONIQ 6 SE,2023,,7/18/2023,47570,7/18/2024
FL149,Hyundai of Wesley Chapel,NEW,KMHM24AA2PA047136,HYUN,IONIQ 6 SE,2023,,7/18/2023,47220,7/18/2024
FL149,Hyundai of Wesley Chapel,NEW,KMHM24AB2PA044195,HYUN,IONIQ 6 SE,2023,,7/21/2023,43700,7/21/2024
FL149,Hyundai of Wesley Chapel,NEW,KMHM24AB3PA044111,HYUN,IONIQ 6 SE,2023,,7/21/2023,43250,7/21/2024
FL149,Hyundai of Wesley Chapel,NEW,KMHM34AA0PA047021,HYUN,IONIQ 6 SEL,2023,,7/18/2023,49815,7/18/2024
FL149,Hyundai of Wesley Chapel,NEW,KMHM34AA2PA033444,HYUN,IONIQ 6 SEL,2023,,5/12/2023,49320,5/12/2024
FL149,Hyundai of Wesley Chapel,NEW,KMHM34AA4PA037026,HYUN,IONIQ 6 SEL,2023,,6/1/2023,49250,6/1/2024
FL149,Hyundai of Wesley Chapel,NEW,KMHM34AA4PA042307,HYUN,IONIQ 6 SEL,2023,,6/29/2023,49405,6/29/2024
FL149,Hyundai of Wesley Chapel,NEW,KMHM34AA6PA041322,HYUN,IONIQ 6 SEL,2023,,6/20/2023,50310,6/20/2024
FL149,Hyundai of Wesley Chapel,NEW,KMHM34AA9PA026667,HYUN,IONIQ 6 SEL,2023,,4/27/2023,49320,4/27/2024
FL149,Hyundai of Wesley Chapel,NEW,KMHM34AA9PA041508,HYUN,IONIQ 6 SEL,2023,,7/21/2023,49310,7/21/2024
FL149,Hyundai of Wesley Chapel,NEW,KMHM34AA9PA041752,HYUN,IONIQ 6 SEL,2023,,7/12/2023,50320,7/12/2024
FL149,Hyundai of Wesley Chapel,NEW,KMHM34AA9PA042920,HYUN,IONIQ 6 SEL,2023,,6/28/2023,49320,6/28/2024
FL149,Hyundai of Wesley Chapel,NEW,KMHM34AAXPA033448,HYUN,IONIQ 6 SEL,2023,,5/12/2023,49320,5/12/2024
FL149,Hyundai of Wesley Chapel,NEW,KMHM34AAXPA047723,HYUN,IONIQ 6 SEL,2023,,7/21/2023,49425,7/21/2024
FL149,Hyundai of Wesley Chapel,NEW,KMHM34AC3PA043109,HYUN,IONIQ 6 SEL,2023,,6/28/2023,53730,6/28/2024
FL149,Hyundai of Wesley Chapel,NEW,KMHM34AC4PA041353,HYUN,IONIQ 6 SEL,2023,,6/20/2023,53800,6/20/2024
FL149,Hyundai of Wesley Chapel,NEW,KMHM54AA0PA036479,HYUN,IONIQ 6 LIMITED,2023,,6/1/2023,54150,6/1/2024
FL149,Hyundai of Wesley Chapel,NEW,KMHM54AA3PA040588,HYUN,IONIQ 6 LIMITED,2023,,6/7/2023,54150,6/7/2024
FL149,Hyundai of Wesley Chapel,NEW,KMHM54AA4PA046500,HYUN,IONIQ 6 LIMITED,2023,,7/18/2023,55150,7/18/2024
FL149,Hyundai of Wesley Chapel,NEW,KMHRC8A34PU265119,HYUN,VENUE SEL,2023,PU265119,7/17/2023,24123,7/17/2024
FL153,Doral Hyundai,NEW,5NMJA3AE3PH292976,HYUN,TUCSON SE,2023,,7/17/2023,28217,7/17/2024
FL153,Doral Hyundai,NEW,5NMJACDE0RH294215,HYUN,TUCSON SE,2024,,7/20/2023,29902,7/20/2024
FL153,Doral Hyundai,NEW,5NMJB3DE1RH295869,HYUN,TUCSON SEL,2024,,7/19/2023,30521,7/19/2024
FL153,Doral Hyundai,NEW,5NMJB3DE2RH294861,HYUN,TUCSON SEL,2024,,7/24/2023,30523,7/24/2024
FL153,Doral Hyundai,NEW,5NMJB3DE3RH296621,HYUN,TUCSON SEL,2024,,7/20/2023,30521,7/20/2024
FL153,Doral Hyundai,NEW,5NMJB3DE4RH295333,HYUN,TUCSON SEL,2024,,7/19/2023,30521,7/19/2024
FL153,Doral Hyundai,NEW,5NMJB3DE4RH295672,HYUN,TUCSON SEL,2024,,7/19/2023,30958,7/19/2024
FL153,Doral Hyundai,NEW,5NMJB3DE4RH297146,HYUN,TUCSON SEL,2024,,7/24/2023,30521,7/24/2024
FL153,Doral Hyundai,NEW,5NMJB3DE5RH294739,HYUN,TUCSON SEL,2024,,7/19/2023,30958,7/19/2024
FL153,Doral Hyundai,NEW,5NMJB3DE8RH295805,HYUN,TUCSON SEL,2024,,7/19/2023,30523,7/19/2024
FL153,Doral Hyundai,NEW,5NMJBCDE9RH294789,HYUN,TUCSON SEL,2024,,7/19/2023,31994,7/19/2024
FL153,Doral Hyundai,NEW,5NMJE3DE8RH297318,HYUN,TUCSON LIMITED,2024,,7/24/2023,37020,7/24/2024
FL153,Doral Hyundai,NEW,5NMJECAE1PH282239,HYUN,TUCSON LIMITED,2023,,6/9/2023,38454,6/9/2024
FL153,Doral Hyundai,NEW,5NMJECAE2PH208330,HYUN,TUCSON LIMITED,2023,,12/27/2022,38166,12/27/2023
FL153,Doral Hyundai,NEW,5NMJECAE4NH152789,HYUN,TUCSON LIMITED,2022,,8/12/2022,37363,8/12/2023
FL153,Doral Hyundai,NEW,5NMJECAE5PH227194,HYUN,TUCSON LIMITED,2023,,2/8/2023,37950,2/8/2024
FL153,Doral Hyundai,NEW,5NMJECAE8PH249190,HYUN,TUCSON LIMITED,2023,,3/27/2023,38516,3/27/2024
FL153,Doral Hyundai,NEW,5NMJECAE9PH206820,HYUN,TUCSON LIMITED,2023,,12/12/2022,37710,12/12/2023
FL153,Doral Hyundai,NEW,5NMJECAE9PH228199,HYUN,TUCSON LIMITED,2023,,2/6/2023,37950,2/6/2024
FL153,Doral Hyundai,NEW,5NMJECAE9PH258593,HYUN,TUCSON LIMITED,2023,,4/21/2023,38502,4/21/2024
FL153,Doral Hyundai,NEW,5NMJECAE9PH259050,HYUN,TUCSON LIMITED,2023,,4/20/2023,37953,4/20/2024
FL153,Doral Hyundai,NEW,5NMJECAE9PH264846,HYUN,TUCSON LIMITED,2023,,4/27/2023,38017,4/27/2024
FL153,Doral Hyundai,NEW,5NMJECAEXPH222931,HYUN,TUCSON LIMITED,2023,,2/1/2023,38058,2/1/2024
FL153,Doral Hyundai,NEW,5NMJECAEXPH260448,HYUN,TUCSON LIMITED,2023,,4/21/2023,38129,4/21/2024
FL153,Doral Hyundai,NEW,5NMJF3AE3PH293773,HYUN,TUCSON SEL,2023,,7/12/2023,32060,7/12/2024
FL153,Doral Hyundai,NEW,5NMJF3AE5PH287781,HYUN,TUCSON SEL,2023,,6/26/2023,31795,6/26/2024
FL153,Doral Hyundai,NEW,5NMJF3AE8PH291923,HYUN,TUCSON SEL,2023,,6/30/2023,31736,6/30/2024
FL153,Doral Hyundai,NEW,5NMJF3AE9PH285497,HYUN,TUCSON SEL,2023,,6/23/2023,32096,6/23/2024
FL153,Doral Hyundai,NEW,5NMJF3DE0RH296872,HYUN,TUCSON SEL,2024,,7/20/2023,32912,7/20/2024
FL153,Doral Hyundai,NEW,5NMJF3DE2RH296632,HYUN,TUCSON SEL,2024,,7/20/2023,32912,7/20/2024
FL153,Doral Hyundai,NEW,5NMJF3DE2RH297201,HYUN,TUCSON SEL,2024,,7/24/2023,32852,7/24/2024
FL153,Doral Hyundai,NEW,5NMJF3DE6RH297038,HYUN,TUCSON SEL,2024,,7/24/2023,32852,7/24/2024
FL153,Doral Hyundai,NEW,5NMJF3DE8RH298076,HYUN,TUCSON SEL,2024,,7/24/2023,32852,7/24/2024
FL153,Doral Hyundai,NEW,5NMJFCAE0PH286666,HYUN,TUCSON SEL,2023,,6/21/2023,33629,6/21/2024
FL153,Doral Hyundai,NEW,5NMJFCAE3PH266217,HYUN,TUCSON SEL,2023,,5/1/2023,33144,5/1/2024
FL153,Doral Hyundai,NEW,5NMJFCAE8PH260848,HYUN,TUCSON SEL,2023,,4/25/2023,33300,4/25/2024
FL153,Doral Hyundai,NEW,5NMJFCAE9PH286021,HYUN,TUCSON SEL,2023,,6/21/2023,33282,6/21/2024
FL153,Doral Hyundai,NEW,5NMJFCAEXPH260821,HYUN,TUCSON SEL,2023,,4/27/2023,33275,4/27/2024
FL153,Doral Hyundai,NEW,5NMJFCDE5RH294843,HYUN,TUCSON SEL,2024,,7/19/2023,34369,7/19/2024
FL153,Doral Hyundai,NEW,5NMS24AJ3PH601298,HYUN,SANTA FE SEL,2023,,7/17/2023,33771,7/17/2024
FL153,Doral Hyundai,NEW,5NMS24AJ8PH592050,HYUN,SANTA FE SEL,2023,,7/17/2023,33223,7/17/2024
FL153,Doral Hyundai,NEW,5NMS2DAJ0PH575257,HYUN,SANTA FE SEL,2023,,4/26/2023,34878,4/26/2024
FL153,Doral Hyundai,NEW,5NMS2DAJ0PH579907,HYUN,SANTA FE SEL,2023,,5/8/2023,34944,5/8/2024
FL153,Doral Hyundai,NEW,5NMS2DAJ2PH574367,HYUN,SANTA FE SEL,2023,,4/21/2023,34878,4/21/2024
FL153,Doral Hyundai,NEW,5NMS2DAJ2PH577141,HYUN,SANTA FE SEL,2023,,4/27/2023,35238,4/27/2024
FL153,Doral Hyundai,NEW,5NMS2DAJ2PH577379,HYUN,SANTA FE SEL,2023,,5/1/2023,34931,5/1/2024
FL153,Doral Hyundai,NEW,5NMS2DAJ3PH573714,HYUN,SANTA FE SEL,2023,,4/21/2023,35365,4/21/2024
FL153,Doral Hyundai,NEW,5NMS2DAJ4PH576489,HYUN,SANTA FE SEL,2023,,4/27/2023,34931,4/27/2024
FL153,Doral Hyundai,NEW,5NMS2DAJ4PH578789,HYUN,SANTA FE SEL,2023,,5/5/2023,35393,5/5/2024
FL153,Doral Hyundai,NEW,5NMS2DAJ5PH578655,HYUN,SANTA FE SEL,2023,,5/5/2023,35238,5/5/2024
FL153,Doral Hyundai,NEW,5NMS2DAJ5PH582320,HYUN,SANTA FE SEL,2023,,5/23/2023,34902,5/23/2024
FL153,Doral Hyundai,NEW,5NMS2DAJ5PH591583,HYUN,SANTA FE SEL,2023,,6/12/2023,34862,6/12/2024
FL153,Doral Hyundai,NEW,5NMS2DAJ6PH579300,HYUN,SANTA FE SEL,2023,,5/8/2023,35393,5/8/2024
FL153,Doral Hyundai,NEW,5NMS2DAJ7PH575370,HYUN,SANTA FE SEL,2023,,5/1/2023,35238,5/1/2024
FL153,Doral Hyundai,NEW,5NMS2DAJ7PH575580,HYUN,SANTA FE SEL,2023,,4/26/2023,34878,4/26/2024
FL153,Doral Hyundai,NEW,5NMS2DAJ9PH576780,HYUN,SANTA FE SEL,2023,,5/1/2023,34878,5/1/2024
FL153,Doral Hyundai,NEW,5NMS2DAJ9PH578609,HYUN,SANTA FE SEL,2023,,5/5/2023,34959,5/5/2024
FL153,Doral Hyundai,NEW,5NMS2DAJ9PH581400,HYUN,SANTA FE SEL,2023,,5/15/2023,35393,5/15/2024
FL153,Doral Hyundai,NEW,5NMS2DAJ9PH583034,HYUN,SANTA FE SEL,2023,,5/25/2023,35336,5/25/2024
FL153,Doral Hyundai,NEW,5NMS2DAJXPH581597,HYUN,SANTA FE SEL,2023,,5/12/2023,34944,5/12/2024
FL153,Doral Hyundai,NEW,5NMS2DAJXPH597248,HYUN,SANTA FE SEL,2023,,6/30/2023,34805,6/30/2024
FL153,Doral Hyundai,NEW,5NMS34AJ0PH601501,HYUN,SANTA FE SEL PREMIUM,2023,,7/19/2023,38253,7/19/2024
FL153,Doral Hyundai,NEW,5NMS34AJ1PH593344,HYUN,SANTA FE SEL PREMIUM,2023,,6/20/2023,37722,6/20/2024
FL153,Doral Hyundai,NEW,5NMS34AJ2PH593420,HYUN,SANTA FE SEL PREMIUM,2023,,6/28/2023,37722,6/28/2024
FL153,Doral Hyundai,NEW,5NMS34AJ6PH591346,HYUN,SANTA FE SEL PREMIUM,2023,,6/15/2023,37722,6/15/2024
FL153,Doral Hyundai,NEW,5NMS34AJ7NH471911,HYUN,SANTA FE SEL,2022,,6/27/2022,35913,6/27/2023
FL153,Doral Hyundai,NEW,5NMS34AJ8PH594538,HYUN,SANTA FE SEL PREMIUM,2023,,6/21/2023,37722,6/21/2024
FL153,Doral Hyundai,NEW,5NMS34AJ9PH599988,HYUN,SANTA FE SEL PREMIUM,2023,,7/10/2023,37819,7/10/2024
FL153,Doral Hyundai,NEW,5NMS34AJXPH601182,HYUN,SANTA FE SEL PREMIUM,2023,,7/17/2023,37819,7/17/2024
FL153,Doral Hyundai,NEW,5NMS3DA14PH011883,HYUN,SANTA FE SEL PREMIUM,2023,,6/23/2023,40520,6/23/2024
FL153,Doral Hyundai,NEW,5NMS3DAJ7PH592201,HYUN,SANTA FE SEL PREMIUM,2023,,6/15/2023,39421,6/15/2024
FL153,Doral Hyundai,NEW,5NMS3DAJ9PH591163,HYUN,SANTA FE SEL PREMIUM,2023,,6/12/2023,39360,6/12/2024
FL153,Doral Hyundai,NEW,5NMS44AL3PH573238,HYUN,SANTA FE LIMITED,2023,,4/20/2023,41149,4/20/2024
FL153,Doral Hyundai,NEW,5NMS44AL6NH472241,HYUN,SANTA FE LIMITED,2022,,6/27/2022,39823,6/27/2023
FL153,Doral Hyundai,NEW,5NMS44AL7NH478386,HYUN,SANTA FE LIMITED,2022,,7/14/2022,39941,7/14/2023
FL153,Doral Hyundai,NEW,5NMS44AL7PH592195,HYUN,SANTA FE LIMITED,2023,,6/15/2023,41162,6/15/2024
FL153,Doral Hyundai,NEW,5NMS44AL8NH480969,HYUN,SANTA FE LIMITED,2022,,7/18/2022,39713,7/18/2023
FL153,Doral Hyundai,NEW,5NMS44AL9PH573003,HYUN,SANTA FE LIMITED,2023,,4/20/2023,41059,4/20/2024
FL153,Doral Hyundai,NEW,5NMS4DAL4PH597080,HYUN,SANTA FE LIMITED,2023,,6/28/2023,42795,6/28/2024
FL153,Doral Hyundai,NEW,5NMS4DAL7NH479621,HYUN,SANTA FE LIMITED,2022,,7/14/2022,41598,7/14/2023
FL153,Doral Hyundai,NEW,5NMS54AL0PH596490,HYUN,SANTA FE CALLIGRAPHY,2023,,6/28/2023,43008,6/28/2024
FL153,Doral Hyundai,NEW,5NMS54AL1PH589774,HYUN,SANTA FE CALLIGRAPHY,2023,,6/9/2023,43442,6/9/2024
FL153,Doral Hyundai,NEW,5NMS54AL1PH598586,HYUN,SANTA FE CALLIGRAPHY,2023,,7/3/2023,43008,7/3/2024
FL153,Doral Hyundai,NEW,5NMS54AL1PH598927,HYUN,SANTA FE CALLIGRAPHY,2023,,7/10/2023,43008,7/10/2024
FL153,Doral Hyundai,NEW,5NMS54AL2PH593302,HYUN,SANTA FE CALLIGRAPHY,2023,,6/20/2023,43008,6/20/2024
FL153,Doral Hyundai,NEW,5NMS54AL6PH594789,HYUN,SANTA FE CALLIGRAPHY,2023,,6/21/2023,43090,6/21/2024
FL153,Doral Hyundai,NEW,5NMS54AL9PH593796,HYUN,SANTA FE CALLIGRAPHY,2023,,6/20/2023,43008,6/20/2024
FL153,Doral Hyundai,NEW,5NMS54AL9PH597945,HYUN,SANTA FE CALLIGRAPHY,2023,,6/30/2023,43008,6/30/2024
FL153,Doral Hyundai,NEW,5NMS5DA16PH008056,HYUN,SANTA FE LIMITED,2023,,4/10/2023,42323,4/10/2024
FL153,Doral Hyundai,NEW,5NMS5DA18PH005398,HYUN,SANTA FE LIMITED,2023,PH005398,6/27/2023,41957,2/22/2024
FL153,Doral Hyundai,NEW,5NMS5DAL0PH494803,HYUN,SANTA FE CALLIGRAPHY,2023,,8/24/2022,44321,8/24/2023
FL153,Doral Hyundai,NEW,5NMS5DAL2PH592330,HYUN,SANTA FE CALLIGRAPHY,2023,,6/26/2023,44646,6/26/2024
FL153,Doral Hyundai,NEW,5NMS5DAL4PH585959,HYUN,SANTA FE CALLIGRAPHY,2023,,5/31/2023,44780,5/31/2024
FL153,Doral Hyundai,NEW,5NMS5DAL5PH586683,HYUN,SANTA FE CALLIGRAPHY,2023,,6/1/2023,44743,6/1/2024
FL153,Doral Hyundai,NEW,5NMS5DAL7PH591867,HYUN,SANTA FE CALLIGRAPHY,2023,,6/15/2023,45080,6/15/2024
FL153,Doral Hyundai,NEW,5NMS5DAL9PH488854,HYUN,,2023,,8/10/2022,43996,8/10/2023
FL153,Doral Hyundai,NEW,5NMS5DALXPH591555,HYUN,SANTA FE CALLIGRAPHY,2023,,6/21/2023,44728,6/21/2024
FL153,Doral Hyundai,NEW,5NMS64AJ1PH597790,HYUN,SANTA FE XRT,2023,,7/17/2023,34901,7/17/2024
FL153,Doral Hyundai,NEW,5NMS6DAJ3PH597824,HYUN,SANTA FE XRT,2023,,7/19/2023,37019,7/19/2024
FL153,Doral Hyundai,NEW,5NMS6DAJ6PH600120,HYUN,SANTA FE XRT,2023,,7/14/2023,37055,7/14/2024
FL153,Doral Hyundai,NEW,5NPLP4AG8PH117446,HYUN,ELANTRA LIMITED,2023,,5/3/2023,27553,5/3/2024
FL153,Doral Hyundai,NEW,5NPLP4AG9PH117956,HYUN,ELANTRA LIMITED,2023,,5/8/2023,27553,5/8/2024
FL153,Doral Hyundai,NEW,5NPLP4AG9PH119027,HYUN,ELANTRA LIMITED,2023,,5/15/2023,27493,5/15/2024
FL153,Doral Hyundai,NEW,5NPLS4AG1PH117321,HYUN,ELANTRA SEL,2023,,5/1/2023,24928,5/1/2024
FL153,Doral Hyundai,NEW,5NPLS4AG6PH117945,HYUN,ELANTRA SEL,2023,,5/10/2023,24884,5/10/2024
FL153,Doral Hyundai,NEW,5NTJC4AE4RH079168,HYUN,SANTA CRUZ SEL,2024,RH079168,7/19/2023,33927,7/19/2024
FL153,Doral Hyundai,NEW,5NTJEDAF0RH082328,HYUN,SANTA CRUZ LIMITED,2024,,7/24/2023,41651,7/24/2024
FL153,Doral Hyundai,NEW,5NTJEDAF2PH073515,HYUN,SANTA CRUZ LIMITED,2023,,5/22/2023,41464,5/22/2024
FL153,Doral Hyundai,NEW,5NTJEDAF4NH035149,HYUN,SANTA CRUZ LIMITED,2022,,7/18/2022,41117,7/18/2023
FL153,Doral Hyundai,NEW,5NTJEDAF8PH051518,HYUN,SANTA CRUZ LIMITED,2023,,11/15/2022,41295,11/15/2023
FL153,Doral Hyundai,NEW,5NTJEDAFXPH073553,HYUN,SANTA CRUZ LIMITED,2023,,5/10/2023,41423,5/10/2024
FL153,Doral Hyundai,NEW,KM8JF3AE6PU200829,HYUN,TUCSON N LINE,2023,,1/30/2023,34434,1/30/2024
FL153,Doral Hyundai,NEW,KM8JFCA15PU125781,HYUN,TUCSON SEL CONVENIENCE,2023,,5/30/2023,34857,5/30/2024
FL153,Doral Hyundai,NEW,KM8JFCA17PU125782,HYUN,TUCSON SEL CONVENIENCE,2023,,5/30/2023,34872,5/30/2024
FL153,Doral Hyundai,NEW,KM8K22AB2PU050525,HYUN,KONA SE,2023,,7/14/2023,23424,7/14/2024
FL153,Doral Hyundai,NEW,KM8K22AB4PU051384,HYUN,KONA SE,2023,,7/17/2023,23465,7/17/2024
FL153,Doral Hyundai,NEW,KM8K22ABXPU050529,HYUN,KONA SE,2023,,7/14/2023,23424,7/14/2024
FL153,Doral Hyundai,NEW,KM8K2CAB9PU047465,HYUN,KONA SE,2023,,7/14/2023,24896,7/14/2024
FL153,Doral Hyundai,NEW,KM8K32AB4PU051785,HYUN,KONA SEL,2023,,7/10/2023,27370,7/10/2024
FL153,Doral Hyundai,NEW,KM8K32AB8PU051689,HYUN,KONA SEL,2023,,7/17/2023,27097,7/17/2024
FL153,Doral Hyundai,NEW,KM8K33A37PU049785,HYUN,KONA SEL,2023,,7/21/2023,29273,7/21/2024
FL153,Doral Hyundai,NEW,KM8K3CA30PU966874,HYUN,KONA SEL,2023,,11/4/2022,29942,11/4/2023
FL153,Doral Hyundai,NEW,KM8K3CA35PU026683,HYUN,KONA SEL,2023,,5/5/2023,30130,5/5/2024
FL153,Doral Hyundai,NEW,KM8K3CAB6PU051101,HYUN,KONA SEL,2023,,7/17/2023,28632,7/17/2024
FL153,Doral Hyundai,NEW,KM8K53A32PU046769,HYUN,KONA LIMITED,2023,,6/21/2023,30211,6/21/2024
FL153,Doral Hyundai,NEW,KM8K53A34PU039483,HYUN,KONA LIMITED,2023,,6/9/2023,29752,6/9/2024
FL153,Doral Hyundai,NEW,KM8K53AG1PU173726,HYUN,KONA LIMITED,2023,,3/13/2023,42260,3/13/2024
FL153,Doral Hyundai,NEW,KM8K53AG3PU179625,HYUN,KONA LIMITED,2023,,5/5/2023,42260,5/5/2024
FL153,Doral Hyundai,NEW,KM8K5CA32PU048750,HYUN,KONA LIMITED,2023,,7/12/2023,31061,7/12/2024
FL153,Doral Hyundai,NEW,KM8K62AB0PU050835,HYUN,KONA SEL,2023,,7/13/2023,24860,7/13/2024
FL153,Doral Hyundai,NEW,KM8K62AB7PU050380,HYUN,KONA SEL,2023,,7/14/2023,24860,7/14/2024
FL153,Doral Hyundai,NEW,KM8KH3AC3PU007101,HYUN,KONA N BASE,2023,,9/28/2022,35102,9/28/2023
FL153,Doral Hyundai,NEW,KM8KH3AC4PU007544,HYUN,KONA N BASE,2023,,11/14/2022,35139,11/14/2023
FL153,Doral Hyundai,NEW,KM8KH3AC8PU007644,HYUN,KONA N BASE,2023,,11/3/2022,35234,11/3/2023
FL153,Doral Hyundai,NEW,KM8KM4AE4PU180449,HYUN,IONIQ 5 SE,2023,,4/5/2023,47380,4/5/2024
FL153,Doral Hyundai,NEW,KM8KM4AE5PU162977,HYUN,IONIQ 5 SE,2023,,3/13/2023,47780,3/13/2024
FL153,Doral Hyundai,NEW,KM8KMDAF7PU156252,HYUN,IONIQ 5 SE,2023,,3/13/2023,50750,3/13/2024
FL153,Doral Hyundai,NEW,KM8KN4AE1PU153836,HYUN,IONIQ 5 SEL,2023,,2/3/2023,49280,2/3/2024
FL153,Doral Hyundai,NEW,KM8KN4AE1PU172791,HYUN,IONIQ 5 SEL,2023,,3/24/2023,50390,3/24/2024
FL153,Doral Hyundai,NEW,KM8KN4AE2PU159998,HYUN,IONIQ 5 SEL,2023,,3/3/2023,49390,3/3/2024
FL153,Doral Hyundai,NEW,KM8KN4AE2PU161038,HYUN,IONIQ 5 SEL,2023,,2/13/2023,49360,2/13/2024
FL153,Doral Hyundai,NEW,KM8KN4AE2PU172993,HYUN,IONIQ 5 SEL,2023,,5/1/2023,49270,5/1/2024
FL153,Doral Hyundai,NEW,KM8KN4AE3PU147245,HYUN,IONIQ 5 SEL,2023,,1/6/2023,50280,1/6/2024
FL153,Doral Hyundai,NEW,KM8KN4AE3PU165924,HYUN,IONIQ 5 SEL,2023,,3/22/2023,49390,3/22/2024
FL153,Doral Hyundai,NEW,KM8KN4AE4PU140143,HYUN,IONIQ 5 SEL,2023,,12/23/2022,49280,12/23/2023
FL153,Doral Hyundai,NEW,KM8KN4AE5PU148767,HYUN,IONIQ 5 SEL,2023,,1/10/2023,49680,1/10/2024
FL153,Doral Hyundai,NEW,KM8KN4AE5PU171904,HYUN,IONIQ 5 SEL,2023,,4/4/2023,49320,4/4/2024
FL153,Doral Hyundai,NEW,KM8KN4AE6PU172057,HYUN,IONIQ 5 SEL,2023,,4/5/2023,49390,4/5/2024
FL153,Doral Hyundai,NEW,KM8KN4AE7PU161097,HYUN,IONIQ 5 SEL,2023,,2/28/2023,50360,2/28/2024
FL153,Doral Hyundai,NEW,KM8KN4AE7PU178899,HYUN,IONIQ 5 SEL,2023,,4/17/2023,49320,4/17/2024
FL153,Doral Hyundai,NEW,KM8KN4AE7PU179082,HYUN,IONIQ 5 SEL,2023,,4/10/2023,49320,4/10/2024
FL153,Doral Hyundai,NEW,KM8KN4AEXPU179917,HYUN,IONIQ 5 SEL,2023,,4/10/2023,49770,4/10/2024
FL153,Doral Hyundai,NEW,KM8KNDAF0PU207667,HYUN,IONIQ 5 SEL,2023,,7/21/2023,52890,7/21/2024
FL153,Doral Hyundai,NEW,KM8KNDAF5PU157557,HYUN,IONIQ 5 SEL,2023,,2/21/2023,52770,2/21/2024
FL153,Doral Hyundai,NEW,KM8KNDAFXPU179425,HYUN,IONIQ 5 SEL,2023,,4/5/2023,52820,4/5/2024
FL153,Doral Hyundai,NEW,KM8KNDAFXPU204727,HYUN,IONIQ 5 SEL,2023,,7/10/2023,52770,7/10/2024
FL153,Doral Hyundai,NEW,KM8KRDAF2PU177981,HYUN,IONIQ 5 LIMITED,2023,,4/25/2023,58320,4/25/2024
FL153,Doral Hyundai,NEW,KM8KRDAF2PU183599,HYUN,IONIQ 5 LIMITED,2023,,5/1/2023,58045,5/1/2024
FL153,Doral Hyundai,NEW,KM8R5DGE1PU634174,HYUN,PALISADE LIMITED,2023,PU634174,7/20/2023,49708,7/20/2024
FL153,Doral Hyundai,NEW,KM8R74GE8PU635459,HYUN,PALISADE CALLIGRAPHY,2023,,7/11/2023,50143,7/11/2024
FL153,Doral Hyundai,NEW,KMHL14JA1PA306293,HYUN,SONATA SEL,2023,,4/6/2023,30293,4/6/2024
FL153,Doral Hyundai,NEW,KMHL14JA2NA225929,HYUN,SONATA SEL,2022,,7/28/2022,28804,7/28/2023
FL153,Doral Hyundai,NEW,KMHL14JA4NA245115,HYUN,SONATA SEL,2022,,8/29/2022,28755,8/29/2023
FL153,Doral Hyundai,NEW,KMHL14JA4PA308572,HYUN,SONATA SEL,2023,,4/20/2023,30309,4/20/2024
FL153,Doral Hyundai,NEW,KMHL14JC6NA242640,HYUN,SONATA SEL,2022,,8/29/2022,33836,8/29/2023
FL153,Doral Hyundai,NEW,KMHL14JC7NA242372,HYUN,SONATA SEL,2022,,8/29/2022,33699,8/29/2023
FL153,Doral Hyundai,NEW,KMHL14JC9NA227940,HYUN,SONATA SEL,2022,,7/5/2022,33897,7/5/2023
FL153,Doral Hyundai,NEW,KMHL34J29NA242200,HYUN,SONATA LIMITED,2022,,8/29/2022,34509,8/29/2023
FL153,Doral Hyundai,NEW,KMHL34J29NA243055,HYUN,SONATA LIMITED,2022,,8/23/2022,34509,8/23/2023
FL153,Doral Hyundai,NEW,KMHL34J2XNA241847,HYUN,SONATA LIMITED,2022,,8/25/2022,34630,8/25/2023
FL153,Doral Hyundai,NEW,KMHL44J24PA322942,HYUN,SONATA SEL PLUS,2023,,7/21/2023,32604,7/21/2024
FL153,Doral Hyundai,NEW,KMHL44J25PA323002,HYUN,SONATA SEL PLUS,2023,,7/21/2023,32563,7/21/2024
FL153,Doral Hyundai,NEW,KMHL44J2XPA323013,HYUN,SONATA SEL PLUS,2023,,7/21/2023,32563,7/21/2024
FL153,Doral Hyundai,NEW,KMHL64JA0NA234307,HYUN,SONATA SEL,2022,,7/19/2022,26860,7/19/2023
FL153,Doral Hyundai,NEW,KMHL64JA0PA322583,HYUN,SONATA SEL,2023,,6/29/2023,28110,6/29/2024
FL153,Doral Hyundai,NEW,KMHL64JA6PA322572,HYUN,SONATA SEL,2023,,6/28/2023,28085,6/28/2024
FL153,Doral Hyundai,NEW,KMHL64JAXPA322574,HYUN,SONATA SEL,2023,,6/29/2023,28110,6/29/2024
FL153,Doral Hyundai,NEW,KMHLL4AG0PU596832,HYUN,ELANTRA SE,2023,,7/21/2023,21992,7/21/2024
FL153,Doral Hyundai,NEW,KMHLL4AG3PU597425,HYUN,ELANTRA SE,2023,,7/21/2023,21992,7/21/2024
FL153,Doral Hyundai,NEW,KMHLL4AG5PU596373,HYUN,ELANTRA SE,2023,,7/21/2023,21992,7/21/2024
FL153,Doral Hyundai,NEW,KMHLM4AJ5PU075050,HYUN,ELANTRA BLUE,2023,,7/12/2023,25779,7/12/2024
FL153,Doral Hyundai,NEW,KMHLN4AJ0PU074143,HYUN,ELANTRA LIMITED,2023,,6/26/2023,29852,6/26/2024
FL153,Doral Hyundai,NEW,KMHLN4AJ1PU074233,HYUN,ELANTRA LIMITED,2023,,6/26/2023,29742,6/26/2024
FL153,Doral Hyundai,NEW,KMHLN4AJ1PU074412,HYUN,ELANTRA LIMITED,2023,,7/17/2023,29784,7/17/2024
FL153,Doral Hyundai,NEW,KMHLN4AJ2PU074273,HYUN,ELANTRA LIMITED,2023,PU074273,7/10/2023,29742,7/10/2024
FL153,Doral Hyundai,NEW,KMHLP4AG2PU593984,HYUN,ELANTRA LIMITED,2023,PU593984,7/20/2023,27518,7/20/2024
FL153,Doral Hyundai,NEW,KMHLP4AG4PU515111,HYUN,ELANTRA LIMITED,2023,,3/20/2023,27206,3/20/2024
FL153,Doral Hyundai,NEW,KMHLP4AG4PU533821,HYUN,ELANTRA LIMITED,2023,,4/19/2023,27531,4/19/2024
FL153,Doral Hyundai,NEW,KMHLP4AG4PU559920,HYUN,ELANTRA LIMITED,2023,,5/30/2023,27553,5/30/2024
FL153,Doral Hyundai,NEW,KMHLP4AG4PU561022,HYUN,ELANTRA LIMITED,2023,,6/2/2023,27553,6/2/2024
FL153,Doral Hyundai,NEW,KMHLP4AG5PU560140,HYUN,ELANTRA LIMITED,2023,,5/17/2023,27553,5/17/2024
FL153,Doral Hyundai,NEW,KMHLP4AG5PU560929,HYUN,ELANTRA LIMITED,2023,,6/2/2023,27553,6/2/2024
FL153,Doral Hyundai,NEW,KMHLP4AG6PU498716,HYUN,ELANTRA LIMITED,2023,,3/13/2023,27205,3/13/2024
FL153,Doral Hyundai,NEW,KMHLP4AG7PU561175,HYUN,ELANTRA LIMITED,2023,,6/2/2023,27531,6/2/2024
FL153,Doral Hyundai,NEW,KMHLR4AF0PU569197,HYUN,ELANTRA N LINE,2023,,6/2/2023,28191,6/2/2024
FL153,Doral Hyundai,NEW,KMHLR4AF1PU571556,HYUN,ELANTRA N LINE,2023,,6/9/2023,28216,6/9/2024
FL153,Doral Hyundai,NEW,KMHLR4AF2PU514377,HYUN,ELANTRA N LINE,2023,,4/17/2023,27868,4/17/2024
FL153,Doral Hyundai,NEW,KMHLR4AF2PU567595,HYUN,ELANTRA N LINE,2023,,6/6/2023,28216,6/6/2024
FL153,Doral Hyundai,NEW,KMHLR4AF4PU569087,HYUN,ELANTRA N LINE,2023,,6/2/2023,28191,6/2/2024
FL153,Doral Hyundai,NEW,KMHLR4AF5PU570085,HYUN,ELANTRA N LINE,2023,,6/12/2023,28216,6/12/2024
FL153,Doral Hyundai,NEW,KMHLR4AF7PU579080,HYUN,ELANTRA N LINE,2023,,6/16/2023,28216,6/16/2024
FL153,Doral Hyundai,NEW,KMHLR4AF8PU579783,HYUN,ELANTRA N LINE,2023,,6/15/2023,28216,6/15/2024
FL153,Doral Hyundai,NEW,KMHLR4AFXPU543805,HYUN,ELANTRA N LINE,2023,,5/5/2023,28191,5/5/2024
FL153,Doral Hyundai,NEW,KMHLS4AG1PU566418,HYUN,ELANTRA SEL,2023,,6/6/2023,24911,6/6/2024
FL153,Doral Hyundai,NEW,KMHLS4AG1PU591335,HYUN,ELANTRA SEL,2023,,7/10/2023,24745,7/10/2024
FL153,Doral Hyundai,NEW,KMHLS4AG2PU565343,HYUN,ELANTRA SEL,2023,,5/30/2023,24885,5/30/2024
FL153,Doral Hyundai,NEW,KMHLS4AG3PU551032,HYUN,ELANTRA SEL,2023,,5/15/2023,24911,5/15/2024
FL153,Doral Hyundai,NEW,KMHLS4AG3PU568008,HYUN,ELANTRA SEL,2023,,6/6/2023,24911,6/6/2024
FL153,Doral Hyundai,NEW,KMHLS4AG3PU569174,HYUN,ELANTRA SEL,2023,,5/30/2023,24911,5/30/2024
FL153,Doral Hyundai,NEW,KMHLS4AG3PU589425,HYUN,ELANTRA SEL,2023,,7/11/2023,24893,7/11/2024
FL153,Doral Hyundai,NEW,KMHLS4AG5PU548147,HYUN,ELANTRA SEL,2023,,5/5/2023,24911,5/5/2024
FL153,Doral Hyundai,NEW,KMHLS4AG5PU567295,HYUN,ELANTRA SEL,2023,,6/12/2023,24928,6/12/2024
FL153,Doral Hyundai,NEW,KMHLS4AG7PU550241,HYUN,ELANTRA SEL,2023,,5/25/2023,24911,5/25/2024
FL153,Doral Hyundai,NEW,KMHLS4AG7PU563880,HYUN,ELANTRA SEL,2023,,5/30/2023,24928,5/30/2024
FL153,Doral Hyundai,NEW,KMHLS4AG7PU585247,HYUN,ELANTRA SEL,2023,,7/21/2023,24893,7/21/2024
FL153,Doral Hyundai,NEW,KMHLS4AG8PU548157,HYUN,ELANTRA SEL,2023,,4/28/2023,24911,4/28/2024
FL153,Doral Hyundai,NEW,KMHLS4AG8PU564679,HYUN,ELANTRA SEL,2023,,5/22/2023,24928,5/22/2024
FL153,Doral Hyundai,NEW,KMHLS4AG8PU568067,HYUN,ELANTRA SEL,2023,,5/30/2023,24920,5/30/2024
FL153,Doral Hyundai,NEW,KMHLS4AG8PU570577,HYUN,ELANTRA SEL,2023,,6/2/2023,25005,6/2/2024
FL153,Doral Hyundai,NEW,KMHLS4AG9PU553402,HYUN,ELANTRA SEL,2023,,6/20/2023,24928,6/20/2024
FL153,Doral Hyundai,NEW,KMHLS4AGXPU552646,HYUN,ELANTRA SEL,2023,,5/30/2023,24928,5/30/2024
FL153,Doral Hyundai,NEW,KMHLS4AGXPU555398,HYUN,ELANTRA SEL,2023,,5/25/2023,24911,5/25/2024
FL153,Doral Hyundai,NEW,KMHLS4AGXPU569141,HYUN,ELANTRA SEL,2023,,6/2/2023,25005,6/2/2024
FL153,Doral Hyundai,NEW,KMHLW4AK0PU016250,HYUN,ELANTRA N,2023,,7/21/2023,33513,7/21/2024
FL153,Doral Hyundai,NEW,KMHLW4AK8PU016254,HYUN,ELANTRA N,2023,,7/21/2023,35119,7/21/2024
FL153,Doral Hyundai,NEW,KMHM24AA0PA047006,HYUN,IONIQ 6 SE,2023,,7/19/2023,47295,7/19/2024
FL153,Doral Hyundai,NEW,KMHM24AA1PA030635,HYUN,IONIQ 6 SE,2023,,5/2/2023,47195,5/2/2024
FL153,Doral Hyundai,NEW,KMHM24AA9PA036831,HYUN,IONIQ 6 SE,2023,,6/14/2023,47570,6/14/2024
FL153,Doral Hyundai,NEW,KMHM34AA0PA026976,HYUN,IONIQ 6 SEL,2023,,4/6/2023,49025,4/6/2024
FL153,Doral Hyundai,NEW,KMHM34AA1PA033581,HYUN,IONIQ 6 SEL,2023,,5/18/2023,49700,5/18/2024
FL153,Doral Hyundai,NEW,KMHM34AA2PA026655,HYUN,IONIQ 6 SEL,2023,,5/1/2023,49250,5/1/2024
FL153,Doral Hyundai,NEW,KMHM34AA2PA028809,HYUN,IONIQ 6 SEL,2023,,5/2/2023,49325,5/2/2024
FL153,Doral Hyundai,NEW,KMHM34AC3PA030067,HYUN,IONIQ 6 SEL,2023,,5/1/2023,52750,5/1/2024
FL153,Doral Hyundai,NEW,KMHM54AA4PA040731,HYUN,IONIQ 6 LIMITED,2023,,6/22/2023,54280,6/22/2024
FL153,Doral Hyundai,NEW,KMHM54AA5PA047168,HYUN,IONIQ 6 LIMITED,2023,,7/19/2023,54095,7/19/2024
FL153,Doral Hyundai,NEW,KMHM54AA6PA036471,HYUN,IONIQ 6 LIMITED,2023,,6/2/2023,54210,6/2/2024
FL153,Doral Hyundai,NEW,KMHM54AC0PA030389,HYUN,IONIQ 6 LIMITED,2023,,5/1/2023,57725,5/1/2024
FL153,Doral Hyundai,NEW,KMHM54AC7PA047125,HYUN,IONIQ 6 LIMITED,2023,,7/17/2023,57825,7/17/2024
FL153,Doral Hyundai,NEW,KMHRB8A36PU265433,HYUN,VENUE SE,2023,,7/17/2023,20993,7/17/2024
FL153,Doral Hyundai,NEW,KMHRB8A39PU265779,HYUN,VENUE SE,2023,,7/17/2023,21013,7/17/2024
FL153,Doral Hyundai,NEW,KMHRB8A3XPU265709,HYUN,VENUE SE,2023,,7/17/2023,20985,7/17/2024
FL153,Doral Hyundai,NEW,KMHRC8A30PU266123,HYUN,VENUE SEL,2023,,7/17/2023,22692,7/17/2024
FL153,Doral Hyundai,NEW,KMHRC8A38PU266001,HYUN,VENUE SEL,2023,,7/21/2023,24093,7/21/2024
FL153,Doral Hyundai,NEW,KMHRC8A3XPU264508,HYUN,VENUE SEL,2023,,7/17/2023,22648,7/17/2024
FL154,Lehman Hyundai,NEW,5NMJA3AE7PH291118,HYUN,TUCSON SE,2023,PH291118,7/10/2023,27825,7/10/2024
FL154,Lehman Hyundai,NEW,5NMJA3AE9PH293727,HYUN,TUCSON SE,2023,,7/10/2023,27645,7/10/2024
FL154,Lehman Hyundai,NEW,5NMJACAE0PH271857,HYUN,TUCSON SE,2023,,5/15/2023,29827,5/15/2024
FL154,Lehman Hyundai,NEW,5NMJACAE6PH267098,HYUN,TUCSON SE,2023,,5/4/2023,29454,5/4/2024
FL154,Lehman Hyundai,NEW,5NMJACAE8PH285084,HYUN,TUCSON SE,2023,,6/23/2023,29320,6/23/2024
FL154,Lehman Hyundai,NEW,5NMJACAE9PH287538,HYUN,TUCSON SE,2023,PH287538,7/19/2023,29390,7/19/2024
FL154,Lehman Hyundai,NEW,5NMJB3AE0PH292074,HYUN,TUCSON SEL,2023,,7/3/2023,29224,7/3/2024
FL154,Lehman Hyundai,NEW,5NMJB3AE0PH292401,HYUN,TUCSON SEL,2023,,7/3/2023,29224,7/3/2024
FL154,Lehman Hyundai,NEW,5NMJB3AE3PH292621,HYUN,TUCSON SEL,2023,PH292621,7/17/2023,29224,7/10/2024
FL154,Lehman Hyundai,NEW,5NMJB3AE9PH287522,HYUN,TUCSON SEL,2023,,6/23/2023,29555,6/23/2024
FL154,Lehman Hyundai,NEW,5NMJB3AE9PH292395,HYUN,TUCSON SEL,2023,,7/12/2023,29224,7/12/2024
FL154,Lehman Hyundai,NEW,5NMJBCAE0PH274089,HYUN,TUCSON SEL,2023,,5/22/2023,31007,5/22/2024
FL154,Lehman Hyundai,NEW,5NMJBCAE6PH238598,HYUN,TUCSON SEL,2023,,4/14/2023,30927,4/14/2024
FL154,Lehman Hyundai,NEW,5NMJBCAE7PH270573,HYUN,TUCSON SEL,2023,,5/22/2023,31444,5/22/2024
FL154,Lehman Hyundai,NEW,5NMJBCAE7PH272873,HYUN,TUCSON SEL,2023,,5/18/2023,31067,5/18/2024
FL154,Lehman Hyundai,NEW,5NMJBCAE7PH282934,HYUN,TUCSON SEL,2023,,6/14/2023,30930,6/14/2024
FL154,Lehman Hyundai,NEW,5NMJBCAE9PH283552,HYUN,TUCSON SEL,2023,,6/14/2023,30930,6/14/2024
FL154,Lehman Hyundai,NEW,5NMJE3AE0PH285052,HYUN,TUCSON LIMITED,2023,,6/29/2023,36483,6/29/2024
FL154,Lehman Hyundai,NEW,5NMJE3AE1PH257826,HYUN,TUCSON LIMITED,2023,,4/14/2023,37121,4/14/2024
FL154,Lehman Hyundai,NEW,5NMJE3AE2PH291239,HYUN,TUCSON LIMITED,2023,,7/3/2023,36575,7/3/2024
FL154,Lehman Hyundai,NEW,5NMJE3AE3PH287264,HYUN,TUCSON LIMITED,2023,,7/14/2023,36736,7/14/2024
FL154,Lehman Hyundai,NEW,5NMJE3AE3PH287832,HYUN,TUCSON LIMITED,2023,,6/22/2023,37173,6/22/2024
FL154,Lehman Hyundai,NEW,5NMJE3AE5PH269218,HYUN,TUCSON LIMITED,2023,,5/15/2023,37198,5/15/2024
FL154,Lehman Hyundai,NEW,5NMJE3AE6PH262570,HYUN,TUCSON LIMITED,2023,,4/27/2023,36997,4/27/2024
FL154,Lehman Hyundai,NEW,5NMJE3AE7PH294136,HYUN,TUCSON LIMITED,2023,,7/24/2023,36736,7/24/2024
FL154,Lehman Hyundai,NEW,5NMJE3AE8PH263686,HYUN,TUCSON LIMITED,2023,,4/27/2023,36560,4/27/2024
FL154,Lehman Hyundai,NEW,5NMJE3AE8PH268600,HYUN,TUCSON LIMITED,2023,,5/8/2023,36732,5/8/2024
FL154,Lehman Hyundai,NEW,5NMJECAE2PH261657,HYUN,TUCSON LIMITED,2023,,4/26/2023,38675,4/26/2024
FL154,Lehman Hyundai,NEW,5NMJECAE2PH262128,HYUN,TUCSON LIMITED,2023,,5/9/2023,38264,5/9/2024
FL154,Lehman Hyundai,NEW,5NMJECAE2PH270780,HYUN,TUCSON LIMITED,2023,,5/30/2023,38065,5/30/2024
FL154,Lehman Hyundai,NEW,5NMJECAE2PH273596,HYUN,TUCSON LIMITED,2023,,5/22/2023,38285,5/22/2024
FL154,Lehman Hyundai,NEW,5NMJECAE4PH267038,HYUN,TUCSON LIMITED,2023,,5/5/2023,38264,5/5/2024
FL154,Lehman Hyundai,NEW,5NMJECAE6PH272404,HYUN,TUCSON LIMITED,2023,,5/18/2023,38061,5/18/2024
FL154,Lehman Hyundai,NEW,5NMJECAE8PH261596,HYUN,TUCSON LIMITED,2023,,5/4/2023,38238,5/4/2024
FL154,Lehman Hyundai,NEW,5NMJECAE8PH262344,HYUN,TUCSON LIMITED,2023,,5/4/2023,38264,5/4/2024
FL154,Lehman Hyundai,NEW,5NMJECAE8PH286787,HYUN,TUCSON LIMITED,2023,,6/22/2023,37957,6/22/2024
FL154,Lehman Hyundai,NEW,5NMJECAEXPH268095,HYUN,TUCSON LIMITED,2023,,5/8/2023,38701,5/8/2024
FL154,Lehman Hyundai,NEW,5NMJECAEXPH283311,HYUN,TUCSON LIMITED,2023,,6/16/2023,37957,6/16/2024
FL154,Lehman Hyundai,NEW,5NMJF3AE0PH280592,HYUN,TUCSON SEL,2023,,6/5/2023,31438,6/5/2024
FL154,Lehman Hyundai,NEW,5NMJF3AE2PH232768,HYUN,TUCSON SEL,2023,,4/19/2023,23257,4/19/2024
FL154,Lehman Hyundai,NEW,5NMJF3AE2PH285955,HYUN,TUCSON SEL,2023,,7/3/2023,31409,7/3/2024
FL154,Lehman Hyundai,NEW,5NMJF3AE3PH225747,HYUN,TUCSON SEL,2023,,1/30/2023,31679,1/30/2024
FL154,Lehman Hyundai,NEW,5NMJF3AE4PH263407,HYUN,TUCSON SEL,2023,,4/27/2023,31867,4/27/2024
FL154,Lehman Hyundai,NEW,5NMJF3AE4PH271006,HYUN,TUCSON SEL,2023,,5/22/2023,32109,5/22/2024
FL154,Lehman Hyundai,NEW,5NMJFCAE0PH285436,HYUN,TUCSON SEL,2023,,6/16/2023,33175,6/16/2024
FL154,Lehman Hyundai,NEW,5NMJFCAE1PH261372,HYUN,TUCSON SEL,2023,,4/26/2023,33144,4/26/2024
FL154,Lehman Hyundai,NEW,5NMJFCAE1PH267947,HYUN,TUCSON SEL,2023,,5/12/2023,33581,5/12/2024
FL154,Lehman Hyundai,NEW,5NMJFCAE3PH247439,HYUN,TUCSON SEL,2023,,3/22/2023,33205,3/22/2024
FL154,Lehman Hyundai,NEW,5NMJFCAE4PH261723,HYUN,TUCSON SEL,2023,,4/24/2023,33144,4/24/2024
FL154,Lehman Hyundai,NEW,5NMJFCAE5PH261732,HYUN,TUCSON SEL,2023,PH261732,7/19/2023,33192,7/19/2024
FL154,Lehman Hyundai,NEW,5NMJFCAE5PH261908,HYUN,TUCSON SEL,2023,,4/26/2023,33144,4/26/2024
FL154,Lehman Hyundai,NEW,5NMJFCAE6PH262243,HYUN,TUCSON SEL,2023,,4/26/2023,33144,4/26/2024
FL154,Lehman Hyundai,NEW,5NMJFCAE6PH266776,HYUN,TUCSON SEL,2023,,5/4/2023,33144,5/4/2024
FL154,Lehman Hyundai,NEW,5NMJFCAE6PH284761,HYUN,TUCSON SEL,2023,,6/22/2023,33111,6/22/2024
FL154,Lehman Hyundai,NEW,5NMJFCAEXPH257126,HYUN,TUCSON SEL,2023,,4/12/2023,33192,4/12/2024
FL154,Lehman Hyundai,NEW,5NMS14AJ1PH591549,HYUN,SANTA FE SE,2023,,6/16/2023,29049,6/16/2024
FL154,Lehman Hyundai,NEW,5NMS14AJ1PH598517,HYUN,SANTA FE SE,2023,,7/10/2023,29973,7/10/2024
FL154,Lehman Hyundai,NEW,5NMS14AJ4PH597412,HYUN,SANTA FE SE,2023,,7/10/2023,29973,7/10/2024
FL154,Lehman Hyundai,NEW,5NMS14AJ5PH580361,HYUN,SANTA FE SE,2023,,5/12/2023,29483,5/12/2024
FL154,Lehman Hyundai,NEW,5NMS14AJ7PH582838,HYUN,SANTA FE SE,2023,,5/22/2023,29483,5/22/2024
FL154,Lehman Hyundai,NEW,5NMS14AJ7PH582855,HYUN,SANTA FE SE,2023,,5/18/2023,29049,5/18/2024
FL154,Lehman Hyundai,NEW,5NMS14AJ7PH583780,HYUN,SANTA FE SE,2023,,5/25/2023,29973,5/25/2024
FL154,Lehman Hyundai,NEW,5NMS14AJ8PH579883,HYUN,SANTA FE SE,2023,,5/8/2023,29483,5/8/2024
FL154,Lehman Hyundai,NEW,5NMS14AJ8PH583769,HYUN,SANTA FE SE,2023,,6/2/2023,29483,6/2/2024
FL154,Lehman Hyundai,NEW,5NMS14AJ9PH583229,HYUN,SANTA FE SE,2023,,5/23/2023,29483,5/23/2024
FL154,Lehman Hyundai,NEW,5NMS14AJ9PH587605,HYUN,SANTA FE SE,2023,,6/2/2023,30091,6/2/2024
FL154,Lehman Hyundai,NEW,5NMS24AJ0PH592477,HYUN,SANTA FE SEL,2023,,6/23/2023,33240,6/23/2024
FL154,Lehman Hyundai,NEW,5NMS24AJ0PH597016,HYUN,SANTA FE SEL,2023,,6/29/2023,33240,6/29/2024
FL154,Lehman Hyundai,NEW,5NMS24AJ1PH544213,HYUN,SANTA FE SEL,2023,,1/23/2023,32851,1/23/2024
FL154,Lehman Hyundai,NEW,5NMS24AJ1PH568530,HYUN,SANTA FE SEL,2023,,4/10/2023,33252,4/10/2024
FL154,Lehman Hyundai,NEW,5NMS24AJ1PH569676,HYUN,SANTA FE SEL,2023,,4/10/2023,33252,4/10/2024
FL154,Lehman Hyundai,NEW,5NMS24AJ2PH575213,HYUN,SANTA FE SEL,2023,PH575213,6/23/2023,33240,6/23/2024
FL154,Lehman Hyundai,NEW,5NMS24AJ6PH580530,HYUN,SANTA FE SEL,2023,,5/9/2023,33223,5/9/2024
FL154,Lehman Hyundai,NEW,5NMS24AJ8PH557816,HYUN,SANTA FE SEL,2023,,3/2/2023,33266,3/2/2024
FL154,Lehman Hyundai,NEW,5NMS24AJ8PH573126,HYUN,SANTA FE SEL,2023,,4/21/2023,33166,4/21/2024
FL154,Lehman Hyundai,NEW,5NMS24AJ8PH579928,HYUN,SANTA FE SEL,2023,,5/8/2023,33223,5/8/2024
FL154,Lehman Hyundai,NEW,5NMS24AJ8PH597457,HYUN,SANTA FE SEL,2023,,7/3/2023,33674,7/3/2024
FL154,Lehman Hyundai,NEW,5NMS24AJXPH586895,HYUN,SANTA FE SEL,2023,,6/5/2023,33642,6/5/2024
FL154,Lehman Hyundai,NEW,5NMS24AJXPH593944,HYUN,SANTA FE SEL,2023,,6/21/2023,33674,6/21/2024
FL154,Lehman Hyundai,NEW,5NMS2DA13PH011277,HYUN,SANTA FE BLUE,2023,,6/5/2023,37330,6/5/2024
FL154,Lehman Hyundai,NEW,5NMS2DAJ0PH583360,HYUN,SANTA FE SEL,2023,,5/22/2023,35378,5/22/2024
FL154,Lehman Hyundai,NEW,5NMS2DAJ3PH580226,HYUN,SANTA FE SEL,2023,,5/12/2023,35378,5/12/2024
FL154,Lehman Hyundai,NEW,5NMS2DAJ4PH580123,HYUN,SANTA FE SEL,2023,,5/9/2023,34944,5/9/2024
FL154,Lehman Hyundai,NEW,5NMS2DAJ7PH592380,HYUN,SANTA FE SEL,2023,,6/23/2023,34862,6/23/2024
FL154,Lehman Hyundai,NEW,5NMS2DAJXPH572477,HYUN,SANTA FE SEL,2023,,4/21/2023,35366,4/21/2024
FL154,Lehman Hyundai,NEW,5NMS34AJ0PH573070,HYUN,SANTA FE SEL PREMIUM,2023,,4/21/2023,37746,4/21/2024
FL154,Lehman Hyundai,NEW,5NMS34AJ1PH598592,HYUN,SANTA FE SEL PREMIUM,2023,,7/12/2023,37722,7/12/2024
FL154,Lehman Hyundai,NEW,5NMS34AJ5PH569872,HYUN,SANTA FE SEL PREMIUM,2023,,4/10/2023,37746,4/10/2024
FL154,Lehman Hyundai,NEW,5NMS34AJ5PH581116,HYUN,SANTA FE SEL PREMIUM,2023,,5/15/2023,38221,5/15/2024
FL154,Lehman Hyundai,NEW,5NMS3DA10PH010391,HYUN,SANTA FE SEL PREMIUM,2023,,5/22/2023,40954,5/22/2024
FL154,Lehman Hyundai,NEW,5NMS3DA13PH009994,HYUN,SANTA FE SEL PREMIUM,2023,,5/12/2023,40556,5/12/2024
FL154,Lehman Hyundai,NEW,5NMS3DA14PH008482,HYUN,SANTA FE SEL PREMIUM,2023,,4/17/2023,41026,4/17/2024
FL154,Lehman Hyundai,NEW,5NMS3DA18PH010512,HYUN,SANTA FE SEL PREMIUM,2023,,5/25/2023,41010,5/25/2024
FL154,Lehman Hyundai,NEW,5NMS3DAJ2PH574706,HYUN,SANTA FE SEL PREMIUM,2023,,4/24/2023,39818,4/24/2024
FL154,Lehman Hyundai,NEW,5NMS44AL4PH597306,HYUN,SANTA FE LIMITED,2023,,7/12/2023,41596,7/12/2024
FL154,Lehman Hyundai,NEW,5NMS44AL4PH597550,HYUN,SANTA FE LIMITED,2023,,6/29/2023,41162,6/29/2024
FL154,Lehman Hyundai,NEW,5NMS44AL5PH593894,HYUN,SANTA FE LIMITED,2023,,6/21/2023,41596,6/21/2024
FL154,Lehman Hyundai,NEW,5NMS44AL6PH586470,HYUN,SANTA FE LIMITED,2023,,6/2/2023,41514,6/2/2024
FL154,Lehman Hyundai,NEW,5NMS44AL9PH576435,HYUN,SANTA FE LIMITED,2023,,4/27/2023,41555,4/27/2024
FL154,Lehman Hyundai,NEW,5NMS44ALXPH585418,HYUN,SANTA FE LIMITED,2023,,5/30/2023,41652,5/30/2024
FL154,Lehman Hyundai,NEW,5NMS44ALXPH586746,HYUN,SANTA FE LIMITED,2023,,6/2/2023,41652,6/2/2024
FL154,Lehman Hyundai,NEW,5NMS4DAL3PH571442,HYUN,SANTA FE LIMITED,2023,,6/2/2023,42807,6/2/2024
FL154,Lehman Hyundai,NEW,5NMS54AL0PH570147,HYUN,SANTA FE CALLIGRAPHY,2023,PH570147,6/22/2023,43206,6/22/2024
FL154,Lehman Hyundai,NEW,5NMS54AL0PH589586,HYUN,SANTA FE CALLIGRAPHY,2023,,6/9/2023,43523,6/9/2024
FL154,Lehman Hyundai,NEW,5NMS54AL1PH582131,HYUN,SANTA FE CALLIGRAPHY,2023,PH582131,6/7/2023,43048,6/7/2024
FL154,Lehman Hyundai,NEW,5NMS54AL1PH585742,HYUN,SANTA FE CALLIGRAPHY,2023,PH585742,6/22/2023,43458,6/22/2024
FL154,Lehman Hyundai,NEW,5NMS54AL1PH589998,HYUN,SANTA FE CALLIGRAPHY,2023,,6/9/2023,43523,6/9/2024
FL154,Lehman Hyundai,NEW,5NMS54AL7PH592288,HYUN,SANTA FE CALLIGRAPHY,2023,,6/16/2023,43523,6/16/2024
FL154,Lehman Hyundai,NEW,5NMS64AJ9PH596743,HYUN,SANTA FE XRT,2023,,7/14/2023,35331,7/14/2024
FL154,Lehman Hyundai,NEW,5NPLP4AG8PH117432,HYUN,ELANTRA LIMITED,2023,,5/4/2023,27480,5/4/2024
FL154,Lehman Hyundai,NEW,5NPLS4AG0PH115706,HYUN,ELANTRA SEL,2023,,6/5/2023,25343,6/5/2024
FL154,Lehman Hyundai,NEW,5NPLS4AG7PH119249,HYUN,ELANTRA SEL,2023,PH119249,6/22/2023,25348,6/22/2024
FL154,Lehman Hyundai,NEW,5NTJADAE9RH078894,HYUN,SANTA CRUZ SE,2024,,7/14/2023,29519,7/14/2024
FL154,Lehman Hyundai,NEW,5NTJBDAE8RH077393,HYUN,SANTA CRUZ SEL,2024,,7/10/2023,31631,7/10/2024
FL154,Lehman Hyundai,NEW,5NTJDDAF1PH074089,HYUN,SANTA CRUZ SEL PREMIUM,2023,,6/2/2023,39068,6/2/2024
FL154,Lehman Hyundai,NEW,5NTJEDAF0PH061749,HYUN,SANTA CRUZ LIMITED,2023,,3/13/2023,41524,3/13/2024
FL154,Lehman Hyundai,NEW,5NTJEDAF3PH074057,HYUN,SANTA CRUZ LIMITED,2023,,5/25/2023,41369,5/25/2024
FL154,Lehman Hyundai,NEW,5NTJEDAF4PH075055,HYUN,SANTA CRUZ LIMITED,2023,,5/23/2023,41715,5/23/2024
FL154,Lehman Hyundai,NEW,5NTJEDAF6RH077571,HYUN,SANTA CRUZ LIMITED,2024,,6/29/2023,41498,6/29/2024
FL154,Lehman Hyundai,NEW,5NTJEDAF9PH073558,HYUN,SANTA CRUZ LIMITED,2023,,5/22/2023,41468,5/22/2024
FL154,Lehman Hyundai,NEW,KM8JB3AE1PU246483,HYUN,TUCSON SEL,2023,,5/26/2023,29547,5/26/2024
FL154,Lehman Hyundai,NEW,KM8JF3AE5PU246040,HYUN,TUCSON N LINE,2023,,5/18/2023,34159,5/18/2024
FL154,Lehman Hyundai,NEW,KM8JFCAEXPU247233,HYUN,TUCSON N LINE,2023,,5/24/2023,36097,5/24/2024
FL154,Lehman Hyundai,NEW,KM8K2CAB3PU040995,HYUN,KONA SE,2023,,7/19/2023,25149,7/19/2024
FL154,Lehman Hyundai,NEW,KM8K32AB2PU039988,HYUN,KONA SEL,2023,,6/12/2023,27182,6/12/2024
FL154,Lehman Hyundai,NEW,KM8K32AB7PU048282,HYUN,KONA SEL,2023,PU048282,7/17/2023,27182,7/12/2024
FL154,Lehman Hyundai,NEW,KM8K32AB8PU001391,HYUN,KONA SEL,2023,,2/28/2023,27369,2/28/2024
FL154,Lehman Hyundai,NEW,KM8K32ABXPU039835,HYUN,KONA SEL,2023,,5/26/2023,27263,5/26/2024
FL154,Lehman Hyundai,NEW,KM8K3CA30PU038949,HYUN,KONA SEL,2023,,5/30/2023,30288,5/30/2024
FL154,Lehman Hyundai,NEW,KM8K3CABXPU020837,HYUN,KONA SEL,2023,PU020837,6/22/2023,28658,6/22/2024
FL154,Lehman Hyundai,NEW,KM8K53A30PU039397,HYUN,KONA LIMITED,2023,,5/25/2023,29752,5/25/2024
FL154,Lehman Hyundai,NEW,KM8K53A31PU989686,HYUN,KONA LIMITED,2023,,3/20/2023,29343,3/20/2024
FL154,Lehman Hyundai,NEW,KM8K53A32PU994377,HYUN,KONA LIMITED,2023,,3/20/2023,29343,3/20/2024
FL154,Lehman Hyundai,NEW,KM8K53A35PU989058,HYUN,KONA LIMITED,2023,,3/20/2023,29343,3/20/2024
FL154,Lehman Hyundai,NEW,KM8K53A37PU020796,HYUN,KONA LIMITED,2023,,4/26/2023,29679,4/26/2024
FL154,Lehman Hyundai,NEW,KM8K53AG3PU181228,HYUN,KONA LIMITED,2023,,5/18/2023,42573,5/18/2024
FL154,Lehman Hyundai,NEW,KM8K53AGXPU173496,HYUN,KONA LIMITED,2023,,3/1/2023,42316,3/1/2024
FL154,Lehman Hyundai,NEW,KM8K5CA38PU037509,HYUN,KONA LIMITED,2023,,6/20/2023,31202,6/20/2024
FL154,Lehman Hyundai,NEW,KM8K5CA39PU971596,HYUN,KONA LIMITED,2023,,3/20/2023,31180,3/20/2024
FL154,Lehman Hyundai,NEW,KM8K62AB0PU050902,HYUN,KONA SEL,2023,,7/10/2023,24508,7/10/2024
FL154,Lehman Hyundai,NEW,KM8K62AB5PU040494,HYUN,KONA SEL,2023,,6/12/2023,24508,6/12/2024
FL154,Lehman Hyundai,NEW,KM8K62AB5PU047882,HYUN,KONA SEL,2023,,7/12/2023,24508,7/12/2024
FL154,Lehman Hyundai,NEW,KM8K62ABXPU040989,HYUN,KONA SEL,2023,,6/12/2023,24943,6/12/2024
FL154,Lehman Hyundai,NEW,KM8K62ABXPU043052,HYUN,KONA SEL,2023,PU043052,6/27/2023,25049,6/27/2024
FL154,Lehman Hyundai,NEW,KM8K6CAB1PU046251,HYUN,KONA SEL,2023,,7/13/2023,26311,7/13/2024
FL154,Lehman Hyundai,NEW,KM8K6CAB4PU046566,HYUN,KONA SEL,2023,,6/26/2023,26368,6/26/2024
FL154,Lehman Hyundai,NEW,KM8K6CAB5PU041795,HYUN,KONA SEL,2023,,6/20/2023,26392,6/20/2024
FL154,Lehman Hyundai,NEW,KM8K6CAB6PU041238,HYUN,KONA SEL,2023,,6/7/2023,26392,6/7/2024
FL154,Lehman Hyundai,NEW,KM8KM4AE3PU160175,HYUN,IONIQ 5 SE,2023,,3/7/2023,47320,3/7/2024
FL154,Lehman Hyundai,NEW,KM8KM4AE4PU145314,HYUN,IONIQ 5 SE,2023,,12/15/2022,47280,12/15/2023
FL154,Lehman Hyundai,NEW,KM8KM4AE8PU187808,HYUN,IONIQ 5 SE,2023,,5/12/2023,47320,5/12/2024
FL154,Lehman Hyundai,NEW,KM8KM4AE9PU179023,HYUN,IONIQ 5 SE,2023,,4/17/2023,47830,4/17/2024
FL154,Lehman Hyundai,NEW,KM8KN4AE0PU154332,HYUN,IONIQ 5 SEL,2023,,2/23/2023,49280,2/23/2024
FL154,Lehman Hyundai,NEW,KM8KN4AE1PU163055,HYUN,IONIQ 5 SEL,2023,,3/15/2023,49760,3/15/2024
FL154,Lehman Hyundai,NEW,KM8KN4AE2PU152100,HYUN,IONIQ 5 SEL,2023,,1/9/2023,49280,1/9/2024
FL154,Lehman Hyundai,NEW,KM8KN4AE3PU148573,HYUN,IONIQ 5 SEL,2023,,2/23/2023,50280,2/23/2024
FL154,Lehman Hyundai,NEW,KM8KN4AE6PU178876,HYUN,IONIQ 5 SEL,2023,,4/5/2023,49330,4/5/2024
FL154,Lehman Hyundai,NEW,KM8KN4AEXPU152099,HYUN,IONIQ 5 SEL,2023,,4/17/2023,49280,4/17/2024
FL154,Lehman Hyundai,NEW,KM8KN4AEXPU171901,HYUN,IONIQ 5 SEL,2023,,4/3/2023,49360,4/3/2024
FL154,Lehman Hyundai,NEW,KM8KNDAF0PU180289,HYUN,IONIQ 5 SEL,2023,,4/7/2023,52890,4/7/2024
FL154,Lehman Hyundai,NEW,KM8KNDAF1PU198350,HYUN,IONIQ 5 SEL,2023,,6/6/2023,53220,6/6/2024
FL154,Lehman Hyundai,NEW,KM8KNDAF2PU191858,HYUN,IONIQ 5 SEL,2023,,5/15/2023,52830,5/15/2024
FL154,Lehman Hyundai,NEW,KM8KNDAF3PU148887,HYUN,IONIQ 5 SEL,2023,,1/17/2023,52730,1/17/2024
FL154,Lehman Hyundai,NEW,KM8KNDAF4PU204643,HYUN,IONIQ 5 SEL,2023,,6/21/2023,52770,6/21/2024
FL154,Lehman Hyundai,NEW,KM8KNDAF5PU163892,HYUN,IONIQ 5 SEL,2023,,3/1/2023,52770,3/1/2024
FL154,Lehman Hyundai,NEW,KM8R3DGE7PU636775,HYUN,PALISADE XRT,2023,,7/19/2023,43580,7/19/2024
FL154,Lehman Hyundai,NEW,KM8R44GE6PU636845,HYUN,PALISADE SEL PREMIUM,2023,,7/18/2023,44359,7/18/2024
FL154,Lehman Hyundai,NEW,KM8R4DGE3PU636897,HYUN,PALISADE SEL PREMIUM,2023,,7/18/2023,46673,7/18/2024
FL154,Lehman Hyundai,NEW,KM8R4DGE7PU636000,HYUN,PALISADE SEL PREMIUM,2023,,7/18/2023,45849,7/18/2024
FL154,Lehman Hyundai,NEW,KM8R4DGE9PU583607,HYUN,PALISADE SEL PREMIUM,2023,,2/27/2023,45859,2/27/2024
FL154,Lehman Hyundai,NEW,KM8R54GE3PU636640,HYUN,PALISADE LIMITED,2023,,7/18/2023,47824,7/18/2024
FL154,Lehman Hyundai,NEW,KM8R54GE6PU626698,HYUN,PALISADE LIMITED,2023,,6/15/2023,47824,6/15/2024
FL154,Lehman Hyundai,NEW,KM8R74GE2PU588705,HYUN,PALISADE CALLIGRAPHY,2023,,4/13/2023,49815,4/13/2024
FL154,Lehman Hyundai,NEW,KM8R74GE6PU587122,HYUN,PALISADE CALLIGRAPHY,2023,,7/12/2023,36752,7/12/2024
FL154,Lehman Hyundai,NEW,KM8R74GE6PU635380,HYUN,PALISADE CALLIGRAPHY,2023,,7/11/2023,50598,7/11/2024
FL154,Lehman Hyundai,NEW,KM8R7DGE7PU622296,HYUN,PALISADE CALLIGRAPHY,2023,,6/5/2023,52010,6/5/2024
FL154,Lehman Hyundai,NEW,KMHL14JA1PA300977,HYUN,SONATA SEL,2023,,2/3/2023,30080,2/3/2024
FL154,Lehman Hyundai,NEW,KMHL14JA2PA306108,HYUN,SONATA SEL,2023,,4/27/2023,30293,4/27/2024
FL154,Lehman Hyundai,NEW,KMHL14JA8PA303908,HYUN,SONATA SEL,2023,,4/28/2023,30224,4/28/2024
FL154,Lehman Hyundai,NEW,KMHL24JA4PA304082,HYUN,SONATA SE,2023,,3/20/2023,26016,3/20/2024
FL154,Lehman Hyundai,NEW,KMHL24JA7PA304044,HYUN,SONATA SE,2023,PA304044,6/22/2023,26032,5/26/2024
FL154,Lehman Hyundai,NEW,KMHL24JA7PA321720,HYUN,SONATA SE,2023,PA321720,7/19/2023,26032,7/19/2024
FL154,Lehman Hyundai,NEW,KMHL24JA9PA324277,HYUN,SONATA SE,2023,,7/17/2023,25648,7/17/2024
FL154,Lehman Hyundai,NEW,KMHL34J27PA317950,HYUN,SONATA LIMITED,2023,,7/19/2023,35173,7/19/2024
FL154,Lehman Hyundai,NEW,KMHL54JJ1PA069972,HYUN,SONATA HYBRID,2023,,7/20/2023,36658,7/20/2024
FL154,Lehman Hyundai,NEW,KMHL64JA4PA303132,HYUN,SONATA SEL,2023,,4/21/2023,28013,4/21/2024
FL154,Lehman Hyundai,NEW,KMHL64JA4PA304605,HYUN,SONATA SEL,2023,,4/3/2023,28223,4/3/2024
FL154,Lehman Hyundai,NEW,KMHL64JA6PA303570,HYUN,SONATA SEL,2023,,4/26/2023,28013,4/26/2024
FL154,Lehman Hyundai,NEW,KMHL64JA9PA304213,HYUN,SONATA SEL,2023,,3/28/2023,28179,3/28/2024
FL154,Lehman Hyundai,NEW,KMHL64JAXPA324244,HYUN,SONATA SEL,2023,,7/12/2023,28259,7/12/2024
FL154,Lehman Hyundai,NEW,KMHLM4AG0PU590994,HYUN,ELANTRA SEL,2023,,7/13/2023,22996,7/13/2024
FL154,Lehman Hyundai,NEW,KMHLM4AG1PU563870,HYUN,ELANTRA SEL,2023,,5/23/2023,23038,5/23/2024
FL154,Lehman Hyundai,NEW,KMHLM4AG2PU564669,HYUN,ELANTRA SEL,2023,,5/25/2023,23081,5/25/2024
FL154,Lehman Hyundai,NEW,KMHLM4AG3PU570545,HYUN,ELANTRA SEL,2023,,6/12/2023,23037,6/12/2024
FL154,Lehman Hyundai,NEW,KMHLM4AG8PU590936,HYUN,ELANTRA SEL,2023,,7/13/2023,22996,7/13/2024
FL154,Lehman Hyundai,NEW,KMHLM4AG9PU591108,HYUN,ELANTRA SEL,2023,PU591108,7/20/2023,23064,7/20/2024
FL154,Lehman Hyundai,NEW,KMHLM4AJ8PU075009,HYUN,ELANTRA BLUE,2023,,7/18/2023,25342,7/18/2024
FL154,Lehman Hyundai,NEW,KMHLM4AJ9PU075164,HYUN,ELANTRA BLUE,2023,,7/11/2023,25342,7/11/2024
FL154,Lehman Hyundai,NEW,KMHLN4AJ1PU066486,HYUN,ELANTRA LIMITED,2023,,5/1/2023,29805,5/1/2024
FL154,Lehman Hyundai,NEW,KMHLN4AJ4PU055918,HYUN,ELANTRA LIMITED,2023,,2/6/2023,29819,2/6/2024
FL154,Lehman Hyundai,NEW,KMHLN4AJ5PU065938,HYUN,ELANTRA LIMITED,2023,,5/10/2023,29827,5/10/2024
FL154,Lehman Hyundai,NEW,KMHLN4AJ5PU065941,HYUN,ELANTRA LIMITED,2023,,5/10/2023,29827,5/10/2024
FL154,Lehman Hyundai,NEW,KMHLN4AJXPU059178,HYUN,ELANTRA LIMITED,2023,,3/23/2023,29827,3/23/2024
FL154,Lehman Hyundai,NEW,KMHLP4AG1PU514479,HYUN,ELANTRA LIMITED,2023,,3/20/2023,27248,3/20/2024
FL154,Lehman Hyundai,NEW,KMHLP4AG1PU590655,HYUN,ELANTRA LIMITED,2023,,7/18/2023,27472,7/18/2024
FL154,Lehman Hyundai,NEW,KMHLP4AG4PU593565,HYUN,ELANTRA LIMITED,2023,,7/20/2023,27509,7/20/2024
FL154,Lehman Hyundai,NEW,KMHLP4AG6PU496089,HYUN,ELANTRA LIMITED,2023,,3/23/2023,27248,3/23/2024
FL154,Lehman Hyundai,NEW,KMHLR4AF3PU547145,HYUN,ELANTRA N LINE,2023,,6/5/2023,28191,6/5/2024
FL154,Lehman Hyundai,NEW,KMHLR4AF4PU580977,HYUN,ELANTRA N LINE,2023,,6/21/2023,28216,6/21/2024
FL154,Lehman Hyundai,NEW,KMHLR4AF7PU515153,HYUN,ELANTRA N LINE,2023,,4/13/2023,27885,4/13/2024
FL154,Lehman Hyundai,NEW,KMHLR4AF8PU518434,HYUN,ELANTRA N LINE,2023,,4/21/2023,28636,4/21/2024
FL154,Lehman Hyundai,NEW,KMHLR4AF8PU579704,HYUN,ELANTRA N LINE,2023,PU579704,7/10/2023,28041,7/10/2024
FL154,Lehman Hyundai,NEW,KMHLR4AF9PU514943,HYUN,ELANTRA N LINE,2023,,3/20/2023,27868,3/20/2024
FL154,Lehman Hyundai,NEW,KMHLR4AF9PU581140,HYUN,ELANTRA N LINE,2023,,6/27/2023,28216,6/27/2024
FL154,Lehman Hyundai,NEW,KMHLR4AFXPU428461,HYUN,ELANTRA N LINE,2023,,5/15/2023,27640,5/15/2024
FL154,Lehman Hyundai,NEW,KMHLS4AG0PU551702,HYUN,ELANTRA SEL,2023,,5/18/2023,24885,5/18/2024
FL154,Lehman Hyundai,NEW,KMHLS4AG1PU553572,HYUN,ELANTRA SEL,2023,,5/17/2023,24906,5/17/2024
FL154,Lehman Hyundai,NEW,KMHLS4AG1PU567147,HYUN,ELANTRA SEL,2023,,6/8/2023,24911,6/8/2024
FL154,Lehman Hyundai,NEW,KMHLS4AG1PU568119,HYUN,ELANTRA SEL,2023,,5/25/2023,24911,5/25/2024
FL154,Lehman Hyundai,NEW,KMHLS4AG1PU568122,HYUN,ELANTRA SEL,2023,,5/26/2023,24928,5/26/2024
FL154,Lehman Hyundai,NEW,KMHLS4AG1PU575474,HYUN,ELANTRA SEL,2023,,6/16/2023,24911,6/16/2024
FL154,Lehman Hyundai,NEW,KMHLS4AG1PU581565,HYUN,ELANTRA SEL,2023,,6/26/2023,24864,6/26/2024
FL154,Lehman Hyundai,NEW,KMHLS4AG2PU551748,HYUN,ELANTRA SEL,2023,,6/5/2023,24928,6/5/2024
FL154,Lehman Hyundai,NEW,KMHLS4AG2PU556075,HYUN,ELANTRA SEL,2023,,5/23/2023,24928,5/23/2024
FL154,Lehman Hyundai,NEW,KMHLS4AG3PU553573,HYUN,ELANTRA SEL,2023,PU553573,7/19/2023,24928,5/17/2024
FL154,Lehman Hyundai,NEW,KMHLS4AG3PU584919,HYUN,ELANTRA SEL,2023,,7/20/2023,24928,7/20/2024
FL154,Lehman Hyundai,NEW,KMHLS4AG3PU585228,HYUN,ELANTRA SEL,2023,,6/20/2023,24928,6/20/2024
FL154,Lehman Hyundai,NEW,KMHLS4AG4PU551041,HYUN,ELANTRA SEL,2023,,5/23/2023,24928,5/23/2024
FL154,Lehman Hyundai,NEW,KMHLS4AG5PU548973,HYUN,ELANTRA SEL,2023,,5/11/2023,24928,5/11/2024
FL154,Lehman Hyundai,NEW,KMHLS4AG6PU551753,HYUN,ELANTRA SEL,2023,,5/30/2023,24885,5/30/2024
FL154,Lehman Hyundai,NEW,KMHLS4AG6PU551770,HYUN,ELANTRA SEL,2023,,5/26/2023,24885,5/26/2024
FL154,Lehman Hyundai,NEW,KMHLS4AG6PU552689,HYUN,ELANTRA SEL,2023,,5/15/2023,24885,5/15/2024
FL154,Lehman Hyundai,NEW,KMHLS4AG6PU554488,HYUN,ELANTRA SEL,2023,,5/17/2023,24928,5/17/2024
FL154,Lehman Hyundai,NEW,KMHLS4AG6PU555334,HYUN,ELANTRA SEL,2023,,5/23/2023,24911,5/23/2024
FL154,Lehman Hyundai,NEW,KMHLS4AG6PU568794,HYUN,ELANTRA SEL,2023,PU568794,7/6/2023,24928,5/26/2024
FL154,Lehman Hyundai,NEW,KMHLS4AG6PU569122,HYUN,ELANTRA SEL,2023,,5/25/2023,24911,5/25/2024
FL154,Lehman Hyundai,NEW,KMHLS4AG6PU582209,HYUN,ELANTRA SEL,2023,,7/3/2023,24719,7/3/2024
FL154,Lehman Hyundai,NEW,KMHLS4AG7PU590934,HYUN,ELANTRA SEL,2023,,7/10/2023,24719,7/10/2024
FL154,Lehman Hyundai,NEW,KMHLS4AG8PU548370,HYUN,ELANTRA SEL,2023,,5/2/2023,24928,5/2/2024
FL154,Lehman Hyundai,NEW,KMHLS4AG8PU565444,HYUN,ELANTRA SEL,2023,,5/22/2023,24928,5/22/2024
FL154,Lehman Hyundai,NEW,KMHLS4AG8PU568876,HYUN,ELANTRA SEL,2023,,5/25/2023,24928,5/25/2024
FL154,Lehman Hyundai,NEW,KMHLS4AGXPU568992,HYUN,ELANTRA SEL,2023,,5/25/2023,24911,5/25/2024
FL154,Lehman Hyundai,NEW,KMHM24AA6PA036804,HYUN,IONIQ 6 SE,2023,,5/31/2023,47050,5/31/2024
FL154,Lehman Hyundai,NEW,KMHM24AA8PA043964,HYUN,IONIQ 6 SE,2023,,7/3/2023,46975,7/3/2024
FL154,Lehman Hyundai,NEW,KMHM24AB0PA030103,HYUN,IONIQ 6 SE,2023,,5/12/2023,43225,5/12/2024
FL154,Lehman Hyundai,NEW,KMHM34AA0PA047035,HYUN,IONIQ 6 SEL,2023,,7/19/2023,49700,7/19/2024
FL154,Lehman Hyundai,NEW,KMHM34AA2PA046064,HYUN,IONIQ 6 SEL,2023,,7/17/2023,49700,7/17/2024
FL154,Lehman Hyundai,NEW,KMHM34AA3PA042332,HYUN,IONIQ 6 SEL,2023,,7/20/2023,49350,7/20/2024
FL154,Lehman Hyundai,NEW,KMHM34AA8PA029916,HYUN,IONIQ 6 SEL,2023,,5/1/2023,49700,5/1/2024
FL154,Lehman Hyundai,NEW,KMHM34AA9PA024661,HYUN,IONIQ 6 SEL,2023,,5/18/2023,49700,5/18/2024
FL154,Lehman Hyundai,NEW,KMHM34AA9PA047681,HYUN,IONIQ 6 SEL,2023,,7/20/2023,49770,7/20/2024
FL154,Lehman Hyundai,NEW,KMHM34AAXPA032140,HYUN,IONIQ 6 SEL,2023,,5/17/2023,49325,5/17/2024
FL154,Lehman Hyundai,NEW,KMHM34AC8PA030145,HYUN,IONIQ 6 SEL,2023,,5/1/2023,52825,5/1/2024
FL154,Lehman Hyundai,NEW,KMHM54AA4PA030510,HYUN,IONIQ 6 LIMITED,2023,,5/1/2023,54210,5/1/2024
FL154,Lehman Hyundai,NEW,KMHM54AA6PA047101,HYUN,IONIQ 6 LIMITED,2023,,7/19/2023,54600,7/19/2024
FL154,Lehman Hyundai,NEW,KMHM54AA9PA026923,HYUN,IONIQ 6 LIMITED,2023,,5/2/2023,54270,5/2/2024
FL154,Lehman Hyundai,NEW,KMHM54ACXPA038225,HYUN,IONIQ 6 LIMITED,2023,,6/20/2023,57720,6/20/2024
FL154,Lehman Hyundai,NEW,KMHRC8A32PU260758,HYUN,VENUE SEL,2023,,6/16/2023,22672,6/16/2024
FL154,Lehman Hyundai,NEW,KMHRC8A39PU266024,HYUN,VENUE SEL,2023,,7/11/2023,24083,7/11/2024
FL154,Lehman Hyundai,NEW,KMHRC8A3XPU253184,HYUN,VENUE SEL,2023,PU253184,7/10/2023,24091,7/10/2024
GFFL748,Genesis of New Port Richey,NEW,5NMMCET10PH001010,GENS,GV70 BASE,2023,,6/12/2023,67755,6/12/2024
GFFL748,Genesis of New Port Richey,NEW,5NMMCET16PH000928,GENS,GV70 BASE,2023,,5/31/2023,67795,5/31/2024
GFFL748,Genesis of New Port Richey,NEW,5NMMCET17PH000890,GENS,GV70 BASE,2023,,5/19/2023,67710,5/19/2024
GFFL748,Genesis of New Port Richey,NEW,5NMMCET1XPH001015,GENS,GV70 BASE,2023,,7/18/2023,67795,7/18/2024
GFFL748,Genesis of New Port Richey,NEW,KMTG34TA3PU115018,GENS,G70 BASE,2023,,12/9/2022,43832,12/9/2023
GFFL748,Genesis of New Port Richey,NEW,KMTG34TA6PU110153,GENS,G70 BASE,2023,,9/8/2022,43263,9/8/2023
GFFL748,Genesis of New Port Richey,NEW,KMTG34TA6PU111772,GENS,G70 BASE,2023,,10/13/2022,43218,10/13/2023
GFFL748,Genesis of New Port Richey,NEW,KMTG34TA6PU121668,GENS,G70 BASE,2023,,3/27/2023,44042,3/27/2024
GFFL748,Genesis of New Port Richey,NEW,KMTG34TA9PU121681,GENS,G70 BASE,2023,PU121681,6/16/2023,43972,6/16/2024
GFFL748,Genesis of New Port Richey,NEW,KMTG54TE5PU128723,GENS,G70 BASE,2023,,7/24/2023,49469,7/24/2024
GFFL748,Genesis of New Port Richey,NEW,KMTG54TE9PU118082,GENS,G70 BASE,2023,,1/30/2023,53865,1/30/2024
GFFL748,Genesis of New Port Richey,NEW,KMTGB4SD3PU186069,GENS,G80 BASE,2023,,4/28/2023,71656,4/28/2024
GFFL748,Genesis of New Port Richey,NEW,KMTGE4S15PU005941,GENS,G80,2023,,6/23/2023,81525,6/23/2024
GFFL748,Genesis of New Port Richey,NEW,KMTGE4S19PU006073,GENS,G80,2023,,5/31/2023,81525,5/31/2024
GFFL748,Genesis of New Port Richey,NEW,KMUHBDSB0RU163544,GENS,GV80 BASE,2024,,7/24/2023,69485,7/24/2024
GFFL748,Genesis of New Port Richey,NEW,KMUHBDSB2RU151069,GENS,GV80 BASE,2024,,6/6/2023,63532,6/6/2024
GFFL748,Genesis of New Port Richey,NEW,KMUHBDSB9RU150954,GENS,GV80 BASE,2024,,6/5/2023,63532,6/5/2024
GFFL748,Genesis of New Port Richey,NEW,KMUHBDSBXRU150249,GENS,GV80 BASE,2024,,6/23/2023,68593,6/23/2024
GFFL748,Genesis of New Port Richey,NEW,KMUHCESC1RU148840,GENS,GV80 BASE,2024,,6/14/2023,75892,6/14/2024
GFFL748,Genesis of New Port Richey,NEW,KMUHCESC1RU149101,GENS,GV80 BASE,2024,RU149101,6/16/2023,75892,6/16/2024
GFFL748,Genesis of New Port Richey,NEW,KMUHCESC2RU154436,GENS,GV80 BASE,2024,,6/5/2023,76410,6/5/2024
GFFL748,Genesis of New Port Richey,NEW,KMUHCESC3RU160472,GENS,GV80 BASE,2024,,7/18/2023,64646,7/18/2024
GFFL748,Genesis of New Port Richey,NEW,KMUHCESC5PU147316,GENS,GV80 BASE,2023,,5/15/2023,69534,5/15/2024
GFFL748,Genesis of New Port Richey,NEW,KMUHCESC6RU148459,GENS,GV80 BASE,2024,,7/12/2023,75892,7/12/2024
GFFL748,Genesis of New Port Richey,NEW,KMUHCESC6RU158294,GENS,GV80 BASE,2024,,7/24/2023,80351,7/24/2024
GFFL748,Genesis of New Port Richey,NEW,KMUHCESC7RU153993,GENS,GV80 BASE,2024,,6/6/2023,71544,6/6/2024
GFFL748,Genesis of New Port Richey,NEW,KMUHCESC7RU157428,GENS,GV80 BASE,2024,,7/5/2023,76059,7/5/2024
GFFL748,Genesis of New Port Richey,NEW,KMUHCESC7RU157994,GENS,GV80 BASE,2024,RU157994,7/6/2023,64352,7/6/2024
GFFL748,Genesis of New Port Richey,NEW,KMUHCESC8RU156868,GENS,GV80 BASE,2024,,6/22/2023,76410,6/22/2024
GFFL748,Genesis of New Port Richey,NEW,KMUHCESC9PU147612,GENS,GV80 BASE,2023,,5/15/2023,70277,5/15/2024
GFFL748,Genesis of New Port Richey,NEW,KMUHCESC9RU157916,GENS,GV80 BASE,2024,,7/5/2023,75382,7/5/2024
GFFL748,Genesis of New Port Richey,NEW,KMUHCESCXRU155382,GENS,GV80 BASE,2024,,6/30/2023,75929,6/30/2024
GFFL748,Genesis of New Port Richey,NEW,KMUKCDTC0PU017846,GENS,GV60 ADVANCED,2023,,6/16/2023,60500,6/16/2024
GFFL748,Genesis of New Port Richey,NEW,KMUKCDTC9PU017876,GENS,GV60 ADVANCED,2023,,7/10/2023,60865,7/10/2024
GFFL748,Genesis of New Port Richey,NEW,KMUKEDTB8PU017532,GENS,GV60 PERFORMANCE,2023,,6/20/2023,69545,6/20/2024
GFFL748,Genesis of New Port Richey,NEW,KMUMADTB2PU137279,GENS,GV70 BASE,2023,,7/24/2023,47270,7/24/2024
GFFL748,Genesis of New Port Richey,NEW,KMUMADTB3PU137498,GENS,GV70 BASE,2023,PU137498,7/24/2023,51951,7/24/2024
GFFL748,Genesis of New Port Richey,NEW,KMUMCDTC3PU131638,GENS,GV70 BASE,2023,,7/5/2023,64486,7/5/2024
GFFL748,Genesis of New Port Richey,NEW,KMUMCDTC6PU137563,GENS,GV70 BASE,2023,,7/12/2023,64486,7/12/2024
GFFL752,Doral Genesis,NEW,KMTFB4SD8PU022862,GENS,G90,2023,,1/23/2023,85804,1/23/2024
GFFL752,Doral Genesis,NEW,KMTG34TA8PU108176,GENS,G70 BASE,2023,PPU108176,6/7/2023,43218,8/19/2023
GFFL752,Doral Genesis,NEW,KMTG54TE3PU127585,GENS,G70 BASE,2023,,6/28/2023,52418,6/28/2024
GFFL752,Doral Genesis,NEW,KMTG54TE6PU127404,GENS,G70 BASE,2023,,6/29/2023,48766,6/29/2024
GFFL752,Doral Genesis,NEW,KMTG54TE6PU127550,GENS,G70 BASE,2023,,7/17/2023,48766,7/17/2024
GFFL752,Doral Genesis,NEW,KMTG54TE7PU117948,GENS,G70 BASE,2023,,1/13/2023,52724,1/13/2024
GFFL752,Doral Genesis,NEW,KMTG54TE7PU123488,GENS,G70 BASE,2023,,4/20/2023,53876,4/20/2024
GFFL752,Doral Genesis,NEW,KMTG54TE7PU127539,GENS,G70 BASE,2023,,6/29/2023,48766,6/29/2024
GFFL752,Doral Genesis,NEW,KMTG54TE8PU123502,GENS,G70 BASE,2023,,4/28/2023,53062,4/28/2024
GFFL752,Doral Genesis,NEW,KMTGA4SC5PU195463,GENS,G80 SPORT PRESTIGE,2023,,6/29/2023,59851,6/29/2024
GFFL752,Doral Genesis,NEW,KMTGB4SD7PU156668,GENS,G80 BASE,2023,PU156668,12/2/2022,64078,12/2/2023
GFFL752,Doral Genesis,NEW,KMTGB4SDXPU164232,GENS,G80 BASE,2023,PU164232,1/27/2023,64130,1/27/2024
GFFL752,Doral Genesis,NEW,KMUHBDSB1PU147219,GENS,GV80 BASE,2023,,4/14/2023,64825,4/14/2024
GFFL752,Doral Genesis,NEW,KMUHBDSB1RU152875,GENS,GV80 BASE,2024,RU152875,7/17/2023,56519,7/17/2024
GFFL752,Doral Genesis,NEW,KMUHBDSB2RU154621,GENS,GV80 BASE,2024,RU154621,6/20/2023,62694,6/20/2024
GFFL752,Doral Genesis,NEW,KMUHBDSB8RU155319,GENS,GV80 BASE,2024,,6/29/2023,62495,6/29/2024
GFFL752,Doral Genesis,NEW,KMUHBDSBXRU152843,GENS,GV80 BASE,2024,RU152843,7/17/2023,57266,6/12/2024
GFFL752,Doral Genesis,NEW,KMUHCESC0PU142363,GENS,GV80 BASE,2023,PU142363,6/20/2023,61771,6/20/2024
GFFL752,Doral Genesis,NEW,KMUHCESC0PU147210,GENS,GV80 BASE,2023,,5/1/2023,69086,5/1/2024
GFFL752,Doral Genesis,NEW,KMUHCESC0RU153026,GENS,GV80 BASE,2024,,6/28/2023,74974,6/28/2024
GFFL752,Doral Genesis,NEW,KMUHCESC1RU148112,GENS,GV80 BASE,2024,,7/3/2023,75768,7/3/2024
GFFL752,Doral Genesis,NEW,KMUHCESC1RU158820,GENS,GV80 BASE,2024,,7/5/2023,63433,7/5/2024
GFFL752,Doral Genesis,NEW,KMUHCESC2RU152296,GENS,,2024,,5/30/2023,74892,5/30/2024
GFFL752,Doral Genesis,NEW,KMUHCESC2RU158308,GENS,GV80 BASE,2024,,7/5/2023,63242,7/5/2024
GFFL752,Doral Genesis,NEW,KMUHCESC3RU148287,GENS,GV80 BASE,2024,,7/6/2023,70095,7/6/2024
GFFL752,Doral Genesis,NEW,KMUHCESC3RU153618,GENS,GV80 BASE,2024,,6/30/2023,75051,6/30/2024
GFFL752,Doral Genesis,NEW,KMUHCESC5RU153507,GENS,GV80 BASE,2024,,6/28/2023,74929,6/28/2024
GFFL752,Doral Genesis,NEW,KMUHCESC6RU158912,GENS,GV80 BASE,2024,,7/6/2023,70095,7/6/2024
GFFL752,Doral Genesis,NEW,KMUHCESC8RU148866,GENS,,2024,,5/19/2023,75104,5/19/2024
GFFL752,Doral Genesis,NEW,KMUHCESC9RU158094,GENS,GV80 BASE,2024,,7/3/2023,63433,7/3/2024
GFFL752,Doral Genesis,NEW,KMUHCESCXRU156953,GENS,GV80 BASE,2024,,6/16/2023,75295,6/16/2024
GFFL752,Doral Genesis,NEW,KMUMADTB1PU134390,GENS,GV70 BASE,2023,,7/6/2023,55996,7/6/2024
GFFL752,Doral Genesis,NEW,KMUMADTB1PU136575,GENS,GV70 BASE,2023,,7/17/2023,46558,7/17/2024
GFFL752,Doral Genesis,NEW,KMUMADTB1PU137550,GENS,GV70 BASE,2023,,7/13/2023,51175,7/13/2024
GFFL752,Doral Genesis,NEW,KMUMADTB2PU136391,GENS,GV70 BASE,2023,,7/17/2023,46558,7/17/2024
GFFL752,Doral Genesis,NEW,KMUMADTB3PU137050,GENS,GV70 BASE,2023,,7/17/2023,51175,7/17/2024
GFFL752,Doral Genesis,NEW,KMUMADTB4PU124002,GENS,GV70 BASE,2023,,5/1/2023,55195,5/1/2024
GFFL752,Doral Genesis,NEW,KMUMADTB7PU132952,GENS,GV70 BASE,2023,,6/20/2023,51643,6/20/2024
GFFL752,Doral Genesis,NEW,KMUMADTB8PU134743,GENS,GV70 BASE,2023,,7/5/2023,51027,7/5/2024
GFFL753,Lehman Genesis,NEW,5NMMADTB4RH000311,GENS,GV70 BASE,2024,,7/14/2023,55994,7/14/2024
GFFL753,Lehman Genesis,NEW,5NMMADTB4RH001068,GENS,GV70 BASE,2024,,7/14/2023,47251,7/14/2024
GFFL753,Lehman Genesis,NEW,KMTFB4SD7PU008046,GENS,G90,2023,,11/4/2022,85622,11/4/2023
GFFL753,Lehman Genesis,NEW,KMTFC4SD9PU029252,GENS,G90,2023,,5/31/2023,95713,5/31/2024
GFFL753,Lehman Genesis,NEW,KMTG34TA0PU118670,GENS,G70 BASE,2023,PU118670,6/22/2023,43548,2/14/2024
GFFL753,Lehman Genesis,NEW,KMTG34TA1PU127491,GENS,G70 BASE,2023,,7/3/2023,45355,7/3/2024
GFFL753,Lehman Genesis,NEW,KMTG34TA3PU110353,GENS,G70 BASE,2023,PPU110353,6/7/2023,43149,9/27/2023
GFFL753,Lehman Genesis,NEW,KMTG34TA5PU126294,GENS,G70 BASE,2023,PU126294,6/29/2023,46124,6/29/2024
GFFL753,Lehman Genesis,NEW,KMTG34TA6PU127700,GENS,G70 BASE,2023,,7/21/2023,43463,7/21/2024
GFFL753,Lehman Genesis,NEW,KMTG34TA8PU121591,GENS,G70 BASE,2023,,3/22/2023,43418,3/22/2024
GFFL753,Lehman Genesis,NEW,KMTG34TAXPU127523,GENS,G70 BASE,2023,,6/29/2023,45424,6/29/2024
GFFL753,Lehman Genesis,NEW,KMTG54TE0PU123560,GENS,G70 BASE,2023,,4/21/2023,50771,4/21/2024
GFFL753,Lehman Genesis,NEW,KMTG54TE0PU123641,GENS,G70 BASE,2023,,4/28/2023,48766,4/28/2024
GFFL753,Lehman Genesis,NEW,KMTG54TE1PU123681,GENS,G70 BASE,2023,,4/26/2023,44660,4/26/2024
GFFL753,Lehman Genesis,NEW,KMTG54TE1PU125415,GENS,G70 BASE,2023,,5/30/2023,52932,5/30/2024
GFFL753,Lehman Genesis,NEW,KMTG54TE2PU123480,GENS,G70 BASE,2023,,4/19/2023,52932,4/19/2024
GFFL753,Lehman Genesis,NEW,KMTG54TE2PU127383,GENS,G70 BASE,2023,,6/28/2023,48835,6/28/2024
GFFL753,Lehman Genesis,NEW,KMTG54TE2PU127402,GENS,G70 BASE,2023,,7/5/2023,48766,7/5/2024
GFFL753,Lehman Genesis,NEW,KMTG54TE3PU106526,GENS,G70 BASE,2023,,7/13/2022,54731,7/13/2023
GFFL753,Lehman Genesis,NEW,KMTG54TE3PU121690,GENS,G70 BASE,2023,,4/19/2023,52968,4/19/2024
GFFL753,Lehman Genesis,NEW,KMTG54TE4PU121567,GENS,G70 BASE,2023,,3/20/2023,52932,3/20/2024
GFFL753,Lehman Genesis,NEW,KMTG54TE5PU121478,GENS,G70 BASE,2023,,4/24/2023,48766,4/24/2024
GFFL753,Lehman Genesis,NEW,KMTG54TE5PU121819,GENS,G70 BASE,2023,,4/19/2023,52899,4/19/2024
GFFL753,Lehman Genesis,NEW,KMTG54TE5PU123800,GENS,G70 BASE,2023,,4/24/2023,54992,4/24/2024
GFFL753,Lehman Genesis,NEW,KMTG54TE6PU121599,GENS,G70 BASE,2023,,4/21/2023,52968,4/21/2024
GFFL753,Lehman Genesis,NEW,KMTG54TE8PU127775,GENS,G70 BASE,2023,,7/21/2023,52968,7/21/2024
GFFL753,Lehman Genesis,NEW,KMTG54TE8PU127839,GENS,G70 BASE,2023,,7/21/2023,53037,7/21/2024
GFFL753,Lehman Genesis,NEW,KMTG54TE9PU125355,GENS,G70 BASE,2023,,5/30/2023,52932,5/30/2024
GFFL753,Lehman Genesis,NEW,KMTG54TE9PU127574,GENS,G70 BASE,2023,,6/22/2023,48835,6/22/2024
GFFL753,Lehman Genesis,NEW,KMTG54TEXPU123517,GENS,G70 BASE,2023,,4/24/2023,53013,4/24/2024
GFFL753,Lehman Genesis,NEW,KMTG54TEXPU125168,GENS,G70 BASE,2023,,5/12/2023,46665,5/12/2024
GFFL753,Lehman Genesis,NEW,KMTG54TEXPU125378,GENS,G70 BASE,2023,,5/26/2023,52932,5/26/2024
GFFL753,Lehman Genesis,NEW,KMTGA4SC4PU181795,GENS,G80 SPORT PRESTIGE,2023,,4/26/2023,59782,4/26/2024
GFFL753,Lehman Genesis,NEW,KMTGB4SD1PU185213,GENS,G80 BASE,2023,,4/13/2023,71356,4/13/2024
GFFL753,Lehman Genesis,NEW,KMTGB4SD2PU185205,GENS,G80 BASE,2023,,4/13/2023,71356,4/13/2024
GFFL753,Lehman Genesis,NEW,KMTGB4SD4PU185142,GENS,G80 BASE,2023,,4/13/2023,70477,4/13/2024
GFFL753,Lehman Genesis,NEW,KMTGB4SD8PU186083,GENS,G80 BASE,2023,,5/1/2023,70656,5/1/2024
GFFL753,Lehman Genesis,NEW,KMTGB4SDXPU185209,GENS,G80 BASE,2023,,4/13/2023,71356,4/13/2024
GFFL753,Lehman Genesis,NEW,KMUHBDSB1NU100947,GENS,GV80 BASE,2022,,6/27/2022,63808,6/27/2023
GFFL753,Lehman Genesis,NEW,KMUHBDSB1PU106699,GENS,GV80 BASE,2023,,6/27/2022,61131,6/27/2023
GFFL753,Lehman Genesis,NEW,KMUHBDSB4RU150778,GENS,GV80 BASE,2024,,7/5/2023,67134,7/5/2024
GFFL753,Lehman Genesis,NEW,KMUHBDSB5RU153933,GENS,GV80 BASE,2024,,6/12/2023,67482,6/12/2024
GFFL753,Lehman Genesis,NEW,KMUHBDSB7RU150841,GENS,GV80 BASE,2024,,6/15/2023,62694,6/15/2024
GFFL753,Lehman Genesis,NEW,KMUHBDSB9PU104800,GENS,GV80 BASE,2023,,6/27/2022,66237,6/27/2023
GFFL753,Lehman Genesis,NEW,KMUHBDSB9RU153157,GENS,GV80 BASE,2024,,6/12/2023,67681,6/12/2024
GFFL753,Lehman Genesis,NEW,KMUHBDSBXRU157184,GENS,GV80 BASE,2024,,6/28/2023,62816,6/28/2024
GFFL753,Lehman Genesis,NEW,KMUHCESC0PU112280,GENS,GV80 BASE,2023,,8/1/2022,68990,8/1/2023
GFFL753,Lehman Genesis,NEW,KMUHCESC0PU147594,GENS,GV80 BASE,2023,,5/12/2023,69147,5/12/2024
GFFL753,Lehman Genesis,NEW,KMUHCESC0RU148182,GENS,GV80 BASE,2024,,7/3/2023,74929,7/3/2024
GFFL753,Lehman Genesis,NEW,KMUHCESC1RU148448,GENS,,2024,,6/1/2023,70095,6/1/2024
GFFL753,Lehman Genesis,NEW,KMUHCESC1RU158686,GENS,GV80 BASE,2024,,7/3/2023,70095,7/3/2024
GFFL753,Lehman Genesis,NEW,KMUHCESC2PU147161,GENS,GV80 BASE,2023,,4/19/2023,69216,4/19/2024
GFFL753,Lehman Genesis,NEW,KMUHCESC2RU152363,GENS,GV80 BASE,2024,,6/6/2023,74892,6/6/2024
GFFL753,Lehman Genesis,NEW,KMUHCESC3RU158298,GENS,GV80 BASE,2024,,7/3/2023,63433,7/3/2024
GFFL753,Lehman Genesis,NEW,KMUHCESC4RU148072,GENS,GV80 BASE,2024,,6/15/2023,74892,6/15/2024
GFFL753,Lehman Genesis,NEW,KMUHCESC4RU151988,GENS,GV80 BASE,2024,,6/2/2023,75771,6/2/2024
GFFL753,Lehman Genesis,NEW,KMUHCESC5PU143198,GENS,GV80 BASE,2023,PU143198,6/22/2023,70379,6/22/2024
GFFL753,Lehman Genesis,NEW,KMUHCESC5RU148260,GENS,,2024,,5/24/2023,75104,5/24/2024
GFFL753,Lehman Genesis,NEW,KMUHCESC5RU152339,GENS,GV80 BASE,2024,,6/6/2023,74892,6/6/2024
GFFL753,Lehman Genesis,NEW,KMUHCESC5RU154558,GENS,GV80 BASE,2024,,7/11/2023,74929,7/11/2024
GFFL753,Lehman Genesis,NEW,KMUHCESC6RU148218,GENS,,2024,,5/30/2023,74892,5/30/2024
GFFL753,Lehman Genesis,NEW,KMUHCESC6RU157873,GENS,GV80 BASE,2024,,7/3/2023,74929,7/3/2024
GFFL753,Lehman Genesis,NEW,KMUHCESC9RU154370,GENS,GV80 BASE,2024,,6/28/2023,74929,6/28/2024
GFFL753,Lehman Genesis,NEW,KMUMADTB0PU134509,GENS,GV70 BASE,2023,,6/26/2023,55598,6/26/2024
GFFL753,Lehman Genesis,NEW,KMUMADTB1PU132946,GENS,GV70 BASE,2023,,6/12/2023,52522,6/12/2024
GFFL753,Lehman Genesis,NEW,KMUMADTB2PU121048,GENS,GV70 BASE,2023,PU121048,4/13/2023,54987,4/13/2024
GFFL753,Lehman Genesis,NEW,KMUMADTB3PU135511,GENS,GV70 BASE,2023,PU135511,7/17/2023,54570,7/17/2024
GFFL753,Lehman Genesis,NEW,KMUMADTB3PU137534,GENS,GV70 BASE,2023,,7/13/2023,51212,7/13/2024
GFFL753,Lehman Genesis,NEW,KMUMADTB6PU137544,GENS,GV70 BASE,2023,,7/13/2023,46599,7/13/2024
GFFL753,Lehman Genesis,NEW,KMUMADTB7PU128481,GENS,GV70 BASE,2023,,5/12/2023,55154,5/12/2024
GFFL753,Lehman Genesis,NEW,KMUMADTB8PU136816,GENS,GV70 BASE,2023,,7/12/2023,51212,7/12/2024
GFFL753,Lehman Genesis,NEW,KMUMADTB9PU135805,GENS,GV70 BASE,2023,,7/17/2023,54607,7/17/2024
GFFL753,Lehman Genesis,NEW,KMUMADTBXPU134744,GENS,GV70 BASE,2023,,7/3/2023,50372,7/3/2024
GFFL753,Lehman Genesis,NEW,KMUMADTBXPU136820,GENS,GV70 BASE,2023,,7/12/2023,51012,7/12/2024
GFFL753,Lehman Genesis,NEW,KMUMADTBXPU137496,GENS,GV70 BASE,2023,,7/17/2023,51212,7/17/2024
GFFL753,Lehman Genesis,NEW,KMUMADTBXPU137742,GENS,GV70 BASE,2023,,7/20/2023,50502,7/20/2024
GFFL753,Lehman Genesis,NEW,KMUMCDTC0PU129491,GENS,GV70 BASE,2023,PU129491,6/27/2023,63017,6/27/2024
GFFL753,Lehman Genesis,NEW,KMUMCDTC3PU129565,GENS,GV70 BASE,2023,PU129565,7/10/2023,63017,7/10/2024
GFFL753,Lehman Genesis,NEW,KMUMCDTC4PU137173,GENS,GV70 BASE,2023,,7/17/2023,64443,7/17/2024
GFNV703,Genesis of Las Vegas,NEW,5NMMCET16PH000766,GENS,GV70 BASE,2023,,5/24/2023,68680,5/24/2024
GFNV703,Genesis of Las Vegas,NEW,KMTFB4SD1PU024887,GENS,G90,2023,,2/28/2023,86804,2/28/2024
GFNV703,Genesis of Las Vegas,NEW,KMTFB4SDXPU024869,GENS,G90,2023,,2/14/2023,86804,2/14/2024
GFNV703,Genesis of Las Vegas,NEW,KMTFC4SD2PU029299,GENS,G90,2023,,7/7/2023,96633,7/7/2024
GFNV703,Genesis of Las Vegas,NEW,KMTFC4SD3PU028680,GENS,G90,2023,,5/26/2023,96590,5/26/2024
GFNV703,Genesis of Las Vegas,NEW,KMTFC4SD3PU030218,GENS,G90,2023,,6/30/2023,96590,6/30/2024
GFNV703,Genesis of Las Vegas,NEW,KMTFC4SD5PU018071,GENS,G90,2023,,5/31/2023,96590,5/31/2024
GFNV703,Genesis of Las Vegas,NEW,KMTFC4SD5PU018085,GENS,G90 ,2023,PU018085,6/30/2023,97469,6/30/2024
GFNV703,Genesis of Las Vegas,NEW,KMTFC4SD5PU028678,GENS,G90,2023,,4/27/2023,96590,4/27/2024
GFNV703,Genesis of Las Vegas,NEW,KMTFC4SD7PU030206,GENS,G90,2023,,7/12/2023,97512,7/12/2024
GFNV703,Genesis of Las Vegas,NEW,KMTFC4SD8PU030246,GENS,G90,2023,,6/1/2023,96633,6/1/2024
GFNV703,Genesis of Las Vegas,NEW,KMTG34TA3PU124379,GENS,G70 BASE,2023,,4/25/2023,44174,4/25/2024
GFNV703,Genesis of Las Vegas,NEW,KMTG34TA4PU124276,GENS,G70 BASE,2023,,4/25/2023,44158,4/25/2024
GFNV703,Genesis of Las Vegas,NEW,KMTG34TA6PU120682,GENS,G70 BASE,2023,,2/27/2023,46008,2/27/2024
GFNV703,Genesis of Las Vegas,NEW,KMTG34TA6PU122917,GENS,G70 BASE,2023,,5/2/2023,43936,5/2/2024
GFNV703,Genesis of Las Vegas,NEW,KMTG34TA7PU121856,GENS,G70 BASE,2023,,4/14/2023,44006,4/14/2024
GFNV703,Genesis of Las Vegas,NEW,KMTG34TA7PU123011,GENS,G70 BASE,2023,,5/31/2023,45545,5/31/2024
GFNV703,Genesis of Las Vegas,NEW,KMTG34TA8PU121848,GENS,G70 BASE,2023,,4/7/2023,44174,4/7/2024
GFNV703,Genesis of Las Vegas,NEW,KMTG34TA8PU122935,GENS,G70 BASE,2023,,5/17/2023,43936,5/17/2024
GFNV703,Genesis of Las Vegas,NEW,KMTG34TA9PU121874,GENS,G70 BASE,2023,,4/14/2023,44042,4/14/2024
GFNV703,Genesis of Las Vegas,NEW,KMTG54TE0PU119461,GENS,G70 BASE,2023,,4/3/2023,49363,4/3/2024
GFNV703,Genesis of Las Vegas,NEW,KMTG54TE0PU121887,GENS,G70 BASE,2023,,4/11/2023,53697,4/11/2024
GFNV703,Genesis of Las Vegas,NEW,KMTG54TE1PU123955,GENS,G70 BASE,2023,,5/17/2023,53919,5/17/2024
GFNV703,Genesis of Las Vegas,NEW,KMTG54TE2PU128517,GENS,G70 BASE,2023,,7/13/2023,53849,7/13/2024
GFNV703,Genesis of Las Vegas,NEW,KMTG54TE3PU121947,GENS,G70 BASE,2023,,4/14/2023,53829,4/14/2024
GFNV703,Genesis of Las Vegas,NEW,KMTG54TE3PU121964,GENS,G70 BASE,2023,,3/28/2023,49539,3/28/2024
GFNV703,Genesis of Las Vegas,NEW,KMTG54TE4PU122041,GENS,G70 BASE,2023,,4/10/2023,45303,4/10/2024
GFNV703,Genesis of Las Vegas,NEW,KMTG54TE4PU128535,GENS,G70 BASE,2023,,7/7/2023,53627,7/7/2024
GFNV703,Genesis of Las Vegas,NEW,KMTG54TE5PU119424,GENS,G70 BASE,2023,,4/3/2023,53697,4/3/2024
GFNV703,Genesis of Las Vegas,NEW,KMTG54TE5PU129127,GENS,G70 BASE,2023,,7/14/2023,53865,7/14/2024
GFNV703,Genesis of Las Vegas,NEW,KMTG54TE7PU121840,GENS,G70 BASE,2023,,4/5/2023,49539,4/5/2024
GFNV703,Genesis of Las Vegas,NEW,KMTG54TE7PU128903,GENS,G70 BASE,2023,,7/24/2023,53779,7/24/2024
GFNV703,Genesis of Las Vegas,NEW,KMTG54TE8PU121829,GENS,G70 BASE,2023,,4/10/2023,49469,4/10/2024
GFNV703,Genesis of Las Vegas,NEW,KMTGA4SC7PU179605,GENS,G80 SPORT PRESTIGE,2023,,4/21/2023,63106,4/21/2024
GFNV703,Genesis of Las Vegas,NEW,KMTGB4SD7PU185586,GENS,G80 BASE,2023,,5/31/2023,70834,5/31/2024
GFNV703,Genesis of Las Vegas,NEW,KMUHBDSB0RU162037,GENS,GV80 BASE,2024,,7/17/2023,69218,7/17/2024
GFNV703,Genesis of Las Vegas,NEW,KMUHBDSB1RU162144,GENS,GV80 BASE,2024,,7/17/2023,68786,7/17/2024
GFNV703,Genesis of Las Vegas,NEW,KMUHBDSB6PU116967,GENS,GV80 BASE,2023,PU116967,7/11/2023,64687,7/11/2024
GFNV703,Genesis of Las Vegas,NEW,KMUHBDSB7RU161953,GENS,GV80 BASE,2024,,7/17/2023,63685,7/17/2024
GFNV703,Genesis of Las Vegas,NEW,KMUHBDSB7RU161984,GENS,GV80 BASE,2024,,7/21/2023,69081,7/21/2024
GFNV703,Genesis of Las Vegas,NEW,KMUHBDSB9RU161730,GENS,GV80 BASE,2024,,7/17/2023,63685,7/17/2024
GFNV703,Genesis of Las Vegas,NEW,KMUHCESC0PU131721,GENS,GV80 BASE,2023,,4/11/2023,73495,4/11/2024
GFNV703,Genesis of Las Vegas,NEW,KMUHCESC0PU135039,GENS,GV80 BASE,2023,,1/30/2023,73719,1/30/2024
GFNV703,Genesis of Las Vegas,NEW,KMUHCESC1PU131663,GENS,GV80 BASE,2023,,4/11/2023,73495,4/11/2024
GFNV703,Genesis of Las Vegas,NEW,KMUHCESC1PU132165,GENS,GV80 BASE,2023,,4/12/2023,74112,4/12/2024
GFNV703,Genesis of Las Vegas,NEW,KMUHCESC3PU131857,GENS,GV80 BASE,2023,,4/11/2023,73857,4/11/2024
GFNV703,Genesis of Las Vegas,NEW,KMUHCESC3RU160939,GENS,GV80 BASE,2024,,7/13/2023,76295,7/13/2024
GFNV703,Genesis of Las Vegas,NEW,KMUHCESC4RU160934,GENS,GV80 BASE,2024,,7/13/2023,76295,7/13/2024
GFNV703,Genesis of Las Vegas,NEW,KMUHCESC5PU147090,GENS,GV80 BASE,2023,,4/24/2023,74681,4/24/2024
GFNV703,Genesis of Las Vegas,NEW,KMUHCESC5RU161249,GENS,GV80 BASE,2024,,7/17/2023,76295,7/17/2024
GFNV703,Genesis of Las Vegas,NEW,KMUHCESC6RU158313,GENS,GV80 BASE,2024,,7/24/2023,80269,7/24/2024
GFNV703,Genesis of Las Vegas,NEW,KMUHCESC6RU158392,GENS,GV80 BASE,2024,,6/14/2023,77183,6/14/2024
GFNV703,Genesis of Las Vegas,NEW,KMUHCESC7PU131649,GENS,GV80 BASE,2023,,4/11/2023,73426,4/11/2024
GFNV703,Genesis of Las Vegas,NEW,KMUHCESC7PU131859,GENS,GV80 BASE,2023,,4/13/2023,73857,4/13/2024
GFNV703,Genesis of Las Vegas,NEW,KMUHCESC7RU157302,GENS,GV80 BASE,2024,,7/24/2023,80200,7/24/2024
GFNV703,Genesis of Las Vegas,NEW,KMUHCESC7RU161432,GENS,GV80 BASE,2024,,7/24/2023,71413,7/24/2024
GFNV703,Genesis of Las Vegas,NEW,KMUHCESC8PU137752,GENS,GV80 BASE,2023,,3/16/2023,73586,3/16/2024
GFNV703,Genesis of Las Vegas,NEW,KMUHCESC8PU137945,GENS,GV80 BASE,2023,,3/15/2023,73879,3/15/2024
GFNV703,Genesis of Las Vegas,NEW,KMUHCESC8RU164033,GENS,GV80 BASE,2024,,7/24/2023,71645,7/24/2024
GFNV703,Genesis of Las Vegas,NEW,KMUHCESC9PU131703,GENS,GV80 BASE,2023,,4/13/2023,73495,4/13/2024
GFNV703,Genesis of Las Vegas,NEW,KMUHCESC9PU131880,GENS,GV80 BASE,2023,,4/13/2023,73495,4/13/2024
GFNV703,Genesis of Las Vegas,NEW,KMUHCESCXPU131726,GENS,GV80 BASE,2023,,4/13/2023,73426,4/13/2024
GFNV703,Genesis of Las Vegas,NEW,KMUHCESCXPU144170,GENS,GV80 BASE,2023,,4/13/2023,74974,4/13/2024
GFNV703,Genesis of Las Vegas,NEW,KMUHCESCXPU147098,GENS,GV80 BASE,2023,,4/26/2023,74974,4/26/2024
GFNV703,Genesis of Las Vegas,NEW,KMUHCESCXRU157312,GENS,GV80 BASE,2024,,7/24/2023,80200,7/24/2024
GFNV703,Genesis of Las Vegas,NEW,KMUKCDTC2PU017136,GENS,GV60 ADVANCED,2023,,6/27/2023,61355,6/27/2024
GFNV703,Genesis of Las Vegas,NEW,KMUKCDTC3PU018053,GENS,GV60 ADVANCED,2023,,6/14/2023,61075,6/14/2024
GFNV703,Genesis of Las Vegas,NEW,KMUKCDTC8PU014614,GENS,GV60 ADVANCED,2023,,4/13/2023,60545,4/13/2024
GFNV703,Genesis of Las Vegas,NEW,KMUKCDTC8PU018064,GENS,GV60 ADVANCED,2023,,6/1/2023,60695,6/1/2024
GFNV703,Genesis of Las Vegas,NEW,KMUKEDTB0PU013815,GENS,GV60 PERFORMANCE,2023,,2/28/2023,71525,2/28/2024
GFNV703,Genesis of Las Vegas,NEW,KMUKEDTB3PU013940,GENS,GV60 PERFORMANCE,2023,,3/13/2023,69990,3/13/2024
GFNV703,Genesis of Las Vegas,NEW,KMUKEDTB5PU011817,GENS,GV60 PERFORMANCE,2023,,3/28/2023,69990,3/28/2024
GFNV703,Genesis of Las Vegas,NEW,KMUKEDTB5PU013924,GENS,GV60 PERFORMANCE,2023,,3/14/2023,70120,3/14/2024
GFNV703,Genesis of Las Vegas,NEW,KMUKEDTB5PU014636,GENS,GV60 PERFORMANCE,2023,,4/14/2023,69595,4/14/2024
GFNV703,Genesis of Las Vegas,NEW,KMUKEDTB8PU014596,GENS,GV60 PERFORMANCE,2023,,5/17/2023,70270,5/17/2024
GFNV703,Genesis of Las Vegas,NEW,KMUMADTB0PU126197,GENS,GV70 BASE,2023,,5/5/2023,56402,5/5/2024
GFNV703,Genesis of Las Vegas,NEW,KMUMADTB0PU126233,GENS,GV70 BASE,2023,,5/8/2023,56370,5/8/2024
GFNV703,Genesis of Las Vegas,NEW,KMUMADTB0PU139421,GENS,GV70 BASE,2023,,7/7/2023,56187,7/7/2024
GFNV703,Genesis of Las Vegas,NEW,KMUMADTB1PU108906,GENS,GV70 BASE,2023,,3/2/2023,56145,3/2/2024
GFNV703,Genesis of Las Vegas,NEW,KMUMADTB1PU118383,GENS,GV70 BASE,2023,,5/2/2023,55993,5/2/2024
GFNV703,Genesis of Las Vegas,NEW,KMUMADTB1PU118657,GENS,GV70 BASE,2023,,5/2/2023,56270,5/2/2024
GFNV703,Genesis of Las Vegas,NEW,KMUMADTB1PU118724,GENS,GV70 BASE,2023,,5/10/2023,55782,5/10/2024
GFNV703,Genesis of Las Vegas,NEW,KMUMADTB1PU137726,GENS,GV70 BASE,2023,,7/17/2023,47726,7/17/2024
GFNV703,Genesis of Las Vegas,NEW,KMUMADTB2PU139419,GENS,GV70 BASE,2023,,7/17/2023,55910,7/17/2024
GFNV703,Genesis of Las Vegas,NEW,KMUMADTB3PU125514,GENS,GV70 BASE,2023,,4/20/2023,56187,4/20/2024
GFNV703,Genesis of Las Vegas,NEW,KMUMADTB3PU139350,GENS,GV70 BASE,2023,,7/17/2023,55910,7/17/2024
GFNV703,Genesis of Las Vegas,NEW,KMUMADTB4PU124324,GENS,GV70 BASE,2023,,6/27/2023,56402,6/27/2024
GFNV703,Genesis of Las Vegas,NEW,KMUMADTB5PU139639,GENS,GV70 BASE,2023,,7/17/2023,56351,7/17/2024
GFNV703,Genesis of Las Vegas,NEW,KMUMADTB6PU124647,GENS,GV70 BASE,2023,,6/27/2023,55648,6/27/2024
GFNV703,Genesis of Las Vegas,NEW,KMUMADTB6PU124664,GENS,GV70 BASE,2023,,5/8/2023,56402,5/8/2024
GFNV703,Genesis of Las Vegas,NEW,KMUMADTB6PU125541,GENS,GV70 BASE,2023,,4/24/2023,56375,4/24/2024
GFNV703,Genesis of Las Vegas,NEW,KMUMADTB6PU125930,GENS,GV70 BASE,2023,,4/20/2023,56187,4/20/2024
GFNV703,Genesis of Las Vegas,NEW,KMUMADTB6PU138032,GENS,GV70 BASE,2023,,6/30/2023,43806,6/30/2024
GFNV703,Genesis of Las Vegas,NEW,KMUMADTB6PU139715,GENS,GV70 BASE,2023,,7/13/2023,55993,7/13/2024
GFNV703,Genesis of Las Vegas,NEW,KMUMADTB7PU139710,GENS,GV70 BASE,2023,,7/17/2023,55993,7/17/2024
GFNV703,Genesis of Las Vegas,NEW,KMUMADTB8PU124830,GENS,GV70 BASE,2023,,5/5/2023,55632,5/5/2024
GFNV703,Genesis of Las Vegas,NEW,KMUMADTB9PU139739,GENS,GV70 BASE,2023,,7/17/2023,55834,7/17/2024
GFNV703,Genesis of Las Vegas,NEW,KMUMADTBXPU139720,GENS,GV70 BASE,2023,,7/17/2023,55952,7/17/2024
GFNV703,Genesis of Las Vegas,NEW,KMUMADTBXPU139961,GENS,GV70 BASE,2023,,7/7/2023,55397,7/7/2024
GFNV703,Genesis of Las Vegas,NEW,KMUMCDTC0PU132634,GENS,GV70 BASE,2023,,6/20/2023,64486,6/20/2024
GFNV703,Genesis of Las Vegas,NEW,KMUMCDTC0PU137719,GENS,GV70 BASE,2023,,7/3/2023,64486,7/3/2024
GFNV703,Genesis of Las Vegas,NEW,KMUMCDTC2PU132327,GENS,GV70 BASE,2023,,6/30/2023,65168,6/30/2024
GFNV703,Genesis of Las Vegas,NEW,KMUMCDTC2PU132795,GENS,GV70 BASE,2023,,6/6/2023,64486,6/6/2024
GFNV703,Genesis of Las Vegas,NEW,KMUMCDTC2PU132912,GENS,GV70 BASE,2023,,6/6/2023,63931,6/6/2024
GFNV703,Genesis of Las Vegas,NEW,KMUMCDTC3PU132904,GENS,GV70 BASE,2023,,6/7/2023,64613,6/7/2024
GFNV703,Genesis of Las Vegas,NEW,KMUMCDTC4PU132846,GENS,GV70 BASE,2023,,6/7/2023,64486,6/7/2024
GFNV703,Genesis of Las Vegas,NEW,KMUMCDTC6PU132461,GENS,GV70 BASE,2023,,6/20/2023,64486,6/20/2024
GFNV703,Genesis of Las Vegas,NEW,KMUMCDTC6PU132475,GENS,GV70 BASE,2023,,6/20/2023,59714,6/20/2024
GFNV703,Genesis of Las Vegas,NEW,KMUMCDTC7PU132436,GENS,GV70 BASE,2023,,6/30/2023,65056,6/30/2024
GFNV703,Genesis of Las Vegas,NEW,KMUMCDTC7PU132842,GENS,GV70 BASE,2023,,6/6/2023,64486,6/6/2024
GFNV703,Genesis of Las Vegas,NEW,KMUMCDTC7PU132890,GENS,GV70 BASE,2023,,6/7/2023,64613,6/7/2024
GFNV703,Genesis of Las Vegas,NEW,KMUMCDTC7PU137670,GENS,GV70 BASE,2023,,7/3/2023,65177,7/3/2024
GFNV703,Genesis of Las Vegas,NEW,KMUMCDTC8PU132915,GENS,GV70 BASE,2023,,6/6/2023,63931,6/6/2024
GFNV703,Genesis of Las Vegas,NEW,KMUMCDTCXPU132429,GENS,GV70 BASE,2023,,6/30/2023,65056,6/30/2024
GFNV703,Genesis of Las Vegas,NEW,KMUMCDTCXPU137730,GENS,GV70 BASE,2023,,7/3/2023,65139,7/3/2024
NV030,Centennial Hyundai,NEW,5NMJACAE1PH289963,HYUN,TUCSON SE,2023,,7/24/2023,29315,7/24/2024
NV030,Centennial Hyundai,NEW,5NMJBCAE2PH288351,HYUN,TUCSON SEL,2023,,7/14/2023,31204,7/14/2024
NV030,Centennial Hyundai,NEW,5NMJBCAE2PH288379,HYUN,TUCSON SEL,2023,,7/11/2023,31152,7/11/2024
NV030,Centennial Hyundai,NEW,5NMJBCAE6PH288563,HYUN,TUCSON SEL,2023,,7/14/2023,31642,7/14/2024
NV030,Centennial Hyundai,NEW,5NMJBCAE7PH288684,HYUN,TUCSON SEL,2023,,7/14/2023,31204,7/14/2024
NV030,Centennial Hyundai,NEW,5NMJECAE8PH288541,HYUN,TUCSON LIMITED,2023,,7/3/2023,38342,7/3/2024
NV030,Centennial Hyundai,NEW,5NMJF3AE4PH288646,HYUN,TUCSON SEL,2023,,7/11/2023,31882,7/11/2024
NV030,Centennial Hyundai,NEW,5NMJF3AEXPH288389,HYUN,TUCSON SEL,2023,,7/3/2023,31882,7/3/2024
NV030,Centennial Hyundai,NEW,5NMJF3AEXPH288702,HYUN,TUCSON SEL,2023,,7/14/2023,31882,7/14/2024
NV030,Centennial Hyundai,NEW,5NMJFCAE0PH288806,HYUN,TUCSON SEL,2023,,7/11/2023,33395,7/11/2024
NV030,Centennial Hyundai,NEW,5NMJFCAE5PH289272,HYUN,TUCSON SEL,2023,,7/24/2023,33395,7/24/2024
NV030,Centennial Hyundai,NEW,5NMJFCAE6PH289118,HYUN,TUCSON SEL,2023,,7/11/2023,33395,7/11/2024
NV030,Centennial Hyundai,NEW,5NMS1DAJ0PH591624,HYUN,SANTA FE SE,2023,PH591624,7/18/2023,31109,7/18/2024
NV030,Centennial Hyundai,NEW,5NMS1DAJ4PH588936,HYUN,SANTA FE SE,2023,,6/21/2023,31360,6/21/2024
NV030,Centennial Hyundai,NEW,5NMS24AJ7PH595442,HYUN,SANTA FE SEL,2023,,7/3/2023,33550,7/3/2024
NV030,Centennial Hyundai,NEW,5NMS2DAJ5PH595679,HYUN,SANTA FE SEL,2023,,7/14/2023,35042,7/14/2024
NV030,Centennial Hyundai,NEW,5NMS34AJ1PH570193,HYUN,SANTA FE SEL PREMIUM,2023,,5/8/2023,38199,5/8/2024
NV030,Centennial Hyundai,NEW,5NMS3DAJ0PH585090,HYUN,SANTA FE SEL PREMIUM,2023,,6/14/2023,39529,6/14/2024
NV030,Centennial Hyundai,NEW,5NMS3DAJ2PH562085,HYUN,SANTA FE SEL PREMIUM,2023,,3/29/2023,39842,3/29/2024
NV030,Centennial Hyundai,NEW,5NMS3DAJ5PH595565,HYUN,SANTA FE SEL PREMIUM,2023,,7/24/2023,39549,7/24/2024
NV030,Centennial Hyundai,NEW,5NMS44ALXPH576069,HYUN,SANTA FE LIMITED,2023,,5/9/2023,41229,5/9/2024
NV030,Centennial Hyundai,NEW,5NMS54AL9PH595287,HYUN,SANTA FE CALLIGRAPHY,2023,,7/11/2023,43598,7/11/2024
NV030,Centennial Hyundai,NEW,5NTJADAE3RH079099,HYUN,SANTA CRUZ SE,2024,,7/3/2023,29606,7/3/2024
NV030,Centennial Hyundai,NEW,5NTJB4AE3RH080380,HYUN,SANTA CRUZ SEL,2024,,7/24/2023,30320,7/24/2024
NV030,Centennial Hyundai,NEW,5NTJCDAE1RH077328,HYUN,SANTA CRUZ SEL,2024,,7/14/2023,36055,7/14/2024
NV030,Centennial Hyundai,NEW,KM8JF3AEXPU209484,HYUN,TUCSON N LINE,2023,,5/26/2023,34758,5/26/2024
NV030,Centennial Hyundai,NEW,KM8JFDA20PU132846,HYUN,TUCSON LIMITED,2023,,7/3/2023,45724,7/3/2024
NV030,Centennial Hyundai,NEW,KM8JFDA29PU133591,HYUN,TUCSON LIMITED,2023,,7/7/2023,44893,7/7/2024
NV030,Centennial Hyundai,NEW,KM8K33AG3PU178769,HYUN,KONA SEL,2023,,3/10/2023,38279,3/10/2024
NV030,Centennial Hyundai,NEW,KM8K33AG4PU178814,HYUN,KONA SEL,2023,,3/20/2023,38279,3/20/2024
NV030,Centennial Hyundai,NEW,KM8K33AG6PU178765,HYUN,KONA SEL,2023,,3/8/2023,38450,3/8/2024
NV030,Centennial Hyundai,NEW,KM8K33AG6PU178829,HYUN,KONA SEL,2023,,3/14/2023,38279,3/14/2024
NV030,Centennial Hyundai,NEW,KM8K33AG9PU178680,HYUN,KONA SEL,2023,,3/13/2023,38279,3/13/2024
NV030,Centennial Hyundai,NEW,KM8K5CA34PU052783,HYUN,KONA LIMITED,2023,,7/21/2023,31198,7/21/2024
NV030,Centennial Hyundai,NEW,KM8K6CAB3PU041388,HYUN,KONA SEL,2023,,6/20/2023,26439,6/20/2024
NV030,Centennial Hyundai,NEW,KM8K6CAB5PU056944,HYUN,KONA SEL,2023,,7/24/2023,26349,7/24/2024
NV030,Centennial Hyundai,NEW,KM8K6CAB7PU052393,HYUN,KONA SEL,2023,,7/5/2023,27053,7/5/2024
NV030,Centennial Hyundai,NEW,KM8K6CAB7PU054483,HYUN,KONA SEL,2023,,7/24/2023,26268,7/24/2024
NV030,Centennial Hyundai,NEW,KM8K6CAB8PU054086,HYUN,KONA SEL,2023,,7/24/2023,26268,7/24/2024
NV030,Centennial Hyundai,NEW,KM8KN4AE9PU163806,HYUN,IONIQ 5 SEL,2023,,6/13/2023,49115,6/13/2024
NV030,Centennial Hyundai,NEW,KM8KNDAF0PU148992,HYUN,IONIQ 5 SEL,2023,,3/27/2023,52285,3/27/2024
NV030,Centennial Hyundai,NEW,KM8KNDAF0PU171933,HYUN,IONIQ 5 SEL,2023,,3/13/2023,52890,3/13/2024
NV030,Centennial Hyundai,NEW,KM8KNDAF2PU168967,HYUN,IONIQ 5 SEL,2023,,4/3/2023,53495,4/3/2024
NV030,Centennial Hyundai,NEW,KM8KNDAF3PU168654,HYUN,IONIQ 5 SEL,2023,,4/3/2023,52495,4/3/2024
NV030,Centennial Hyundai,NEW,KM8KNDAF3PU172767,HYUN,IONIQ 5 SEL,2023,,3/28/2023,53615,3/28/2024
NV030,Centennial Hyundai,NEW,KM8KNDAF4PU154665,HYUN,IONIQ 5 SEL,2023,,3/28/2023,52735,3/28/2024
NV030,Centennial Hyundai,NEW,KM8KNDAF4PU159929,HYUN,IONIQ 5 SEL,2023,,3/20/2023,53835,3/20/2024
NV030,Centennial Hyundai,NEW,KM8KNDAF7PU160394,HYUN,IONIQ 5 SEL,2023,,3/8/2023,53890,3/8/2024
NV030,Centennial Hyundai,NEW,KM8KNDAF8PU160159,HYUN,IONIQ 5 SEL,2023,,2/9/2023,53290,2/9/2024
NV030,Centennial Hyundai,NEW,KM8KNDAF8PU175860,HYUN,IONIQ 5 SEL,2023,,3/13/2023,53820,3/13/2024
NV030,Centennial Hyundai,NEW,KM8KNDAFXPU172863,HYUN,IONIQ 5 SEL,2023,,3/28/2023,52670,3/28/2024
NV030,Centennial Hyundai,NEW,KM8KRDAF1PU184758,HYUN,IONIQ 5 LIMITED,2023,,6/2/2023,58670,6/2/2024
NV030,Centennial Hyundai,NEW,KM8KRDAF3PU174071,HYUN,IONIQ 5 LIMITED,2023,,3/23/2023,59265,3/23/2024
NV030,Centennial Hyundai,NEW,KM8R2DGE8PU601472,HYUN,PALISADE SEL,2023,,7/5/2023,41963,7/5/2024
NV030,Centennial Hyundai,NEW,KM8S7DA21PU085991,HYUN,SANTA FE LIMITED,2023,,6/13/2023,48055,6/13/2024
NV030,Centennial Hyundai,NEW,KM8S7DA23PU086317,HYUN,SANTA FE LIMITED,2023,,6/20/2023,48018,6/20/2024
NV030,Centennial Hyundai,NEW,KM8S7DA24PU086181,HYUN,SANTA FE LIMITED,2023,,6/2/2023,48055,6/2/2024
NV030,Centennial Hyundai,NEW,KM8S7DA25PU086996,HYUN,SANTA FE LIMITED,2023,,6/29/2023,48490,6/29/2024
NV030,Centennial Hyundai,NEW,KM8S7DA26PU090314,HYUN,SANTA FE LIMITED,2023,,7/7/2023,48075,7/7/2024
NV030,Centennial Hyundai,NEW,KM8S7DA28PU091366,HYUN,SANTA FE LIMITED,2023,,7/13/2023,48055,7/13/2024
NV030,Centennial Hyundai,NEW,KMHL64JA4PA311876,HYUN,SONATA SEL,2023,,4/25/2023,28268,4/25/2024
NV030,Centennial Hyundai,NEW,KMHLM4AG2PU577809,HYUN,ELANTRA SEL,2023,,7/5/2023,22934,7/5/2024
NV030,Centennial Hyundai,NEW,KMHLM4AG2PU599034,HYUN,ELANTRA SEL,2023,,7/7/2023,22960,7/7/2024
NV030,Centennial Hyundai,NEW,KMHLM4AG3PU583778,HYUN,ELANTRA SEL,2023,,7/5/2023,23109,7/5/2024
NV030,Centennial Hyundai,NEW,KMHLM4AG3PU595039,HYUN,ELANTRA SEL,2023,,7/3/2023,23101,7/3/2024
NV030,Centennial Hyundai,NEW,KMHLN4AJ1PU070506,HYUN,ELANTRA LIMITED,2023,,5/26/2023,29910,5/26/2024
NV030,Centennial Hyundai,NEW,KMHLN4AJ7PU059932,HYUN,ELANTRA LIMITED,2023,,4/25/2023,29747,4/25/2024
NV030,Centennial Hyundai,NEW,KMHLN4AJ7PU064600,HYUN,ELANTRA LIMITED,2023,PU064600,6/30/2023,29645,6/30/2024
NV030,Centennial Hyundai,NEW,KMHLN4AJ9PU069393,HYUN,ELANTRA LIMITED,2023,PU069393,7/10/2023,29892,4/27/2024
NV030,Centennial Hyundai,NEW,KMHLN4AJXPU075400,HYUN,ELANTRA LIMITED,2023,,6/13/2023,30033,6/13/2024
NV030,Centennial Hyundai,NEW,KMHLP4AG5PU592926,HYUN,ELANTRA LIMITED,2023,,7/7/2023,27585,7/7/2024
NV030,Centennial Hyundai,NEW,KMHLP4AG6PU585130,HYUN,ELANTRA LIMITED,2023,,6/20/2023,27606,6/20/2024
NV030,Centennial Hyundai,NEW,KMHLR4AF2PU583652,HYUN,ELANTRA N LINE,2023,,6/29/2023,28127,6/29/2024
NV030,Centennial Hyundai,NEW,KMHLR4AF2PU583991,HYUN,ELANTRA N LINE,2023,,7/5/2023,28101,7/5/2024
NV030,Centennial Hyundai,NEW,KMHLR4AF2PU586020,HYUN,ELANTRA N LINE,2023,,6/29/2023,28229,6/29/2024
NV030,Centennial Hyundai,NEW,KMHLS4AG2PU577606,HYUN,ELANTRA SEL,2023,,6/29/2023,24786,6/29/2024
NV030,Centennial Hyundai,NEW,KMHLS4AG5PU584596,HYUN,ELANTRA SEL,2023,,6/29/2023,24786,6/29/2024
NV030,Centennial Hyundai,NEW,KMHLS4AG5PU600599,HYUN,ELANTRA SEL,2023,,7/11/2023,24786,7/11/2024
NV030,Centennial Hyundai,NEW,KMHLS4AG6PU590987,HYUN,ELANTRA SEL,2023,,7/5/2023,24914,7/5/2024
NV030,Centennial Hyundai,NEW,KMHLS4AG8PU599920,HYUN,ELANTRA SEL,2023,,7/13/2023,24914,7/13/2024
NV030,Centennial Hyundai,NEW,KMHLS4AG8PU599951,HYUN,ELANTRA SEL,2023,,7/11/2023,24914,7/11/2024
NV030,Centennial Hyundai,NEW,KMHLS4AG8PU600533,HYUN,ELANTRA SEL,2023,,7/13/2023,24786,7/13/2024
NV030,Centennial Hyundai,NEW,KMHLS4AG8PU600600,HYUN,ELANTRA SEL,2023,,7/11/2023,24914,7/11/2024
NV030,Centennial Hyundai,NEW,KMHLS4AGXPU591866,HYUN,ELANTRA SEL,2023,,7/3/2023,24978,7/3/2024
NV030,Centennial Hyundai,NEW,KMHM24AA0PA036992,HYUN,IONIQ 6 SE,2023,,6/8/2023,47120,6/8/2024
NV030,Centennial Hyundai,NEW,KMHM34AA0PA028730,HYUN,IONIQ 6 SEL,2023,,5/12/2023,49260,5/12/2024
NV030,Centennial Hyundai,NEW,KMHM34AA0PA033524,HYUN,IONIQ 6 SEL,2023,,5/2/2023,49275,5/2/2024
NV030,Centennial Hyundai,NEW,KMHM34AA0PA047259,HYUN,IONIQ 6 SEL,2023,,7/24/2023,49395,7/24/2024
NV030,Centennial Hyundai,NEW,KMHM34AA1PA033385,HYUN,IONIQ 6 SEL,2023,,5/2/2023,49215,5/2/2024
NV030,Centennial Hyundai,NEW,KMHM34AA1PA033693,HYUN,IONIQ 6 SEL,2023,,4/25/2023,49320,4/25/2024
NV030,Centennial Hyundai,NEW,KMHM34AA1PA046167,HYUN,IONIQ 6 SEL,2023,,7/21/2023,49395,7/21/2024
NV030,Centennial Hyundai,NEW,KMHM34AA2PA043620,HYUN,IONIQ 6 SEL,2023,,7/21/2023,49455,7/21/2024
NV030,Centennial Hyundai,NEW,KMHM34AA3PA023683,HYUN,IONIQ 6 SEL,2023,,4/6/2023,48815,4/6/2024
NV030,Centennial Hyundai,NEW,KMHM34AA4PA033347,HYUN,IONIQ 6 SEL,2023,PA033347,6/30/2023,49275,5/4/2024
NV030,Centennial Hyundai,NEW,KMHM34AA6PA034001,HYUN,IONIQ 6 SEL,2023,,5/8/2023,49260,5/8/2024
NV030,Centennial Hyundai,NEW,KMHM34AA7PA033262,HYUN,IONIQ 6 SEL,2023,,5/4/2023,49275,5/4/2024
NV030,Centennial Hyundai,NEW,KMHM34AA7PA046464,HYUN,IONIQ 6 SEL,2023,,7/21/2023,49320,7/21/2024
NV030,Centennial Hyundai,NEW,KMHM34AA8PA033335,HYUN,IONIQ 6 SEL,2023,,4/28/2023,49215,4/28/2024
NV030,Centennial Hyundai,NEW,KMHM34AA9PA028712,HYUN,IONIQ 6 SEL,2023,,5/24/2023,49320,5/24/2024
NV030,Centennial Hyundai,NEW,KMHM34AAXPA030761,HYUN,IONIQ 6 SEL,2023,,5/2/2023,49275,5/2/2024
NV030,Centennial Hyundai,NEW,KMHM34AAXPA034146,HYUN,IONIQ 6 SEL,2023,,4/25/2023,49275,4/25/2024
NV030,Centennial Hyundai,NEW,KMHM34AC2PA019092,HYUN,IONIQ 6 SEL,2023,,7/11/2023,53610,7/11/2024
NV030,Centennial Hyundai,NEW,KMHM34AC4PA028859,HYUN,IONIQ 6 SEL,2023,,5/12/2023,52920,5/12/2024
NV030,Centennial Hyundai,NEW,KMHM34AC6PA019337,HYUN,IONIQ 6 SEL,2023,,3/29/2023,52610,3/29/2024
NV030,Centennial Hyundai,NEW,KMHM34AC8PA030100,HYUN,IONIQ 6 SEL,2023,,4/25/2023,52880,4/25/2024
NV030,Centennial Hyundai,NEW,KMHM34ACXPA030096,HYUN,IONIQ 6 SEL,2023,,5/12/2023,52775,5/12/2024
NV030,Centennial Hyundai,NEW,KMHM34ACXPA030261,HYUN,IONIQ 6 SEL,2023,,5/12/2023,53110,5/12/2024
NV030,Centennial Hyundai,NEW,KMHM34ACXPA047447,HYUN,IONIQ 6 SEL,2023,,7/21/2023,52850,7/21/2024
NV030,Centennial Hyundai,NEW,KMHM54AA2PA027816,HYUN,IONIQ 6 LIMITED,2023,,5/30/2023,54185,5/30/2024
NV030,Centennial Hyundai,NEW,KMHM54AA2PA035527,HYUN,IONIQ 6 LIMITED,2023,,5/18/2023,54670,5/18/2024
NV030,Centennial Hyundai,NEW,KMHM54AA2PA045524,HYUN,IONIQ 6 LIMITED,2023,,7/24/2023,54265,7/24/2024
NV030,Centennial Hyundai,NEW,KMHM54AA3PA026335,HYUN,IONIQ 6 LIMITED,2023,,6/16/2023,53990,6/16/2024
NV030,Centennial Hyundai,NEW,KMHM54AA4PA035836,HYUN,IONIQ 6 LIMITED,2023,,5/5/2023,54280,5/5/2024
NV030,Centennial Hyundai,NEW,KMHM54AA8PA044913,HYUN,IONIQ 6 LIMITED,2023,,7/11/2023,54250,7/11/2024
NV030,Centennial Hyundai,NEW,KMHM54AC6PA029487,HYUN,IONIQ 6 LIMITED,2023,,5/1/2023,57820,5/1/2024
NV030,Centennial Hyundai,NEW,KMHM54AC8PA029491,HYUN,IONIQ 6 LIMITED,2023,,5/24/2023,57820,5/24/2024
NV030,Centennial Hyundai,NEW,KMHRC8A30PU267143,HYUN,VENUE SEL,2023,,7/7/2023,23963,7/7/2024
NV031,ABC Hyundai,NEW,5NMJA3AEXPH288410,HYUN,TUCSON SE,2023,,7/18/2023,28073,7/18/2024
NV031,ABC Hyundai,NEW,5NMJACAE4PH288709,HYUN,TUCSON SE,2023,,7/7/2023,29530,7/7/2024
NV031,ABC Hyundai,NEW,5NMJACAEXPH290660,HYUN,TUCSON SE,2023,,7/18/2023,29315,7/18/2024
NV031,ABC Hyundai,NEW,5NMJB3AE1PH288616,HYUN,TUCSON SEL,2023,,7/18/2023,29387,7/18/2024
NV031,ABC Hyundai,NEW,5NMJB3AE4PH288447,HYUN,TUCSON SEL,2023,,7/19/2023,29303,7/19/2024
NV031,ABC Hyundai,NEW,5NMJBCAE0PH289045,HYUN,TUCSON SEL,2023,,7/18/2023,31590,7/18/2024
NV031,ABC Hyundai,NEW,5NMJBCAE3PH288990,HYUN,TUCSON SEL,2023,,7/19/2023,31264,7/19/2024
NV031,ABC Hyundai,NEW,5NMJBCAE9PH290632,HYUN,TUCSON SEL,2023,,7/19/2023,31152,7/19/2024
NV031,ABC Hyundai,NEW,5NMJBCAEXPH289280,HYUN,TUCSON SEL,2023,,7/18/2023,31152,7/18/2024
NV031,ABC Hyundai,NEW,5NMJECAE5PH289789,HYUN,TUCSON LIMITED,2023,,7/19/2023,37925,7/19/2024
NV031,ABC Hyundai,NEW,5NMJF3AE3PH290064,HYUN,TUCSON SEL,2023,,7/18/2023,31935,7/18/2024
NV031,ABC Hyundai,NEW,5NMJF3AE5PH288994,HYUN,TUCSON SEL,2023,,7/18/2023,32320,7/18/2024
NV031,ABC Hyundai,NEW,5NMJFCAE2PH289083,HYUN,TUCSON SEL,2023,,7/18/2023,33395,7/18/2024
NV031,ABC Hyundai,NEW,5NMJFCAE2PH290444,HYUN,TUCSON SEL,2023,,7/18/2023,33064,7/18/2024
NV031,ABC Hyundai,NEW,5NMJFCAEXPH288652,HYUN,TUCSON SEL,2023,,7/7/2023,33395,7/7/2024
NV031,ABC Hyundai,NEW,5NMJFCAEXPH288862,HYUN,TUCSON SEL,2023,,7/18/2023,33395,7/18/2024
NV031,ABC Hyundai,NEW,5NMS24AJ4PH596130,HYUN,SANTA FE SEL,2023,,7/18/2023,33448,7/18/2024
NV031,ABC Hyundai,NEW,5NMS2DAJ2PH596109,HYUN,SANTA FE SEL,2023,,7/18/2023,35055,7/18/2024
NV031,ABC Hyundai,NEW,5NMS2DAJ3PH589184,HYUN,SANTA FE SEL,2023,,7/7/2023,34937,7/7/2024
NV031,ABC Hyundai,NEW,5NMS2DAJ3PH595793,HYUN,SANTA FE SEL,2023,,7/7/2023,35071,7/7/2024
NV031,ABC Hyundai,NEW,5NMS2DAJ6PH595450,HYUN,SANTA FE SEL,2023,,7/18/2023,35433,7/18/2024
NV031,ABC Hyundai,NEW,5NMS3DA10PH006566,HYUN,SANTA FE SEL PREMIUM,2023,,4/7/2023,40726,4/7/2024
NV031,ABC Hyundai,NEW,5NMS3DA13PH006240,HYUN,SANTA FE SEL PREMIUM,2023,,3/24/2023,40369,3/24/2024
NV031,ABC Hyundai,NEW,5NMS3DA14PH012368,HYUN,SANTA FE SEL PREMIUM,2023,,7/7/2023,41141,7/7/2024
NV031,ABC Hyundai,NEW,5NMS3DAJ0PH559637,HYUN,SANTA FE SEL PREMIUM,2023,,3/28/2023,39425,3/28/2024
NV031,ABC Hyundai,NEW,5NMS3DAJ1PH584725,HYUN,SANTA FE SEL PREMIUM,2023,,6/22/2023,39872,6/22/2024
NV031,ABC Hyundai,NEW,5NMS3DAJ9PH595567,HYUN,SANTA FE SEL PREMIUM,2023,,7/18/2023,39493,7/18/2024
NV031,ABC Hyundai,NEW,5NMS5DA16PH012933,HYUN,SANTA FE LIMITED,2023,,7/19/2023,42470,7/19/2024
NV031,ABC Hyundai,NEW,5NMS5DA18PH005739,HYUN,SANTA FE LIMITED,2023,,3/8/2023,42112,3/8/2024
NV031,ABC Hyundai,NEW,5NMS5DA19PH011825,HYUN,SANTA FE LIMITED,2023,,6/28/2023,42372,6/28/2024
NV031,ABC Hyundai,NEW,5NPLP4AG7PH119785,HYUN,ELANTRA LIMITED,2023,,6/22/2023,27593,6/22/2024
NV031,ABC Hyundai,NEW,5NTJA4AE0RH080890,HYUN,SANTA CRUZ SE,2024,,7/19/2023,28107,7/19/2024
NV031,ABC Hyundai,NEW,5NTJBDAE2RH079981,HYUN,SANTA CRUZ SEL,2024,,7/19/2023,31683,7/19/2024
NV031,ABC Hyundai,NEW,5NTJC4AE6RH080144,HYUN,SANTA CRUZ SEL,2024,,7/19/2023,33884,7/19/2024
NV031,ABC Hyundai,NEW,5NTJC4AE7RH080363,HYUN,SANTA CRUZ SEL,2024,,7/19/2023,33884,7/19/2024
NV031,ABC Hyundai,NEW,5NTJCDAF9RH079451,HYUN,SANTA CRUZ NIGHT,2024,,7/18/2023,38819,7/18/2024
NV031,ABC Hyundai,NEW,KM8JBDA27PU124996,HYUN,TUCSON SEL,2023,,5/26/2023,38052,5/26/2024
NV031,ABC Hyundai,NEW,KM8JFCA10PU094522,HYUN,TUCSON SEL CONVENIENCE,2023,,3/27/2023,34475,3/27/2024
NV031,ABC Hyundai,NEW,KM8JFCA11PU101266,HYUN,TUCSON SEL CONVENIENCE,2023,,7/20/2023,35186,7/20/2024
NV031,ABC Hyundai,NEW,KM8JFDA24PU124409,HYUN,TUCSON LIMITED,2023,,5/16/2023,45172,5/16/2024
NV031,ABC Hyundai,NEW,KM8K33A35PU045363,HYUN,KONA SEL,2023,,7/7/2023,28916,7/7/2024
NV031,ABC Hyundai,NEW,KM8K53AG1PU167117,HYUN,KONA LIMITED,2023,,12/6/2022,42402,12/6/2023
NV031,ABC Hyundai,NEW,KM8K53AG7PU167395,HYUN,KONA LIMITED,2023,,11/22/2022,42773,11/22/2023
NV031,ABC Hyundai,NEW,KM8K62AB4PU045346,HYUN,KONA SEL,2023,,7/12/2023,25116,7/12/2024
NV031,ABC Hyundai,NEW,KM8K62AB9PU045083,HYUN,KONA SEL,2023,,6/16/2023,25116,6/16/2024
NV031,ABC Hyundai,NEW,KM8KNDAF1PU160584,HYUN,IONIQ 5 SEL,2023,,1/24/2023,53890,1/24/2024
NV031,ABC Hyundai,NEW,KM8KNDAF2PU160125,HYUN,IONIQ 5 SEL,2023,,2/8/2023,53290,2/8/2024
NV031,ABC Hyundai,NEW,KM8KNDAF3PU188600,HYUN,IONIQ 5 SEL,2023,,5/3/2023,52495,5/3/2024
NV031,ABC Hyundai,NEW,KM8KNDAF5PU143058,HYUN,IONIQ 5 SEL,2023,PU143058,3/10/2023,52570,3/10/2024
NV031,ABC Hyundai,NEW,KM8KNDAF5PU148759,HYUN,IONIQ 5 SEL,2023,PU148759,3/10/2023,53130,3/10/2024
NV031,ABC Hyundai,NEW,KM8KNDAF5PU189179,HYUN,IONIQ 5 SEL,2023,,5/8/2023,53270,5/8/2024
NV031,ABC Hyundai,NEW,KM8KNDAF6PU147913,HYUN,IONIQ 5 SEL,2023,PU147913,3/10/2023,52780,3/10/2024
NV031,ABC Hyundai,NEW,KM8KNDAF6PU176666,HYUN,IONIQ 5 SEL,2023,,4/7/2023,53820,4/7/2024
NV031,ABC Hyundai,NEW,KM8KNDAF6PU188705,HYUN,IONIQ 5 SEL,2023,,4/26/2023,52495,4/26/2024
NV031,ABC Hyundai,NEW,KM8KNDAF6PU189353,HYUN,IONIQ 5 SEL,2023,,5/9/2023,53820,5/9/2024
NV031,ABC Hyundai,NEW,KM8KNDAF7PU168432,HYUN,IONIQ 5 SEL,2023,,3/28/2023,53700,3/28/2024
NV031,ABC Hyundai,NEW,KM8KNDAF8PU180749,HYUN,IONIQ 5 SEL,2023,,4/6/2023,52820,4/6/2024
NV031,ABC Hyundai,NEW,KM8KNDAF9PU142320,HYUN,IONIQ 5 SEL,2023,PU142320,3/10/2023,53030,3/10/2024
NV031,ABC Hyundai,NEW,KM8KNDAFXPU145470,HYUN,IONIQ 5 SEL,2023,PU145470,3/10/2023,52780,3/10/2024
NV031,ABC Hyundai,NEW,KM8KNDAFXPU188920,HYUN,IONIQ 5 SEL,2023,,4/26/2023,53495,4/26/2024
NV031,ABC Hyundai,NEW,KM8KR4AE4PU189783,HYUN,IONIQ 5 LIMITED,2023,,6/7/2023,54480,6/7/2024
NV031,ABC Hyundai,NEW,KM8KR4AE6PU189039,HYUN,IONIQ 5 LIMITED,2023,,7/5/2023,54420,7/5/2024
NV031,ABC Hyundai,NEW,KM8KR4AE8PU189656,HYUN,IONIQ 5 LIMITED,2023,,7/5/2023,54420,7/5/2024
NV031,ABC Hyundai,NEW,KM8KRDAF1PU195422,HYUN,IONIQ 5 LIMITED,2023,,5/23/2023,59370,5/23/2024
NV031,ABC Hyundai,NEW,KM8KRDAF2PU195042,HYUN,IONIQ 5 LIMITED,2023,,5/23/2023,58770,5/23/2024
NV031,ABC Hyundai,NEW,KM8KRDAF4PU182860,HYUN,IONIQ 5 LIMITED,2023,,6/1/2023,58790,6/1/2024
NV031,ABC Hyundai,NEW,KM8KRDAF5PU182849,HYUN,IONIQ 5 LIMITED,2023,,6/1/2023,58790,6/1/2024
NV031,ABC Hyundai,NEW,KM8KRDAF6PU182813,HYUN,IONIQ 5 LIMITED,2023,,6/1/2023,58340,6/1/2024
NV031,ABC Hyundai,NEW,KM8KRDAF6PU185677,HYUN,IONIQ 5 LIMITED,2023,,6/16/2023,58495,6/16/2024
NV031,ABC Hyundai,NEW,KM8KRDAF7PU183629,HYUN,IONIQ 5 LIMITED,2023,,5/2/2023,58045,5/2/2024
NV031,ABC Hyundai,NEW,KM8KRDAF7PU194923,HYUN,IONIQ 5 LIMITED,2023,,5/23/2023,58370,5/23/2024
NV031,ABC Hyundai,NEW,KM8KRDAF7PU195537,HYUN,IONIQ 5 LIMITED,2023,,5/23/2023,58370,5/23/2024
NV031,ABC Hyundai,NEW,KM8KRDAF8PU194879,HYUN,IONIQ 5 LIMITED,2023,,5/19/2023,58370,5/19/2024
NV031,ABC Hyundai,NEW,KM8KRDAFXPU182863,HYUN,IONIQ 5 LIMITED,2023,,6/1/2023,58790,6/1/2024
NV031,ABC Hyundai,NEW,KM8R4DGE1PU640480,HYUN,PALISADE SEL PREMIUM,2023,,7/20/2023,46175,7/20/2024
NV031,ABC Hyundai,NEW,KM8R74GE1PU644102,HYUN,PALISADE CALLIGRAPHY,2023,,7/20/2023,50148,7/20/2024
NV031,ABC Hyundai,NEW,KM8S6DA23PU073909,HYUN,SANTA FE SEL,2023,,4/14/2023,42342,4/14/2024
NV031,ABC Hyundai,NEW,KM8S7DA29PU084197,HYUN,SANTA FE LIMITED,2023,,5/26/2023,47980,5/26/2024
NV031,ABC Hyundai,NEW,KM8S7DA29PU086175,HYUN,SANTA FE LIMITED,2023,,6/2/2023,48055,6/2/2024
NV031,ABC Hyundai,NEW,KMHL24JJ6PA071094,HYUN,SONATA HYBRID,2023,,7/14/2023,28830,7/14/2024
NV031,ABC Hyundai,NEW,KMHL34JJ3PA071034,HYUN,SONATA HYBRID,2023,,7/17/2023,32070,7/17/2024
NV031,ABC Hyundai,NEW,KMHL34JJ6PA071058,HYUN,SONATA HYBRID,2023,,7/14/2023,32070,7/14/2024
NV031,ABC Hyundai,NEW,KMHL54JJ8PA065367,HYUN,SONATA HYBRID,2023,PA065367,7/5/2023,37246,7/5/2024
NV031,ABC Hyundai,NEW,KMHLL4AG1PU596919,HYUN,ELANTRA SE,2023,,7/17/2023,22201,7/17/2024
NV031,ABC Hyundai,NEW,KMHLL4AG3PU597876,HYUN,ELANTRA SE,2023,,7/20/2023,22056,7/20/2024
NV031,ABC Hyundai,NEW,KMHLM4AG5PU609815,HYUN,ELANTRA SEL,2023,,7/20/2023,23126,7/20/2024
NV031,ABC Hyundai,NEW,KMHLM4AJ8PU075267,HYUN,ELANTRA BLUE,2023,,6/14/2023,25730,6/14/2024
NV031,ABC Hyundai,NEW,KMHLN4AJ9PU070527,HYUN,ELANTRA LIMITED,2023,,7/20/2023,29828,7/20/2024
NV031,ABC Hyundai,NEW,KMHLP4AG3PU584761,HYUN,ELANTRA LIMITED,2023,,6/22/2023,27593,6/22/2024
NV031,ABC Hyundai,NEW,KMHLP4AG3PU601963,HYUN,ELANTRA LIMITED,2023,,7/7/2023,27585,7/7/2024
NV031,ABC Hyundai,NEW,KMHLP4AG6PU592966,HYUN,ELANTRA LIMITED,2023,,7/3/2023,27444,7/3/2024
NV031,ABC Hyundai,NEW,KMHLP4AGXPU561719,HYUN,ELANTRA LIMITED,2023,,7/12/2023,27593,7/12/2024
NV031,ABC Hyundai,NEW,KMHLS4AG2PU602231,HYUN,ELANTRA SEL,2023,,7/7/2023,24914,7/7/2024
NV031,ABC Hyundai,NEW,KMHLS4AG5PU592648,HYUN,ELANTRA SEL,2023,,6/28/2023,24914,6/28/2024
NV031,ABC Hyundai,NEW,KMHLS4AG8PU591929,HYUN,ELANTRA SEL,2023,,6/28/2023,24961,6/28/2024
NV031,ABC Hyundai,NEW,KMHLS4AG8PU592529,HYUN,ELANTRA SEL,2023,,7/7/2023,24786,7/7/2024
NV031,ABC Hyundai,NEW,KMHLS4AG8PU592546,HYUN,ELANTRA SEL,2023,,6/28/2023,24914,6/28/2024
NV031,ABC Hyundai,NEW,KMHLS4AG9PU601500,HYUN,ELANTRA SEL,2023,,7/7/2023,24786,7/7/2024
NV031,ABC Hyundai,NEW,KMHM34AA0PA033426,HYUN,IONIQ 6 SEL,2023,,4/26/2023,49200,4/26/2024
NV031,ABC Hyundai,NEW,KMHM34AA3PA028530,HYUN,IONIQ 6 SEL,2023,,5/23/2023,49275,5/23/2024
NV031,ABC Hyundai,NEW,KMHM34AA3PA034120,HYUN,IONIQ 6 SEL,2023,,4/26/2023,49270,4/26/2024
NV031,ABC Hyundai,NEW,KMHM34AA4PA028777,HYUN,IONIQ 6 SEL,2023,,5/12/2023,49275,5/12/2024
NV031,ABC Hyundai,NEW,KMHM34AA4PA033767,HYUN,IONIQ 6 SEL,2023,,4/26/2023,49200,4/26/2024
NV031,ABC Hyundai,NEW,KMHM34AA5PA028674,HYUN,IONIQ 6 SEL,2023,,5/12/2023,49270,5/12/2024
NV031,ABC Hyundai,NEW,KMHM34AA6PA030322,HYUN,IONIQ 6 SEL,2023,,5/11/2023,49650,5/11/2024
NV031,ABC Hyundai,NEW,KMHM34AA7PA033231,HYUN,IONIQ 6 SEL,2023,,5/4/2023,49725,5/4/2024
NV031,ABC Hyundai,NEW,KMHM34AA9PA020951,HYUN,IONIQ 6 SEL,2023,,3/29/2023,49110,3/29/2024
NV031,ABC Hyundai,NEW,KMHM34AAXPA033160,HYUN,IONIQ 6 SEL,2023,,5/4/2023,49200,5/4/2024
NV031,ABC Hyundai,NEW,KMHM34AC0PA024694,HYUN,IONIQ 6 SEL,2023,,4/13/2023,52315,4/13/2024
NV031,ABC Hyundai,NEW,KMHM34AC1PA019794,HYUN,IONIQ 6 SEL,2023,,3/29/2023,52700,3/29/2024
NV031,ABC Hyundai,NEW,KMHM34AC1PA022162,HYUN,IONIQ 6 SEL,2023,,3/29/2023,52700,3/29/2024
NV031,ABC Hyundai,NEW,KMHM34AC1PA033470,HYUN,IONIQ 6 SEL,2023,,5/2/2023,52775,5/2/2024
NV031,ABC Hyundai,NEW,KMHM34AC1PA037924,HYUN,IONIQ 6 SEL,2023,,6/8/2023,52750,6/8/2024
NV031,ABC Hyundai,NEW,KMHM34AC3PA037505,HYUN,IONIQ 6 SEL,2023,,6/8/2023,52820,6/8/2024
NV031,ABC Hyundai,NEW,KMHM34AC6PA030225,HYUN,IONIQ 6 SEL,2023,,5/8/2023,53150,5/8/2024
NV031,ABC Hyundai,NEW,KMHM34ACXPA030115,HYUN,IONIQ 6 SEL,2023,,5/10/2023,52775,5/10/2024
NV031,ABC Hyundai,NEW,KMHM54AA2PA036242,HYUN,IONIQ 6 LIMITED,2023,,5/19/2023,54220,5/19/2024
NV031,ABC Hyundai,NEW,KMHM54AA3PA033592,HYUN,IONIQ 6 LIMITED,2023,,5/2/2023,54620,5/2/2024
NV031,ABC Hyundai,NEW,KMHM54AA7PA028721,HYUN,IONIQ 6 LIMITED,2023,,5/10/2023,54110,5/10/2024
NV031,ABC Hyundai,NEW,KMHM54AA8PA029313,HYUN,IONIQ 6 LIMITED,2023,,5/4/2023,54060,5/4/2024
NV031,ABC Hyundai,NEW,KMHM54AC5PA030579,HYUN,IONIQ 6 LIMITED,2023,,6/9/2023,57630,6/9/2024
NV031,ABC Hyundai,NEW,KMHM54AC7PA030065,HYUN,IONIQ 6 LIMITED,2023,,5/12/2023,57745,5/12/2024
NV031,ABC Hyundai,NEW,KMHM54AC9PA026549,HYUN,IONIQ 6 LIMITED,2023,,6/16/2023,57455,6/16/2024
NV031,ABC Hyundai,NEW,KMHRC8A3XPU266436,HYUN,VENUE SEL,2023,,7/7/2023,22672,7/7/2024
NV032,Hyundai of Las Vegas,NEW,5NMJA3AE0PH288433,HYUN,TUCSON SE,2023,,7/3/2023,28073,7/3/2024
NV032,Hyundai of Las Vegas,NEW,5NMJA3AE3PH269746,HYUN,TUCSON SE,2023,,5/30/2023,28385,5/30/2024
NV032,Hyundai of Las Vegas,NEW,5NMJACAE5PH282448,HYUN,TUCSON SE,2023,,6/21/2023,29508,6/21/2024
NV032,Hyundai of Las Vegas,NEW,5NMJACAE6PH288730,HYUN,TUCSON SE,2023,,7/14/2023,29534,7/14/2024
NV032,Hyundai of Las Vegas,NEW,5NMJACAEXPH288889,HYUN,TUCSON SE,2023,,7/19/2023,29534,7/19/2024
NV032,Hyundai of Las Vegas,NEW,5NMJB3AE1PH288681,HYUN,TUCSON SEL,2023,,7/10/2023,29691,7/10/2024
NV032,Hyundai of Las Vegas,NEW,5NMJBCAE0PH289871,HYUN,TUCSON SEL,2023,,7/19/2023,30873,7/19/2024
NV032,Hyundai of Las Vegas,NEW,5NMJBCAE1PH288454,HYUN,TUCSON SEL,2023,,7/6/2023,31200,7/6/2024
NV032,Hyundai of Las Vegas,NEW,5NMJBCAE6PH289261,HYUN,TUCSON SEL,2023,,7/19/2023,31204,7/19/2024
NV032,Hyundai of Las Vegas,NEW,5NMJE3AE0PH288968,HYUN,TUCSON LIMITED,2023,,7/10/2023,36837,7/10/2024
NV032,Hyundai of Las Vegas,NEW,5NMJE3AE3PH268651,HYUN,TUCSON LIMITED,2023,PH268651,6/23/2023,37114,6/23/2024
NV032,Hyundai of Las Vegas,NEW,5NMJECAE0PH288713,HYUN,TUCSON LIMITED,2023,,7/14/2023,38282,7/14/2024
NV032,Hyundai of Las Vegas,NEW,5NMJECAE4PH289184,HYUN,TUCSON LIMITED,2023,,7/14/2023,38282,7/14/2024
NV032,Hyundai of Las Vegas,NEW,5NMJF3AE1PH288409,HYUN,TUCSON SEL,2023,,7/14/2023,31935,7/14/2024
NV032,Hyundai of Las Vegas,NEW,5NMJF3AE5PH289790,HYUN,TUCSON SEL,2023,,7/14/2023,31994,7/14/2024
NV032,Hyundai of Las Vegas,NEW,5NMJF3AEXPH288912,HYUN,TUCSON SEL,2023,,7/14/2023,31931,7/14/2024
NV032,Hyundai of Las Vegas,NEW,5NMJFCAE2PH288595,HYUN,TUCSON SEL,2023,,7/3/2023,33395,7/3/2024
NV032,Hyundai of Las Vegas,NEW,5NMJFCAE3PH288539,HYUN,TUCSON SEL,2023,,7/14/2023,33395,7/14/2024
NV032,Hyundai of Las Vegas,NEW,5NMJFCAE9PH288478,HYUN,TUCSON SEL,2023,,7/3/2023,33395,7/3/2024
NV032,Hyundai of Las Vegas,NEW,5NMJFCAE9PH288528,HYUN,TUCSON SEL,2023,,7/3/2023,33834,7/3/2024
NV032,Hyundai of Las Vegas,NEW,5NMJFCAE9PH289873,HYUN,TUCSON SEL,2023,,7/10/2023,33064,7/10/2024
NV032,Hyundai of Las Vegas,NEW,5NMS1DAJ9PH595803,HYUN,SANTA FE SE,2023,,7/19/2023,31372,7/19/2024
NV032,Hyundai of Las Vegas,NEW,5NMS2DA17PH012562,HYUN,SANTA FE BLUE,2023,,7/19/2023,37430,7/19/2024
NV032,Hyundai of Las Vegas,NEW,5NMS2DAJ5PH595858,HYUN,SANTA FE SEL,2023,,7/19/2023,35433,7/19/2024
NV032,Hyundai of Las Vegas,NEW,5NMS2DAJ6PH590409,HYUN,SANTA FE SEL,2023,,6/28/2023,35372,6/28/2024
NV032,Hyundai of Las Vegas,NEW,5NMS2DAJ7PH595716,HYUN,SANTA FE SEL,2023,,7/10/2023,34998,7/10/2024
NV032,Hyundai of Las Vegas,NEW,5NMS2DAJ8PH594977,HYUN,SANTA FE SEL,2023,,7/6/2023,34998,7/6/2024
NV032,Hyundai of Las Vegas,NEW,5NMS2DAJXPH595497,HYUN,SANTA FE SEL,2023,,7/6/2023,34998,7/6/2024
NV032,Hyundai of Las Vegas,NEW,5NMS34AJ4PH585058,HYUN,SANTA FE SEL PREMIUM,2023,,6/12/2023,38187,6/12/2024
NV032,Hyundai of Las Vegas,NEW,5NMS3DA13PH011504,HYUN,SANTA FE SEL PREMIUM,2023,,6/21/2023,40633,6/21/2024
NV032,Hyundai of Las Vegas,NEW,5NMS3DA14PH006523,HYUN,SANTA FE SEL PREMIUM,2023,,4/4/2023,41117,4/4/2024
NV032,Hyundai of Las Vegas,NEW,5NMS3DA1XPH012617,HYUN,SANTA FE SEL PREMIUM,2023,,7/19/2023,41141,7/19/2024
NV032,Hyundai of Las Vegas,NEW,5NMS3DA1XPH012634,HYUN,SANTA FE SEL PREMIUM,2023,,7/10/2023,40726,7/10/2024
NV032,Hyundai of Las Vegas,NEW,5NMS3DAJ1PH584854,HYUN,SANTA FE SEL PREMIUM,2023,,6/14/2023,39842,6/14/2024
NV032,Hyundai of Las Vegas,NEW,5NMS3DAJ3PH584581,HYUN,SANTA FE SEL PREMIUM,2023,,6/21/2023,39407,6/21/2024
NV032,Hyundai of Las Vegas,NEW,5NMS3DAJ7PH595356,HYUN,SANTA FE SEL PREMIUM,2023,,7/3/2023,39928,7/3/2024
NV032,Hyundai of Las Vegas,NEW,5NMS3DAJ8PH595947,HYUN,SANTA FE SEL PREMIUM,2023,,7/19/2023,39928,7/19/2024
NV032,Hyundai of Las Vegas,NEW,5NMS44AL8PH578449,HYUN,SANTA FE LIMITED,2023,,5/30/2023,41263,5/30/2024
NV032,Hyundai of Las Vegas,NEW,5NMS54AL4PH592202,HYUN,SANTA FE CALLIGRAPHY,2023,,6/28/2023,43223,6/28/2024
NV032,Hyundai of Las Vegas,NEW,5NMS5DA11PH012533,HYUN,SANTA FE LIMITED,2023,,7/14/2023,42466,7/14/2024
NV032,Hyundai of Las Vegas,NEW,5NMS5DA18PH012674,HYUN,SANTA FE LIMITED,2023,,7/19/2023,42466,7/19/2024
NV032,Hyundai of Las Vegas,NEW,5NMS5DA19PH010609,HYUN,SANTA FE LIMITED,2023,,6/12/2023,42274,6/12/2024
NV032,Hyundai of Las Vegas,NEW,5NMS6DAJ4PH591191,HYUN,SANTA FE XRT,2023,,6/28/2023,36737,6/28/2024
NV032,Hyundai of Las Vegas,NEW,5NPLS4AG3PH115621,HYUN,ELANTRA SEL,2023,,6/14/2023,25059,6/14/2024
NV032,Hyundai of Las Vegas,NEW,5NTJBDAE5RH079442,HYUN,SANTA CRUZ SEL,2024,,7/14/2023,32287,7/14/2024
NV032,Hyundai of Las Vegas,NEW,5NTJDDAF6PH073049,HYUN,SANTA CRUZ SEL PREMIUM,2023,,5/25/2023,38226,5/25/2024
NV032,Hyundai of Las Vegas,NEW,KM8JB3AE1PU255247,HYUN,TUCSON SEL,2023,,6/2/2023,29691,6/2/2024
NV032,Hyundai of Las Vegas,NEW,KM8JBDA20PU124743,HYUN,TUCSON SEL,2023,,5/30/2023,38036,5/30/2024
NV032,Hyundai of Las Vegas,NEW,KM8JECA1XPU127321,HYUN,TUCSON LIMITED,2023,,5/30/2023,39608,5/30/2024
NV032,Hyundai of Las Vegas,NEW,KM8JFCA15PU126512,HYUN,TUCSON SEL CONVENIENCE,2023,PU126512,7/24/2023,35263,7/24/2024
NV032,Hyundai of Las Vegas,NEW,KM8JFCA16PU110657,HYUN,TUCSON SEL CONVENIENCE,2023,PU110657,7/7/2023,34475,4/14/2024
NV032,Hyundai of Las Vegas,NEW,KM8JFDA21PU124402,HYUN,TUCSON LIMITED,2023,,5/25/2023,45112,5/25/2024
NV032,Hyundai of Las Vegas,NEW,KM8JFDA24PU119243,HYUN,TUCSON LIMITED,2023,,5/15/2023,45048,5/15/2024
NV032,Hyundai of Las Vegas,NEW,KM8K2CAB6PU042238,HYUN,KONA SE,2023,,6/13/2023,25044,6/13/2024
NV032,Hyundai of Las Vegas,NEW,KM8K33AG7PU167810,HYUN,KONA SEL,2023,,11/16/2022,38844,11/16/2023
NV032,Hyundai of Las Vegas,NEW,KM8K33AGXPU167803,HYUN,KONA SEL,2023,,11/22/2022,38844,11/22/2023
NV032,Hyundai of Las Vegas,NEW,KM8K3CAB7PU043847,HYUN,KONA SEL,2023,,6/23/2023,28767,6/23/2024
NV032,Hyundai of Las Vegas,NEW,KM8K5CA39PU047773,HYUN,KONA LIMITED,2023,,6/16/2023,31287,6/16/2024
NV032,Hyundai of Las Vegas,NEW,KM8KH3AC8PU008163,HYUN,KONA N BASE,2023,,6/21/2023,35182,6/21/2024
NV032,Hyundai of Las Vegas,NEW,KM8KMDAF3PU205172,HYUN,IONIQ 5 SE,2023,,6/30/2023,50545,6/30/2024
NV032,Hyundai of Las Vegas,NEW,KM8KMDAF7PU205210,HYUN,IONIQ 5 SE,2023,,6/29/2023,50695,6/29/2024
NV032,Hyundai of Las Vegas,NEW,KM8KNDAF0PU149074,HYUN,IONIQ 5 SEL,2023,,3/21/2023,53285,3/21/2024
NV032,Hyundai of Las Vegas,NEW,KM8KNDAF0PU160530,HYUN,IONIQ 5 SEL,2023,,2/8/2023,53290,2/8/2024
NV032,Hyundai of Las Vegas,NEW,KM8KNDAF1PU189339,HYUN,IONIQ 5 SEL,2023,,5/10/2023,53820,5/10/2024
NV032,Hyundai of Las Vegas,NEW,KM8KNDAF2PU143115,HYUN,IONIQ 5 SEL,2023,PU143115,1/20/2023,52970,1/20/2024
NV032,Hyundai of Las Vegas,NEW,KM8KNDAF4PU150339,HYUN,IONIQ 5 SEL,2023,,1/6/2023,53130,1/6/2024
NV032,Hyundai of Las Vegas,NEW,KM8KNDAF5PU141973,HYUN,IONIQ 5 SEL,2023,PU141973,1/20/2023,52580,1/20/2024
NV032,Hyundai of Las Vegas,NEW,KM8KNDAF5PU148762,HYUN,IONIQ 5 SEL,2023,PU148762,1/20/2023,53130,1/20/2024
NV032,Hyundai of Las Vegas,NEW,KM8KNDAF8PU144690,HYUN,IONIQ 5 SEL,2023,PU144690,1/20/2023,52245,1/20/2024
NV032,Hyundai of Las Vegas,NEW,KM8KNDAF9PU149171,HYUN,IONIQ 5 SEL,2023,,3/28/2023,52735,3/28/2024
NV032,Hyundai of Las Vegas,NEW,KM8KNDAFXPU189811,HYUN,IONIQ 5 SEL,2023,,5/10/2023,53820,5/10/2024
NV032,Hyundai of Las Vegas,NEW,KM8KR4AE5PU200869,HYUN,IONIQ 5 LIMITED,2023,,7/12/2023,54650,7/12/2024
NV032,Hyundai of Las Vegas,NEW,KM8KRDAF1PU208458,HYUN,IONIQ 5 LIMITED,2023,,6/22/2023,58510,6/22/2024
NV032,Hyundai of Las Vegas,NEW,KM8KRDAF2PU195297,HYUN,IONIQ 5 LIMITED,2023,,5/19/2023,58370,5/19/2024
NV032,Hyundai of Las Vegas,NEW,KM8KRDAF4PU195401,HYUN,IONIQ 5 LIMITED,2023,,5/19/2023,58370,5/19/2024
NV032,Hyundai of Las Vegas,NEW,KM8KRDAF5PU182852,HYUN,IONIQ 5 LIMITED,2023,,5/30/2023,58790,5/30/2024
NV032,Hyundai of Las Vegas,NEW,KM8KRDAF7PU163803,HYUN,IONIQ 5 LIMITED,2023,,7/21/2023,58840,7/21/2024
NV032,Hyundai of Las Vegas,NEW,KM8KRDAF8PU182733,HYUN,IONIQ 5 LIMITED,2023,,5/26/2023,58340,5/26/2024
NV032,Hyundai of Las Vegas,NEW,KM8KRDAFXPU195547,HYUN,IONIQ 5 LIMITED,2023,,5/19/2023,58370,5/19/2024
NV032,Hyundai of Las Vegas,NEW,KM8R2DGE5PU593752,HYUN,PALISADE SEL,2023,,7/24/2023,41534,7/24/2024
NV032,Hyundai of Las Vegas,NEW,KM8R3DGE3PU616653,HYUN,PALISADE XRT,2023,PU616653,7/13/2023,43637,7/13/2024
NV032,Hyundai of Las Vegas,NEW,KM8R44GE4PU625231,HYUN,PALISADE SEL PREMIUM,2023,,6/7/2023,44526,6/7/2024
NV032,Hyundai of Las Vegas,NEW,KM8R4DGE1PU635277,HYUN,PALISADE SEL PREMIUM,2023,PU635277,7/20/2023,46187,7/20/2024
NV032,Hyundai of Las Vegas,NEW,KM8R74GE9PU645644,HYUN,PALISADE CALLIGRAPHY,2023,,7/18/2023,50204,7/18/2024
NV032,Hyundai of Las Vegas,NEW,KM8S7DA21PU075980,HYUN,SANTA FE LIMITED,2023,,4/5/2023,48453,4/5/2024
NV032,Hyundai of Las Vegas,NEW,KM8S7DA23PU086091,HYUN,SANTA FE LIMITED,2023,,6/2/2023,48018,6/2/2024
NV032,Hyundai of Las Vegas,NEW,KM8S7DA24PU077240,HYUN,SANTA FE LIMITED,2023,,5/2/2023,47765,5/2/2024
NV032,Hyundai of Las Vegas,NEW,KM8S7DA26PU090393,HYUN,SANTA FE LIMITED,2023,,7/7/2023,48055,7/7/2024
NV032,Hyundai of Las Vegas,NEW,KM8S7DA27PU086336,HYUN,SANTA FE LIMITED,2023,,6/16/2023,48018,6/16/2024
NV032,Hyundai of Las Vegas,NEW,KMHL14JAXPA309967,HYUN,SONATA SEL,2023,,6/21/2023,30185,6/21/2024
NV032,Hyundai of Las Vegas,NEW,KMHL34JJ4PA070961,HYUN,SONATA HYBRID,2023,,7/14/2023,32156,7/14/2024
NV032,Hyundai of Las Vegas,NEW,KMHL34JJ4PA071012,HYUN,SONATA HYBRID,2023,,7/14/2023,32070,7/14/2024
NV032,Hyundai of Las Vegas,NEW,KMHL34JJ6PA065034,HYUN,SONATA HYBRID,2023,,6/9/2023,31952,6/9/2024
NV032,Hyundai of Las Vegas,NEW,KMHL54JJ1PA070121,HYUN,SONATA HYBRID,2023,,7/17/2023,36904,7/17/2024
NV032,Hyundai of Las Vegas,NEW,KMHL54JJ4PA070727,HYUN,SONATA HYBRID,2023,,7/18/2023,37338,7/18/2024
NV032,Hyundai of Las Vegas,NEW,KMHL54JJ7PA070639,HYUN,SONATA HYBRID,2023,,7/18/2023,36949,7/18/2024
NV032,Hyundai of Las Vegas,NEW,KMHLL4AG1PU596046,HYUN,ELANTRA SE,2023,,7/5/2023,22056,7/5/2024
NV032,Hyundai of Las Vegas,NEW,KMHLL4AG6PU596057,HYUN,ELANTRA SE,2023,,7/5/2023,21928,7/5/2024
NV032,Hyundai of Las Vegas,NEW,KMHLL4AG8PU595007,HYUN,ELANTRA SE,2023,,7/5/2023,22056,7/5/2024
NV032,Hyundai of Las Vegas,NEW,KMHLM4AG1PU601372,HYUN,ELANTRA SEL,2023,,7/7/2023,22960,7/7/2024
NV032,Hyundai of Las Vegas,NEW,KMHLM4AG3PU583764,HYUN,ELANTRA SEL,2023,,6/23/2023,23109,6/23/2024
NV032,Hyundai of Las Vegas,NEW,KMHLM4AG3PU595977,HYUN,ELANTRA SEL,2023,,7/7/2023,23101,7/7/2024
NV032,Hyundai of Las Vegas,NEW,KMHLM4AG5PU594958,HYUN,ELANTRA SEL,2023,,7/7/2023,23062,7/7/2024
NV032,Hyundai of Las Vegas,NEW,KMHLM4AG5PU610463,HYUN,ELANTRA SEL,2023,,7/18/2023,23207,7/18/2024
NV032,Hyundai of Las Vegas,NEW,KMHLM4AG6PU595004,HYUN,ELANTRA SEL,2023,,6/30/2023,23101,6/30/2024
NV032,Hyundai of Las Vegas,NEW,KMHLM4AG7PU595965,HYUN,ELANTRA SEL,2023,,6/30/2023,23105,6/30/2024
NV032,Hyundai of Las Vegas,NEW,KMHLM4AG7PU604051,HYUN,ELANTRA SEL,2023,,7/14/2023,23105,7/14/2024
NV032,Hyundai of Las Vegas,NEW,KMHLM4AJ1PU077975,HYUN,ELANTRA BLUE,2023,,7/14/2023,25395,7/14/2024
NV032,Hyundai of Las Vegas,NEW,KMHLN4AJ1PU075205,HYUN,ELANTRA LIMITED,2023,,6/15/2023,30033,6/15/2024
NV032,Hyundai of Las Vegas,NEW,KMHLN4AJ4PU069690,HYUN,ELANTRA LIMITED,2023,,5/19/2023,29892,5/19/2024
NV032,Hyundai of Las Vegas,NEW,KMHLN4AJ4PU070922,HYUN,ELANTRA LIMITED,2023,,6/1/2023,29892,6/1/2024
NV032,Hyundai of Las Vegas,NEW,KMHLP4AG0PU586547,HYUN,ELANTRA LIMITED,2023,,6/29/2023,27610,6/29/2024
NV032,Hyundai of Las Vegas,NEW,KMHLP4AG0PU592915,HYUN,ELANTRA LIMITED,2023,,6/29/2023,27610,6/29/2024
NV032,Hyundai of Las Vegas,NEW,KMHLP4AG1PU599372,HYUN,ELANTRA LIMITED,2023,,7/12/2023,27444,7/12/2024
NV032,Hyundai of Las Vegas,NEW,KMHLP4AG4PU593260,HYUN,ELANTRA LIMITED,2023,,7/3/2023,27610,7/3/2024
NV032,Hyundai of Las Vegas,NEW,KMHLS4AG0PU595098,HYUN,ELANTRA SEL,2023,,7/5/2023,24812,7/5/2024
NV032,Hyundai of Las Vegas,NEW,KMHLS4AG2PU591070,HYUN,ELANTRA SEL,2023,,6/15/2023,25021,6/15/2024
NV032,Hyundai of Las Vegas,NEW,KMHLS4AG2PU595149,HYUN,ELANTRA SEL,2023,,7/3/2023,24914,7/3/2024
NV032,Hyundai of Las Vegas,NEW,KMHLS4AG3PU593409,HYUN,ELANTRA SEL,2023,,7/3/2023,24914,7/3/2024
NV032,Hyundai of Las Vegas,NEW,KMHLS4AG4PU584783,HYUN,ELANTRA SEL,2023,,6/29/2023,24961,6/29/2024
NV032,Hyundai of Las Vegas,NEW,KMHLS4AG4PU593449,HYUN,ELANTRA SEL,2023,,7/3/2023,24914,7/3/2024
NV032,Hyundai of Las Vegas,NEW,KMHLS4AG5PU591919,HYUN,ELANTRA SEL,2023,,7/5/2023,24914,7/5/2024
NV032,Hyundai of Las Vegas,NEW,KMHLS4AG6PU558749,HYUN,ELANTRA SEL,2023,,6/16/2023,25119,6/16/2024
NV032,Hyundai of Las Vegas,NEW,KMHLS4AG6PU593369,HYUN,ELANTRA SEL,2023,,7/7/2023,24905,7/7/2024
NV032,Hyundai of Las Vegas,NEW,KMHLS4AG6PU602152,HYUN,ELANTRA SEL,2023,,7/7/2023,24786,7/7/2024
NV032,Hyundai of Las Vegas,NEW,KMHLS4AG7PU592506,HYUN,ELANTRA SEL,2023,,6/15/2023,24858,6/15/2024
NV032,Hyundai of Las Vegas,NEW,KMHLS4AG9PU586142,HYUN,ELANTRA SEL,2023,,6/30/2023,24812,6/30/2024
NV032,Hyundai of Las Vegas,NEW,KMHLS4AGXPU586098,HYUN,ELANTRA SEL,2023,,6/30/2023,24812,6/30/2024
NV032,Hyundai of Las Vegas,NEW,KMHM24AA4PA028295,HYUN,IONIQ 6 SE,2023,,6/9/2023,46945,6/9/2024
NV032,Hyundai of Las Vegas,NEW,KMHM34AA1PA024265,HYUN,IONIQ 6 SEL,2023,,4/13/2023,49265,4/13/2024
NV032,Hyundai of Las Vegas,NEW,KMHM34AA1PA033158,HYUN,IONIQ 6 SEL,2023,,4/27/2023,49200,4/27/2024
NV032,Hyundai of Las Vegas,NEW,KMHM34AA4PA020923,HYUN,IONIQ 6 SEL,2023,,3/27/2023,49110,3/27/2024
NV032,Hyundai of Las Vegas,NEW,KMHM34AA4PA033543,HYUN,IONIQ 6 SEL,2023,,4/28/2023,49345,4/28/2024
NV032,Hyundai of Las Vegas,NEW,KMHM34AA5PA023040,HYUN,IONIQ 6 SEL,2023,,3/27/2023,49110,3/27/2024
NV032,Hyundai of Las Vegas,NEW,KMHM34AA7PA034041,HYUN,IONIQ 6 SEL,2023,,4/27/2023,49725,4/27/2024
NV032,Hyundai of Las Vegas,NEW,KMHM34AA9PA033490,HYUN,IONIQ 6 SEL,2023,,4/27/2023,49275,4/27/2024
NV032,Hyundai of Las Vegas,NEW,KMHM34AC0PA033461,HYUN,IONIQ 6 SEL,2023,,5/2/2023,52700,5/2/2024
NV032,Hyundai of Las Vegas,NEW,KMHM34AC3PA024253,HYUN,IONIQ 6 SEL,2023,,3/29/2023,52700,3/29/2024
NV032,Hyundai of Las Vegas,NEW,KMHM34AC6PA028975,HYUN,IONIQ 6 SEL,2023,,5/25/2023,52700,5/25/2024
NV032,Hyundai of Las Vegas,NEW,KMHM34AC8PA024006,HYUN,IONIQ 6 SEL,2023,,3/27/2023,52700,3/27/2024
NV032,Hyundai of Las Vegas,NEW,KMHM34AC9PA019574,HYUN,IONIQ 6 SEL,2023,,3/29/2023,52700,3/29/2024
NV032,Hyundai of Las Vegas,NEW,KMHM54AA0PA026521,HYUN,IONIQ 6 LIMITED,2023,,7/10/2023,54715,7/10/2024
NV032,Hyundai of Las Vegas,NEW,KMHM54AA3PA044902,HYUN,IONIQ 6 LIMITED,2023,,6/30/2023,54200,6/30/2024
NV032,Hyundai of Las Vegas,NEW,KMHM54AA3PA046584,HYUN,IONIQ 6 LIMITED,2023,,7/14/2023,54525,7/14/2024
NV032,Hyundai of Las Vegas,NEW,KMHM54AC3PA026062,HYUN,IONIQ 6 LIMITED,2023,,6/21/2023,57630,6/21/2024
NV032,Hyundai of Las Vegas,NEW,KMHM54ACXPA030724,HYUN,IONIQ 6 LIMITED,2023,,5/9/2023,57600,5/9/2024
NV032,Hyundai of Las Vegas,NEW,KMHRC8A31PU266809,HYUN,VENUE SEL,2023,,7/5/2023,23963,7/5/2024
NV032,Hyundai of Las Vegas,NEW,KMHRC8A34PU266125,HYUN,VENUE SEL,2023,,7/7/2023,22672,7/7/2024
NV032,Hyundai of Las Vegas,NEW,KMHRC8A34PU268943,HYUN,VENUE SEL,2023,,7/17/2023,22672,7/17/2024
NV032,Hyundai of Las Vegas,NEW,KMHRC8A37PU266281,HYUN,VENUE SEL,2023,,7/7/2023,22672,7/7/2024
NV032,Hyundai of Las Vegas,NEW,KMHRC8A39PU267237,HYUN,VENUE SEL,2023,,7/7/2023,24083,7/7/2024
NV033,Henderson Hyundai Superstore,NEW,5NMJACAE7PH280877,HYUN,TUCSON SE,2023,,6/21/2023,29782,6/21/2024
NV033,Henderson Hyundai Superstore,NEW,5NMJB3AE0PH290048,HYUN,TUCSON SEL,2023,,7/20/2023,29740,7/20/2024
NV033,Henderson Hyundai Superstore,NEW,5NMJBCAE0PH289868,HYUN,TUCSON SEL,2023,,7/13/2023,30873,7/13/2024
NV033,Henderson Hyundai Superstore,NEW,5NMJBCAE1PH282332,HYUN,TUCSON SEL,2023,,6/29/2023,31204,6/29/2024
NV033,Henderson Hyundai Superstore,NEW,5NMJBCAE2PH263322,HYUN,TUCSON SEL,2023,,7/13/2023,31530,7/13/2024
NV033,Henderson Hyundai Superstore,NEW,5NMJBCAE5PH281507,HYUN,TUCSON SEL,2023,,6/21/2023,31265,6/21/2024
NV033,Henderson Hyundai Superstore,NEW,5NMJBCAE7PH288491,HYUN,TUCSON SEL,2023,,7/3/2023,31200,7/3/2024
NV033,Henderson Hyundai Superstore,NEW,5NMJBCAE8PH288970,HYUN,TUCSON SEL,2023,,7/14/2023,31215,7/14/2024
NV033,Henderson Hyundai Superstore,NEW,5NMJBCAE9PH290288,HYUN,TUCSON SEL,2023,,7/14/2023,31260,7/14/2024
NV033,Henderson Hyundai Superstore,NEW,5NMJECAE1PH269085,HYUN,TUCSON LIMITED,2023,PH269085,6/29/2023,38170,5/30/2024
NV033,Henderson Hyundai Superstore,NEW,5NMJECAE9PH264331,HYUN,TUCSON LIMITED,2023,,5/31/2023,38166,5/31/2024
NV033,Henderson Hyundai Superstore,NEW,5NMJF3AE5PH288686,HYUN,TUCSON SEL,2023,,7/13/2023,31935,7/13/2024
NV033,Henderson Hyundai Superstore,NEW,5NMJFCAE3PH289173,HYUN,TUCSON SEL,2023,,7/14/2023,33395,7/14/2024
NV033,Henderson Hyundai Superstore,NEW,5NMJFCAE5PH288591,HYUN,TUCSON SEL,2023,,7/3/2023,33395,7/3/2024
NV033,Henderson Hyundai Superstore,NEW,5NMJFCAE6PH265059,HYUN,TUCSON SEL,2023,PH265059,7/6/2023,33149,7/6/2024
NV033,Henderson Hyundai Superstore,NEW,5NMJFCAE8PH288777,HYUN,TUCSON SEL,2023,,7/14/2023,33834,7/14/2024
NV033,Henderson Hyundai Superstore,NEW,5NMS1DAJ4PH596261,HYUN,SANTA FE SE,2023,,7/14/2023,31417,7/14/2024
NV033,Henderson Hyundai Superstore,NEW,5NMS24AJ0PH579583,HYUN,SANTA FE SEL,2023,,5/31/2023,33330,5/31/2024
NV033,Henderson Hyundai Superstore,NEW,5NMS24AJ3PH595485,HYUN,SANTA FE SEL,2023,,7/3/2023,34018,7/3/2024
NV033,Henderson Hyundai Superstore,NEW,5NMS2DAJ0PH595993,HYUN,SANTA FE SEL,2023,,7/20/2023,35506,7/20/2024
NV033,Henderson Hyundai Superstore,NEW,5NMS2DAJ3PH595597,HYUN,SANTA FE SEL,2023,,7/3/2023,34998,7/3/2024
NV033,Henderson Hyundai Superstore,NEW,5NMS2DAJ4PH595964,HYUN,SANTA FE SEL,2023,,7/13/2023,35506,7/13/2024
NV033,Henderson Hyundai Superstore,NEW,5NMS2DAJ5PH595973,HYUN,SANTA FE SEL,2023,,7/13/2023,35506,7/13/2024
NV033,Henderson Hyundai Superstore,NEW,5NMS2DAJ7PH595909,HYUN,SANTA FE SEL,2023,,7/13/2023,35071,7/13/2024
NV033,Henderson Hyundai Superstore,NEW,5NMS34AJXPH575540,HYUN,SANTA FE SEL PREMIUM,2023,,5/8/2023,38317,5/8/2024
NV033,Henderson Hyundai Superstore,NEW,5NMS3DA14PH012936,HYUN,SANTA FE SEL PREMIUM,2023,,7/20/2023,40706,7/20/2024
NV033,Henderson Hyundai Superstore,NEW,5NMS3DA18PH010915,HYUN,SANTA FE SEL PREMIUM,2023,,6/21/2023,40970,6/21/2024
NV033,Henderson Hyundai Superstore,NEW,5NMS3DA19PH012589,HYUN,SANTA FE SEL PREMIUM,2023,,7/20/2023,40706,7/20/2024
NV033,Henderson Hyundai Superstore,NEW,5NMS3DAJ3PH595578,HYUN,SANTA FE SEL PREMIUM,2023,,7/14/2023,40022,7/14/2024
NV033,Henderson Hyundai Superstore,NEW,5NMS3DAJ8PH585239,HYUN,SANTA FE SEL PREMIUM,2023,,6/21/2023,39842,6/21/2024
NV033,Henderson Hyundai Superstore,NEW,5NMS3DAJ8PH596578,HYUN,SANTA FE SEL PREMIUM,2023,,7/20/2023,39432,7/20/2024
NV033,Henderson Hyundai Superstore,NEW,5NMS3DAJ9PH595844,HYUN,SANTA FE SEL PREMIUM,2023,,7/14/2023,39493,7/14/2024
NV033,Henderson Hyundai Superstore,NEW,5NMS3DAJ9PH596136,HYUN,SANTA FE SEL PREMIUM,2023,,7/14/2023,39984,7/14/2024
NV033,Henderson Hyundai Superstore,NEW,5NMS44AL9PH595342,HYUN,SANTA FE LIMITED,2023,,7/13/2023,41461,7/13/2024
NV033,Henderson Hyundai Superstore,NEW,5NMS5DA12PH012797,HYUN,SANTA FE LIMITED,2023,,7/20/2023,42446,7/20/2024
NV033,Henderson Hyundai Superstore,NEW,5NMS5DA15PH010641,HYUN,SANTA FE LIMITED,2023,,6/21/2023,42710,6/21/2024
NV033,Henderson Hyundai Superstore,NEW,5NMS5DA15PH012678,HYUN,SANTA FE LIMITED,2023,,7/20/2023,42499,7/20/2024
NV033,Henderson Hyundai Superstore,NEW,5NMS5DA18PH012917,HYUN,SANTA FE LIMITED,2023,,7/20/2023,42881,7/20/2024
NV033,Henderson Hyundai Superstore,NEW,5NPLM4AG0PH119314,HYUN,ELANTRA SEL,2023,,6/21/2023,23560,6/21/2024
NV033,Henderson Hyundai Superstore,NEW,5NPLS4AGXPH118791,HYUN,ELANTRA SEL,2023,,6/2/2023,25059,6/2/2024
NV033,Henderson Hyundai Superstore,NEW,5NTJBDAE0RH077887,HYUN,SANTA CRUZ SEL,2024,,7/13/2023,31708,7/13/2024
NV033,Henderson Hyundai Superstore,NEW,5NTJCDAE4RH077551,HYUN,SANTA CRUZ SEL,2024,,7/14/2023,35282,7/14/2024
NV033,Henderson Hyundai Superstore,NEW,5NTJCDAE5RH077753,HYUN,SANTA CRUZ SEL,2024,,7/13/2023,35413,7/13/2024
NV033,Henderson Hyundai Superstore,NEW,5NTJEDAF2RH079088,HYUN,SANTA CRUZ LIMITED,2024,,7/20/2023,42534,7/20/2024
NV033,Henderson Hyundai Superstore,NEW,KM8JECA16PU126618,HYUN,TUCSON LIMITED,2023,,6/16/2023,39608,6/16/2024
NV033,Henderson Hyundai Superstore,NEW,KM8JFCA10PU133240,HYUN,TUCSON SEL CONVENIENCE,2023,,6/14/2023,34845,6/14/2024
NV033,Henderson Hyundai Superstore,NEW,KM8JFCA18PU119442,HYUN,TUCSON SEL CONVENIENCE,2023,,5/5/2023,35078,5/5/2024
NV033,Henderson Hyundai Superstore,NEW,KM8JFCA18PU126567,HYUN,TUCSON SEL CONVENIENCE,2023,,6/7/2023,34845,6/7/2024
NV033,Henderson Hyundai Superstore,NEW,KM8JFCA1XPU126568,HYUN,TUCSON SEL CONVENIENCE,2023,,6/5/2023,35018,6/5/2024
NV033,Henderson Hyundai Superstore,NEW,KM8JFDA25PU124791,HYUN,TUCSON LIMITED,2023,,7/20/2023,45108,7/20/2024
NV033,Henderson Hyundai Superstore,NEW,KM8JFDA27PU115218,HYUN,TUCSON LIMITED,2023,,4/28/2023,45281,4/28/2024
NV033,Henderson Hyundai Superstore,NEW,KM8JFDA2XPU115150,HYUN,TUCSON LIMITED,2023,,5/26/2023,44940,5/26/2024
NV033,Henderson Hyundai Superstore,NEW,KM8K53AG2PU167143,HYUN,KONA LIMITED,2023,,11/14/2022,42385,11/14/2023
NV033,Henderson Hyundai Superstore,NEW,KM8K53AG7PU167414,HYUN,KONA LIMITED,2023,,11/23/2022,42789,11/23/2023
NV033,Henderson Hyundai Superstore,NEW,KM8K53AG7PU167901,HYUN,KONA LIMITED,2023,,11/23/2022,42789,11/23/2023
NV033,Henderson Hyundai Superstore,NEW,KM8K53AG9PU167625,HYUN,KONA LIMITED,2023,,11/28/2022,42385,11/28/2023
NV033,Henderson Hyundai Superstore,NEW,KM8K6CAB9PU054128,HYUN,KONA SEL,2023,,7/21/2023,26268,7/21/2024
NV033,Henderson Hyundai Superstore,NEW,KM8KNDAF0PU160253,HYUN,IONIQ 5 SEL,2023,,3/17/2023,53835,3/17/2024
NV033,Henderson Hyundai Superstore,NEW,KM8KNDAF2PU166300,HYUN,IONIQ 5 SEL,2023,,2/10/2023,53820,2/10/2024
NV033,Henderson Hyundai Superstore,NEW,KM8KNDAF3PU160134,HYUN,IONIQ 5 SEL,2023,,3/8/2023,53890,3/8/2024
NV033,Henderson Hyundai Superstore,NEW,KM8KNDAF3PU181422,HYUN,IONIQ 5 SEL,2023,,4/17/2023,53820,4/17/2024
NV033,Henderson Hyundai Superstore,NEW,KM8KNDAF4PU150826,HYUN,IONIQ 5 SEL,2023,,1/9/2023,53820,1/9/2024
NV033,Henderson Hyundai Superstore,NEW,KM8KNDAF6PU160144,HYUN,IONIQ 5 SEL,2023,,3/17/2023,53835,3/17/2024
NV033,Henderson Hyundai Superstore,NEW,KM8KNDAF7PU151274,HYUN,IONIQ 5 SEL,2023,,1/12/2023,53820,1/12/2024
NV033,Henderson Hyundai Superstore,NEW,KM8KNDAF8PU168553,HYUN,IONIQ 5 SEL,2023,,2/15/2023,53220,2/15/2024
NV033,Henderson Hyundai Superstore,NEW,KM8KRDAF3PU153012,HYUN,IONIQ 5 LIMITED,2023,,3/28/2023,58835,3/28/2024
NV033,Henderson Hyundai Superstore,NEW,KM8KRDAF3PU182834,HYUN,IONIQ 5 LIMITED,2023,,5/26/2023,58790,5/26/2024
NV033,Henderson Hyundai Superstore,NEW,KM8KRDAF9PU186015,HYUN,IONIQ 5 LIMITED,2023,,6/16/2023,58220,6/16/2024
NV033,Henderson Hyundai Superstore,NEW,KM8S6DA24PU086605,HYUN,SANTA FE SEL,2023,,6/30/2023,43656,6/30/2024
NV033,Henderson Hyundai Superstore,NEW,KM8S7DA20PU078143,HYUN,SANTA FE LIMITED,2023,,5/22/2023,48364,5/22/2024
NV033,Henderson Hyundai Superstore,NEW,KM8S7DA20PU086601,HYUN,SANTA FE LIMITED,2023,,6/30/2023,48364,6/30/2024
NV033,Henderson Hyundai Superstore,NEW,KM8S7DA21PU084307,HYUN,SANTA FE LIMITED,2023,,6/26/2023,48055,6/26/2024
NV033,Henderson Hyundai Superstore,NEW,KM8S7DA22PU086812,HYUN,SANTA FE LIMITED,2023,,6/28/2023,48490,6/28/2024
NV033,Henderson Hyundai Superstore,NEW,KM8S7DA22PU087068,HYUN,SANTA FE LIMITED,2023,,6/28/2023,48453,6/28/2024
NV033,Henderson Hyundai Superstore,NEW,KM8S7DA23PU086673,HYUN,SANTA FE LIMITED,2023,,6/30/2023,48018,6/30/2024
NV033,Henderson Hyundai Superstore,NEW,KM8S7DA23PU087628,HYUN,SANTA FE LIMITED,2023,,6/21/2023,48055,6/21/2024
NV033,Henderson Hyundai Superstore,NEW,KM8S7DA24PU086911,HYUN,SANTA FE LIMITED,2023,,6/30/2023,48453,6/30/2024
NV033,Henderson Hyundai Superstore,NEW,KM8S7DA25PU084438,HYUN,SANTA FE LIMITED,2023,,6/21/2023,48055,6/21/2024
NV033,Henderson Hyundai Superstore,NEW,KM8S7DA26PU076946,HYUN,SANTA FE LIMITED,2023,,6/2/2023,47765,6/2/2024
NV033,Henderson Hyundai Superstore,NEW,KM8S7DA28PU086281,HYUN,SANTA FE LIMITED,2023,,6/30/2023,48364,6/30/2024
NV033,Henderson Hyundai Superstore,NEW,KM8S7DA29PU081753,HYUN,SANTA FE LIMITED,2023,,5/1/2023,47980,5/1/2024
NV033,Henderson Hyundai Superstore,NEW,KM8S7DA29PU084166,HYUN,SANTA FE LIMITED,2023,,5/26/2023,47980,5/26/2024
NV033,Henderson Hyundai Superstore,NEW,KM8S7DA2XPU084354,HYUN,SANTA FE LIMITED,2023,,6/21/2023,48055,6/21/2024
NV033,Henderson Hyundai Superstore,NEW,KMHL34JJ2PA064544,HYUN,SONATA HYBRID,2023,,6/9/2023,32021,6/9/2024
NV033,Henderson Hyundai Superstore,NEW,KMHL34JJ7PA065107,HYUN,SONATA HYBRID,2023,,6/9/2023,31879,6/9/2024
NV033,Henderson Hyundai Superstore,NEW,KMHL54JJ0PA070207,HYUN,SONATA HYBRID,2023,,7/5/2023,36710,7/5/2024
NV033,Henderson Hyundai Superstore,NEW,KMHLM4AG5PU577853,HYUN,ELANTRA SEL,2023,,6/14/2023,23122,6/14/2024
NV033,Henderson Hyundai Superstore,NEW,KMHLM4AG5PU601293,HYUN,ELANTRA SEL,2023,,7/10/2023,22960,7/10/2024
NV033,Henderson Hyundai Superstore,NEW,KMHLM4AG9PU600549,HYUN,ELANTRA SEL,2023,,7/6/2023,23062,7/6/2024
NV033,Henderson Hyundai Superstore,NEW,KMHLN4AJ2PU071082,HYUN,ELANTRA LIMITED,2023,,5/30/2023,29892,5/30/2024
NV033,Henderson Hyundai Superstore,NEW,KMHLN4AJ3PU071253,HYUN,ELANTRA LIMITED,2023,,6/2/2023,29910,6/2/2024
NV033,Henderson Hyundai Superstore,NEW,KMHLN4AJ5PU071089,HYUN,ELANTRA LIMITED,2023,,5/30/2023,29892,5/30/2024
NV033,Henderson Hyundai Superstore,NEW,KMHLN4AJ6PU071120,HYUN,ELANTRA LIMITED,2023,,5/30/2023,29910,5/30/2024
NV033,Henderson Hyundai Superstore,NEW,KMHLN4AJ7PU074494,HYUN,ELANTRA LIMITED,2023,,6/30/2023,29726,6/30/2024
NV033,Henderson Hyundai Superstore,NEW,KMHLS4AG1PU562997,HYUN,ELANTRA SEL,2023,,6/21/2023,25059,6/21/2024
NV033,Henderson Hyundai Superstore,NEW,KMHLS4AG2PU560689,HYUN,ELANTRA SEL,2023,,6/21/2023,25059,6/21/2024
NV033,Henderson Hyundai Superstore,NEW,KMHLS4AG2PU578531,HYUN,ELANTRA SEL,2023,,7/10/2023,24952,7/10/2024
NV033,Henderson Hyundai Superstore,NEW,KMHLS4AG2PU591117,HYUN,ELANTRA SEL,2023,,6/16/2023,24858,6/16/2024
NV033,Henderson Hyundai Superstore,NEW,KMHLS4AG3PU562368,HYUN,ELANTRA SEL,2023,,6/21/2023,25059,6/21/2024
NV033,Henderson Hyundai Superstore,NEW,KMHLS4AG5PU562890,HYUN,ELANTRA SEL,2023,,6/21/2023,25059,6/21/2024
NV033,Henderson Hyundai Superstore,NEW,KMHLS4AG5PU586218,HYUN,ELANTRA SEL,2023,,6/30/2023,24914,6/30/2024
NV033,Henderson Hyundai Superstore,NEW,KMHLS4AG5PU591029,HYUN,ELANTRA SEL,2023,,6/21/2023,24858,6/21/2024
NV033,Henderson Hyundai Superstore,NEW,KMHLS4AG6PU563062,HYUN,ELANTRA SEL,2023,,6/27/2023,25059,6/27/2024
NV033,Henderson Hyundai Superstore,NEW,KMHLS4AG6PU602118,HYUN,ELANTRA SEL,2023,,7/10/2023,24914,7/10/2024
NV033,Henderson Hyundai Superstore,NEW,KMHLS4AG7PU600734,HYUN,ELANTRA SEL,2023,,7/7/2023,24914,7/7/2024
NV033,Henderson Hyundai Superstore,NEW,KMHLS4AG8PU577805,HYUN,ELANTRA SEL,2023,,6/30/2023,24786,6/30/2024
NV033,Henderson Hyundai Superstore,NEW,KMHLS4AG8PU599089,HYUN,ELANTRA SEL,2023,,7/14/2023,24914,7/14/2024
NV033,Henderson Hyundai Superstore,NEW,KMHLS4AG9PU592684,HYUN,ELANTRA SEL,2023,,6/30/2023,24914,6/30/2024
NV033,Henderson Hyundai Superstore,NEW,KMHM24AA2PA037240,HYUN,IONIQ 6 SE,2023,,6/8/2023,47500,6/8/2024
NV033,Henderson Hyundai Superstore,NEW,KMHM24AB6PA029165,HYUN,IONIQ 6 SE,2023,,5/22/2023,43245,5/22/2024
NV033,Henderson Hyundai Superstore,NEW,KMHM34AA0PA041350,HYUN,IONIQ 6 SEL,2023,,6/28/2023,50145,6/28/2024
NV033,Henderson Hyundai Superstore,NEW,KMHM34AA1PA028753,HYUN,IONIQ 6 SEL,2023,,5/15/2023,49275,5/15/2024
NV033,Henderson Hyundai Superstore,NEW,KMHM34AA1PA043091,HYUN,IONIQ 6 SEL,2023,,6/26/2023,49425,6/26/2024
NV033,Henderson Hyundai Superstore,NEW,KMHM34AA2PA026820,HYUN,IONIQ 6 SEL,2023,,6/16/2023,49595,6/16/2024
NV033,Henderson Hyundai Superstore,NEW,KMHM34AA4PA033204,HYUN,IONIQ 6 SEL,2023,,5/3/2023,49650,5/3/2024
NV033,Henderson Hyundai Superstore,NEW,KMHM34AA6PA023449,HYUN,IONIQ 6 SEL,2023,,3/29/2023,49110,3/29/2024
NV033,Henderson Hyundai Superstore,NEW,KMHM34AA7PA023668,HYUN,IONIQ 6 SEL,2023,,3/29/2023,49110,3/29/2024
NV033,Henderson Hyundai Superstore,NEW,KMHM34AA8PA026529,HYUN,IONIQ 6 SEL,2023,,6/9/2023,49595,6/9/2024
NV033,Henderson Hyundai Superstore,NEW,KMHM34AA8PA028717,HYUN,IONIQ 6 SEL,2023,,5/15/2023,49275,5/15/2024
NV033,Henderson Hyundai Superstore,NEW,KMHM34AA8PA032136,HYUN,IONIQ 6 SEL,2023,,5/9/2023,49275,5/9/2024
NV033,Henderson Hyundai Superstore,NEW,KMHM34AA8PA037367,HYUN,IONIQ 6 SEL,2023,,6/8/2023,49395,6/8/2024
NV033,Henderson Hyundai Superstore,NEW,KMHM34AA9PA037765,HYUN,IONIQ 6 SEL,2023,,5/23/2023,49375,5/23/2024
NV033,Henderson Hyundai Superstore,NEW,KMHM34AAXPA046135,HYUN,IONIQ 6 SEL,2023,,7/5/2023,49145,7/5/2024
NV033,Henderson Hyundai Superstore,NEW,KMHM34AC0PA028812,HYUN,IONIQ 6 SEL,2023,,6/9/2023,52645,6/9/2024
NV033,Henderson Hyundai Superstore,NEW,KMHM34AC0PA028972,HYUN,IONIQ 6 SEL,2023,,5/5/2023,52920,5/5/2024
NV033,Henderson Hyundai Superstore,NEW,KMHM34AC4PA019627,HYUN,IONIQ 6 SEL,2023,,3/29/2023,52610,3/29/2024
NV033,Henderson Hyundai Superstore,NEW,KMHM34AC9PA029859,HYUN,IONIQ 6 SEL,2023,,4/28/2023,53295,4/28/2024
NV033,Henderson Hyundai Superstore,NEW,KMHM34AC9PA033653,HYUN,IONIQ 6 SEL,2023,,5/1/2023,53295,5/1/2024
NV033,Henderson Hyundai Superstore,NEW,KMHM54AA0PA021299,HYUN,IONIQ 6 LIMITED,2023,,7/7/2023,54010,7/7/2024
NV033,Henderson Hyundai Superstore,NEW,KMHM54AA0PA044680,HYUN,IONIQ 6 LIMITED,2023,,6/30/2023,54095,6/30/2024
NV033,Henderson Hyundai Superstore,NEW,KMHM54AA3PA045113,HYUN,IONIQ 6 LIMITED,2023,,6/30/2023,54095,6/30/2024
NV033,Henderson Hyundai Superstore,NEW,KMHM54AA4PA026490,HYUN,IONIQ 6 LIMITED,2023,,6/9/2023,54375,6/9/2024
NV033,Henderson Hyundai Superstore,NEW,KMHM54AA4PA035819,HYUN,IONIQ 6 LIMITED,2023,,5/17/2023,54220,5/17/2024
NV033,Henderson Hyundai Superstore,NEW,KMHM54AA5PA028197,HYUN,IONIQ 6 LIMITED,2023,,6/9/2023,54045,6/9/2024
NV033,Henderson Hyundai Superstore,NEW,KMHM54AA6PA035191,HYUN,IONIQ 6 LIMITED,2023,,5/3/2023,54280,5/3/2024
NV033,Henderson Hyundai Superstore,NEW,KMHM54AA6PA044540,HYUN,IONIQ 6 LIMITED,2023,,6/26/2023,54295,6/26/2024
NV033,Henderson Hyundai Superstore,NEW,KMHM54AA8PA034415,HYUN,IONIQ 6 LIMITED,2023,,5/3/2023,54535,5/3/2024
NV033,Henderson Hyundai Superstore,NEW,KMHM54AA9PA034293,HYUN,IONIQ 6 LIMITED,2023,,5/8/2023,54535,5/8/2024
NV033,Henderson Hyundai Superstore,NEW,KMHM54AC0PA031204,HYUN,IONIQ 6 LIMITED,2023,,5/9/2023,58160,5/9/2024
NV033,Henderson Hyundai Superstore,NEW,KMHM54AC2PA026649,HYUN,IONIQ 6 LIMITED,2023,,6/9/2023,57630,6/9/2024
NV033,Henderson Hyundai Superstore,NEW,KMHM54AC8PA028597,HYUN,IONIQ 6 LIMITED,2023,,5/23/2023,57820,5/23/2024
