Full Serial Number / Description,Detail Information,Loan ID,Loan Effective Date,Original Principal,Principal Balance,Last Payment Date,Last Payment Amount,Accrued Interest
1C4PJMMB2PD 100618,2023 JEEP,2058758,12/13/2022,38806,0,7/3/2023,3/30/2006,14.24
1C4PJMMB2PD 100621,2023 JEEP,2058760,12/13/2022,39272,39272,,,171.77
1C4PJMMB0PD 103713,2023 JEEP CHEROKEE ALTITUDE LUX,2072796,1/3/2023,43118,43118,,,188.58
1C4PJMMB2PD 103714,2023 JEEP,2070948,12/29/2022,43118,43118,,,188.58
1C4PJMMB4PD 103715,2023 JEEP CHEROKEE ALTITUDE LUX,2072797,1/3/2023,43118,43118,,,188.58
1C4PJMMB2PD 106743,2023 JEEP CHEROKEE ALTITUDE LUX,2082849,1/19/2023,38808,38808,,,169.7
1C4PJMMB4PD 106744,2023 JEEP CHEROKEE ALTITUDE LUX,2078330,1/12/2023,39274,39274,,,171.77
1C4PJMMB6PD 106745,2023 JEEP CHEROKEE ALTITUDE LUX,2086415,1/24/2023,39274,39274,,,171.77
1C4PJMMB8PD 106746,2023 JEEP CHEROKEE ALTITUDE LUX,2086416,1/24/2023,39274,39274,,,171.77
1C4RJKEG3P8 107321,2023 JEEP GRAND CHEROKEE L SUMMIT,2199266,6/23/2023,72610,0,6/28/2023,10/17/2098,0
1C4PJMMB7PD 107497,2023 JEEP CHEROKEE ALTITUDE LUX,2082850,1/19/2023,42654,42654,,,186.53
1C4PJMMB0PD 107499,2023 JEEP CHEROKEE ALTITUDE LUX,2081714,1/18/2023,43120,43120,,,188.59
1C4PJMMB3PD 107500,2023 JEEP CHEROKEE ALTITUDE LUX,2083995,1/20/2023,43120,43120,,,188.59
1C4PJMMB5PD 107501,2023 JEEP CHEROKEE ALTITUDE LUX,2082851,1/19/2023,43120,43120,,,188.59
1C4PJMMB7PD 107502,2023 JEEP CHEROKEE ALTITUDE LUX,2081715,1/18/2023,43120,43120,,,188.59
1C4PJMMB3PD 108498,2023 JEEP CHEROKEE ALTITUDE LUX,2085058,1/23/2023,39274,39274,,,171.77
1C4RJXP63RW 122174,2024 JEEP WRANGLER SAHARA 4XE,2201987,6/27/2023,61313,61313,,,268.15
1C4RJXP65RW 122175,2024 JEEP WRANGLER SAHARA 4XE,2211390,7/11/2023,61065,61065,,,155.63
1C4RJXP67RW 122176,2024 JEEP WRANGLER SAHARA 4XE,2204322,6/29/2023,61313,61313,,,268.14
1C4RJXP69RW 122177,2024 JEEP WRANGLER SAHARA 4XE,2211391,7/11/2023,61065,61065,,,155.63
1C4RJXP60RW 122178,2024 JEEP WRANGLER SAHARA 4XE,2214375,7/14/2023,61313,61313,,,122.77
1C4RJXU6XRW 122306,2024 JEEP WRANGLER HIGH ALTITUDE 4XE,2201988,6/27/2023,69786,69786,,,305.2
1C4RJXU63RW 122308,2024 JEEP WRANGLER HIGH ALTITUDE 4XE,2204323,6/29/2023,69786,69786,,,305.21
1C4RJXU61RW 122369,2024 JEEP WRANGLER HIGH ALTITUDE 4XE,2211392,7/11/2023,68710,68710,,,175.11
1C4SJVFJ5NS 139913,2022 JEEP GRAND WAGONEER SERIES II,1814024,1/25/2022,102908,41163.2,7/5/2023,3/3/1928,187.55
1C4RJXN60RW 144233,2024 JEEP WRANGLER 4XE,2205624,6/30/2023,59548,59548,,,271.26
1C4RJXN62RW 144234,2024 JEEP WRANGLER 4XE,2205625,6/30/2023,59012,59012,,,268.84
1C4RJXN64RW 144235,2024 JEEP WRANGLER 4XE,2201989,6/27/2023,59548,59548,,,260.41
1C4RJXN66RW 144236,2024 JEEP WRANGLER 4XE,2205626,6/30/2023,59548,59548,,,271.26
1C4RJXN68RW 144237,2024 JEEP WRANGLER 4XE,2201990,6/27/2023,59548,59548,,,260.41
1C4RJXP66RW 158263,2024 JEEP WRANGLER SAHARA 4XE,2214376,7/14/2023,61406,61406,,,122.95
1C4RJXN67RW 168254,2024 JEEP WRANGLER 4XE,2220546,7/24/2023,57576,57576,,,0
1C4RJXN69RW 168255,2024 JEEP WRANGLER 4XE,2219510,7/21/2023,57576,57576,,,41.9
2C4RC1S76NR 227656,2022 CHRY PACIFICA HYBRID LIMITED,2048697,11/29/2022,53599,53599,,,234.4
1C6HJTFGXPL 501029,2023 JEEP GLADIATOR OVERLAND,2010998,10/5/2022,50868,0,7/5/2023,4/8/2039,37.21
3C4NJDBN8PT 501038,2023 JEEP COMPASS LATITUDE,2091442,1/30/2023,33562,0,6/29/2023,11/20/1991,0
3C4NJDBNXPT 504944,2023 JEEP COMPASS LATITUDE,2086419,1/24/2023,34018,34018,,,148.78
3C4NJDBN1PT 504945,2023 JEEP COMPASS LATITUDE,2091443,1/30/2023,34018,34018,,,148.78
3C6MRVJG3PE 505751,2023 RAM PROMASTER 3500 3500 HIGH,2006936,9/29/2022,53285,53285,,,233.02
3C6MRVJG5PE 505752,2023 RAM PROMASTER 3500 3500 HIGH,2001523,9/23/2022,53114,53114,,,232.29
3C6MRVJG7PE 505753,2023 RAM,1990537,9/7/2022,52887,52887,,,231.28
1C6HJTAG3PL 505754,2023 JEEP GLADIATOR SPORT,2143143,4/7/2023,56630,56630,,,247.65
3C4NJDCNXPT 507552,2023 JEEP COMPASS LIMITED,2092855,1/31/2023,43606,43606,,,190.7
3C4NJDCN1PT 507553,2023 JEEP COMPASS LIMITED,2092856,1/31/2023,43606,43606,,,190.7
3C4NJDCN2PT 507559,2023 JEEP COMPASS LIMITED,2094705,2/2/2023,42177,42177,,,184.45
1C4SJSDP0PS 508069,2023 JEEP WAGONEER L SERIES III,2108897,2/22/2023,88097,0,7/3/2023,3/13/2141,32.33
1C4RJHDG3PC 508496,2023 JEEP GRAND CHEROKEE OVERLAND,2106944,2/21/2023,61895,61895,,,270.69
1C4HJXFG7PW 509460,2023 JEEP WRANGLER RUBICON,2052090,12/5/2022,57187,57187,,,250.09
2C4RC1L76PR 509653,2023 CHRY PACIFICA HYBRID TOURING L,2068754,12/27/2022,51506,51506,,,225.25
2C4RC1L78PR 509654,2023 CHRY PACIFICA HYBRID TOURING L,2077443,1/11/2023,51508,51508,,,225.26
1C6JJTEG7PL 510192,2023 JEEP GLADIATOR MOJAVE,2048699,11/29/2022,57349,57349,,,250.79
1C6JJTEG9PL 510193,2023 JEEP GLADIATOR MOJAVE,2055942,12/9/2022,57349,57349,,,250.79
1C6JJTBG2PL 510220,2023 JEEP GLADIATOR RUBICON,2047526,11/28/2022,57439,57439,,,251.19
3C4NJDCN0PT 510914,2023 JEEP COMPASS LIMITED,2091444,1/30/2023,39851,39851,,,174.26
3C4NJDCN2PT 510915,2023 JEEP COMPASS LIMITED,2092857,1/31/2023,39851,39851,,,174.26
3C6UR5CJ7PG 512263,2023 RAM 2500 TRADESMAN,2145016,4/11/2023,56193,56193,,,245.75
3C4NJDBN6PT 512815,2023 JEEP COMPASS LATITUDE,2097570,2/7/2023,39879,39879,,,174.41
3C4NJDBNXPT 512817,2023 JEEP COMPASS LATITUDE,2134493,3/28/2023,39874,39874,,,174.37
3C4NJDBN1PT 512818,2023 JEEP COMPASS LATITUDE,2093862,2/1/2023,39879,0,7/3/2023,3/7/2009,14.63
3C4NJDBN3PT 512819,2023 JEEP COMPASS LATITUDE,2097571,2/7/2023,39879,0,7/17/2023,3/7/2009,116.33
1C4RJHEG7PC 513781,2023 JEEP GRAND CHEROKEE SUMMIT,2020455,10/19/2022,66959,66959,,,292.82
1C4RJHEG3PC 513986,2023 JEEP GRAND CHEROKEE SUMMIT,2019552,10/18/2022,66959,66959,,,292.82
1C6SRFFMXPN 515085,2023 RAM 1500 BIG HORN/LONE STAR,2061335,12/16/2022,60578,60578,,,264.94
3C4NJDBN9PT 517264,2023 JEEP COMPASS LATITUDE,2099254,2/9/2023,34018,34018,,,148.78
3C4NJDBN0PT 517265,2023 JEEP COMPASS LATITUDE,2101095,2/13/2023,33562,33562,,,146.79
3C4NJDBN4PT 517267,2023 JEEP COMPASS LATITUDE,2102247,2/14/2023,34018,34018,,,148.78
3C4NJDBN8PT 517269,2023 JEEP COMPASS LATITUDE,2103418,2/15/2023,34018,34018,,,148.78
3C4NJDBN4PT 517270,2023 JEEP COMPASS LATITUDE,2103419,2/15/2023,34018,34018,,,148.78
3C4NJDBN6PT 517271,2023 JEEP COMPASS LATITUDE,2100226,2/10/2023,34018,34018,,,148.78
3C4NJDBN8PT 517272,2023 JEEP COMPASS LATITUDE,2099255,2/9/2023,34018,34018,,,148.78
3C4NJDBNXPT 517273,2023 JEEP COMPASS LATITUDE,2098464,2/8/2023,34018,34018,,,148.78
3C4NJDBN3PT 517275,2023 JEEP COMPASS LATITUDE,2101097,2/13/2023,35854,35854,,,156.79
3C4NJDBN5PT 517276,2023 JEEP COMPASS LATITUDE,2097572,2/7/2023,35854,0,7/24/2023,2/28/1998,124.17
3C4NJDBN0PT 517279,2023 JEEP COMPASS LATITUDE,2101099,2/13/2023,35854,35854,,,156.79
3C4NJDBN7PT 517280,2023 JEEP COMPASS LATITUDE,2096586,2/6/2023,35854,35854,,,156.79
3C4NJDBN9PT 517281,2023 JEEP COMPASS LATITUDE,2099256,2/9/2023,35854,35854,,,156.79
3C4NJDBN0PT 517282,2023 JEEP COMPASS LATITUDE,2098465,2/8/2023,35854,35854,,,156.79
3C4NJDFN1PT 517284,2023 JEEP COMPASS LATITUDE LUX,2112120,2/27/2023,35395,35395,,,154.8
3C4NJDFN7PT 517287,2023 JEEP COMPASS LATITUDE LUX,2100227,2/10/2023,35395,35395,,,154.8
3C6MR5AJ9PG 517774,2023 RAM 2500 TRADESMAN,2196995,6/21/2023,53549,53549,,,234.2
1C4RJHDG4PC 517871,2023 JEEP GRAND CHEROKEE OVERLAND,2105549,2/17/2023,59379,59379,,,259.67
2C4RC1L74PR 518545,2023 CHRY PACIFICA HYBRID TOURING L,2106941,2/21/2023,51508,51508,,,225.26
2C4RC1L76PR 518546,2023 CHRY PACIFICA HYBRID TOURING L,2106942,2/21/2023,51508,51508,,,225.26
3C4NJDCN4PT 520622,2023 JEEP COMPASS LIMITED,2113619,2/28/2023,37095,37095,,,162.24
3C4NJDCN6PT 520623,2023 JEEP COMPASS LIMITED,2106939,2/21/2023,37095,37095,,,162.24
3C4NJDCN8PT 520624,2023 JEEP COMPASS LIMITED,2116132,3/2/2023,37095,37095,,,162.24
3C4NJDCNXPT 520625,2023 JEEP COMPASS LIMITED,2112121,2/27/2023,37095,0,7/12/2023,7/23/2001,74.45
3C4NJDCN3PT 520627,2023 JEEP COMPASS LIMITED,2110025,2/23/2023,37095,37095,,,162.24
3C4NJDDN7PT 520631,2023 JEEP COMPASS TRAILHAWK,2098466,2/8/2023,41363,41363,,,180.91
3C4NJDDN9PT 520632,2023 JEEP COMPASS TRAILHAWK,2098467,2/8/2023,40907,40907,,,178.89
3C63R3CL9PG 522231,2023 RAM 3500 TRADESMAN,2155746,4/25/2023,67394,67394,,,294.74
3C63R3CL0PG 522232,2023 RAM 3500 TRADESMAN,2155747,4/25/2023,67578,0,7/6/2023,1/6/2085,61.74
3C4NJDBN7PT 522365,2023 JEEP COMPASS LATITUDE,2102248,2/14/2023,34018,34018,,,148.78
3C4NJDBN9PT 522366,2023 JEEP COMPASS LATITUDE,2110026,2/23/2023,34018,34018,,,148.78
3C4NJDBN0PT 522367,2023 JEEP COMPASS LATITUDE,2106940,2/21/2023,34018,34018,,,148.78
3C4NJDCN4PT 522371,2023 JEEP COMPASS LIMITED,2136440,3/30/2023,39846,39846,,,174.26
3C4NJDCN6PT 522372,2023 JEEP COMPASS LIMITED,2128097,3/20/2023,39395,39395,,,172.29
3C4NJDCN8PT 522373,2023 JEEP COMPASS LIMITED,2114916,3/1/2023,39851,39851,,,174.26
3C4NJDCN5PT 522380,2023 JEEP COMPASS LIMITED,2112122,2/27/2023,39851,39851,,,174.26
3C4NJDCN7PT 522381,2023 JEEP COMPASS LIMITED,2111056,2/24/2023,39851,0,7/3/2023,2/7/2009,14.61
1C6HJTAG8PL 525322,2023 JEEP GLADIATOR SPORT,2075560,1/9/2023,54179,54179,,,236.94
3C4NJDDN3PT 525762,2023 JEEP COMPASS TRAILHAWK,2114918,3/1/2023,37321,37321,,,163.22
3C4NJDDN5PT 525763,2023 JEEP COMPASS TRAILHAWK,2136443,3/30/2023,40292,40292,,,176.19
3C4NJDDN7PT 525764,2023 JEEP COMPASS TRAILHAWK,2112123,2/27/2023,39841,39841,,,174.25
3C4NJDDN9PT 525765,2023 JEEP COMPASS TRAILHAWK,2116134,3/2/2023,40297,40297,,,176.24
3C4NJDBN5PT 527063,2023 JEEP COMPASS LATITUDE,2113620,2/28/2023,39879,0,7/10/2023,3/7/2009,65.5
1C4SJVFJ4PS 530151,2023 JEEP GRAND WAGONEER SERIES II,2205623,6/30/2023,101580,101580,,,462.75
3C4NJDFN1PT 530181,2023 JEEP COMPASS LATITUDE LUX,2126168,3/16/2023,35395,35395,,,154.8
3C4NJDFN3PT 530182,2023 JEEP COMPASS LATITUDE LUX,2151670,4/20/2023,35390,35390,,,154.79
3C4NJDFN5PT 530183,2023 JEEP COMPASS LATITUDE LUX,2123043,3/13/2023,35395,35395,,,154.8
3C4NJDFN7PT 530184,2023 JEEP COMPASS LATITUDE LUX,2119223,3/7/2023,35395,35395,,,154.8
3C4NJDFN9PT 530185,2023 JEEP COMPASS LATITUDE LUX,2116131,3/2/2023,35395,35395,,,154.8
3C4NJDFN0PT 530186,2023 JEEP COMPASS LATITUDE LUX,2118051,3/6/2023,35395,0,6/30/2023,2/2/1918,0
1C6HJTAG5PL 530610,2023 JEEP GLADIATOR SPORT,2069697,12/28/2022,46949,46949,,,205.33
3C4NJDBNXPT 530766,2023 JEEP COMPASS LATITUDE,2124270,3/14/2023,39879,39879,,,174.41
3C4NJDBN1PT 530767,2023 JEEP COMPASS LATITUDE,2131400,3/23/2023,39874,39874,,,174.37
3C4NJDBN3PT 530768,2023 JEEP COMPASS LATITUDE,2125233,3/15/2023,39423,39423,,,172.4
3C4NJDBN5PT 530769,2023 JEEP COMPASS LATITUDE,2124271,3/14/2023,39879,39879,,,174.41
3C4NJDBN7PT 532992,2023 JEEP COMPASS LATITUDE,2119225,3/7/2023,34018,34018,,,148.78
3C4NJDBN9PT 532993,2023 JEEP COMPASS LATITUDE,2120184,3/8/2023,34018,34018,,,148.78
3C4NJDBN0PT 532994,2023 JEEP COMPASS LATITUDE,2133160,3/27/2023,33557,33557,,,146.76
3C4NJDBN2PT 532995,2023 JEEP COMPASS LATITUDE,2134497,3/28/2023,33557,33557,,,146.76
3C4NJDBN4PT 532996,2023 JEEP COMPASS LATITUDE,2131403,3/23/2023,33557,33557,,,146.76
3C4NJDBN6PT 532997,2023 JEEP COMPASS LATITUDE,2124272,3/14/2023,34018,34018,,,148.78
3C4NJDBN8PT 532998,2023 JEEP COMPASS LATITUDE,2124273,3/14/2023,34018,34018,,,148.78
3C4NJDBNXPT 532999,2023 JEEP COMPASS LATITUDE,2121077,3/9/2023,34018,0,6/27/2023,2/18/1993,0
1C4PJMBX5ND 535127,2022 JEEP CHEROKEE TRAILHAWK,1977462,8/22/2022,38751,0,7/12/2023,2/3/2006,77.77
3C4NJDCN3PT 535872,2023 JEEP COMPASS LIMITED,2130660,3/22/2023,39712,39712,,,173.69
3C4NJDCN5PT 535873,2023 JEEP COMPASS LIMITED,2137593,3/31/2023,39707,39707,,,173.65
3C4NJDCN7PT 535874,2023 JEEP COMPASS LIMITED,2136438,3/30/2023,39707,39707,,,173.65
3C4NJDCN9PT 535875,2023 JEEP COMPASS LIMITED,2136439,3/30/2023,39251,39251,,,171.64
3C4NJDCN0PT 535876,2023 JEEP COMPASS LIMITED,2134494,3/28/2023,39251,39251,,,171.64
3C4NJDCN2PT 535877,2023 JEEP COMPASS LIMITED,2134495,3/28/2023,39251,39251,,,171.64
1C6HJTAG1PL 536677,2023 JEEP GLADIATOR SPORT,2121076,3/9/2023,53496,53496,,,233.96
3C4NJDCNXPT 536680,2023 JEEP COMPASS LIMITED,2133158,3/27/2023,37090,37090,,,162.21
3C4NJDCN1PT 536681,2023 JEEP COMPASS LIMITED,2128098,3/20/2023,37095,37095,,,162.24
3C4NJDCN3PT 536682,2023 JEEP COMPASS LIMITED,2131401,3/23/2023,36634,36634,,,160.23
3C4NJDCN5PT 536683,2023 JEEP COMPASS LIMITED,2131402,3/23/2023,36634,36634,,,160.23
3C4NJDCN7PT 536684,2023 JEEP COMPASS LIMITED,2136441,3/30/2023,37090,37090,,,162.21
3C4NJDCN9PT 536685,2023 JEEP COMPASS LIMITED,2129420,3/21/2023,37095,37095,,,162.24
3C4NJDCN0PT 536686,2023 JEEP COMPASS LIMITED,2133159,3/27/2023,37090,37090,,,162.21
3C4NJDCN2PT 536687,2023 JEEP COMPASS LIMITED,2125234,3/15/2023,37095,37095,,,162.24
3C4NJDCN4PT 536688,2023 JEEP COMPASS LIMITED,2119224,3/7/2023,37095,37095,,,162.24
3C4NJDCN6PT 536689,2023 JEEP COMPASS LIMITED,2135553,3/29/2023,42219,42219,,,184.64
3C4NJDCN2PT 536690,2023 JEEP COMPASS LIMITED,2135554,3/29/2023,42219,42219,,,184.64
3C4NJDCN4PT 536691,2023 JEEP COMPASS LIMITED,2136442,3/30/2023,41763,41763,,,182.64
3C4NJDCN6PT 536692,2023 JEEP COMPASS LIMITED,2134496,3/28/2023,41763,41763,,,182.64
3C4NJDCN8PT 536693,2023 JEEP COMPASS LIMITED,2135555,3/29/2023,42219,42219,,,184.64
3C4NJDCNXPT 536694,2023 JEEP COMPASS LIMITED,2135556,3/29/2023,42219,42219,,,184.64
1C4PJMBX5ND 536780,2022 JEEP CHEROKEE TRAILHAWK,1983085,8/29/2022,41093,0,7/3/2023,7/3/2012,15.09
1C6HJTAG4PL 537046,2023 JEEP GLADIATOR SPORT,2144520,4/10/2023,47667,0,6/30/2023,7/3/2030,0
3C4NJDBN8PT 538445,2023 JEEP COMPASS LATITUDE,2127136,3/17/2023,34018,34018,,,148.78
3C4NJDBNXPT 538446,2023 JEEP COMPASS LATITUDE,2123044,3/13/2023,34018,34018,,,148.78
3C4NJDBN1PT 538447,2023 JEEP COMPASS LATITUDE,2134498,3/28/2023,34013,34013,,,148.77
3C4NJDBN3PT 538448,2023 JEEP COMPASS LATITUDE,2133161,3/27/2023,34013,34013,,,148.77
3C4NJDBN5PT 538449,2023 JEEP COMPASS LATITUDE,2175204,5/22/2023,34013,34013,,,148.77
3C4NJDBN1PT 538450,2023 JEEP COMPASS LATITUDE,2128099,3/20/2023,34018,34018,,,148.78
3C4NJDBN3PT 538451,2023 JEEP COMPASS LATITUDE,2133162,3/27/2023,34013,34013,,,148.77
3C4NJDCN6PT 538457,2023 JEEP COMPASS LIMITED,2146512,4/13/2023,39390,39390,,,172.29
3C4NJDCN8PT 538458,2023 JEEP COMPASS LIMITED,2126169,3/16/2023,39851,39851,,,174.26
3C4NJDCNXPT 538459,2023 JEEP COMPASS LIMITED,2121078,3/9/2023,39851,39851,,,174.26
3C4NJDCN6PT 538460,2023 JEEP COMPASS LIMITED,2143603,4/7/2023,39846,39846,,,174.26
3C4NJDCN8PT 538461,2023 JEEP COMPASS LIMITED,2143604,4/7/2023,39846,39846,,,174.26
1C6HJTAG1PL 540339,2023 JEEP GLADIATOR SPORT,2141358,4/5/2023,47667,0,7/12/2023,7/3/2030,95.66
1C4SJVFJ4PS 541246,2023 JEEP GRAND WAGONEER SERIES II,2200346,6/26/2023,100997,100997,,,441.7
1C6JJTEG3PL 542945,2023 JEEP GLADIATOR MOJAVE,2148647,4/17/2023,60047,60047,,,262.61
1C6JJTEG5PL 542946,2023 JEEP GLADIATOR MOJAVE,2149703,4/18/2023,60047,60047,,,262.61
1C4RJHDG4PC 545749,2023 JEEP GRAND CHEROKEE OVERLAND,2149705,4/18/2023,59825,59825,,,261.61
1C6HJTFG3PL 546913,2023 JEEP GLADIATOR OVERLAND,2141359,4/5/2023,53589,53589,,,234.37
1C4RJHDG2PC 548455,2023 JEEP GRAND CHEROKEE OVERLAND,2144436,4/10/2023,59825,59825,,,261.61
1C6JJTBG5PL 551862,2023 JEEP GLADIATOR RUBICON,2165568,5/9/2023,57441,0,6/29/2023,4/6/2057,0
1C6JJTBG5PL 552896,2023 JEEP GLADIATOR RUBICON,2173988,5/19/2023,59691,59691,,,261.04
3C6LRVAG4PE 553853,2023 RAM PROMASTER 1500 1500 STANDARD,2126170,3/16/2023,47926,0,7/7/2023,3/19/2031,52.52
3C6LRVDG6PE 554076,2023 RAM PROMASTER 2500 2500 HIGH,2135557,3/29/2023,50785,0,7/5/2023,1/15/2039,37.15
3C6MRVHG3PE 554454,2023 RAM PROMASTER 3500 3500 HIGH,2155749,4/25/2023,51258,0,7/17/2023,5/2/2040,149.52
1C4RJHBG3PC 560634,2023 JEEP GRAND CHEROKEE LIMITED,2172176,5/17/2023,52724,52724,,,230.57
1C4RJHDG5PC 561023,2023 JEEP GRAND CHEROKEE OVERLAND,2143605,4/7/2023,59825,0,6/27/2023,10/16/2063,0
3C6MRVJG3PE 562368,2023 RAM PROMASTER 3500 3500 HIGH,2173216,5/18/2023,58644,58644,,,256.48
3C6MRVJG0PE 562411,2023 RAM PROMASTER 3500 3500 HIGH,2176732,5/23/2023,54805,54805,,,239.68
1C6RRFBG8PN 563070,2023 RAM 1500 BIG HORN/LONE STAR,2096584,2/6/2023,50780,0,7/19/2023,1/10/2039,166.64
1C6RRFBGXPN 563071,2023 RAM 1500 BIG HORN/LONE STAR,2098463,2/8/2023,50964,0,7/21/2023,7/13/2039,185.79
2C4RC1S73PR 569696,2023 CHRY PACIFICA HYBRID LIMITED,2173215,5/18/2023,55819,55819,,,244.11
1C6JJTEG9PL 569776,2023 JEEP GLADIATOR MOJAVE,2216555,7/18/2023,60896,60896,,,77.6
2C4RC1S73PR 573070,2023 CHRY PACIFICA HYBRID LIMITED,2186532,6/6/2023,55549,55549,,,242.93
2C4RC1S75PR 573071,2023 CHRY PACIFICA HYBRID LIMITED,2176731,5/23/2023,55819,55819,,,244.11
2C4RC3BG7PR 576565,2023 CHRY PACIFICA TOURING L,2186533,6/6/2023,46766,0,7/19/2023,1/14/2028,153.45
1C4JJXP64PW 580154,2023 JEEP WRANGLER SAHARA 4XE,2173214,5/18/2023,62109,0,6/26/2023,9/23/1936,0
3C6LRVDG6PE 582329,2023 RAM PROMASTER 2500 2500 HIGH,2171181,5/16/2023,53029,0,7/6/2023,3/8/2045,48.45
3C6MRVJG7PE 582350,2023 RAM PROMASTER 3500 3500 HIGH,2208855,7/6/2023,53920,53920,,,186.55
2C3CDXGJ4PH 584499,2023 DODG CHARGER SCAT PACK,2201985,6/27/2023,60855,60855,,,266.14
2C4RC3BG6PR 584799,2023 CHRY PACIFICA TOURING L,2190131,6/12/2023,46316,46316,,,202.57
1C6SRFJT2PN 589986,2023 RAM 1500 LARAMIE,2121075,3/9/2023,62079,0,7/14/2023,10/20/1918,127.08
2C4RC1S73PR 592718,2023 CHRY PACIFICA HYBRID LIMITED,2203263,6/28/2023,55373,55373,,,242.15
2C4RC1S75PR 592719,2023 CHRY PACIFICA HYBRID LIMITED,2201986,6/27/2023,55549,55549,,,242.93
2C4RC3BG8PR 593245,2023 CHRY PACIFICA TOURING L,2205622,6/30/2023,46320,46320,,,211.01
3C63R3DL5PG 596504,2023 RAM 3500 BIG HORN,2149702,4/18/2023,77317,77317,,,338.14
2C3CDXJG7PH 604922,2023 DODG CHARGER SXT,2187324,6/7/2023,39382,39382,,,172.25
1C4HJXDG9PW 607201,2023 JEEP WRANGLER SPORT,2076431,1/10/2023,54228,54228,,,237.16
1C4RJHBG5PC 608151,2023 JEEP GRAND CHEROKEE LIMITED,2172177,5/17/2023,54825,6757.48,7/25/2023,8/7/2031,239.78
1C4RJYD61PC 610905,2023 JEEP GRAND CHEROKEE OVERLAND 4XE,2153428,4/21/2023,68601,68601,,,300.01
1C6SRFJT9PN 613703,2023 RAM 1500 LARAMIE,2138796,4/3/2023,64007,0,7/7/2023,3/29/2075,70.14
1C6SRFJT0PN 613704,2023 RAM 1500 LARAMIE,2142587,4/6/2023,63776,63776,,,278.89
1C6SRFJT2PN 613705,2023 RAM 1500 LARAMIE,2182042,5/31/2023,63960,0,6/30/2023,2/10/2075,0
1C6SRFJT4PN 613706,2023 RAM 1500 LARAMIE,2138797,4/3/2023,63960,63960,,,279.71
1C4RJHBG7PC 614761,2023 JEEP GRAND CHEROKEE LIMITED,2183205,6/1/2023,52900,0,7/10/2023,10/30/2044,86.89
1C4RJHBG9PC 614762,2023 JEEP GRAND CHEROKEE LIMITED,2186534,6/6/2023,52817,52817,,,230.99
1C4RJHBG0PC 614763,2023 JEEP GRAND CHEROKEE LIMITED,2182043,5/31/2023,52364,52364,,,229
1C4RJHBG2PC 614764,2023 JEEP GRAND CHEROKEE LIMITED,2180686,5/30/2023,52900,52900,,,231.34
1C4RJHBG4PC 614765,2023 JEEP GRAND CHEROKEE LIMITED,2188207,6/8/2023,53353,53353,,,233.32
1C4RJHBG6PC 614766,2023 JEEP GRAND CHEROKEE LIMITED,2187325,6/7/2023,53353,0,7/12/2023,1/26/2046,107.07
1C4RJHBG8PC 614767,2023 JEEP GRAND CHEROKEE LIMITED,2183206,6/1/2023,52900,0,7/24/2023,10/30/2044,221.71
1C4RJHBG2PC 615798,2023 JEEP GRAND CHEROKEE LIMITED,2186535,6/6/2023,53353,53353,,,233.32
1C6SRFJT0PN 621754,2023 RAM 1500 LARAMIE,2171180,5/16/2023,64291,64291,,,281.18
1C6SRFJT4PN 622079,2023 RAM 1500 LARAMIE,2154503,4/24/2023,66656,66656,,,291.52
1C6SRFJT4PN 629744,2023 RAM 1500 LARAMIE,2161118,5/2/2023,63344,63344,,,277.04
1C6SRFJT6PN 629745,2023 RAM 1500 LARAMIE,2159866,5/1/2023,63344,63344,,,277.04
1C4RJKBGXN8 630241,2022 JEEP GRAND CHEROKEE L LIMITED,1960854,7/29/2022,54140,54140,,,236.77
1C4RJHAG2PC 633154,2023 JEEP GRAND CHEROKEE LAREDO,2189182,6/9/2023,49328,0,7/7/2023,1/19/2035,54.05
1C4HJXCG2PW 635844,2023 JEEP WRANGLER RUBICON,2157790,4/27/2023,54941,54941,,,240.27
1C6SRFFT3PN 635978,2023 RAM 1500 BIG HORN/LONE STAR,2186531,6/6/2023,59275,0,7/7/2023,4/14/2062,64.95
1C4HJXEN9PW 636467,2023 JEEP WRANGLER SAHARA,2210039,7/10/2023,50309,0,7/18/2023,9/26/2037,73.28
1C4HJXDG3PW 636483,2023 JEEP WRANGLER SPORT,2168660,5/12/2023,52334,52334,,,228.88
1C4HJXDG5PW 636484,2023 JEEP WRANGLER SPORT,2169783,5/15/2023,51888,51888,,,226.93
1C4HJXDG0PW 636487,2023 JEEP WRANGLER SPORT,2134492,3/28/2023,57585,0,7/6/2023,8/28/2057,52.61
1C4HJXEGXPW 636513,2023 JEEP WRANGLER SAHARA,2092850,1/31/2023,52426,52426,,,229.28
1C6RRFFG8PN 637372,2023 RAM 1500 BIG HORN/LONE STAR,2193281,6/15/2023,52792,592.52,7/25/2023,11/29/2042,230.89
1C6RRFFG3PN 637375,2023 RAM 1500 BIG HORN/LONE STAR,2161992,5/3/2023,52781,52781,,,230.84
1C4GJXAN0PW 639940,2023 JEEP WRANGLER SPORT,2161994,5/3/2023,43273,43273,,,189.24
1C4GJXAN2PW 639941,2023 JEEP WRANGLER SPORT,2138798,4/3/2023,43273,43273,,,189.24
1C4HJXDG2PW 640718,2023 JEEP WRANGLER SPORT,2092851,1/31/2023,47310,47310,,,206.9
1C4HJXEG1PW 640725,2023 JEEP WRANGLER SAHARA,2091440,1/30/2023,52426,52426,,,229.28
1C4HJXEG3PW 640726,2023 JEEP WRANGLER SAHARA,2094704,2/2/2023,52426,52426,,,229.28
1C6RRFBG8PN 643419,2023 RAM 1500 BIG HORN/LONE STAR,2219508,7/21/2023,50899,50899,,,37.04
1C6RRFBG4PN 643420,2023 RAM 1500 BIG HORN/LONE STAR,2177686,5/24/2023,50282,50282,,,219.9
1C6RRFBG6PN 643421,2023 RAM 1500 BIG HORN/LONE STAR,2218496,7/20/2023,51124,51124,,,46.53
1C6RRFBG8PN 643422,2023 RAM 1500 BIG HORN/LONE STAR,2215231,7/17/2023,51171,51171,,,74.52
1C4RJHAG2PC 645823,2023 JEEP GRAND CHEROKEE LAREDO,2185353,6/5/2023,49864,0,7/21/2023,7/8/2036,181.78
1C4RJHAG6PC 645825,2023 JEEP GRAND CHEROKEE LAREDO,2196998,6/21/2023,49864,0,7/18/2023,7/8/2036,154.54
3C6UR5CLXPG 647061,2023 RAM 2500 TRADESMAN,2196996,6/21/2023,68837,68837,,,301.03
1C4RJYB69PC 650670,2023 JEEP GRAND CHEROKEE LIMITED 4XE,2198664,6/22/2023,61545,61545,,,269.15
1C4RJYB67PC 650778,2023 JEEP GRAND CHEROKEE LIMITED 4XE,2198665,6/22/2023,61545,0,7/17/2023,7/1/2068,179.52
1C4RJYE64PC 651222,2023 JEEP GRAND CHEROKEE SUMMIT 4XE,2189183,6/9/2023,80326,80326,,,351.27
1C4RJYE66PC 651223,2023 JEEP GRAND CHEROKEE SUMMIT 4XE,2187327,6/7/2023,80326,80326,,,351.27
1C4RJYE68PC 651224,2023 JEEP GRAND CHEROKEE SUMMIT 4XE,2186537,6/6/2023,80326,80326,,,351.27
1C4RJHBG5PC 652523,2023 JEEP GRAND CHEROKEE LIMITED,2185354,6/5/2023,55184,55184,,,241.34
1C4RJHBG1PC 653622,2023 JEEP GRAND CHEROKEE LIMITED,2216557,7/18/2023,57829,57829,,,73.69
1C6SRFLT8PN 654238,2023 RAM 1500 REBEL,2183203,6/1/2023,75236,0,7/3/2023,12/26/2105,27.61
1C4GJXAN1PW 656651,2023 JEEP WRANGLER SPORT,2169782,5/15/2023,43453,43453,,,190.05
1C4HJXCG5PW 656655,2023 JEEP WRANGLER RUBICON,2162718,5/4/2023,51461,0,7/18/2023,11/21/2040,159.49
1C4SDJH91PC 658294,2023 DODG DURANGO SRT HELLCAT,2216556,7/18/2023,97214,97214,,,123.86
1C4HJXAG2PW 658320,2023 JEEP WRANGLER SPORT,2126167,3/16/2023,44842,44842,,,196.12
1C4GJXAN4PW 659429,2023 JEEP WRANGLER SPORT,2156815,4/26/2023,44177,44177,,,193.2
1C4GJXAN2PW 659431,2023 JEEP WRANGLER SPORT,2138799,4/3/2023,44177,44177,,,193.2
1C4GJXAN6PW 659433,2023 JEEP WRANGLER SPORT,2153425,4/21/2023,44177,44177,,,193.2
1C4RJHAG9PC 661940,2023 JEEP GRAND CHEROKEE LAREDO,2215232,7/17/2023,49199,49199,,,71.66
1C4RJYD60PC 666155,2023 JEEP GRAND CHEROKEE OVERLAND 4XE,2220544,7/24/2023,71953,71953,,,0
1C4RJYD62PC 666156,2023 JEEP GRAND CHEROKEE OVERLAND 4XE,2220545,7/24/2023,71953,71953,,,0
1C4RJYD64PC 666157,2023 JEEP GRAND CHEROKEE OVERLAND 4XE,2216559,7/18/2023,72489,72489,,,92.37
1C6RRFFG2PN 666804,2023 RAM 1500 BIG HORN/LONE STAR,2210335,7/10/2023,55447,55447,,,151.41
1C6RRFFG4PN 666805,2023 RAM 1500 BIG HORN/LONE STAR,2216554,7/18/2023,55672,55672,,,70.93
1C6RRFFG6PN 666806,2023 RAM 1500 BIG HORN/LONE STAR,2189179,6/9/2023,54885,0,7/3/2023,4/7/2050,20.14
1C6SRFRT9PN 667586,2023 RAM 1500 LARAMIE,2191306,6/13/2023,68312,68312,,,298.77
1C4RJYD69PC 667837,2023 JEEP GRAND CHEROKEE OVERLAND 4XE,2216560,7/18/2023,74285,74285,,,94.66
1C6RRFFG2PN 672683,2023 RAM 1500 BIG HORN/LONE STAR,2196997,6/21/2023,52048,52048,,,227.62
1C4JJXR67PW 700252,2023 JEEP WRANGLER RUBICON 4XE,2180685,5/30/2023,64729,0,6/27/2023,3/20/2077,0
1C4JJXR60PW 700254,2023 JEEP WRANGLER RUBICON 4XE,2178636,5/25/2023,64639,0,7/10/2023,12/20/2076,106.17
1C4RJYD65N8 716421,2022 JEEP GRAND CHEROKEE OVERLAND 4XE,2058432,12/13/2022,70537,70537,,,308.48
1C4RJYD69N8 716423,2022 JEEP GRAND CHEROKEE OVERLAND 4XE,2045207,11/22/2022,70983,70983,,,310.41
1C4RJKBG6P8 728265,2023 JEEP GRAND CHEROKEE L LIMITED,2083997,1/20/2023,54846,0,6/26/2023,7/29/1920,0
1C4RJKBG0P8 744820,2023 JEEP GRAND CHEROKEE L LIMITED,2112124,2/27/2023,55116,55116,,,241.04
1C4RJKBGXP8 744825,2023 JEEP GRAND CHEROKEE L LIMITED,2108896,2/22/2023,55116,55116,,,241.04
1C4RJYD6XN8 761421,2022 JEEP GRAND CHEROKEE OVERLAND 4XE,2051301,12/2/2022,70537,70537,,,308.48
1C4RJYD60N8 762500,2022 JEEP GRAND CHEROKEE OVERLAND 4XE,2029203,11/1/2022,70530,70530,,,308.43
1C4RJYE63N8 765079,2022 JEEP GRAND CHEROKEE SUMMIT 4XE,2041025,11/16/2022,73524,73524,,,321.57
1C4RJYB64P8 775207,2023 JEEP GRAND CHEROKEE LIMITED 4XE,2077446,1/11/2023,61009,0,7/7/2023,1/12/2067,66.85
1C4RJYD65P8 791719,2023 JEEP GRAND CHEROKEE OVERLAND 4XE,2082852,1/19/2023,68601,0,6/26/2023,6/15/1948,0
1C4RJYE62P8 804473,2023 JEEP GRAND CHEROKEE SUMMIT 4XE,2114921,3/1/2023,77114,0,6/28/2023,2/16/2111,0
1C4RJYE64P8 807679,2023 JEEP GRAND CHEROKEE SUMMIT 4XE,2114922,3/1/2023,77560,0,6/28/2023,11/25/1963,0
1C4RJKAG5P8 813695,2023 JEEP GRAND CHEROKEE L LAREDO,2135558,3/29/2023,52893,52893,,,231.32
1C4RJKBG0P8 813702,2023 JEEP GRAND CHEROKEE L LIMITED,2135559,3/29/2023,54846,54846,,,239.87
1C4RJHEG7P8 815512,2023 JEEP GRAND CHEROKEE SUMMIT,2121079,3/9/2023,63744,63744,,,278.78
1C4RJKBG5P8 817017,2023 JEEP GRAND CHEROKEE L LIMITED,2090435,1/27/2023,54846,0,7/24/2023,2/27/2050,229.89
1C4RJKBG7P8 818895,2023 JEEP GRAND CHEROKEE L LIMITED,2155750,4/25/2023,54400,0,6/29/2023,12/8/2048,0
1C4RJKBG9P8 818896,2023 JEEP GRAND CHEROKEE L LIMITED,2162719,5/4/2023,54846,54846,,,239.87
1C4RJKBG0P8 818897,2023 JEEP GRAND CHEROKEE L LIMITED,2162720,5/4/2023,54846,54846,,,239.87
1C4RJKBG0P8 820195,2023 JEEP GRAND CHEROKEE L LIMITED,2161123,5/2/2023,54846,54846,,,239.87
1C4RJKBG2P8 820196,2023 JEEP GRAND CHEROKEE L LIMITED,2156816,4/26/2023,54846,54846,,,239.87
1C4RJKBG4P8 820197,2023 JEEP GRAND CHEROKEE L LIMITED,2172178,5/17/2023,54846,54846,,,239.87
1C4RJKBG7P8 821716,2023 JEEP GRAND CHEROKEE L LIMITED,2161995,5/3/2023,54846,54846,,,239.87
1C4RJKAG0P8 823261,2023 JEEP GRAND CHEROKEE L LAREDO,2138807,4/3/2023,52893,0,6/29/2023,9/30/1916,0
1C4RJKAG2P8 823262,2023 JEEP GRAND CHEROKEE L LAREDO,2158921,4/28/2023,52893,52893,,,231.32
1C4RJHBG4P8 825113,2023 JEEP GRAND CHEROKEE LIMITED,2169784,5/15/2023,52810,0,7/7/2023,8/1/2044,57.87
1C4RJKBG8P8 825306,2023 JEEP GRAND CHEROKEE L LIMITED,2140212,4/4/2023,57041,57041,,,249.46
1C4RJKAG0P8 825480,2023 JEEP GRAND CHEROKEE L LAREDO,2150663,4/19/2023,52893,0,7/20/2023,10/23/2044,183.19
1C4RJKBG5P8 825487,2023 JEEP GRAND CHEROKEE L LIMITED,2161121,5/2/2023,54846,54846,,,239.87
1C4RJKBG7P8 825488,2023 JEEP GRAND CHEROKEE L LIMITED,2161122,5/2/2023,54846,54846,,,239.87
1C4RJKBG9P8 834418,2023 JEEP GRAND CHEROKEE L LIMITED,2176733,5/23/2023,56595,56595,,,247.52
1C4RJHEG7P8 838904,2023 JEEP GRAND CHEROKEE SUMMIT,2184391,6/2/2023,65029,65029,,,284.4
1C4RJKBGXP8 843130,2023 JEEP GRAND CHEROKEE L LIMITED,2159868,5/1/2023,54846,54846,,,239.87
1C4RJKBG1P8 843131,2023 JEEP GRAND CHEROKEE L LIMITED,2171182,5/16/2023,54400,0,6/29/2023,12/8/2048,0
1C4RJKBG3P8 843132,2023 JEEP GRAND CHEROKEE L LIMITED,2167626,5/11/2023,54846,54846,,,239.87
1C4RJKBG3P8 853398,2023 JEEP GRAND CHEROKEE L LIMITED,2176734,5/23/2023,57041,57041,,,249.46
1C4RJKBG8P8 854045,2023 JEEP GRAND CHEROKEE L LIMITED,2188206,6/8/2023,55299,55299,,,241.84
1C4RJYD68P8 859785,2023 JEEP GRAND CHEROKEE OVERLAND 4XE,2167287,5/11/2023,70988,0,7/7/2023,5/9/2094,77.78
1C4RJKBG0P8 861149,2023 JEEP GRAND CHEROKEE L LIMITED,2189180,6/9/2023,56500,56500,,,247.1
1C4RJKBG7P8 861150,2023 JEEP GRAND CHEROKEE L LIMITED,2194470,6/16/2023,55964,55964,,,244.76
1C4RJKBG9P8 861151,2023 JEEP GRAND CHEROKEE L LIMITED,2189181,6/9/2023,56500,56500,,,247.1
1C4RJKBG0P8 861152,2023 JEEP GRAND CHEROKEE L LIMITED,2188208,6/8/2023,56500,56500,,,247.1
1C4RJKBG2P8 861153,2023 JEEP GRAND CHEROKEE L LIMITED,2187326,6/7/2023,56500,56500,,,247.1
1C4RJKAG4P8 861155,2023 JEEP GRAND CHEROKEE L LAREDO,2190133,6/12/2023,45219,45219,,,197.76
1C4RJKAG6P8 861156,2023 JEEP GRAND CHEROKEE L LAREDO,2208856,7/6/2023,44683,44683,,,154.58
1C4RJKAG8P8 861157,2023 JEEP GRAND CHEROKEE L LAREDO,2192397,6/14/2023,45219,45219,,,197.76
1C4RJKBG8P8 873159,2023 JEEP GRAND CHEROKEE L LIMITED,2186536,6/6/2023,57623,57623,,,251.99
1C4RJKBG4P8 873160,2023 JEEP GRAND CHEROKEE L LIMITED,2188209,6/8/2023,57623,57623,,,251.99
1C4RJKAG4P8 873161,2023 JEEP GRAND CHEROKEE L LAREDO,2178637,5/25/2023,49277,49277,,,215.51
1C4RJKAG6P8 873162,2023 JEEP GRAND CHEROKEE L LAREDO,2178638,5/25/2023,49277,49277,,,215.51
1C4RJKAG8P8 873163,2023 JEEP GRAND CHEROKEE L LAREDO,2179624,5/26/2023,49723,0,7/21/2023,2/18/2036,181.28
1C4RJKAGXP8 873164,2023 JEEP GRAND CHEROKEE L LAREDO,2190132,6/12/2023,49813,49813,,,217.84
1C4RJKAG1P8 873165,2023 JEEP GRAND CHEROKEE L LAREDO,2178639,5/25/2023,50173,0,7/10/2023,5/13/2037,82.41
1C4RJKAG3P8 873166,2023 JEEP GRAND CHEROKEE L LAREDO,2182044,5/31/2023,50263,0,7/12/2023,8/11/2037,100.87
1C4RJYD6XP8 891900,2023 JEEP GRAND CHEROKEE OVERLAND 4XE,2208857,7/6/2023,72489,72489,,,250.8
1C4RJYD61P8 891901,2023 JEEP GRAND CHEROKEE OVERLAND 4XE,2176735,5/23/2023,70987,70987,,,310.46
1C4RJYD63P8 891902,2023 JEEP GRAND CHEROKEE OVERLAND 4XE,2176736,5/23/2023,70541,70541,,,308.49
1C4RJYD65P8 891903,2023 JEEP GRAND CHEROKEE OVERLAND 4XE,2173217,5/18/2023,70987,70987,,,310.46
1C4RJYD67P8 891904,2023 JEEP GRAND CHEROKEE OVERLAND 4XE,2176737,5/23/2023,70987,70987,,,310.46
1C4RJYD69P8 891905,2023 JEEP GRAND CHEROKEE OVERLAND 4XE,2173218,5/18/2023,70987,70987,,,310.46
1C4RJYB62P8 905050,2023 JEEP GRAND CHEROKEE LIMITED 4XE,2216558,7/18/2023,65239,65239,,,83.13
1C4RJYB68P8 905053,2023 JEEP GRAND CHEROKEE LIMITED 4XE,2219509,7/21/2023,65775,65775,,,47.87
ZACNJDB12NP N81791,2022 JEEP RENEGADE LATITUDE,1984511,8/30/2022,32640,32640,,,142.76
ZACNJDE11NP N81843,2022 JEEP RENEGADE ALTITUDE,1981987,8/26/2022,33204,0,7/3/2023,11/27/1990,12.18
ZACNJDE17NP N81944,2022 JEEP RENEGADE ALTITUDE,1984513,8/30/2022,33576,33576,,,146.86
ZACNJDE19NP N83517,2022 JEEP RENEGADE ALTITUDE,2006932,9/29/2022,34259,34259,,,149.81
ZACNJDB11PP P21963,2023 JEEP RENEGADE LATITUDE,2140205,4/4/2023,31774,31774,,,138.95
ZACNJDB12PP P22457,2023 JEEP RENEGADE LATITUDE,2140206,4/4/2023,32240,32240,,,141
ZACNJDB10PP P22618,2023 JEEP RENEGADE LATITUDE,2148646,4/17/2023,32240,0,7/3/2023,4/7/1988,11.84
ZACNJDB13PP P22628,2023 JEEP RENEGADE LATITUDE,2156812,4/26/2023,32240,32240,,,141
ZACNJDB1XPP P24313,2023 JEEP RENEGADE LATITUDE,2150662,4/19/2023,29311,29311,,,128.18
ZACNJDB15PP P25935,2023 JEEP RENEGADE LATITUDE,2156813,4/26/2023,29777,29777,,,130.22
ZACNJDB15PP P40371,2023 JEEP RENEGADE LATITUDE,2205616,6/30/2023,30910,30910,,,140.79
ZACNJDB17PP P40873,2023 JEEP RENEGADE LATITUDE,2205617,6/30/2023,30910,30910,,,140.79
ZACNJDB14PP P41091,2023 JEEP RENEGADE LATITUDE,2195662,6/20/2023,30711,30711,,,134.32
ZACNJDB11PP P41436,2023 JEEP RENEGADE LATITUDE,2194469,6/16/2023,30151,30151,,,131.87
ZACNJDB18PP P42390,2023 JEEP RENEGADE LATITUDE,2205618,6/30/2023,30910,30910,,,140.79
ZACNJDD11PP P44317,2023 JEEP RENEGADE LIMITED,2205620,6/30/2023,34902,34902,,,159
ZACNJDD12PP P44469,2023 JEEP RENEGADE LIMITED,2205621,6/30/2023,34902,34902,,,159
ZACNJDD1XPP P45546,2023 JEEP RENEGADE LIMITED,2205619,6/30/2023,34902,34902,,,159
ZFBHRFAB2N6 X48686,2022 RAM PROMASTER CITY TRADESMAN,2178635,5/25/2023,34800,0,7/5/2023,4/11/1995,25.45
ZFBHRFAB8N6 Y00564,2022 RAM PROMASTER CITY TRADESMAN,2187323,6/7/2023,35950,35950,,,157.21
ZFBHRFAB6N6 Y68300,2022 RAM PROMASTER CITY TRADESMAN,2214374,7/14/2023,35798,35798,,,71.67
ZFBHRFAB3N6 Y68352,2022 RAM PROMASTER CITY TRADESMAN,2198663,6/22/2023,35541,0,7/24/2023,4/21/1997,148.98
1C4PJMMB0PD 108796,2023 JEEP CHEROKEE ALTITUDE LUX,2088589,1/26/2023,38800,0,6/26/2023,3/24/2006,0
1C4PJXDN5RW 110398,2024 JEEP WRANGLER HIGH ALTITUDE,2195507,6/20/2023,46385,0,7/5/2023,12/29/2026,17.01
1C4PJXDN7RW 110399,2024 JEEP WRANGLER HIGH ALTITUDE,2195509,6/20/2023,45849,45849,,,200.51
1C4PJXDNXRW 110400,2024 JEEP WRANGLER SAHARA,2201627,6/27/2023,45849,0,7/18/2023,7/11/2025,142.09
1C4SJVEJ7NS 111824,2022 JEEP GRAND WAGONEER SERIES I,1944313,7/8/2022,89186,89186,,,390.04
1C4PJXDN5RW 113351,2024 JEEP WRANGLER SAHARA,2204186,6/29/2023,45939,45939,,,200.91
1C4PJXDN7RW 113352,2024 JEEP WRANGLER HIGH ALTITUDE,2195508,6/20/2023,45939,45939,,,200.91
1C4SJVEJ1NS 113410,2022 JEEP GRAND WAGONEER SERIES I,1918485,6/9/2022,91521,0,7/10/2023,7/6/2125,141.98
1C6HJTFG2NL 123320,2022 JEEP GLADIATOR OVERLAND,1949116,7/15/2022,51649,51649,,,225.87
1C4PJXDN8RW 133013,2024 JEEP WRANGLER SPORT,2219401,7/21/2023,45939,45939,,,33.43
1C4PJXDN3RW 133016,2024 JEEP WRANGLER SPORT,2220437,7/24/2023,45939,45939,,,0
1C4PJXDN5RW 133017,2024 JEEP WRANGLER SPORT,2220438,7/24/2023,45939,45939,,,0
1C4SJVGJ2NS 136790,2022 JEEP GRAND WAGONEER SERIES III,1942411,7/6/2022,107480,107480,,,470.06
1C4PJXAN4RW 140447,2024 JEEP WRANGLER SPORT,2205361,6/30/2023,40122,40122,,,182.77
1C4PJXAN6RW 140448,2024 JEEP WRANGLER SAHARA,2203132,6/28/2023,40658,0,7/20/2023,4/25/2011,140.82
1C4PJXAN8RW 140449,2024 JEEP WRANGLER SPORT,2205362,6/30/2023,40658,40658,,,185.23
1C4SJVBT8NS 142344,2022 JEEP WAGONEER SERIES II,1926479,6/17/2022,72639,0,7/6/2023,12/26/2078,65.03
1C6HJTFG2NL 154373,2022 JEEP GLADIATOR OVERLAND,1907435,5/25/2022,55033,0,7/6/2023,7/14/2020,44.24
1C4SJVBT8NS 195741,2022 JEEP WAGONEER SERIES II,1926463,6/17/2022,72638,65374.2,7/5/2023,11/19/1919,291.2
2C3CDZBT1NH 210191,2022 DODG CHALLENGER R/T,1997003,9/16/2022,48685,48685,,,212.91
2C4RC1L76NR 212749,2022 CHRY PACIFICA HYBRID TOURING L,2051106,12/2/2022,48605,0,7/6/2023,1/26/2033,44.4
3C6UR5FL4NG 351607,2022 RAM 2500 LARAMIE,2097359,2/7/2023,79084,79084,,,345.87
3C63R3EL8NG 353099,2022 RAM 3500 LARAMIE,2082697,1/19/2023,83216,0,7/3/2023,11/1/2127,-30.33
3C6UR5DL9NG 382130,2022 RAM 2500 BIG HORN/LONE STAR,2076271,1/10/2023,70935,0,7/3/2023,3/17/2094,26.03
2C4RC1L73PR 503504,2023 CHRY PACIFICA HYBRID TOURING L,2117909,3/6/2023,53292,53292,,,233.07
2C3CDXBGXPH 504618,2023 DODG CHARGER SXT,2210838,7/11/2023,35299,0,7/14/2023,8/22/1996,19.28
2C3CDXCT5PH 504697,2023 DODG CHARGER R/T,2072986,1/3/2023,46396,46396,,,202.9
2C4RC1BG0PR 505552,2023 CHRY PACIFICA TOURING L,2063796,12/20/2022,41289,41289,,,180.56
1C4RJHDG7PC 506606,2023 JEEP GRAND CHEROKEE OVERLAND,2034089,11/7/2022,64685,0,7/10/2023,2/4/2077,106.24
1C4SJVGP2PS 508118,2023 JEEP GRAND WAGONEER SERIES III,2136318,3/30/2023,108929,0,7/5/2023,3/26/2198,79.67
1C4SJVGP4PS 508119,2023 JEEP GRAND WAGONEER SERIES III,2139934,4/4/2023,108929,108929,,,476.39
2C3CDXBG7PH 508464,2023 DODG CHARGER SXT,2087646,1/25/2023,35034,0,6/28/2023,12/1/1995,0
1C6HJTAG9PL 508979,2023 JEEP GLADIATOR SPORT,2039840,11/15/2022,54328,0,7/24/2023,9/27/2048,227.7
1C6SRFU97PN 509677,2023 RAM 1500 TRX,2185236,6/5/2023,94189,0,7/5/2023,11/16/2157,68.9
3C6UR5EL5PG 509814,2023 RAM 2500 POWERWAGON,2118968,3/7/2023,89162,89162,,,389.93
2C3CDXBG0PH 511223,2023 DODG CHARGER SXT,2072671,1/3/2023,34943,0,7/21/2023,9/1/1995,127.39
1C6JJTEG3PL 511307,2023 JEEP GLADIATOR MOJAVE,2028905,11/1/2022,57000,57000,,,249.27
1C6JJTEG7PL 511309,2023 JEEP GLADIATOR MOJAVE,2038359,11/14/2022,58503,58503,,,255.84
1C6JJTEG5PL 511311,2023 JEEP GLADIATOR MOJAVE,2039324,11/15/2022,58503,58503,,,255.84
1C6JJTEG7PL 511312,2023 JEEP GLADIATOR MOJAVE,2210845,7/11/2023,58350,58350,,,148.72
1C4SJSAP9PS 511878,2023 JEEP WAGONEER L SERIES I,2184222,6/2/2023,71826,71826,,,314.13
1C4SJSAP0PS 511879,2023 JEEP WAGONEER L SERIES I,2184223,6/2/2023,71826,71826,,,314.13
2C3CDXHG5PH 512942,2023 DODG CHARGER GT,2077290,1/11/2023,38200,38200,,,167.06
1C4SJSAPXPS 514059,2023 JEEP WAGONEER L SERIES I,2204185,6/29/2023,70591,70591,,,308.7
1C4SJSAP6PS 514060,2023 JEEP WAGONEER L SERIES I,2211205,7/11/2023,71317,71317,,,181.78
1C4SJSAP8PS 514061,2023 JEEP WAGONEER L SERIES I,2215126,7/17/2023,71932,71932,,,104.77
2C3CDZBTXPH 514946,2023 DODG CHALLENGER R/T,2077288,1/11/2023,46537,0,7/6/2023,5/30/2027,42.52
2C3CDZBT1PH 514947,2023 DODG CHALLENGER R/T,2078165,1/12/2023,46537,46537,,,203.53
2C3CDZBT3PH 514948,2023 DODG CHALLENGER R/T,2078166,1/12/2023,46537,46537,,,203.53
2C3CDXCT3PH 515973,2023 DODG CHARGER R/T,2210837,7/11/2023,46487,0,7/18/2023,4/10/2027,59.24
2C3CDXCT7PH 515975,2023 DODG CHARGER R/T,2076279,1/10/2023,44030,0,7/5/2023,7/18/2020,32.21
2C3CDXJG8PH 516994,2023 DODG CHARGER SXT,2083800,1/20/2023,38543,38543,,,168.56
2C3CDZBTXPH 517930,2023 DODG CHALLENGER R/T,2081473,1/18/2023,46807,46807,,,204.71
2C3CDZBT3PH 517932,2023 DODG CHALLENGER R/T,2080336,1/17/2023,46537,46537,,,203.53
1C4SJUATXPS 518315,2023 JEEP WAGONEER SERIES I,2147330,4/14/2023,64885,64885,,,283.77
1C6JJTBG5PL 518666,2023 JEEP GLADIATOR RUBICON,2070617,12/29/2022,63161,63161,,,276.23
2C3CDXBG7PH 518881,2023 DODG CHARGER SXT,2078169,1/12/2023,34948,0,6/28/2023,9/6/1995,0
2C3CDXBG9PH 518882,2023 DODG CHARGER SXT,2081946,1/18/2023,35034,0,6/27/2023,12/1/1995,0
2C3CDXBG0PH 518883,2023 DODG CHARGER SXT,2078170,1/12/2023,35034,35034,,,153.21
2C3CDXBG1PH 518889,2023 DODG CHARGER SXT,2210836,7/11/2023,38702,38702,,,98.62
2C3CDXBG8PH 518890,2023 DODG CHARGER SXT,2078174,1/12/2023,38702,38702,,,169.23
1C6JJTBM2PL 520400,2023 JEEP GLADIATOR RUBICON,2034086,11/7/2022,65918,65918,,,288.26
2C3CDZJG2PH 521541,2023 DODG CHALLENGER GT,2082699,1/19/2023,39990,0,7/5/2023,6/26/2009,29.24
2C3CDZJG4PH 521542,2023 DODG CHALLENGER GT,2083795,1/20/2023,39990,39990,,,174.89
1C4RJHBG5PC 521852,2023 JEEP GRAND CHEROKEE LIMITED,2138581,4/3/2023,52890,0,6/29/2023,10/20/2044,0
2C3CDXBG3PH 522636,2023 DODG CHARGER SXT,2084865,1/23/2023,35304,35304,,,154.39
2C3CDXCT4PH 522687,2023 DODG CHARGER R/T,2081477,1/18/2023,43944,0,7/6/2023,4/23/2020,40.15
1C6JJTEG7PL 524688,2023 JEEP GLADIATOR MOJAVE,2073116,1/3/2023,59893,59893,,,261.93
1C6JJTBG1PL 524691,2023 JEEP GLADIATOR RUBICON,2051108,12/2/2022,63607,63607,,,278.17
2C3CDXBG0PH 524876,2023 DODG CHARGER SXT,2092481,1/31/2023,35034,0,6/30/2023,12/1/1995,0
2C3CCADG4PH 525168,2023 CHRY 300 TOURING L,2093725,2/1/2023,37726,37726,,,164.98
2C3CCADG6PH 525169,2023 CHRY 300 TOURING L,2094560,2/2/2023,37726,37726,,,164.98
2C3CCADG2PH 525170,2023 CHRY 300 TOURING L,2094561,2/2/2023,37726,0,7/14/2023,4/15/2003,89.45
2C3CCADG4PH 525171,2023 CHRY 300 TOURING L,2087647,1/25/2023,38172,38172,,,166.95
2C3CCADG6PH 525172,2023 CHRY 300 TOURING L,2098332,2/8/2023,38172,38172,,,166.95
2C3CCADG1PH 525175,2023 CHRY 300 TOURING L,2097366,2/7/2023,37902,37902,,,165.76
2C3CCADG7PH 525178,2023 CHRY 300 TOURING L,2093727,2/1/2023,38172,0,7/21/2023,7/4/2004,139.17
2C3CDZFJ2PH 525982,2023 DODG CHALLENGER R/T SCAT PACK,2206685,7/3/2023,64782,64782,,,259.54
1C6SRFHT2PN 526103,2023 RAM 1500 LIMITED,2078164,1/12/2023,72204,0,6/30/2023,9/6/2097,0
1C6SRFHT6PN 526105,2023 RAM 1500 LIMITED,2095427,2/3/2023,72204,72204,,,315.77
1C4SJVGP2PS 526683,2023 JEEP GRAND WAGONEER SERIES III,2160911,5/2/2023,107919,0,6/27/2023,6/20/2195,0
2C3CDZFJ2PH 526792,2023 DODG CHALLENGER R/T SCAT PACK,2217558,7/19/2023,60205,60205,,,65.74
1C6SRFHT0PN 528271,2023 RAM 1500 LIMITED,2154377,4/24/2023,66813,66813,,,292.2
1C6SRFHT2PN 528272,2023 RAM 1500 LIMITED,2109843,2/23/2023,66813,66813,,,292.2
1C6RRFFG9PN 529035,2023 RAM 1500 BIG HORN/LONE STAR,2210843,7/11/2023,52327,52327,,,133.37
2C3CDXBG2PH 531909,2023 DODG CHARGER SXT,2096410,2/6/2023,35034,35034,,,153.21
2C3CDXBG2PH 531912,2023 DODG CHARGER SXT,2095430,2/3/2023,35034,35034,,,153.21
2C3CDXBG6PH 531914,2023 DODG CHARGER SXT,2210840,7/11/2023,35034,0,7/19/2023,12/1/1995,38.25
1C6SRFFT4PN 531936,2023 RAM 1500 BIG HORN/LONE STAR,2067208,12/23/2022,55255,0,7/24/2023,4/12/2051,231.59
1C6JJTAG8PL 532014,2023 JEEP GLADIATOR SPORT,2169640,5/15/2023,55074,55074,,,240.85
1C6JJTAGXPL 532015,2023 JEEP GLADIATOR SPORT,2177575,5/24/2023,55074,55074,,,240.85
3C4NJDBN7PT 534631,2023 JEEP COMPASS LATITUDE,2174938,5/22/2023,38533,38533,,,168.5
1C6RREFT8PN 535268,2023 RAM 1500 BIG HORN/LONE STAR,2076272,1/10/2023,51164,51164,,,223.77
1C6RREFT6PN 535270,2023 RAM 1500 BIG HORN/LONE STAR,2069888,12/28/2022,51344,0,7/3/2023,7/27/2040,18.84
1C6JJTEG7PL 535867,2023 JEEP GLADIATOR MOJAVE,2120022,3/8/2023,59895,59895,,,261.94
1C6SRFFT9PN 538915,2023 RAM 1500 BIG HORN/LONE STAR,2149517,4/18/2023,63194,63194,,,276.37
1C6JJTAG7PL 540878,2023 JEEP GLADIATOR SPORT,2177576,5/24/2023,55250,0,7/14/2023,4/7/2051,131.01
1C4SJSEP7PS 542833,2023 JEEP GRAND WAGONEER L SERIES I,2160912,5/2/2023,93005,93005,,,406.77
1C6HJTAG3PL 543159,2023 JEEP GLADIATOR SPORT,2151502,4/20/2023,50296,0,6/28/2023,9/13/2037,0
1C6HJTAG1PL 543161,2023 JEEP GLADIATOR SPORT,2153257,4/21/2023,50742,50742,,,221.92
1C6HJTAG3PL 543162,2023 JEEP GLADIATOR SPORT,2153258,4/21/2023,50742,50742,,,221.92
1C6HJTAG5PL 543163,2023 JEEP GLADIATOR SPORT,2151503,4/20/2023,50742,0,7/10/2023,12/3/2038,83.34
1C6HJTAG7PL 543164,2023 JEEP GLADIATOR SPORT,2160908,5/2/2023,50742,0,7/13/2023,12/3/2038,111.07
1C6HJTAG9PL 543165,2023 JEEP GLADIATOR SPORT,2156673,4/26/2023,50742,50742,,,221.92
1C4SJUAT9PS 543447,2023 JEEP WAGONEER SERIES I,2201626,6/27/2023,65152,65152,,,284.91
1C6JJTEG2PL 543455,2023 JEEP GLADIATOR MOJAVE,2169637,5/15/2023,55767,0,7/6/2023,9/5/2052,50.95
1C6JJTEG4PL 543456,2023 JEEP GLADIATOR MOJAVE,2162584,5/4/2023,56213,0,7/5/2023,11/25/2053,41.12
1C6JJTEG6PL 543457,2023 JEEP GLADIATOR MOJAVE,2167498,5/11/2023,56213,56213,,,245.84
1C6JJTEG8PL 543458,2023 JEEP GLADIATOR MOJAVE,2169638,5/15/2023,56213,56213,,,245.84
1C6HJTAG8PL 543464,2023 JEEP GLADIATOR SPORT,2162585,5/4/2023,50489,0,7/10/2023,3/25/2038,82.93
2C3CDXBG0PH 547266,2023 DODG CHARGER SXT,2120933,3/9/2023,38432,38432,,,168.08
2C3CDXBG2PH 547267,2023 DODG CHARGER SXT,2127936,3/20/2023,38432,38432,,,168.08
2C3CDXHG3PH 547270,2023 DODG CHARGER GT,2115927,3/2/2023,38470,38470,,,168.25
2C3CDXBGXPH 547274,2023 DODG CHARGER SXT,2120934,3/9/2023,33868,0,7/7/2023,9/21/1992,37.12
2C3CDXBG7PH 547278,2023 DODG CHARGER SXT,2116994,3/3/2023,33782,0,7/24/2023,6/27/1992,141.6
2C3CDXBG9PH 547279,2023 DODG CHARGER SXT,2138580,4/3/2023,33868,33868,,,148.11
3C6UR5FL8PG 547553,2023 RAM 2500 LARAMIE,2150515,4/19/2023,72528,72528,,,317.2
1C4PJLMN3ND 547721,2022 JEEP CHEROKEE LATITUDE LUX,2017962,10/17/2022,36711,0,7/6/2023,7/4/2000,33.54
1C4PJLMN7ND 547723,2022 JEEP CHEROKEE LATITUDE LUX,2024875,10/26/2022,37083,37083,,,162.18
1C4PJLMN9ND 547724,2022 JEEP CHEROKEE LATITUDE LUX,2023946,10/25/2022,37083,0,7/6/2023,7/11/2001,33.87
1C4PJLMN0ND 547725,2022 JEEP CHEROKEE LATITUDE LUX,2034957,11/8/2022,37087,37087,,,162.21
1C4PJLMN4ND 547730,2022 JEEP CHEROKEE LATITUDE LUX,2023948,10/25/2022,37083,0,7/6/2023,7/11/2001,33.87
1C4PJLMN9ND 547738,2022 JEEP CHEROKEE LATITUDE LUX,2024876,10/26/2022,36711,0,7/6/2023,7/4/2000,33.54
1C6HJTFG4PL 549187,2023 JEEP GLADIATOR OVERLAND,2151504,4/20/2023,50678,50678,,,221.62
1C4RDHDG3PC 549797,2023 JEEP GRAND CHEROKEE OVERLAND,2068537,12/27/2022,50581,0,7/3/2023,6/25/2038,18.56
1C6SRFFTXPN 549907,2023 RAM 1500 BIG HORN/LONE STAR,2149519,4/18/2023,61345,0,6/27/2023,12/14/2067,0
1C6HJTFG1PL 550233,2023 JEEP GLADIATOR OVERLAND,2161874,5/3/2023,50232,50232,,,219.69
2C3CDXBG7PH 550892,2023 DODG CHARGER SXT,2126049,3/16/2023,33782,0,7/14/2023,6/27/1992,80.1
1C4SJSEP0PS 552166,2023 JEEP GRAND WAGONEER L SERIES I,2155535,4/25/2023,93005,93005,,,406.77
1C6JJTEG9PL 552184,2023 JEEP GLADIATOR MOJAVE,2191041,6/13/2023,59824,0,7/17/2023,10/15/2063,174.49
1C4SJUDP0PS 552598,2023 JEEP WAGONEER SERIES III,2184225,6/2/2023,76909,76909,,,336.34
1C6HJTAG7PL 553080,2023 JEEP GLADIATOR SPORT,2190020,6/12/2023,50838,0,7/7/2023,3/9/2039,55.72
1C6HJTAG0PL 553082,2023 JEEP GLADIATOR SPORT,2190021,6/12/2023,50838,0,7/17/2023,3/9/2039,148.29
1C6HJTAG2PL 553083,2023 JEEP GLADIATOR SPORT,2190022,6/12/2023,50838,0,6/30/2023,3/9/2039,0
2C3CDXGJ9PH 553166,2023 DODG CHARGER SCAT PACK,2204183,6/29/2023,64444,0,7/24/2023,6/8/2076,270.12
1C4SJUDP8PS 553630,2023 JEEP WAGONEER SERIES III,2184226,6/2/2023,73731,73731,,,322.44
1C4SJUDPXPS 553631,2023 JEEP WAGONEER SERIES III,2184227,6/2/2023,73731,0,7/17/2023,11/12/2101,215.06
1C6SRFFT0PN 555084,2023 RAM 1500 BIG HORN/LONE STAR,2160905,5/2/2023,62601,62601,,,273.78
1C6SRFFT0PN 557076,2023 RAM 1500 BIG HORN/LONE STAR,2149518,4/18/2023,61345,61345,,,268.29
1C4RJGBG1PC 557323,2023 JEEP GRAND CHEROKEE LIMITED,2092484,1/31/2023,48573,48573,,,212.42
3C63R3GL8PG 557515,2023 RAM 3500 TRADESMAN,2123991,3/14/2023,72042,0,7/24/2023,3/28/2097,301.97
1C4SJSAP0PS 557907,2023 JEEP WAGONEER L SERIES I,2184224,6/2/2023,67498,0,6/27/2023,10/18/2084,0
3C6UR5KJ7PG 557950,2023 RAM 2500 LARAMIE,2096407,2/6/2023,75365,75365,,,329.6
1C6HJTFG7PL 558594,2023 JEEP GLADIATOR OVERLAND,2185237,6/5/2023,51007,51007,,,223.06
1C6HJTFG9PL 558726,2023 JEEP GLADIATOR OVERLAND,2179500,5/26/2023,52384,52384,,,229.09
1C6HJTFG0PL 558727,2023 JEEP GLADIATOR OVERLAND,2180541,5/30/2023,52474,52474,,,229.48
1C6HJTFG2PL 558728,2023 JEEP GLADIATOR OVERLAND,2178488,5/25/2023,51938,51938,,,227.14
1C6HJTFG4PL 558729,2023 JEEP GLADIATOR OVERLAND,2183082,6/1/2023,51938,51938,,,227.14
1C6HJTFG0PL 558730,2023 JEEP GLADIATOR OVERLAND,2180542,5/30/2023,52474,52474,,,229.48
2C3CDZBT5PH 558806,2023 DODG CHALLENGER R/T,2130541,3/22/2023,46807,46807,,,204.71
2C3CDZBT7PH 558807,2023 DODG CHALLENGER R/T,2134261,3/28/2023,46807,46807,,,204.71
1C6JJTBG2PL 560003,2023 JEEP GLADIATOR RUBICON,2204182,6/29/2023,55665,55665,,,243.43
1C6JJTBG4PL 560004,2023 JEEP GLADIATOR RUBICON,2194276,6/16/2023,55665,55665,,,243.44
1C6JJTBG6PL 560005,2023 JEEP GLADIATOR RUBICON,2196748,6/21/2023,55129,0,7/6/2023,12/7/2050,50.37
1C6JJTBG8PL 560006,2023 JEEP GLADIATOR RUBICON,2196749,6/21/2023,55665,55665,,,243.44
1C6JJTBGXPL 560007,2023 JEEP GLADIATOR RUBICON,2201614,6/27/2023,55665,55665,,,243.44
1C6HJTAG4PL 561072,2023 JEEP GLADIATOR SPORT,2201615,6/27/2023,52630,52630,,,230.17
1C6HJTAG6PL 561073,2023 JEEP GLADIATOR SPORT,2200237,6/26/2023,52630,52630,,,230.17
1C6HJTAG8PL 561074,2023 JEEP GLADIATOR SPORT,2200238,6/26/2023,52630,52630,,,230.17
1C6HJTAGXPL 561075,2023 JEEP GLADIATOR SPORT,2201616,6/27/2023,52094,52094,,,227.82
1C6HJTAG1PL 561076,2023 JEEP GLADIATOR SPORT,2201617,6/27/2023,52094,52094,,,227.82
1C6HJTAG3PL 561077,2023 JEEP GLADIATOR SPORT,2200239,6/26/2023,52094,0,7/21/2023,8/16/2042,189.91
1C6HJTAG5PL 561078,2023 JEEP GLADIATOR SPORT,2201618,6/27/2023,52630,52630,,,230.17
1C6HJTAG7PL 561079,2023 JEEP GLADIATOR SPORT,2201619,6/27/2023,52630,0,7/20/2023,5/19/1921,165.95
1C6HJTAG3PL 561080,2023 JEEP GLADIATOR SPORT,2201620,6/27/2023,52630,0,7/14/2023,2/3/2044,124.79
1C6HJTAG5PL 561081,2023 JEEP GLADIATOR SPORT,2207082,7/3/2023,52720,52720,,,211.22
1C6HJTAG7PL 561082,2023 JEEP GLADIATOR SPORT,2201621,6/27/2023,52630,0,7/14/2023,2/3/2044,124.79
1C6HJTAG9PL 561083,2023 JEEP GLADIATOR SPORT,2206684,7/3/2023,52720,0,7/24/2023,5/3/2044,201.63
1C6HJTAG0PL 561084,2023 JEEP GLADIATOR SPORT,2203124,6/28/2023,52630,52630,,,230.17
1C6HJTAG2PL 561085,2023 JEEP GLADIATOR SPORT,2201622,6/27/2023,52630,52630,,,230.17
1C6HJTAG4PL 561086,2023 JEEP GLADIATOR SPORT,2203125,6/28/2023,52630,0,7/21/2023,2/3/2044,172.7
1C6HJTAG6PL 561087,2023 JEEP GLADIATOR SPORT,2203126,6/28/2023,52630,52630,,,230.17
1C6HJTAG8PL 561088,2023 JEEP GLADIATOR SPORT,2201623,6/27/2023,52630,52630,,,230.17
1C6HJTAGXPL 561089,2023 JEEP GLADIATOR SPORT,2200240,6/26/2023,52630,0,7/12/2023,2/3/2044,105.62
1C6HJTAG6PL 561090,2023 JEEP GLADIATOR SPORT,2203127,6/28/2023,52630,52630,,,230.17
2C3CCAAG3PH 561230,2023 CHRY 300 TOURING,2133041,3/27/2023,36366,36366,,,159.05
2C3CDXBGXPH 561739,2023 DODG CHARGER SXT,2138579,4/3/2023,35034,35034,,,153.21
2C3CCAAG1PH 562196,2023 CHRY 300 TOURING,2136317,3/30/2023,36366,36366,,,159.05
2C3CCAAG3PH 562197,2023 CHRY 300 TOURING,2135405,3/29/2023,36812,36812,,,161.01
1C6HJTAG7PL 562474,2023 JEEP GLADIATOR SPORT,2197309,6/21/2023,52630,52630,,,230.17
1C6HJTAG9PL 562475,2023 JEEP GLADIATOR SPORT,2198504,6/22/2023,52630,52630,,,230.17
1C4SJVAP7PS 562720,2023 JEEP WAGONEER SERIES I,2203129,6/28/2023,64891,64891,,,283.8
1C4SJVAP9PS 562721,2023 JEEP WAGONEER SERIES I,2203130,6/28/2023,64891,0,7/24/2023,8/29/2077,271.99
1C4SJVAP0PS 562722,2023 JEEP WAGONEER SERIES I,2210251,7/10/2023,65178,65178,,,178
1C4SJVAP2PS 562723,2023 JEEP WAGONEER SERIES I,2210252,7/10/2023,65178,65178,,,178
1C4SJVAP4PS 562724,2023 JEEP WAGONEER SERIES I,2207083,7/3/2023,65793,65793,,,263.59
1C4SJVAP8PS 562726,2023 JEEP WAGONEER SERIES I,2206688,7/3/2023,65793,65793,,,263.59
1C4SJVAP1PS 562728,2023 JEEP WAGONEER SERIES I,2208136,7/5/2023,65793,65793,,,239.61
1C4SJVAP3PS 562729,2023 JEEP WAGONEER SERIES I,2206689,7/3/2023,65793,65793,,,263.59
1C4RJHAG8PC 562915,2023 JEEP GRAND CHEROKEE LAREDO,2149525,4/18/2023,45016,0,7/10/2023,3/31/2023,73.94
1C6JJTEG9PL 563153,2023 JEEP GLADIATOR MOJAVE,2195506,6/20/2023,59824,0,7/7/2023,10/15/2063,65.56
1C6JJTBG7PL 563690,2023 JEEP GLADIATOR RUBICON,2200236,6/26/2023,55665,55665,,,243.44
1C6JJTBG9PL 564422,2023 JEEP GLADIATOR RUBICON,2196750,6/21/2023,55665,0,7/7/2023,5/26/2052,61
2C3CDXJG9PH 565332,2023 DODG CHARGER SXT,2136316,3/30/2023,38543,38543,,,168.56
1C4HJXDG5PW 565464,2023 JEEP WRANGLER SPORT,2123992,3/14/2023,53974,0,7/21/2023,10/9/2047,196.77
1C4HJXDG5PW 565478,2023 JEEP WRANGLER SPORT,2122883,3/13/2023,53528,0,7/3/2023,7/20/2046,19.65
2C3CCAAG7PH 565569,2023 CHRY 300 TOURING,2135406,3/29/2023,36366,36366,,,159.05
1C6RREBT4PN 565597,2023 RAM 1500 BIG HORN/LONE STAR,2106733,2/21/2023,48094,48094,,,210.32
2C3CDXCT1PH 566730,2023 DODG CHARGER R/T,2196751,6/21/2023,50590,0,7/13/2023,7/4/2038,110.73
1C6HJTAG7PL 566945,2023 JEEP GLADIATOR SPORT,2217557,7/19/2023,52720,52720,,,57.57
1C6HJTAG9PL 566946,2023 JEEP GLADIATOR SPORT,2220436,7/24/2023,52720,52720,,,0
2C3CDZFJ1PH 567625,2023 DODG CHALLENGER R/T SCAT PACK,2201624,6/27/2023,66542,0,7/21/2023,3/7/2082,242.59
2C4RC1BG5PR 568923,2023 CHRY PACIFICA TOURING L,2172034,5/17/2023,43554,43554,,,190.47
2C4RC1BG7PR 568924,2023 CHRY PACIFICA TOURING L,2169642,5/15/2023,43554,0,7/3/2023,3/30/2019,15.98
2C4RC1BG9PR 568925,2023 CHRY PACIFICA TOURING L,2169643,5/15/2023,44000,44000,,,192.45
3C6LRVBG9PE 569223,2023 RAM PROMASTER 1500 1500 HIGH,2203128,6/28/2023,46786,46786,,,204.61
2C3CCAAGXPH 569714,2023 CHRY 300 TOURING,2141157,4/5/2023,36542,0,7/14/2023,1/17/2000,86.65
2C3CCAAG1PH 569715,2023 CHRY 300 TOURING,2141158,4/5/2023,36542,0,7/3/2023,1/17/2000,13.41
2C3CDXHG1PH 571955,2023 DODG CHARGER GT,2144347,4/10/2023,39013,39013,,,170.61
2C3CDXHG9PH 571959,2023 DODG CHARGER GT,2149521,4/18/2023,38657,38657,,,169.05
1C4SJUAP5PS 572382,2023 JEEP WAGONEER SERIES I,2199457,6/23/2023,63294,63294,,,276.81
1C4SJUAP7PS 572383,2023 JEEP WAGONEER SERIES I,2210253,7/10/2023,63847,63847,,,174.36
1C4SJUAP0PS 572385,2023 JEEP WAGONEER SERIES I,2203131,6/28/2023,63294,63294,,,276.81
1C4SJUAP2PS 572386,2023 JEEP WAGONEER SERIES I,2206690,7/3/2023,64462,64462,,,258.27
1C4SJSAP3PS 572644,2023 JEEP WAGONEER L SERIES I,2191045,6/13/2023,71826,71826,,,314.13
2C3CCAAG3PH 573233,2023 CHRY 300 TOURING,2147327,4/14/2023,37110,37110,,,162.28
2C3CCAAG5PH 573234,2023 CHRY 300 TOURING,2147328,4/14/2023,37110,37110,,,162.28
2C3CCAAG7PH 573235,2023 CHRY 300 TOURING,2147329,4/14/2023,37286,37286,,,163.06
1C4SJSAP4PS 573480,2023 JEEP WAGONEER L SERIES I,2198507,6/22/2023,71826,71826,,,314.13
1C6RREFT0PN 574033,2023 RAM 1500 BIG HORN/LONE STAR,2126047,3/16/2023,51170,51170,,,223.78
1C6RREFTXPN 574041,2023 RAM 1500 BIG HORN/LONE STAR,2134257,3/28/2023,51123,0,7/12/2023,12/19/2039,102.6
1C6RREFT3PN 574043,2023 RAM 1500 BIG HORN/LONE STAR,2109842,2/23/2023,51123,51123,,,223.58
3C6LRVDG8PE 574832,2023 RAM PROMASTER 2500 2500 HIGH,2208135,7/5/2023,50576,0,7/21/2023,6/20/2038,128.97
3C6LRVDGXPE 574833,2023 RAM PROMASTER 2500 2500 HIGH,2208917,7/6/2023,50842,50842,,,175.89
2C3CDXHG5PH 576012,2023 DODG CHARGER GT,2151505,4/20/2023,38657,38657,,,169.05
2C3CDXCT6PH 576055,2023 DODG CHARGER R/T,2155529,4/25/2023,44570,0,7/21/2023,1/9/2022,162.48
2C3CDXCT8PH 576056,2023 DODG CHARGER R/T,2155530,4/25/2023,44570,0,7/21/2023,1/9/2022,162.48
2C3CCAAG4PH 577453,2023 CHRY 300 TOURING,2151506,4/20/2023,37286,37286,,,163.06
2C3CCAAG6PH 577454,2023 CHRY 300 TOURING,2151507,4/20/2023,37286,37286,,,163.06
2C3CCAAGXPH 577456,2023 CHRY 300 TOURING,2159725,5/1/2023,37556,0,7/3/2023,10/27/2002,13.78
2C3CCAAG2PH 577581,2023 CHRY 300 TOURING,2155533,4/25/2023,37556,37556,,,164.23
2C3CDXBG3PH 579760,2023 DODG CHARGER SXT,2158768,4/28/2023,35579,35579,,,155.59
2C3CDXBG5PH 579761,2023 DODG CHARGER SXT,2158769,4/28/2023,35579,0,7/19/2023,5/29/1997,116.75
2C3CCAAG4PH 580983,2023 CHRY 300 TOURING,2155532,4/25/2023,37110,37110,,,162.28
2C3CCAAG6PH 580984,2023 CHRY 300 TOURING,2155534,4/25/2023,37110,37110,,,162.28
2C3CCAAG8PH 580985,2023 CHRY 300 TOURING,2156674,4/26/2023,37286,0,7/13/2023,1/30/2002,81.62
2C3CDZAG3PH 581859,2023 DODG CHALLENGER SXT,2210844,7/11/2023,33568,0,7/21/2023,11/26/1991,61.13
2C3CDZAGXPH 581860,2023 DODG CHALLENGER SXT,2163538,5/5/2023,33568,33568,,,146.8
2C3CDZAG3PH 581862,2023 DODG CHALLENGER SXT,2161876,5/3/2023,33482,0,7/21/2023,9/1/1991,122.06
2C3CDZAG9PH 581865,2023 DODG CHALLENGER SXT,2210842,7/11/2023,33482,33482,,,85.33
2C3CDZAG0PH 581866,2023 DODG CHALLENGER SXT,2161878,5/3/2023,33568,33568,,,146.8
2C3CDZAG4PH 581868,2023 DODG CHALLENGER SXT,2163539,5/5/2023,33482,0,6/29/2023,9/1/1991,0
1C4RDHDG1PC 582443,2023 DODG DURANGO GT,2216334,7/18/2023,51827,51827,,,66.03
1C4RDHDG5PC 582445,2023 DODG DURANGO GT,2103293,2/15/2023,50585,50585,,,221.23
1C4RDHDG6PC 583037,2023 DODG DURANGO GT,2198506,6/22/2023,51827,0,7/12/2023,11/22/2041,104.02
2C3CDXHG5PH 583459,2023 DODG CHARGER GT,2163540,5/5/2023,38743,0,7/17/2023,1/26/2006,113.02
2C3CDXHG1PH 583460,2023 DODG CHARGER GT,2161879,5/3/2023,38743,38743,,,169.45
2C3CDXHG3PH 583461,2023 DODG CHARGER GT,2162587,5/4/2023,39013,39013,,,170.61
1C6RREBT7PN 586105,2023 RAM 1500 BIG HORN/LONE STAR,2123988,3/14/2023,45624,45624,,,199.52
1C6RREBT9PN 586106,2023 RAM 1500 BIG HORN/LONE STAR,2129165,3/21/2023,45393,45393,,,198.52
1C6RREBT0PN 586107,2023 RAM 1500 BIG HORN/LONE STAR,2126995,3/17/2023,45393,45393,,,198.52
1C6RREBT0PN 586110,2023 RAM 1500 BIG HORN/LONE STAR,2120017,3/8/2023,45577,45577,,,199.33
1C6RREBT2PN 586111,2023 RAM 1500 BIG HORN/LONE STAR,2126996,3/17/2023,45577,45577,,,199.33
1C6RREBT6PN 586113,2023 RAM 1500 BIG HORN/LONE STAR,2134258,3/28/2023,45624,45624,,,199.52
2C3CDZJG3PH 586544,2023 DODG CHALLENGER GT,2189068,6/9/2023,41111,41111,,,179.79
2C3CDZJG5PH 586545,2023 DODG CHALLENGER GT,2165374,5/9/2023,40264,40264,,,176.09
2C3CDZJG7PH 586546,2023 DODG CHALLENGER GT,2174937,5/22/2023,41111,41111,,,179.79
2C3CDZJG9PH 586547,2023 DODG CHALLENGER GT,2167500,5/11/2023,40264,0,7/21/2023,3/27/2010,146.79
1C6SRFFT5PN 587822,2023 RAM 1500 BIG HORN/LONE STAR,2118969,3/7/2023,55306,55306,,,241.88
1C6SRFFT7PN 587823,2023 RAM 1500 BIG HORN/LONE STAR,2120019,3/8/2023,55259,0,7/11/2023,4/16/2051,100.84
1C4SDJH98PC 592228,2023 DODG DURANGO SRT HELLCAT,2181773,5/31/2023,100270,100270,,,438.49
2C3CDZBTXPH 593891,2023 DODG CHALLENGER R/T,2179501,5/26/2023,47923,47923,,,209.59
2C3CDZBT1PH 593892,2023 DODG CHALLENGER R/T,2181771,5/31/2023,47923,0,7/12/2023,3/16/2031,96.18
2C3CDZBT3PH 593893,2023 DODG CHALLENGER R/T,2179502,5/26/2023,47923,47923,,,209.59
2C3CDZBT5PH 593894,2023 DODG CHALLENGER R/T,2179503,5/26/2023,47923,47923,,,209.59
2C3CDZBT0PH 593897,2023 DODG CHALLENGER R/T,2185239,6/5/2023,47923,0,7/7/2023,3/16/2031,52.52
2C3CDZBT2PH 593898,2023 DODG CHALLENGER R/T,2181772,5/31/2023,48193,48193,,,210.76
2C3CDZFJ6PH 593900,2023 DODG CHALLENGER R/T SCAT PACK,2184220,6/2/2023,55881,0,6/30/2023,12/28/2052,0
2C3CDXGJ6PH 594533,2023 DODG CHARGER SCAT PACK,2206686,7/3/2023,67050,0,7/13/2023,7/28/2083,122.16
2C3CDXBG3PH 595022,2023 DODG CHARGER SXT,2180543,5/30/2023,36588,36588,,,160.01
2C3CDXBG7PH 595024,2023 DODG CHARGER SXT,2184221,6/2/2023,35422,35422,,,154.89
1C4RJYB63PC 595679,2023 JEEP GRAND CHEROKEE LIMITED 4XE,2139933,4/4/2023,63243,0,7/6/2023,2/23/2073,57.78
3C63RRHL8PG 597644,2023 RAM 3500 BIG HORN,2129167,3/21/2023,79492,79492,,,347.64
1C4SDJH92PC 597957,2023 DODG DURANGO SRT HELLCAT,2204184,6/29/2023,100626,100626,,,440.09
3C6UR5CL3PG 598608,2023 RAM 2500 TRADESMAN,2197307,6/21/2023,65920,65920,,,288.27
3C6UR5CL1PG 598610,2023 RAM 2500 TRADESMAN,2209478,7/7/2023,66740,66740,,,218.73
3C6UR5CL9PG 598614,2023 RAM 2500 TRADESMAN,2209479,7/7/2023,66740,66740,,,218.73
3C6UR5CL8PG 598619,2023 RAM 2500 TRADESMAN,2198501,6/22/2023,66104,66104,,,289.1
3C6UR5CL8PG 598622,2023 RAM 2500 TRADESMAN,2209480,7/7/2023,66965,66965,,,219.47
3C6UR5CLXPG 598623,2023 RAM 2500 TRADESMAN,2209481,7/7/2023,66740,66740,,,218.73
3C6UR5CL3PG 598625,2023 RAM 2500 TRADESMAN,2198502,6/22/2023,66151,66151,,,289.31
3C6UR5CL5PG 598626,2023 RAM 2500 TRADESMAN,2197308,6/21/2023,66151,66151,,,289.31
3C6UR5CL7PG 598627,2023 RAM 2500 TRADESMAN,2211190,7/11/2023,67012,67012,,,170.78
1C4RJHAG0PC 598825,2023 JEEP GRAND CHEROKEE LAREDO,2154378,4/24/2023,47833,0,7/10/2023,12/16/2030,78.56
2C3CDZAG2PH 600062,2023 DODG CHALLENGER SXT,2187214,6/7/2023,34417,0,7/18/2023,3/24/1994,106.66
2C3CDXBG0PH 600418,2023 DODG CHARGER SXT,2187215,6/7/2023,35422,0,6/30/2023,12/23/1996,0
2C3CDZAG0PH 602098,2023 DODG CHALLENGER SXT,2190023,6/12/2023,34331,34331,,,150.15
2C3CDZAG2PH 602099,2023 DODG CHALLENGER SXT,2185238,6/5/2023,34331,34331,,,150.15
2C3CDZAG5PH 602100,2023 DODG CHALLENGER SXT,2191042,6/13/2023,34331,34331,,,150.15
3C63R3CL2PG 602194,2023 RAM 3500 TRADESMAN,2210841,7/11/2023,68971,0,7/14/2023,10/30/2088,37.69
2C4RC1BG2PR 603286,2023 CHRY PACIFICA TOURING L,2216333,7/18/2023,44000,44000,,,56.07
2C3CDXGJ3PH 603642,2023 DODG CHARGER SCAT PACK,2191043,6/13/2023,52139,0,7/7/2023,9/30/2042,57.13
1C4JJXR63PW 604599,2023 JEEP WRANGLER RUBICON 4XE,2067210,12/23/2022,63372,63372,,,277.16
1C4JJXR6XPW 604602,2023 JEEP WRANGLER RUBICON 4XE,2058116,12/13/2022,62926,0,7/13/2023,4/12/2072,137.74
1C6RREJT3PN 604732,2023 RAM 1500 LARAMIE,2134254,3/28/2023,58799,58799,,,257.14
1C6RREJT7PN 604734,2023 RAM 1500 LARAMIE,2134255,3/28/2023,59347,59347,,,259.54
1C6RREJT9PN 604735,2023 RAM 1500 LARAMIE,2157642,4/27/2023,59347,59347,,,259.54
1C6RREJT0PN 604736,2023 RAM 1500 LARAMIE,2134256,3/28/2023,58799,0,7/13/2023,12/24/2060,128.71
2C3CDXGJ6PH 606616,2023 DODG CHARGER SCAT PACK,2199456,6/23/2023,62104,0,7/21/2023,1/11/2070,226.41
1C6RREBG9PN 608074,2023 RAM 1500 BIG HORN/LONE STAR,2156670,4/26/2023,45978,0,6/30/2023,11/17/2025,0
1C6RREBG0PN 608075,2023 RAM 1500 BIG HORN/LONE STAR,2150516,4/19/2023,45978,0,7/20/2023,11/17/2025,159.26
1C6RREBG2PN 608076,2023 RAM 1500 BIG HORN/LONE STAR,2148523,4/17/2023,45794,45794,,,200.27
1C6RREBG4PN 608077,2023 RAM 1500 BIG HORN/LONE STAR,2147325,4/14/2023,45794,45794,,,200.27
1C6RREBG8PN 608079,2023 RAM 1500 BIG HORN/LONE STAR,2144345,4/10/2023,45978,0,6/26/2023,11/17/2025,0
1C6RREBG8PN 608079,2023 RAM 1500 BIG HORN/LONE STAR,2210839,7/11/2023,45978,45978,,,117.2
1C6RREBG4PN 608080,2023 RAM 1500 BIG HORN/LONE STAR,2141153,4/5/2023,45978,45978,,,201.1
2C3CDZAG0PH 610248,2023 DODG CHALLENGER SXT,2199455,6/23/2023,38265,38265,,,167.34
2C3CDZAG2PH 610249,2023 DODG CHALLENGER SXT,2200241,6/26/2023,38265,38265,,,167.34
1C6SRFHT8PN 610510,2023 RAM 1500 LIMITED,2153254,4/21/2023,66860,66860,,,292.39
2C3CDXGJ2PH 612140,2023 DODG CHARGER SCAT PACK,2200242,6/26/2023,52053,52053,,,227.65
2C3CDXCT6PH 613279,2023 DODG CHARGER R/T,2201625,6/27/2023,45791,45791,,,200.26
2C3CCAAGXPH 613887,2023 CHRY 300 TOURING,2198505,6/22/2023,37286,37286,,,163.06
2C3CDXCT6PH 615890,2023 DODG CHARGER R/T,2214235,7/14/2023,48033,48033,,,96.18
2C3CDXGJ8PH 615995,2023 DODG CHARGER SCAT PACK,2206687,7/3/2023,54290,54290,,,217.51
3C6UR5CL4PG 616405,2023 RAM 2500 TRADESMAN,2211191,7/11/2023,67012,67012,,,170.78
3C6UR5CL6PG 616406,2023 RAM 2500 TRADESMAN,2209482,7/7/2023,66965,66965,,,219.47
3C6UR5CL1PG 616409,2023 RAM 2500 TRADESMAN,2181768,5/31/2023,65274,65274,,,285.47
3C6UR5FL9PG 616766,2023 RAM 2500 LARAMIE,2170850,5/16/2023,82065,82065,,,358.9
3C6UR5FL0PG 616767,2023 RAM 2500 LARAMIE,2170851,5/16/2023,82065,82065,,,358.9
3C6UR5FL2PG 616768,2023 RAM 2500 LARAMIE,2170852,5/16/2023,82065,82065,,,358.9
3C6UR5FL4PG 616769,2023 RAM 2500 LARAMIE,2168535,5/12/2023,82065,82065,,,358.9
3C6UR5FL0PG 616770,2023 RAM 2500 LARAMIE,2170853,5/16/2023,82065,82065,,,358.9
3C6UR5FL2PG 616771,2023 RAM 2500 LARAMIE,2170854,5/16/2023,82065,82065,,,358.9
3C6UR5FL4PG 616772,2023 RAM 2500 LARAMIE,2170855,5/16/2023,81834,81834,,,357.88
3C6UR5FL6PG 616773,2023 RAM 2500 LARAMIE,2170856,5/16/2023,81834,81834,,,357.88
3C6UR5FL8PG 616774,2023 RAM 2500 LARAMIE,2170857,5/16/2023,81834,81834,,,357.88
3C6UR5FLXPG 616775,2023 RAM 2500 LARAMIE,2170858,5/16/2023,82018,82018,,,358.69
3C6UR5FL1PG 616776,2023 RAM 2500 LARAMIE,2170859,5/16/2023,82018,82018,,,358.69
3C6UR5FL3PG 616777,2023 RAM 2500 LARAMIE,2168536,5/12/2023,82018,82018,,,358.69
3C6UR5FL5PG 616778,2023 RAM 2500 LARAMIE,2170860,5/16/2023,82018,82018,,,358.69
3C6UR5FL7PG 616779,2023 RAM 2500 LARAMIE,2170861,5/16/2023,82018,0,6/29/2023,7/21/2124,0
3C6UR5FL3PG 616780,2023 RAM 2500 LARAMIE,2168537,5/12/2023,82018,82018,,,358.69
3C6UR5FL5PG 616781,2023 RAM 2500 LARAMIE,2174929,5/22/2023,82018,0,7/14/2023,7/21/2124,194.47
3C6UR5FL7PG 616782,2023 RAM 2500 LARAMIE,2173899,5/19/2023,82018,82018,,,358.69
3C6UR5FL9PG 616783,2023 RAM 2500 LARAMIE,2174930,5/22/2023,82018,82018,,,358.69
3C6UR5FL2PG 616785,2023 RAM 2500 LARAMIE,2173112,5/18/2023,82018,82018,,,358.69
3C6UR5FL4PG 616786,2023 RAM 2500 LARAMIE,2173900,5/19/2023,82018,82018,,,358.69
3C6UR5FL6PG 616787,2023 RAM 2500 LARAMIE,2174931,5/22/2023,82065,82065,,,358.9
3C6UR5FL8PG 616788,2023 RAM 2500 LARAMIE,2173901,5/19/2023,82065,82065,,,358.9
3C6UR5FLXPG 616789,2023 RAM 2500 LARAMIE,2173902,5/19/2023,82065,0,6/29/2023,9/6/2124,0
3C6UR5FL6PG 616790,2023 RAM 2500 LARAMIE,2173113,5/18/2023,81834,81834,,,357.88
3C6UR5FL8PG 616791,2023 RAM 2500 LARAMIE,2173114,5/18/2023,81834,81834,,,357.88
3C6UR5FLXPG 616792,2023 RAM 2500 LARAMIE,2174932,5/22/2023,81834,81834,,,357.88
3C6UR5FL1PG 616793,2023 RAM 2500 LARAMIE,2173903,5/19/2023,82018,82018,,,358.69
3C6UR5FL3PG 616794,2023 RAM 2500 LARAMIE,2173904,5/19/2023,82018,0,6/29/2023,7/21/2124,0
3C6UR5FL5PG 616795,2023 RAM 2500 LARAMIE,2176445,5/23/2023,82018,82018,,,358.69
3C6UR5FL7PG 616796,2023 RAM 2500 LARAMIE,2173115,5/18/2023,82018,82018,,,358.69
3C6UR5FL9PG 616797,2023 RAM 2500 LARAMIE,2176446,5/23/2023,82018,82018,,,358.69
3C6UR5FL0PG 616798,2023 RAM 2500 LARAMIE,2172032,5/17/2023,82018,82018,,,358.69
3C6UR5FL2PG 616799,2023 RAM 2500 LARAMIE,2173116,5/18/2023,82018,82018,,,358.69
3C6UR5FL5PG 616800,2023 RAM 2500 LARAMIE,2176447,5/23/2023,82018,82018,,,358.69
3C6UR5FL9PG 616802,2023 RAM 2500 LARAMIE,2173905,5/19/2023,82018,82018,,,358.69
3C6UR5FL0PG 616803,2023 RAM 2500 LARAMIE,2173906,5/19/2023,82018,0,6/29/2023,7/21/2124,0
3C6UR5FL2PG 616804,2023 RAM 2500 LARAMIE,2173907,5/19/2023,82018,82018,,,358.69
2C3CDXBG4PH 618615,2023 DODG CHARGER SXT,2214232,7/14/2023,36588,36588,,,73.26
2C3CDXBG6PH 618616,2023 DODG CHARGER SXT,2216332,7/18/2023,36588,36588,,,46.63
2C3CDXBG8PH 618617,2023 DODG CHARGER SXT,2214233,7/14/2023,36588,36588,,,73.26
2C3CDXBGXPH 618618,2023 DODG CHARGER SXT,2214234,7/14/2023,39986,39986,,,80.07
3C6UR5DL4PG 619349,2023 RAM 2500 BIG HORN,2173117,5/18/2023,68701,68701,,,300.46
3C6UR5DL0PG 619350,2023 RAM 2500 BIG HORN,2170862,5/16/2023,68470,68470,,,299.44
3C6UR5DL2PG 619351,2023 RAM 2500 BIG HORN,2170863,5/16/2023,68654,68654,,,300.23
2C3CDZC95PH 620997,2023 DODG CHALLENGER SRT HELLCAT,2219399,7/21/2023,80011,80011,,,58.23
2C3CDZBT4PH 621118,2023 DODG CHALLENGER R/T,2219400,7/21/2023,47923,47923,,,34.88
2C3CDXBG0PH 622211,2023 DODG CHARGER SXT,2217559,7/19/2023,36588,36588,,,39.96
1C4RJGDG5N8 631405,2022 JEEP GRAND CHEROKEE OVERLAND,1966304,8/5/2022,61216,61216,,,267.71
1C6SRFFT1PN 632058,2023 RAM 1500 BIG HORN/LONE STAR,2158763,4/28/2023,56705,56705,,,248
1C6SRFFT3PN 632059,2023 RAM 1500 BIG HORN/LONE STAR,2159724,5/1/2023,56705,56705,,,248
1C6SRFFTXPN 632060,2023 RAM 1500 BIG HORN/LONE STAR,2158764,4/28/2023,56705,56705,,,248
1C6SRFFT1PN 632061,2023 RAM 1500 BIG HORN/LONE STAR,2158765,4/28/2023,56474,0,7/10/2023,8/13/2054,92.76
1C6SRFFT3PN 632062,2023 RAM 1500 BIG HORN/LONE STAR,2158766,4/28/2023,56474,56474,,,246.99
1C6SRFFT5PN 632063,2023 RAM 1500 BIG HORN/LONE STAR,2160906,5/2/2023,56474,56474,,,246.99
1C6SRFFT9PN 632065,2023 RAM 1500 BIG HORN/LONE STAR,2157645,4/27/2023,56658,56658,,,247.78
1C6SRFFT2PN 632067,2023 RAM 1500 BIG HORN/LONE STAR,2157647,4/27/2023,56658,56658,,,247.78
1C6RRECT8PN 633723,2023 RAM 1500 TRADESMAN,2189066,6/9/2023,43167,43167,,,188.78
1C6SRFHT8PN 635133,2023 RAM 1500 LIMITED,2212373,7/12/2023,77905,77905,,,184.35
3C6UR5DL4PG 636295,2023 RAM 2500 BIG HORN,2195504,6/20/2023,69698,69698,,,304.8
3C6UR5DL6PG 636296,2023 RAM 2500 BIG HORN,2198503,6/22/2023,69467,69467,,,303.82
1C6SRFFT2PN 639469,2023 RAM 1500 BIG HORN/LONE STAR,2196747,6/21/2023,56900,56900,,,248.85
1C6SRFFT9PN 639470,2023 RAM 1500 BIG HORN/LONE STAR,2165369,5/9/2023,56705,56705,,,248
1C6SRFFT0PN 639471,2023 RAM 1500 BIG HORN/LONE STAR,2165370,5/9/2023,56474,56474,,,246.99
1C6SRFFT2PN 639472,2023 RAM 1500 BIG HORN/LONE STAR,2165371,5/9/2023,56474,56474,,,246.99
1C6SRFFT4PN 639473,2023 RAM 1500 BIG HORN/LONE STAR,2161870,5/3/2023,56658,56658,,,247.78
1C6SRFFT6PN 639474,2023 RAM 1500 BIG HORN/LONE STAR,2161871,5/3/2023,56658,0,7/19/2023,2/13/2055,185.92
1C6SRFFT8PN 639475,2023 RAM 1500 BIG HORN/LONE STAR,2165372,5/9/2023,56658,56658,,,247.78
1C6SRFFTXPN 639476,2023 RAM 1500 BIG HORN/LONE STAR,2162582,5/4/2023,56658,56658,,,247.78
1C6SRFFT1PN 639477,2023 RAM 1500 BIG HORN/LONE STAR,2162583,5/4/2023,56658,56658,,,247.78
1C6SRFFT3PN 639478,2023 RAM 1500 BIG HORN/LONE STAR,2163532,5/5/2023,56658,56658,,,247.78
1C6SRFFT5PN 639479,2023 RAM 1500 BIG HORN/LONE STAR,2181769,5/31/2023,56658,56658,,,247.78
1C6SRFFT1PN 639480,2023 RAM 1500 BIG HORN/LONE STAR,2163533,5/5/2023,56658,0,6/30/2023,2/13/2055,0
1C6SRFFT3PN 639481,2023 RAM 1500 BIG HORN/LONE STAR,2205360,6/30/2023,57593,57593,,,262.36
1C6RRECT7PN 640789,2023 RAM 1500 TRADESMAN,2196744,6/21/2023,43167,43167,,,188.78
1C6SRFLT8PN 641859,2023 RAM 1500 REBEL,2178486,5/25/2023,66381,0,7/7/2023,9/27/2081,72.73
1C4RJHAG8PC 643008,2023 JEEP GRAND CHEROKEE LAREDO,2217560,7/19/2023,49189,49189,,,53.71
3C63RRJL3PG 643813,2023 RAM 3500 LARAMIE,2191039,6/13/2023,86024,86024,,,376.21
3C63RRJL5PG 643814,2023 RAM 3500 LARAMIE,2191040,6/13/2023,86024,86024,,,376.21
3C63RRJL7PG 643815,2023 RAM 3500 LARAMIE,2189067,6/9/2023,85793,85793,,,375.2
3C63RRJL9PG 643816,2023 RAM 3500 LARAMIE,2190018,6/12/2023,85977,85977,,,376
3C63RRJL0PG 643817,2023 RAM 3500 LARAMIE,2190019,6/12/2023,85977,85977,,,376
1C4HJXAG3PW 645902,2023 JEEP WRANGLER SPORT,2116992,3/3/2023,46012,0,7/3/2023,12/21/2025,16.89
1C4RJGBG0PC 648034,2023 JEEP GRAND CHEROKEE LIMITED,2191044,6/13/2023,49472,0,7/24/2023,6/12/2035,207.34
1C4RJGBG2PC 648035,2023 JEEP GRAND CHEROKEE LIMITED,2189069,6/9/2023,49472,49472,,,216.34
1C4RJGAG8PC 648817,2023 JEEP GRAND CHEROKEE LAREDO,2210250,7/10/2023,40753,40753,,,111.28
1C4RJGAGXPC 648818,2023 JEEP GRAND CHEROKEE LAREDO,2212375,7/12/2023,40753,40753,,,96.43
1C4RJGAG1PC 648819,2023 JEEP GRAND CHEROKEE LAREDO,2211204,7/11/2023,41289,41289,,,105.22
1C4SDHCT5PC 654356,2023 DODG DURANGO R/T,2214236,7/14/2023,53866,53866,,,107.85
1C4GJXAN0PW 654714,2023 JEEP WRANGLER SPORT,2174936,5/22/2023,41866,41866,,,183.1
1C6SRFLT4PN 655502,2023 RAM 1500 REBEL,2180540,5/30/2023,66334,66334,,,290.13
1C6SRFLT6PN 655503,2023 RAM 1500 REBEL,2179499,5/26/2023,66334,0,7/10/2023,8/11/2081,108.96
1C6SRFHT0PN 655506,2023 RAM 1500 LIMITED,2186319,6/6/2023,76213,0,7/10/2023,8/29/2108,125.18
1C6RRECT9PN 659604,2023 RAM 1500 TRADESMAN,2185235,6/5/2023,43167,43167,,,188.78
1C6RRECT0PN 659605,2023 RAM 1500 TRADESMAN,2186318,6/6/2023,43167,43167,,,188.78
1C6RRECT2PN 659606,2023 RAM 1500 TRADESMAN,2187213,6/7/2023,43167,43167,,,188.78
1C4RJGAG8PC 663026,2023 JEEP GRAND CHEROKEE LAREDO,2212376,7/12/2023,41289,41289,,,97.7
1C6RREFT4PN 664348,2023 RAM 1500 BIG HORN/LONE STAR,2208739,7/6/2023,48552,48552,,,167.97
1C6SRFLT5PN 671126,2023 RAM 1500 REBEL,2195505,6/20/2023,69996,69996,,,306.12
1C6SRFJT9PN 672699,2023 RAM 1500 LARAMIE,2196745,6/21/2023,63168,63168,,,276.25
1C6SRFJT1PN 672700,2023 RAM 1500 LARAMIE,2194274,6/16/2023,63352,0,7/11/2023,6/12/2073,115.6
1C6SRFJT3PN 672701,2023 RAM 1500 LARAMIE,2194275,6/16/2023,63352,0,7/14/2023,6/12/2073,138.68
1C6SRFJT5PN 672702,2023 RAM 1500 LARAMIE,2196746,6/21/2023,63352,0,7/17/2023,6/12/2073,184.8
1C4GJXAN1PW 674549,2023 JEEP WRANGLER SPORT,2170864,5/16/2023,41866,41866,,,183.1
1C4HJXAG9PW 676278,2023 JEEP WRANGLER SPORT,2169635,5/15/2023,46458,46458,,,203.17
1C4HJXAG0PW 676279,2023 JEEP WRANGLER SPORT,2161872,5/3/2023,46458,46458,,,203.17
1C6RRECT7PN 676921,2023 RAM 1500 TRADESMAN,2211192,7/11/2023,43729,43729,,,111.47
1C6RRECT9PN 676922,2023 RAM 1500 TRADESMAN,2200232,6/26/2023,42936,42936,,,187.78
1C6RRECT0PN 676923,2023 RAM 1500 TRADESMAN,2212370,7/12/2023,43457,43457,,,102.85
1C6RRECT4PN 676925,2023 RAM 1500 TRADESMAN,2212371,7/12/2023,43457,43457,,,102.85
1C6RRECT6PN 676926,2023 RAM 1500 TRADESMAN,2200233,6/26/2023,42936,42936,,,187.78
1C6RREGGXPN 677056,2023 RAM 1500 TRADESMAN,2201603,6/27/2023,43430,43430,,,189.94
1C6RREJT4PN 677057,2023 RAM 1500 LARAMIE,2211193,7/11/2023,59033,59033,,,150.45
1C6RREJT6PN 677058,2023 RAM 1500 LARAMIE,2201604,6/27/2023,58485,58485,,,255.77
1C6RREJT8PN 677059,2023 RAM 1500 LARAMIE,2201605,6/27/2023,58485,58485,,,255.77
1C6RREJT4PN 677060,2023 RAM 1500 LARAMIE,2211194,7/11/2023,59033,59033,,,150.45
1C6RREJT6PN 677061,2023 RAM 1500 LARAMIE,2211195,7/11/2023,58761,58761,,,149.76
1C6RREJT8PN 677062,2023 RAM 1500 LARAMIE,2211196,7/11/2023,58761,58761,,,149.76
1C6RREJTXPN 677063,2023 RAM 1500 LARAMIE,2210241,7/10/2023,58761,58761,,,160.47
1C6RREJT1PN 677064,2023 RAM 1500 LARAMIE,2211197,7/11/2023,58761,58761,,,149.76
1C6RREJT3PN 677065,2023 RAM 1500 LARAMIE,2211198,7/11/2023,58986,58986,,,150.34
1C6RREJT5PN 677066,2023 RAM 1500 LARAMIE,2201606,6/27/2023,58438,58438,,,255.57
1C6RREJT7PN 677067,2023 RAM 1500 LARAMIE,2200234,6/26/2023,58438,58438,,,255.57
1C6RREJT9PN 677068,2023 RAM 1500 LARAMIE,2201607,6/27/2023,58438,58438,,,255.57
1C6RREJT0PN 677069,2023 RAM 1500 LARAMIE,2210242,7/10/2023,58986,58986,,,161.09
1C6RREJT7PN 677070,2023 RAM 1500 LARAMIE,2211199,7/11/2023,58986,58986,,,150.34
1C6RREJT9PN 677071,2023 RAM 1500 LARAMIE,2200235,6/26/2023,58438,58438,,,255.57
1C6RREJT0PN 677072,2023 RAM 1500 LARAMIE,2201608,6/27/2023,58438,58438,,,255.57
1C6RREJT2PN 677073,2023 RAM 1500 LARAMIE,2201609,6/27/2023,58485,58485,,,255.77
1C6RREJT4PN 677074,2023 RAM 1500 LARAMIE,2211200,7/11/2023,59033,59033,,,150.45
1C6RREJT6PN 677075,2023 RAM 1500 LARAMIE,2201610,6/27/2023,58485,58485,,,255.77
1C6RREJT8PN 677076,2023 RAM 1500 LARAMIE,2211201,7/11/2023,59033,59033,,,150.45
1C6RREJTXPN 677077,2023 RAM 1500 LARAMIE,2210243,7/10/2023,59493,59493,,,162.45
1C6RREJT1PN 677078,2023 RAM 1500 LARAMIE,2210244,7/10/2023,59493,59493,,,162.45
1C6RREJT3PN 677079,2023 RAM 1500 LARAMIE,2210245,7/10/2023,59493,59493,,,162.45
1C6RREJTXPN 677080,2023 RAM 1500 LARAMIE,2212372,7/12/2023,59493,59493,,,140.77
1C6RREJT1PN 677081,2023 RAM 1500 LARAMIE,2201611,6/27/2023,58438,58438,,,255.57
1C6RREJT3PN 677082,2023 RAM 1500 LARAMIE,2201612,6/27/2023,58438,58438,,,255.57
1C6RREJT5PN 677083,2023 RAM 1500 LARAMIE,2210246,7/10/2023,58986,58986,,,161.09
1C6SRFLT4PN 677550,2023 RAM 1500 REBEL,2201613,6/27/2023,69996,0,7/18/2023,8/21/2091,216.93
1C6SRFGT2PN 677797,2023 RAM 1500 TRADESMAN,2205359,6/30/2023,52823,52823,,,240.64
1C4JJXSJ0PW 681610,2023 JEEP WRANGLER RUBICON 392,2169636,5/15/2023,84149,0,7/10/2023,5/22/2130,138.22
1C6RREBT7PN 686544,2023 RAM 1500 BIG HORN/LONE STAR,2218401,7/20/2023,48115,48115,,,43.79
1C6RREBT9PN 686545,2023 RAM 1500 BIG HORN/LONE STAR,2218402,7/20/2023,47843,47843,,,43.54
1C6RREBT0PN 686546,2023 RAM 1500 BIG HORN/LONE STAR,2217554,7/19/2023,47843,47843,,,52.24
1C6RREBT2PN 686547,2023 RAM 1500 BIG HORN/LONE STAR,2216330,7/18/2023,48068,48068,,,61.25
1C6RREBT4PN 686548,2023 RAM 1500 BIG HORN/LONE STAR,2219397,7/21/2023,48068,48068,,,34.98
1C6RREBT6PN 686549,2023 RAM 1500 BIG HORN/LONE STAR,2219398,7/21/2023,48068,48068,,,34.98
1C6RREBT2PN 686550,2023 RAM 1500 BIG HORN/LONE STAR,2217555,7/19/2023,47843,47843,,,52.24
1C6RRECT5PN 686587,2023 RAM 1500 TRADESMAN,2216331,7/18/2023,43457,43457,,,55.38
1C6RRECT7PN 686588,2023 RAM 1500 TRADESMAN,2217556,7/19/2023,43682,43682,,,47.7
1C6RRECT9PN 686589,2023 RAM 1500 TRADESMAN,2218403,7/20/2023,43682,43682,,,39.75
1C6RRECT5PN 686590,2023 RAM 1500 TRADESMAN,2218404,7/20/2023,43682,43682,,,39.75
1C4RJKDGXP8 752548,2023 JEEP GRAND CHEROKEE L OVERLAND,2065084,12/21/2022,65903,65903,,,288.21
1C4RJYB65N8 760390,2022 JEEP GRAND CHEROKEE LIMITED 4XE,2034965,11/8/2022,60997,60997,,,266.77
1C4RJYB67N8 760391,2022 JEEP GRAND CHEROKEE LIMITED 4XE,2008772,10/3/2022,60993,60993,,,266.75
1C4RJYB62P8 774671,2023 JEEP GRAND CHEROKEE LIMITED 4XE,2088591,1/26/2023,62797,62797,,,274.65
1C4RJYB64P8 774672,2023 JEEP GRAND CHEROKEE LIMITED 4XE,2118974,3/7/2023,63243,63243,,,276.59
1C4RJYB66P8 786063,2023 JEEP GRAND CHEROKEE LIMITED 4XE,2077292,1/11/2023,63243,63243,,,276.59
1C4RJYB68P8 786064,2023 JEEP GRAND CHEROKEE LIMITED 4XE,2078176,1/12/2023,63243,63243,,,276.59
1C4RJYB66P8 791232,2023 JEEP GRAND CHEROKEE LIMITED 4XE,2068540,12/27/2022,63239,63239,,,276.57
1C4RJYC6XP8 791233,2023 JEEP GRAND CHEROKEE TRAILHAWK 4XE,2133045,3/27/2023,69153,69153,,,302.43
1C4RJKDG7P8 804122,2023 JEEP GRAND CHEROKEE L OVERLAND,2100960,2/13/2023,61753,61753,,,270.07
1C4RJKDG0P8 804124,2023 JEEP GRAND CHEROKEE L OVERLAND,2108734,2/22/2023,61753,61753,,,270.07
1C4RJKDG2P8 804125,2023 JEEP GRAND CHEROKEE L OVERLAND,2113290,2/28/2023,61753,61753,,,270.07
1C4RJKDGXP8 804129,2023 JEEP GRAND CHEROKEE L OVERLAND,2100961,2/13/2023,61753,61753,,,270.07
1C4RJYC68P8 807431,2023 JEEP GRAND CHEROKEE TRAILHAWK 4XE,2149527,4/18/2023,69153,69153,,,302.43
1C4RJHBG8P8 825177,2023 JEEP GRAND CHEROKEE LIMITED,2144349,4/10/2023,52354,0,7/6/2023,5/3/2043,47.83
1C4RJKBGXP8 839465,2023 JEEP GRAND CHEROKEE L LIMITED,2173121,5/18/2023,55106,55106,,,240.99
1C4RJHAG7P8 852176,2023 JEEP GRAND CHEROKEE LAREDO,2146385,4/13/2023,47833,0,7/18/2023,8/10/1983,129.35
1C4RJKBG4P8 852633,2023 JEEP GRAND CHEROKEE L LIMITED,2176454,5/23/2023,55106,0,7/21/2023,11/14/2050,200.89
1C4RJKBG6P8 852634,2023 JEEP GRAND CHEROKEE L LIMITED,2176455,5/23/2023,54660,54660,,,239.06
1C4RJKBG8P8 852635,2023 JEEP GRAND CHEROKEE L LIMITED,2186320,6/6/2023,55113,0,7/21/2023,11/21/2050,200.93
1C4RJKBGXP8 852636,2023 JEEP GRAND CHEROKEE L LIMITED,2208826,7/6/2023,55862,55862,,,193.27
1C4RJKBG1P8 852637,2023 JEEP GRAND CHEROKEE L LIMITED,2178490,5/25/2023,55106,0,6/30/2023,11/14/2050,0
1C4RJKBG3P8 852638,2023 JEEP GRAND CHEROKEE L LIMITED,2211202,7/11/2023,55862,55862,,,142.37
1C4RJKBG5P8 852639,2023 JEEP GRAND CHEROKEE L LIMITED,2210247,7/10/2023,55862,55862,,,152.55
1C4RJKBG1P8 852640,2023 JEEP GRAND CHEROKEE L LIMITED,2209483,7/7/2023,55862,55862,,,183.09
1C4RJKBG3P8 852641,2023 JEEP GRAND CHEROKEE L LIMITED,2209484,7/7/2023,55862,55862,,,183.09
1C4RJKBG5P8 852642,2023 JEEP GRAND CHEROKEE L LIMITED,2210248,7/10/2023,55326,55326,,,151.09
1C4RJGBG3P8 870408,2023 JEEP GRAND CHEROKEE LIMITED,2212374,7/12/2023,49472,49472,,,117.05
1C4RJGBG5P8 870409,2023 JEEP GRAND CHEROKEE LIMITED,2210249,7/10/2023,49472,49472,,,135.08
1C4RJGBG3P8 879769,2023 JEEP GRAND CHEROKEE LIMITED,2209485,7/7/2023,49472,49472,,,162.12
1C4RJJBG2P8 879890,2023 JEEP GRAND CHEROKEE L LIMITED,2194277,6/16/2023,53918,53918,,,235.81
1C4RJJBG4P8 879891,2023 JEEP GRAND CHEROKEE L LIMITED,2189070,6/9/2023,53918,53918,,,235.81
1C4RJJBG6P8 879892,2023 JEEP GRAND CHEROKEE L LIMITED,2193157,6/15/2023,53382,0,7/6/2023,2/24/2046,48.77
1C4RJJBG8P8 879893,2023 JEEP GRAND CHEROKEE L LIMITED,2187216,6/7/2023,53382,53382,,,233.46
1C4RJJBGXP8 879894,2023 JEEP GRAND CHEROKEE L LIMITED,2188084,6/8/2023,53918,53918,,,235.81
1C4RJJBG1P8 879895,2023 JEEP GRAND CHEROKEE L LIMITED,2188085,6/8/2023,53918,53918,,,235.81
1C4RJJBG3P8 879896,2023 JEEP GRAND CHEROKEE L LIMITED,2193158,6/15/2023,53918,0,7/7/2023,8/14/2047,59.08
1C4RJJBG7P8 879898,2023 JEEP GRAND CHEROKEE L LIMITED,2216335,7/18/2023,54425,54425,,,69.35
1C4RJJBG8P8 890778,2023 JEEP GRAND CHEROKEE L LIMITED,2211203,7/11/2023,54425,54425,,,138.71
ZACNJDB18PP P12855,2023 JEEP RENEGADE LATITUDE,2129162,3/21/2023,31472,31472,,,137.63
ZACNJDB1XPP P14249,2023 JEEP RENEGADE LATITUDE,2129163,3/21/2023,31938,31938,,,139.67
ZACNJDB19PP P15859,2023 JEEP RENEGADE LATITUDE,2130538,3/22/2023,31938,31938,,,139.67
ZACNJDB16PP P16029,2023 JEEP RENEGADE LATITUDE,2130536,3/22/2023,31472,0,7/7/2023,3/1/1986,34.49
ZACNJDB10PP P16057,2023 JEEP RENEGADE LATITUDE,2126992,3/17/2023,31938,31938,,,139.67
ZACNJDB17PP P16184,2023 JEEP RENEGADE LATITUDE,2133036,3/27/2023,31938,0,7/21/2023,6/10/1987,116.43
ZACNJDB1XPP P16275,2023 JEEP RENEGADE LATITUDE,2126993,3/17/2023,31938,31938,,,139.67
ZACNJDB1XPP P16499,2023 JEEP RENEGADE LATITUDE,2127930,3/20/2023,31938,31938,,,139.67
ZACNJDB10PP P16740,2023 JEEP RENEGADE LATITUDE,2127929,3/20/2023,31472,31472,,,137.63
ZACNJDB14PP P23173,2023 JEEP RENEGADE LATITUDE,2169634,5/15/2023,34066,0,7/17/2023,4/7/1993,74.58
ZACNJDB11PP P23342,2023 JEEP RENEGADE LATITUDE,2166557,5/10/2023,29770,29770,,,130.2
ZACNJDB1XPP P24831,2023 JEEP RENEGADE LATITUDE,2168534,5/12/2023,34532,34532,,,151.01
ZACNJDB10PP P26202,2023 JEEP RENEGADE LATITUDE,2167497,5/11/2023,29770,0,7/20/2023,7/3/1981,103.11
ZACNJDB12PP P27786,2023 JEEP RENEGADE LATITUDE,2166559,5/10/2023,29304,29304,,,128.16
ZACNJDB13PP P28462,2023 JEEP RENEGADE LATITUDE,2166560,5/10/2023,29770,0,7/13/2023,7/3/1981,65.17
ZACNJDB17PP P31297,2023 JEEP RENEGADE LATITUDE,2205357,6/30/2023,29910,29910,,,136.26
ZACNJDB12PP P36441,2023 JEEP RENEGADE LATITUDE,2205356,6/30/2023,29910,29910,,,136.26
ZACNJDB16PP P39097,2023 JEEP RENEGADE LATITUDE,2205358,6/30/2023,29910,29910,,,136.26
ZACNJDB18PP P39294,2023 JEEP RENEGADE LATITUDE,2204181,6/29/2023,29910,29910,,,130.81
1C4PJMMB2PD 101154,2023 JEEP,2058745,12/13/2022,41014,41014,,,179.36
1C4PJMMB4PD 101155,2023 JEEP,2058746,12/13/2022,41480,41480,,,181.42
1C4PJMMB6PD 101156,2023 JEEP,2060319,12/15/2022,41480,41480,,,181.42
1C4PJMMB8PD 101157,2023 JEEP,2058747,12/13/2022,41480,41480,,,181.42
1C4PJMMBXPD 101158,2023 JEEP,2059411,12/14/2022,44018,44018,,,192.51
1C4RJXSJ9RW 101504,2024 JEEP WRANGLER RUBICON 392,2203203,6/28/2023,91411,91411,,,399.77
1C4PJMMB2PD 102241,2023 JEEP,2058748,12/13/2022,44484,44484,,,194.53
1C4PJMMB4PD 102242,2023 JEEP,2064526,12/20/2022,44484,44484,,,194.53
1C4PJMMB6PD 102243,2023 JEEP,2061648,12/16/2022,44484,44484,,,194.53
1C4PJMMB6PD 105496,2023 JEEP CHEROKEE ALTITUDE LUX,2072762,1/3/2023,44484,0,6/30/2023,10/15/2021,0
3C7WRNEL3RG 107636,2024 RAM,2218690,7/20/2023,71300,71300,,,64.88
1C4PJMMB7PD 109038,2023 JEEP CHEROKEE ALTITUDE LUX,2087750,1/25/2023,41016,41016,,,179.37
1C4RJXR66RW 145543,2024 JEEP WRANGLER RUBICON 4XE,2212442,7/12/2023,64747,64747,,,153.22
1C4RJXN63RW 145604,2024 JEEP WRANGLER 4XE,2204252,6/29/2023,60386,60386,,,264.08
1C4RJXN65RW 145605,2024 JEEP WRANGLER 4XE,2217622,7/19/2023,60949,60949,,,66.56
1C4RJXN67RW 145606,2024 JEEP WRANGLER 4XE,2205515,6/30/2023,60386,60386,,,275.09
1C4RJXR69RW 152468,2024 JEEP WRANGLER RUBICON 4XE,2205514,6/30/2023,69898,69898,,,318.43
1C4RJXN67RW 153348,2024 JEEP WRANGLER 4XE,2201835,6/27/2023,61818,0,7/13/2023,3/31/2069,135.32
1C4RJXN66RW 167662,2024 JEEP WRANGLER 4XE,2218463,7/20/2023,56121,56121,,,51.07
2C3CCABG1NH 218122,2022 CHRY 300 S,2146177,4/13/2023,44059,44059,,,192.71
3C4NJDDBXNT 228362,2022 JEEP COMPASS TRAILHAWK,2056870,12/12/2022,41334,41334,,,180.75
3C6UR5CL4NG 393151,2022 RAM 2500 TRADESMAN,2024072,10/25/2022,62348,0,7/3/2023,9/12/2070,22.88
3C6UR5CL5NG 393157,2022 RAM 2500 TRADESMAN,1987947,9/2/2022,64784,0,6/27/2023,5/14/2077,0
3C6UR5CL5NG 398925,2022 RAM 2500 TRADESMAN,2005597,9/28/2022,62395,0,7/6/2023,10/29/2070,57.01
3C6UR5CL2NG 398929,2022 RAM 2500 TRADESMAN,2009959,10/4/2022,63127,0,6/28/2023,10/30/2072,0
3C6UR5CL8NG 401493,2022 RAM 2500 TRADESMAN,2009961,10/4/2022,66452,0,6/29/2023,12/7/2081,0
3C6UR5CL2NG 418192,2022 RAM 2500 TRADESMAN,2015058,10/12/2022,66221,0,7/7/2023,4/20/2081,72.57
3C63R3HL5NG 420057,2022 RAM 3500 BIG HORN/LONE STAR,2032628,11/3/2022,66915,0,7/21/2023,3/15/2083,243.93
2C3CCAPJ5PH 500240,2023 CHRY 300C,2200318,6/26/2023,55618,55618,,,243.23
3C4NJDBN4PT 500534,2023 JEEP COMPASS LATITUDE,2091320,1/30/2023,37514,37514,,,164.07
3C4NJDBN6PT 500535,2023 JEEP COMPASS LATITUDE,2091321,1/30/2023,37514,37514,,,164.07
3C4NJDBN8PT 500536,2023 JEEP COMPASS LATITUDE,2091322,1/30/2023,37514,0,6/26/2023,9/15/2002,0
3C4NJDBN0PT 503110,2023 JEEP COMPASS LATITUDE,2086245,1/24/2023,37514,0,7/7/2023,9/15/2002,41.1
3C4NJDFNXPT 503111,2023 JEEP COMPASS LATITUDE LUX,2086246,1/24/2023,37776,0,7/14/2023,6/4/2003,89.57
3C4NJDDN1PT 503114,2023 JEEP COMPASS TRAILHAWK,2083920,1/20/2023,45910,45910,,,200.77
3C4NJDDN3PT 503115,2023 JEEP COMPASS TRAILHAWK,2084979,1/23/2023,45454,0,6/30/2023,6/11/2024,0
3C6UR5CL6PG 503393,2023 RAM 2500 TRADESMAN,2113462,2/28/2023,63505,0,7/14/2023,11/12/2073,150.56
3C6UR5CL8PG 503394,2023 RAM 2500 TRADESMAN,2181941,5/31/2023,63233,63233,,,276.51
3C6UR5CLXPG 503395,2023 RAM 2500 TRADESMAN,2092733,1/31/2023,63002,63002,,,275.52
3C6UR5CL1PG 503396,2023 RAM 2500 TRADESMAN,2108280,2/22/2023,63002,63002,,,275.52
3C6UR5CL3PG 503397,2023 RAM 2500 TRADESMAN,2145653,4/12/2023,63186,63186,,,276.35
3C6UR5CL5PG 503398,2023 RAM 2500 TRADESMAN,2143546,4/7/2023,63233,63233,,,276.51
3C6UR5HL6PG 503418,2023 RAM 2500 TRADESMAN,2146461,4/13/2023,64291,0,6/30/2023,1/7/2076,0
3C6UR5HL8PG 503419,2023 RAM 2500 TRADESMAN,2113463,2/28/2023,64475,64475,,,281.97
3C6UR5HL4PG 503420,2023 RAM 2500 TRADESMAN,2143548,4/7/2023,64291,64291,,,281.18
2C3CDZC98PH 503592,2023 DODG CHALLENGER SRT HELLCAT,2131099,3/23/2023,83315,0,7/10/2023,2/8/2128,136.83
1C4SJVFP1PS 504644,2023 JEEP GRAND WAGONEER SERIES II,2185302,6/5/2023,99314,99314,,,434.33
3C4NJDBN8PT 505476,2023 JEEP COMPASS LATITUDE,2088682,1/26/2023,39840,39840,,,174.24
3C4NJDBNXPT 505477,2023 JEEP COMPASS LATITUDE,2087751,1/25/2023,39384,39384,,,172.25
3C4NJDBN1PT 505478,2023 JEEP COMPASS LATITUDE,2092738,1/31/2023,39840,39840,,,174.24
3C4NJDBN3PT 505479,2023 JEEP COMPASS LATITUDE,2088683,1/26/2023,39840,39840,,,174.24
3C4NJDBN1PT 505481,2023 JEEP COMPASS LATITUDE,2092740,1/31/2023,39840,39840,,,174.24
1C6SRFU94PN 506249,2023 RAM 1500 TRX,2186442,6/6/2023,98115,98115,,,429.09
1C4SJVBP0PS 507444,2023 JEEP WAGONEER SERIES II,2127088,3/17/2023,77998,77998,,,341.11
3C6UR5HJ1PG 509612,2023 RAM 2500 TRADESMAN,2113466,2/28/2023,51453,51453,,,225.02
3C6UR5HJ7PG 509615,2023 RAM 2500 TRADESMAN,2113469,2/28/2023,51222,51222,,,224.01
3C63RRKL4PG 511240,2023 RAM 3500 LONGHORN,2101053,2/13/2023,97385,97385,,,425.9
3C63RRKL6PG 511269,2023 RAM 3500 LONGHORN,2102176,2/14/2023,97506,0,6/30/2023,12/16/2166,0
3C6UR5DL2PG 512042,2023 RAM 2500 BIG HORN,2102175,2/14/2023,73055,73055,,,319.48
3C6UR5DLXPG 512046,2023 RAM 2500 BIG HORN,2068666,12/27/2022,73001,73001,,,319.24
3C63R3HL8PG 512704,2023 RAM 3500 BIG HORN,2213056,7/13/2023,78137,0,7/21/2023,12/5/2113,113.83
3C63RRHL6PG 512705,2023 RAM 3500 BIG HORN,2113471,2/28/2023,77773,0,7/21/2023,12/6/2112,283.51
3C63RRHL8PG 512706,2023 RAM 3500 BIG HORN,2145654,4/12/2023,77726,0,7/10/2023,10/20/2112,127.66
3C6UR5EL4PG 514633,2023 RAM 2500 POWERWAGON,2171058,5/16/2023,90712,90712,,,396.71
1C6JJTBG2PL 518379,2023 JEEP GLADIATOR RUBICON,2048649,11/29/2022,60361,60361,,,263.98
1C4HJXDM1PW 520690,2023 JEEP WRANGLER SPORT,1998843,9/20/2022,56772,56772,,,248.3
3C4NJDFN4PT 522382,2023 JEEP COMPASS LATITUDE LUX,2104363,2/16/2023,35403,0,6/27/2023,12/4/1996,0
3C4NJDFN8PT 522384,2023 JEEP COMPASS LATITUDE LUX,2113473,2/28/2023,34947,34947,,,152.85
3C4NJDFN7PT 522389,2023 JEEP COMPASS LATITUDE LUX,2113474,2/28/2023,35403,35403,,,154.82
3C4NJDFN3PT 522390,2023 JEEP COMPASS LATITUDE LUX,2112037,2/27/2023,35403,35403,,,154.82
3C6LRVBG3PE 529459,2023 RAM PROMASTER 1500 1500 HIGH,2080434,1/17/2023,48138,48138,,,210.52
3C6UR5DL2PG 530136,2023 RAM 2500 BIG HORN,2179217,5/26/2023,72831,72831,,,318.5
3C6MRVJG5PE 530201,2023 RAM PROMASTER 3500 3500 HIGH,2093809,2/1/2023,55816,0,7/10/2023,10/24/2052,91.68
3C6LRVDG5PE 533395,2023 RAM PROMASTER 2500 2500 HIGH,2119141,3/7/2023,51627,51627,,,225.79
3C7WRNEL6PG 535570,2023 RAM 5500,2090384,1/27/2023,67727,67727,,,296.18
3C7WRNEL1PG 535573,2023 RAM 5500,2090386,1/27/2023,68228,68228,,,298.37
3C7WRLEL8PG 535591,2023 RAM 4500,2095596,2/3/2023,66130,66130,,,289.21
3C6LRVDGXPE 536020,2023 RAM PROMASTER 2500 2500 HIGH,2121038,3/9/2023,49797,0,6/30/2023,5/2/2036,0
3C6LRVDG1PE 536021,2023 RAM PROMASTER 2500 2500 HIGH,2069639,12/28/2022,49794,0,7/3/2023,4/29/2036,18.28
3C6LRVDG3PE 536022,2023 RAM PROMASTER 2500 2500 HIGH,2127087,3/17/2023,49797,49797,,,217.78
1C6JJTBG9PL 536958,2023 JEEP GLADIATOR RUBICON,2125190,3/15/2023,63149,0,7/3/2023,11/21/2072,23.17
3C6LRVBGXPE 537767,2023 RAM PROMASTER 1500 1500 HIGH,2080435,1/17/2023,48804,0,7/7/2023,8/13/2033,53.48
1C6SRFRT5PN 538731,2023 RAM 1500 LARAMIE,2202199,6/27/2023,68736,68736,,,300.62
3C6LRVDG5PE 538872,2023 RAM PROMASTER 2500 2500 HIGH,2124194,3/14/2023,50301,50301,,,219.98
1C6SRFBT8PN 539043,2023 RAM 1500 BIG HORN/LONE STAR,2069638,12/28/2022,55354,55354,,,242.08
1C6JJTBG6PL 539073,2023 JEEP GLADIATOR RUBICON,2124193,3/14/2023,58251,0,6/30/2023,6/25/2059,0
1C6JJTBG8PL 539074,2023 JEEP GLADIATOR RUBICON,2129327,3/21/2023,61843,0,7/14/2023,4/25/2069,146.63
3C6MRVHG9PE 539800,2023 RAM PROMASTER 3500 3500 HIGH,2103392,2/15/2023,53002,53002,,,231.8
3C4NJDDN7PT 540457,2023 JEEP COMPASS TRAILHAWK,2129328,3/21/2023,39802,39802,,,174.08
1C4SJVFP9PS 541442,2023 JEEP GRAND WAGONEER SERIES II,2185303,6/5/2023,102854,0,7/7/2023,8/7/2181,112.7
1C6JJTAM5PL 542151,2023 JEEP GLADIATOR SPORT,2137532,3/31/2023,58106,58106,,,254.13
1C6JJTEG8PL 543038,2023 JEEP GLADIATOR MOJAVE,2158860,4/28/2023,61623,61623,,,269.5
3C63RRPL4PG 543209,2023 RAM 3500 LIMITED,2118002,3/6/2023,100932,100932,,,441.39
3C63R3EL7PG 543334,2023 RAM 3500 LARAMIE,2124192,3/14/2023,91834,0,7/19/2023,6/6/2151,301.35
1C6SRFKM3PN 543669,2023 RAM 1500 LONGHORN,2182916,6/1/2023,78830,78830,,,344.74
2C4RC1L7XPR 543899,2023 CHRY PACIFICA HYBRID TOURING L,2142519,4/6/2023,52587,52587,,,229.98
2C4RC1L72PR 543900,2023 CHRY PACIFICA HYBRID TOURING L,2133119,3/27/2023,52411,52411,,,229.21
2C4RC1S74PR 543902,2023 CHRY PACIFICA HYBRID LIMITED,2149632,4/18/2023,58972,0,6/30/2023,6/15/2061,0
3C6MRVHG9PE 545158,2023 RAM PROMASTER 3500 3500 HIGH,2122988,3/13/2023,51781,51781,,,226.46
2C4RC3BG0PR 546307,2023 CHRY PACIFICA TOURING L,2165497,5/9/2023,45964,0,7/12/2023,11/3/2025,92.24
2C4RC3BG2PR 546308,2023 CHRY PACIFICA TOURING L,2173186,5/18/2023,45694,0,7/5/2023,2/6/2025,33.41
3C63R3PLXPG 546516,2023 RAM 3500 LIMITED,2125189,3/15/2023,98959,98959,,,432.79
3C7WR9CL1PG 547538,2023 RAM 3500,2151607,4/20/2023,72429,0,6/29/2023,4/19/2098,0
1C6SRFFM3PN 548591,2023 RAM 1500 BIG HORN/LONE STAR,2146175,4/13/2023,63928,63928,,,279.58
1C6SRFKT2PN 549146,2023 RAM 1500 LONGHORN,2092735,1/31/2023,74725,0,7/14/2023,8/2/2104,177.19
3C6LRVBGXPE 553855,2023 RAM PROMASTER 1500 1500 HIGH,2132191,3/24/2023,49386,0,7/14/2023,3/18/2035,117.1
3C4NJDDN7PT 553922,2023 JEEP COMPASS TRAILHAWK,2154459,4/24/2023,39796,0,6/30/2023,12/14/2008,0
1C6HJTAG9PL 553999,2023 JEEP GLADIATOR SPORT,2176630,5/23/2023,52877,52877,,,231.25
3C6UR5FJ8PG 554906,2023 RAM 2500 LARAMIE,2118001,3/6/2023,77769,77769,,,340.11
3C4NJDBN1PT 555670,2023 JEEP COMPASS LATITUDE,2154460,4/24/2023,37052,0,7/7/2023,6/10/2001,40.6
2C3CDXL93PH 557693,2023 DODG CHARGER SRT HELLCAT,2175097,5/22/2023,99023,99023,,,433.07
3C6LRVCG7PE 559997,2023 RAM PROMASTER 2500 2500 HIGH,2157740,4/27/2023,51198,51198,,,223.92
3C6LRVPG5PE 562231,2023 RAM PROMASTER 2500 2500 HIGH,2191200,6/13/2023,54927,54927,,,240.2
3C6MRVHG0PE 562365,2023 RAM PROMASTER 3500 3500 HIGH,2203202,6/28/2023,60098,60098,,,262.81
3C4NJDFN1PT 562838,2023 JEEP COMPASS LATITUDE LUX,2175098,5/22/2023,37770,37770,,,165.18
3C4NJDFN3PT 562839,2023 JEEP COMPASS LATITUDE LUX,2175099,5/22/2023,39448,39448,,,172.53
3C4NJDFNXPT 562840,2023 JEEP COMPASS LATITUDE LUX,2175100,5/22/2023,39904,39904,,,174.5
2C4RC1S71PR 562889,2023 CHRY PACIFICA HYBRID LIMITED,2163607,5/5/2023,58022,0,6/29/2023,11/8/2058,0
3C63R3DL0PG 564656,2023 RAM 3500 BIG HORN,2122987,3/13/2023,81304,81304,,,355.57
1C4RJHDG3PC 566088,2023 JEEP GRAND CHEROKEE OVERLAND,2157741,4/27/2023,66850,0,7/7/2023,1/9/2083,73.26
1C6SRFHT9PN 568722,2023 RAM 1500 LIMITED,2106864,2/21/2023,73500,73500,,,321.43
2C4RC3BG6PR 570272,2023 CHRY PACIFICA TOURING L,2169735,5/15/2023,47400,0,7/3/2023,10/9/2029,17.39
1C4RJHDG0PC 573130,2023 JEEP GRAND CHEROKEE OVERLAND,2146462,4/13/2023,63988,63988,,,279.84
1C4HJXDG6PW 576358,2023 JEEP WRANGLER SPORT,2092736,1/31/2023,53876,53876,,,235.62
3C6UR5FL8PG 576597,2023 RAM 2500 LARAMIE,2113464,2/28/2023,80506,80506,,,352.08
3C6UR5FLXPG 576598,2023 RAM 2500 LARAMIE,2113465,2/28/2023,80459,80459,,,351.88
3C6UR5FL1PG 576599,2023 RAM 2500 LARAMIE,2109958,2/23/2023,80459,80459,,,351.88
3C6UR5DL8PG 580703,2023 RAM 2500 BIG HORN,2159806,5/1/2023,73188,73188,,,320.08
3C6TR5EJ9PG 581562,2023 RAM 2500 POWERWAGON,2131357,3/23/2023,78364,0,6/28/2023,7/20/2114,0
2C3CDXL9XPH 582980,2023 DODG CHARGER SRT HELLCAT,2162665,5/4/2023,88902,0,6/30/2023,5/27/2143,0
2C4RC1GG9PR 583689,2023 CHRY PACIFICA LIMITED,2206750,7/3/2023,49747,49747,,,199.31
2C3CDZL98PH 586148,2023 DODG CHALLENGER SRT HELLCAT REDEYE,2185301,6/5/2023,98596,0,7/5/2023,12/10/2169,72.11
1C4RJYB6XPC 587580,2023 JEEP GRAND CHEROKEE LIMITED 4XE,2146463,4/13/2023,61458,0,7/7/2023,4/5/2068,67.35
3C6UR5CL7PG 588051,2023 RAM 2500 TRADESMAN,2143547,4/7/2023,63233,63233,,,276.51
1C4RJYB69PC 588610,2023 JEEP GRAND CHEROKEE LIMITED 4XE,2134404,3/28/2023,67116,0,7/7/2023,10/2/2083,73.55
3C7WRNAL7PG 594004,2023 RAM 5500,2213057,7/13/2023,68255,68255,,,149.11
1C6SRFBT8PN 596147,2023 RAM 1500 BIG HORN/LONE STAR,2125188,3/15/2023,55405,0,6/30/2023,9/9/2051,0
1C6SRFBT4PN 596338,2023 RAM 1500 BIG HORN/LONE STAR,2128044,3/20/2023,55358,55358,,,242.1
2C4RC1L72PR 599626,2023 CHRY PACIFICA HYBRID TOURING L,2211314,7/11/2023,54472,54472,,,138.83
2C4RC3BG4PR 604855,2023 CHRY PACIFICA TOURING L,2218462,7/20/2023,49126,49126,,,44.7
1C4RJHAGXPC 606882,2023 JEEP GRAND CHEROKEE LAREDO,2171061,5/16/2023,48398,0,7/21/2023,7/3/2032,176.45
1C4RJHAG3PC 607226,2023 JEEP GRAND CHEROKEE LAREDO,2176632,5/23/2023,48222,0,7/7/2023,1/9/2032,52.84
1C4RJHAG7PC 607228,2023 JEEP GRAND CHEROKEE LAREDO,2172122,5/17/2023,48222,0,7/7/2023,1/9/2032,52.84
1C4RJHAG9PC 607229,2023 JEEP GRAND CHEROKEE LAREDO,2167567,5/11/2023,48222,48222,,,210.87
3C7WRNAL1PG 608432,2023 RAM 5500,2186441,6/6/2023,71517,71517,,,312.75
3C63R3JL0PG 608501,2023 RAM 3500 LARAMIE,2185300,6/5/2023,91452,0,7/21/2023,5/20/2150,333.39
2C3CDXBG7PH 608516,2023 DODG CHARGER SXT,2191199,6/13/2023,37227,0,7/14/2023,12/2/2001,88.26
1C4RJHAG2PC 609730,2023 JEEP GRAND CHEROKEE LAREDO,2177645,5/24/2023,49693,0,7/7/2023,1/19/2036,54.45
1C4RJHAG4PC 609731,2023 JEEP GRAND CHEROKEE LAREDO,2176634,5/23/2023,49247,0,7/10/2023,10/30/2034,80.89
1C4RJHAG6PC 609732,2023 JEEP GRAND CHEROKEE LAREDO,2201834,6/27/2023,49893,49893,,,218.19
1C4RJHAG8PC 609733,2023 JEEP GRAND CHEROKEE LAREDO,2176635,5/23/2023,49693,0,6/29/2023,1/19/2036,0
1C4JJXN60PW 610737,2023 JEEP WRANGLER 4XE,2173185,5/18/2023,62124,0,7/7/2023,1/31/2070,68.08
1C4JJXN62PW 610738,2023 JEEP WRANGLER 4XE,2173957,5/19/2023,62570,0,7/7/2023,4/22/2071,68.57
1C4RJYD61PC 611049,2023 JEEP GRAND CHEROKEE OVERLAND 4XE,2155662,4/25/2023,71976,0,7/14/2023,1/21/2097,170.67
2C3CDXBG1PH 613095,2023 DODG CHARGER SXT,2199528,6/23/2023,37227,37227,,,162.79
2C3CDXBG3PH 613096,2023 DODG CHARGER SXT,2201833,6/27/2023,37161,37161,,,162.5
3C6UR5CL4PG 614427,2023 RAM 2500 TRADESMAN,2209521,7/7/2023,65900,65900,,,215.99
3C6UR5CL6PG 614428,2023 RAM 2500 TRADESMAN,2210298,7/10/2023,65628,65628,,,179.22
3C6UR5CL8PG 614429,2023 RAM 2500 TRADESMAN,2209522,7/7/2023,65628,65628,,,215.09
3C6UR5CL4PG 614430,2023 RAM 2500 TRADESMAN,2176628,5/23/2023,64142,64142,,,280.52
3C6UR5CL6PG 614431,2023 RAM 2500 TRADESMAN,2210299,7/10/2023,65628,65628,,,179.22
3C6UR5HL9PG 614433,2023 RAM 2500 TRADESMAN,2209523,7/7/2023,67974,67974,,,222.79
3C6UR5HL0PG 614434,2023 RAM 2500 TRADESMAN,2181942,5/31/2023,66032,66032,,,288.77
3C6UR5HL2PG 614435,2023 RAM 2500 TRADESMAN,2210300,7/10/2023,67702,67702,,,184.88
3C6UR5HL4PG 614436,2023 RAM 2500 TRADESMAN,2181943,5/31/2023,66216,66216,,,289.58
3C6UR5HL6PG 614437,2023 RAM 2500 TRADESMAN,2181944,5/31/2023,66216,66216,,,289.58
3C6UR5HL8PG 614438,2023 RAM 2500 TRADESMAN,2181945,5/31/2023,66032,66032,,,288.77
2C3CDZC90PH 617408,2023 DODG CHALLENGER SRT HELLCAT,2216467,7/18/2023,84072,84072,,,107.13
3C6UR5DL4PG 617777,2023 RAM 2500 BIG HORN,2181946,5/31/2023,71085,71085,,,310.87
3C6UR5DL6PG 617778,2023 RAM 2500 BIG HORN,2181947,5/31/2023,71316,71316,,,311.9
3C6UR5DL8PG 617779,2023 RAM 2500 BIG HORN,2203200,6/28/2023,73202,73202,,,320.14
3C6UR5DL4PG 617780,2023 RAM 2500 BIG HORN,2203201,6/28/2023,73202,73202,,,320.14
3C6UR5DL6PG 617781,2023 RAM 2500 BIG HORN,2181948,5/31/2023,74117,74117,,,324.15
3C6UR5FL5PG 617784,2023 RAM 2500 LARAMIE,2168608,5/12/2023,82427,82427,,,360.49
3C6UR5FL7PG 617785,2023 RAM 2500 LARAMIE,2186440,6/6/2023,83998,83998,,,367.35
3C6UR5FL9PG 617786,2023 RAM 2500 LARAMIE,2187270,6/7/2023,86015,86015,,,376.17
2C3CDXBG7PH 619550,2023 DODG CHARGER SXT,2214314,7/14/2023,41991,41991,,,84.07
1C4HJXDG8PW 619565,2023 JEEP WRANGLER SPORT,2200063,6/26/2023,50061,0,6/30/2023,1/21/2037,0
3C63R3GL7PG 624962,2023 RAM 3500 TRADESMAN,2176629,5/23/2023,73216,73216,,,320.18
3C63R3GL9PG 624963,2023 RAM 3500 TRADESMAN,2187279,6/7/2023,74223,74223,,,324.6
3C63RRGL7PG 624964,2023 RAM 3500 TRADESMAN,2173956,5/19/2023,74412,74412,,,325.44
3C63R3HL8PG 624967,2023 RAM 3500 BIG HORN,2171059,5/16/2023,81673,81673,,,357.18
3C63R3HLXPG 624968,2023 RAM 3500 BIG HORN,2171060,5/16/2023,81673,81673,,,357.18
3C63RRHL8PG 624969,2023 RAM 3500 BIG HORN,2184321,6/2/2023,82981,82981,,,362.9
3C63R3HL7PG 628279,2023 RAM 3500 BIG HORN,2205513,6/30/2023,78292,78292,,,356.66
1C6SRFMT7PN 629796,2023 RAM 1500 BIG HORN/LONE STAR,2187274,6/7/2023,57957,0,7/17/2023,9/4/2058,169.05
1C6SRFMT9PN 629797,2023 RAM 1500 BIG HORN/LONE STAR,2161044,5/2/2023,57947,0,7/7/2023,8/25/2058,63.5
3C6UR5EL1PG 635412,2023 RAM 2500 POWERWAGON,2196903,6/21/2023,84616,84616,,,370.07
3C6UR5EL3PG 635413,2023 RAM 2500 POWERWAGON,2196904,6/21/2023,84847,84847,,,371.07
3C6UR5DL3PG 635901,2023 RAM 2500 BIG HORN,2194401,6/16/2023,75067,75067,,,328.29
1C6SRFJT3PN 642727,2023 RAM 1500 LARAMIE,2169734,5/15/2023,65699,0,6/30/2023,11/15/2079,0
1C6SRFMT2PN 642780,2023 RAM 1500 BIG HORN/LONE STAR,2187271,6/7/2023,57042,0,6/30/2023,3/3/2056,0
1C6SRFMT4PN 642781,2023 RAM 1500 BIG HORN/LONE STAR,2187272,6/7/2023,57226,57226,,,250.29
1C6SRFMT6PN 642782,2023 RAM 1500 BIG HORN/LONE STAR,2187273,6/7/2023,57273,57273,,,250.47
1C6SRFMT5PN 643292,2023 RAM 1500 BIG HORN/LONE STAR,2192320,6/14/2023,57042,57042,,,249.47
1C6SRFMT7PN 643293,2023 RAM 1500 BIG HORN/LONE STAR,2193234,6/15/2023,57226,57226,,,250.29
1C6SRFMT9PN 643294,2023 RAM 1500 BIG HORN/LONE STAR,2191198,6/13/2023,57042,57042,,,249.47
1C6SRFMT2PN 643296,2023 RAM 1500 BIG HORN/LONE STAR,2178576,5/25/2023,57032,0,6/26/2023,2/22/2056,0
3C63R3HL7PG 645874,2023 RAM 3500 BIG HORN,2211313,7/11/2023,78451,78451,,,199.94
3C6UR5CL9PG 647021,2023 RAM 2500 TRADESMAN,2196905,6/21/2023,67671,67671,,,295.94
1C4RJYB60PC 650721,2023 JEEP GRAND CHEROKEE LIMITED 4XE,2216468,7/18/2023,63796,63796,,,81.3
1C4RJYB62PC 650722,2023 JEEP GRAND CHEROKEE LIMITED 4XE,2214315,7/14/2023,63796,63796,,,127.74
1C4RJYB64PC 650723,2023 JEEP GRAND CHEROKEE LIMITED 4XE,2216469,7/18/2023,63796,63796,,,81.3
1C6SRFRT2PN 658552,2023 RAM 1500 LARAMIE,2187275,6/7/2023,65549,65549,,,286.68
1C6SRFRT4PN 658553,2023 RAM 1500 LARAMIE,2212441,7/12/2023,66025,66025,,,156.23
1C6SRFRT6PN 658554,2023 RAM 1500 LARAMIE,2183157,6/1/2023,65572,0,7/21/2023,7/11/2079,239.05
1C6SRFRT8PN 658555,2023 RAM 1500 LARAMIE,2192321,6/14/2023,65790,0,7/19/2023,2/14/2080,215.89
1C6SRFGT9PN 658681,2023 RAM 1500 TRADESMAN,2206421,7/3/2023,54367,54367,,,217.82
1C4HJXDG1PW 658885,2023 JEEP WRANGLER SPORT,2138711,4/3/2023,51633,51633,,,225.81
1C6SRFRT4PN 662313,2023 RAM 1500 LARAMIE,2187276,6/7/2023,65970,0,7/6/2023,8/12/2080,60.27
1C6SRFRT6PN 662314,2023 RAM 1500 LARAMIE,2187277,6/7/2023,66116,0,7/17/2023,1/5/2081,192.87
1C6SRFRT8PN 662315,2023 RAM 1500 LARAMIE,2187278,6/7/2023,65932,0,7/6/2023,7/5/2080,60.24
1C6SRFU9XPN 671433,2023 RAM 1500 TRX,2213313,7/13/2023,101875,101875,,,222.54
1C4JJXSJ6PW 673088,2023 JEEP WRANGLER RUBICON 392,2194402,6/16/2023,93867,93867,,,410.51
1C6SRFLT5PN 677430,2023 RAM 1500 REBEL,2205512,6/30/2023,70563,70563,,,321.46
1C4HJXDG4PW 681075,2023 JEEP WRANGLER SPORT,2132190,3/24/2023,50557,0,7/6/2023,6/1/2038,46.19
1C6SRFFT9PN 685512,2023 RAM 1500 BIG HORN/LONE STAR,2216466,7/18/2023,57507,57507,,,73.27
1C4JJXSJ8PW 686506,2023 JEEP WRANGLER RUBICON 392,2194403,6/16/2023,92228,92228,,,403.34
1C4RJKDG7P8 732581,2023 JEEP GRAND CHEROKEE L OVERLAND,2035068,11/8/2022,66368,66368,,,290.26
1C4RJKDG2P8 737641,2023 JEEP GRAND CHEROKEE L OVERLAND,2046016,11/23/2022,66368,66368,,,290.26
1C4RJKBGXP8 740466,2023 JEEP GRAND CHEROKEE L LIMITED,2109960,2/23/2023,63634,63634,,,278.3
1C4RJYB61N8 757356,2022 JEEP GRAND CHEROKEE LIMITED 4XE,2099750,2/10/2023,65316,65316,,,285.63
1C4RJYC6XP8 774514,2023 JEEP GRAND CHEROKEE TRAILHAWK 4XE,2124197,3/14/2023,67814,67814,,,296.57
1C4RJYC61P8 774515,2023 JEEP GRAND CHEROKEE TRAILHAWK 4XE,2124198,3/14/2023,67814,67814,,,296.57
1C4RJYB62P8 774525,2023 JEEP GRAND CHEROKEE LIMITED 4XE,2110991,2/24/2023,61458,0,7/21/2023,4/5/2068,224.05
1C4RJKDG1P8 781128,2023 JEEP GRAND CHEROKEE L OVERLAND,2113477,2/28/2023,64576,64576,,,282.41
1C4RJYC6XP8 785741,2023 JEEP GRAND CHEROKEE TRAILHAWK 4XE,2126139,3/16/2023,67368,0,6/28/2023,12/14/1967,0
1C4RJYD64P8 787290,2023 JEEP GRAND CHEROKEE OVERLAND 4XE,2110992,2/24/2023,70036,0,7/7/2023,9/30/2091,76.74
1C4RJYE63P8 798800,2023 JEEP GRAND CHEROKEE SUMMIT 4XE,2138715,4/3/2023,75542,75542,,,330.37
1C4RJKAG6P8 813625,2023 JEEP GRAND CHEROKEE L LAREDO,2135488,3/29/2023,53528,53528,,,234.11
1C4RJKBG0P8 816955,2023 JEEP GRAND CHEROKEE L LIMITED,2108285,2/22/2023,59322,59322,,,259.43
1C4RJKDG8P8 821706,2023 JEEP GRAND CHEROKEE L OVERLAND,2124195,3/14/2023,64130,64130,,,280.46
1C4RJKAG0P8 823325,2023 JEEP GRAND CHEROKEE L LAREDO,2138713,4/3/2023,52909,0,7/14/2023,11/8/2044,125.46
1C4RJKAG2P8 823326,2023 JEEP GRAND CHEROKEE L LAREDO,2135494,3/29/2023,53528,0,7/14/2023,7/20/2046,126.93
1C4RJKBG3P8 825293,2023 JEEP GRAND CHEROKEE L LIMITED,2135490,3/29/2023,59998,59998,,,262.41
1C4RJKAG3P8 825294,2023 JEEP GRAND CHEROKEE L LAREDO,2135492,3/29/2023,54204,54204,,,237.05
1C4RJKBG0P8 839538,2023 JEEP GRAND CHEROKEE L LIMITED,2176633,5/23/2023,59998,59998,,,262.41
1C4RJKBG2P8 839539,2023 JEEP GRAND CHEROKEE L LIMITED,2173187,5/18/2023,59998,59998,,,262.41
1C4RJKEGXP8 845651,2023 JEEP GRAND CHEROKEE L SUMMIT,2144398,4/10/2023,71381,0,6/26/2023,6/6/2095,0
1C4RJKEG1P8 845652,2023 JEEP GRAND CHEROKEE L SUMMIT,2148592,4/17/2023,70935,0,6/30/2023,3/17/2094,0
1C4RJYD64P8 849304,2023 JEEP GRAND CHEROKEE OVERLAND 4XE,2119142,3/7/2023,70036,70036,,,306.27
1C4RJHBG6P8 895440,2023 JEEP GRAND CHEROKEE LIMITED,2213314,7/13/2023,56044,56044,,,122.42
1C4RJHBG0P8 895580,2023 JEEP GRAND CHEROKEE LIMITED,2213315,7/13/2023,56044,56044,,,122.42
ZACNDFANXP3 A02051,2023 DODG HORNET GT,2138710,4/3/2023,31580,0,7/14/2023,6/17/1986,74.88
ZACNDFAN8P3 A02906,2023 DODG HORNET GT,2158859,4/28/2023,34252,34252,,,149.79
ZACNJDB18NP N87496,2022 JEEP RENEGADE LATITUDE,2099211,2/9/2023,31009,0,7/7/2023,11/23/1984,33.98
ZACNJDC11PP P17099,2023 JEEP RENEGADE TRAILHAWK,2121993,3/10/2023,38375,38375,,,167.83
ZACNJDE16PP P20559,2023 JEEP RENEGADE ALTITUDE,2133116,3/27/2023,35182,35182,,,153.85
ZACNJDE10PP P25000,2023 JEEP RENEGADE ALTITUDE,2150598,4/19/2023,32548,32548,,,142.34
ZACNJDE12PP P25225,2023 JEEP RENEGADE ALTITUDE,2150599,4/19/2023,33014,0,7/25/2023,5/21/1990,144.39
ZACNJDE10PP P28978,2023 JEEP RENEGADE ALTITUDE,2169732,5/15/2023,32548,32548,,,142.34
ZACNJDE17PP P29691,2023 JEEP RENEGADE ALTITUDE,2167566,5/11/2023,35454,35454,,,155.04
ZACNJDE14PP P30376,2023 JEEP RENEGADE ALTITUDE,2171056,5/16/2023,33014,33014,,,144.39
ZACNJDE13PP P30966,2023 JEEP RENEGADE ALTITUDE,2167565,5/11/2023,33014,33014,,,144.39
ZACNJDE1XPP P31399,2023 JEEP RENEGADE ALTITUDE,2171055,5/16/2023,33014,33014,,,144.39
ZACNJDE17PP P32123,2023 JEEP RENEGADE ALTITUDE,2169733,5/15/2023,33014,0,7/14/2023,5/21/1990,78.28
ZACNJDE13PP P32278,2023 JEEP RENEGADE ALTITUDE,2171057,5/16/2023,35454,35454,,,155.04
ZACNJDE1XPP P34545,2023 JEEP RENEGADE ALTITUDE,2166650,5/10/2023,34988,34988,,,153.02
ZACNJDE13PP P35097,2023 JEEP RENEGADE ALTITUDE,2183156,6/1/2023,33108,33108,,,144.79
ZACNJDE19PP P36870,2023 JEEP RENEGADE ALTITUDE,2181939,5/31/2023,33108,33108,,,144.79
ZACNJDE11PP P37530,2023 JEEP RENEGADE ALTITUDE,2181940,5/31/2023,33108,33108,,,144.79
ZACNJDE16PP P37717,2023 JEEP RENEGADE ALTITUDE,2181938,5/31/2023,32548,32548,,,142.34
ZACNJDE16PP P37748,2023 JEEP RENEGADE ALTITUDE,2179575,5/26/2023,35454,35454,,,155.04
ZACNJDE10PP P38362,2023 JEEP RENEGADE ALTITUDE,2194399,6/16/2023,35222,35222,,,154.05
ZACNJDC17PP P38670,2023 JEEP RENEGADE TRAILHAWK,2194400,6/16/2023,33902,33902,,,148.28
ZACNJDE19PP P41373,2023 JEEP RENEGADE ALTITUDE,2204251,6/29/2023,33268,33268,,,145.48
ZACNJDE15PP P41418,2023 JEEP RENEGADE ALTITUDE,2193232,6/15/2023,33248,33248,,,145.42
ZACNJDC14PP P41428,2023 JEEP RENEGADE TRAILHAWK,2205511,6/30/2023,37208,37208,,,169.5
ZACNJDE1XPP P41592,2023 JEEP RENEGADE ALTITUDE,2193233,6/15/2023,35222,35222,,,154.05
ZFBHRFAB9N6 Y56027,2022 RAM PROMASTER CITY TRADESMAN,2212440,7/12/2023,36632,36632,,,86.68
ZFBHRFAB1N6 Y56037,2022 RAM PROMASTER CITY TRADESMAN,2183155,6/1/2023,36287,36287,,,158.68
ZFBHRFAB3N6 Y65001,2022 RAM PROMASTER CITY TRADESMAN,2207115,7/3/2023,35354,35354,,,141.63
1C4PJMMB3PD 100966,2023 JEEP,2058736,12/13/2022,44483,44483,,,194.53
1C4PJMMB3PD 101468,2023 JEEP,2064521,12/20/2022,39279,0,7/14/2023,7/16/2007,93.15
1C4PJMMB4PD 102127,2023 JEEP CHEROKEE ALTITUDE LUX,2072699,1/3/2023,44483,44483,,,194.53
1C4PJMMB9PD 104312,2023 JEEP CHEROKEE ALTITUDE LUX,2072700,1/3/2023,39279,0,7/14/2023,7/16/2007,93.15
1C4PJMMB8PD 105564,2023 JEEP CHEROKEE ALTITUDE LUX,2077323,1/11/2023,38815,38815,,,169.76
1C4PJMMB1PD 105566,2023 JEEP CHEROKEE ALTITUDE LUX,2079179,1/13/2023,39281,39281,,,171.81
1C4PJMMBXPD 107445,2023 JEEP CHEROKEE ALTITUDE LUX,2079180,1/13/2023,43127,43127,,,188.62
1C4RJKDG8P8 110183,2023 JEEP GRAND CHEROKEE L OVERLAND,2042995,11/18/2022,66965,0,6/30/2023,9/7/1966,0
1C4PJXAN8RW 113980,2024 JEEP WRANGLER SPORT,2218422,7/20/2023,45913,45913,,,41.78
1C4RJXU66RW 121394,2024 JEEP WRANGLER HIGH ALTITUDE 4XE,2215162,7/17/2023,70374,70374,,,102.49
1C4RJXN6XRW 121395,2024 JEEP WRANGLER 4XE,2201712,6/27/2023,61985,61985,,,271.09
1C4RJXN61RW 121396,2024 JEEP WRANGLER 4XE,2203153,6/28/2023,60365,60365,,,263.99
1C4RJXN63RW 121397,2024 JEEP WRANGLER 4XE,2203154,6/28/2023,59829,59829,,,261.65
1C4RJXP69RW 128576,2024 JEEP WRANGLER SAHARA 4XE,2205425,6/30/2023,64867,64867,,,295.5
1C4RJXP60RW 128577,2024 JEEP WRANGLER SAHARA 4XE,2204214,6/29/2023,64331,64331,,,281.32
1C4RJXR60RW 130780,2024 JEEP WRANGLER RUBICON 4XE,2207096,7/3/2023,68111,68111,,,272.87
1C4RJXR62RW 130781,2024 JEEP WRANGLER RUBICON 4XE,2216391,7/18/2023,68111,68111,,,86.78
1C4RJXR64RW 130782,2024 JEEP WRANGLER RUBICON 4XE,2206712,7/3/2023,68111,68111,,,272.87
1C4RJXR66RW 130783,2024 JEEP WRANGLER RUBICON 4XE,2205426,6/30/2023,68111,68111,,,310.27
1C4RJXU66RW 145078,2024 JEEP WRANGLER HIGH ALTITUDE 4XE,2211238,7/11/2023,69230,69230,,,176.46
1C4RJXR64RW 145086,2024 JEEP WRANGLER RUBICON 4XE,2214268,7/14/2023,72690,72690,,,145.55
1C4RJXR66RW 145087,2024 JEEP WRANGLER RUBICON 4XE,2213263,7/13/2023,72690,72690,,,158.8
1C4RJXN63RW 145098,2024 JEEP WRANGLER 4XE,2207097,7/3/2023,58522,58522,,,234.46
1C4RJXN69RW 145106,2024 JEEP WRANGLER 4XE,2204215,6/29/2023,61621,61621,,,269.49
1C4RJXN60RW 145107,2024 JEEP WRANGLER 4XE,2205427,6/30/2023,61621,61621,,,280.72
2C3CDZFJ2NH 263491,2022 DODG CHALLENGER R/T SCAT PACK,2058179,12/13/2022,59620,59620,,,260.74
1C4HJXDM8NW 273388,2022 JEEP WRANGLER UNLIMITED SPORT,2008460,10/3/2022,49609,49609,,,216.96
3C6UR5CL6PG 500249,2023 RAM 2500 TRADESMAN,2108145,2/22/2023,65715,65715,,,287.4
3C7WRTCL5PG 500509,2023 RAM 3500,2099135,2/9/2023,70676,0,7/17/2023,7/1/2093,206.16
2C4RC1L76PR 503500,2023 CHRY PACIFICA HYBRID TOURING L,2115971,3/2/2023,53483,53483,,,233.89
1C6JJTEGXPL 503611,2023 JEEP GLADIATOR MOJAVE,2039870,11/15/2022,62396,0,7/14/2023,10/30/2070,147.95
1C6HJTFGXPL 503640,2023 JEEP GLADIATOR OVERLAND,2010842,10/5/2022,55309,0,7/6/2023,6/5/2051,50.53
3C6UR5HL3PG 503859,2023 RAM 2500 TRADESMAN,2097411,2/7/2023,67689,67689,,,296.03
3C6UR5HLXPG 503860,2023 RAM 2500 TRADESMAN,2196802,6/21/2023,66647,66647,,,291.47
3C6UR5HL1PG 503861,2023 RAM 2500 TRADESMAN,2145621,4/12/2023,65817,65817,,,287.85
3C6UR5CL5PG 503871,2023 RAM 2500 TRADESMAN,2124044,3/14/2023,65484,65484,,,286.37
3C6UR5CL7PG 503872,2023 RAM 2500 TRADESMAN,2124045,3/14/2023,65484,65484,,,286.37
3C6UR5DL0PG 503887,2023 RAM 2500 BIG HORN,2068590,12/27/2022,76159,76159,,,333.09
3C6UR5DL2PG 503888,2023 RAM 2500 BIG HORN,2068591,12/27/2022,76159,0,7/11/2023,7/6/2108,138.97
3C6LRVDG6PE 504567,2023 RAM PROMASTER 2500 2500 HIGH,2066100,12/22/2022,51075,51075,,,223.36
1C6JJTBG9PL 505290,2023 JEEP GLADIATOR RUBICON,2044986,11/22/2022,60497,60497,,,264.58
3C4NJDBN3PT 505661,2023 JEEP COMPASS LATITUDE,2086075,1/24/2023,34026,34026,,,148.8
3C4NJDBN7PT 505663,2023 JEEP COMPASS LATITUDE,2086076,1/24/2023,36399,36399,,,159.18
3C6UR5FL5PG 506281,2023 RAM 2500 LARAMIE,2104284,2/16/2023,82686,0,6/27/2023,5/20/2126,0
3C4NJDAN8PT 507620,2023 JEEP COMPASS SPORT,2086074,1/24/2023,31987,0,7/7/2023,7/29/1987,35.05
3C63RRRLXPG 509496,2023 RAM 3500 LIMITED,2100111,2/10/2023,100485,100485,,,439.45
2C4RC1BG8PR 509557,2023 CHRY PACIFICA TOURING L,2077324,1/11/2023,41309,0,7/17/2023,2/4/2013,120.51
2C4RC1N73PR 510059,2023 CHRY PACIFICA HYBRID PINNACLE,2068595,12/27/2022,60141,60141,,,263.02
2C4RC1L78PR 510223,2023 CHRY PACIFICA HYBRID TOURING L,2071563,12/30/2022,51825,0,7/7/2023,11/20/2041,56.79
1C4HJXFN4PW 511553,2023 JEEP WRANGLER RUBICON,2108769,2/22/2023,57512,57512,,,251.51
3C6UR5DL1PG 512033,2023 RAM 2500 BIG HORN,2179218,5/26/2023,68944,68944,,,301.51
3C4NJDAN7PT 512551,2023 JEEP COMPASS SPORT,2096459,2/6/2023,31987,0,7/7/2023,7/29/1987,35.05
3C6UR5EJ1PG 514779,2023 RAM 2500 POWERWAGON,2191114,6/13/2023,83419,83419,,,364.82
1C6JJTEG4PL 516869,2023 JEEP GLADIATOR MOJAVE,2072696,1/3/2023,56554,56554,,,247.34
3C6UR5CJ0PG 518194,2023 RAM 2500 TRADESMAN,2145622,4/12/2023,56526,56526,,,247.19
3C4NJDBN0PT 518402,2023 JEEP COMPASS LATITUDE,2125140,3/15/2023,36399,36399,,,159.18
1C6SRFFMXPN 521002,2023 RAM 1500 BIG HORN/LONE STAR,2056813,12/12/2022,59318,59318,,,259.42
1C6SRFHT8PN 522377,2023 RAM 1500 LIMITED,2061123,12/16/2022,69322,69322,,,303.15
3C6UR5FL2PG 523619,2023 RAM 2500 LARAMIE,2068592,12/27/2022,76902,0,7/10/2023,7/19/2110,126.31
3C63R3JL7PG 524028,2023 RAM 3500 LARAMIE,2121614,3/10/2023,80258,80258,,,350.99
1C4RJHBG5PC 524895,2023 JEEP GRAND CHEROKEE LIMITED,2092546,1/31/2023,55771,55771,,,243.91
1C4RJHBG7PC 524896,2023 JEEP GRAND CHEROKEE LIMITED,2119014,3/7/2023,55771,55771,,,243.91
1C4RJHBG3PC 528461,2023 JEEP GRAND CHEROKEE LIMITED,2111546,2/27/2023,52904,52904,,,231.37
3C4NJDDN6PT 529465,2023 JEEP COMPASS TRAILHAWK,2120055,3/8/2023,46513,46513,,,203.41
3C4NJDAN2PT 529466,2023 JEEP COMPASS SPORT,2124046,3/14/2023,31531,0,7/10/2023,4/29/1986,51.79
3C4NJDAN6PT 530040,2023 JEEP COMPASS SPORT,2120056,3/8/2023,31531,31531,,,137.91
1C6SRFFT2PN 532342,2023 RAM 1500 BIG HORN/LONE STAR,2113345,2/28/2023,62450,62450,,,273.12
3C4NJDAN4PT 535785,2023 JEEP COMPASS SPORT,2141197,4/5/2023,30399,30399,,,132.93
2C3CDXMG3PH 536680,2023 DODG CHARGER GT,2178531,5/25/2023,49688,49688,,,217.3
1C6JJTEG8PL 538163,2023 JEEP GLADIATOR MOJAVE,2113348,2/28/2023,59825,59825,,,261.61
1C6JJTEG4PL 538239,2023 JEEP GLADIATOR MOJAVE,2105417,2/17/2023,62436,62436,,,273.06
1C4RJHBG3PC 539797,2023 JEEP GRAND CHEROKEE LIMITED,2139996,4/4/2023,53624,53624,,,234.52
1C4RJHBGXPC 540803,2023 JEEP GRAND CHEROKEE LIMITED,2139995,4/4/2023,53178,53178,,,232.57
3C4NJDCN2PT 541355,2023 JEEP COMPASS LIMITED,2135431,3/29/2023,38885,38885,,,170.04
3C4NJDFN6PT 541497,2023 JEEP COMPASS LATITUDE LUX,2133066,3/27/2023,37769,37769,,,165.16
2C4RC1L73PR 542559,2023 CHRY PACIFICA HYBRID TOURING L,2115970,3/2/2023,53307,53307,,,233.13
2C4RC1N7XPR 542782,2023 CHRY PACIFICA HYBRID PINNACLE,2158800,4/28/2023,60305,60305,,,263.74
2C4RC1L75PR 543163,2023 CHRY PACIFICA HYBRID TOURING L,2117943,3/6/2023,55917,55917,,,244.54
2C4RC1S75PR 543164,2023 CHRY PACIFICA HYBRID LIMITED,2146412,4/13/2023,60832,60832,,,266.03
2C4RC1S77PR 543165,2023 CHRY PACIFICA HYBRID LIMITED,2146413,4/13/2023,55380,0,7/6/2023,8/15/2051,50.59
1C4RJHAG6PC 544025,2023 JEEP GRAND CHEROKEE LAREDO,2157379,4/27/2023,50254,50254,,,219.77
1C4HJXCN6PW 546387,2023 JEEP WRANGLER RUBICON,2129231,3/21/2023,50817,0,7/7/2023,2/16/2039,55.69
1C4GJXAN1PW 546571,2023 JEEP WRANGLER SPORT,2191996,6/14/2023,45858,45858,,,200.54
3C4NJDFN1PT 546767,2023 JEEP COMPASS LATITUDE LUX,2175011,5/22/2023,37769,37769,,,165.16
3C4NJDFN3PT 546768,2023 JEEP COMPASS LATITUDE LUX,2175012,5/22/2023,37769,37769,,,165.16
3C4NJDBN8PT 546769,2023 JEEP COMPASS LATITUDE,2153314,4/21/2023,35671,35671,,,156
3C4NJDBN4PT 546770,2023 JEEP COMPASS LATITUDE,2175013,5/22/2023,35671,35671,,,156
3C4NJDBN6PT 546771,2023 JEEP COMPASS LATITUDE,2146411,4/13/2023,39880,0,7/7/2023,3/8/2009,43.7
1C4RJHAG7PC 547435,2023 JEEP GRAND CHEROKEE LAREDO,2117944,3/6/2023,51549,0,7/13/2023,2/17/2041,112.84
2C3CCABT5PH 548698,2023 CHRY 300 S,2120957,3/9/2023,49142,0,7/14/2023,7/17/2034,116.52
1C4RJHAG6PC 548771,2023 JEEP GRAND CHEROKEE LAREDO,2138629,4/3/2023,51549,51549,,,225.45
1C6SRFJM1PN 551061,2023 RAM 1500 LARAMIE,2082728,1/19/2023,69553,69553,,,304.17
3C6MRVHG0PE 553374,2023 RAM PROMASTER 3500 3500 HIGH,2127028,3/17/2023,52134,52134,,,228.01
1C6JJTEG4PL 553761,2023 JEEP GLADIATOR MOJAVE,2187243,6/7/2023,63863,63863,,,279.3
3C6LRVBG4PE 553849,2023 RAM PROMASTER 1500 1500 HIGH,2165414,5/9/2023,53374,0,7/5/2023,2/16/2046,39.03
2C4RC1N7XPR 555127,2023 CHRY PACIFICA HYBRID PINNACLE,2158799,4/28/2023,60751,60751,,,265.67
2C4RC1N74PR 555138,2023 CHRY PACIFICA HYBRID PINNACLE,2159759,5/1/2023,60751,60751,,,265.67
3C4NJDBNXPT 555988,2023 JEEP COMPASS LATITUDE,2175014,5/22/2023,39880,39880,,,174.41
1C6JJTAG9PL 557360,2023 JEEP GLADIATOR SPORT,2193185,6/15/2023,56395,56395,,,246.63
1C6JJTAG0PL 557361,2023 JEEP GLADIATOR SPORT,2190044,6/12/2023,56395,56395,,,246.63
1C6JJTAG2PL 557362,2023 JEEP GLADIATOR SPORT,2191115,6/13/2023,56395,56395,,,246.63
1C6SRFRT2PN 558418,2023 RAM 1500 LARAMIE,2093757,2/1/2023,63725,0,6/29/2023,6/20/2074,0
1C4SJVAP2PS 561488,2023 JEEP WAGONEER SERIES I,2217580,7/19/2023,68886,68886,,,75.21
1C4RJHAG4PC 561826,2023 JEEP GRAND CHEROKEE LAREDO,2139994,4/4/2023,51549,51549,,,225.45
1C6JJTEG5PL 563084,2023 JEEP GLADIATOR MOJAVE,2215161,7/17/2023,65029,65029,,,94.71
1C6SRFRT0PN 564041,2023 RAM 1500 LARAMIE,2106777,2/21/2023,65773,65773,,,287.66
2C3CDXJGXPH 565307,2023 DODG CHARGER SXT,2143496,4/7/2023,40351,40351,,,176.47
2C4RC1N72PR 565442,2023 CHRY PACIFICA HYBRID PINNACLE,2191116,6/13/2023,61045,61045,,,266.97
2C4RC1S71PR 565551,2023 CHRY PACIFICA HYBRID LIMITED,2176512,5/23/2023,60092,60092,,,262.79
1C4RJHBG5PC 566578,2023 JEEP GRAND CHEROKEE LIMITED,2172058,5/17/2023,55459,55459,,,242.54
3C6LRVBG7PE 569253,2023 RAM PROMASTER 1500 1500 HIGH,2199498,6/23/2023,51357,51357,,,224.6
2C4RC1N77PR 569678,2023 CHRY PACIFICA HYBRID PINNACLE,2170944,5/16/2023,60481,60481,,,264.49
2C4RC1S73PR 580164,2023 CHRY PACIFICA HYBRID LIMITED,2201711,6/27/2023,60268,60268,,,263.57
2C4RC3GG4PR 580405,2023 CHRY PACIFICA LIMITED,2188123,6/8/2023,55016,55016,,,240.61
2C4RC3GG6PR 580406,2023 CHRY PACIFICA LIMITED,2187244,6/7/2023,55286,55286,,,241.79
1C4RJYB61PC 588875,2023 JEEP GRAND CHEROKEE LIMITED 4XE,2134317,3/28/2023,63253,0,7/7/2023,3/5/2073,69.31
3C6UR5DL7PG 592468,2023 RAM 2500 BIG HORN,2211237,7/11/2023,78279,78279,,,199.49
3C63R3ML5PG 597054,2023 RAM 3500 LARAMIE,2168568,5/12/2023,93683,93683,,,409.72
3C63R3RL0PG 600645,2023 RAM 3500 LIMITED,2136356,3/30/2023,86929,86929,,,380.18
1C6SRFHT4PN 602288,2023 RAM 1500 LIMITED,2132151,3/24/2023,74188,74188,,,324.45
3C63R3CL8PG 602300,2023 RAM 3500 TRADESMAN,2139993,4/4/2023,69191,69191,,,302.62
3C63R3CLXPG 602301,2023 RAM 3500 TRADESMAN,2197351,6/21/2023,69940,69940,,,305.88
1C4JJXFM4PW 602508,2023 JEEP WRANGLER RUBICON,2080374,1/17/2023,57746,57746,,,252.55
1C4JJXFM2PW 602510,2023 JEEP WRANGLER RUBICON,2078201,1/12/2023,58192,58192,,,254.49
1C6SRFLTXPN 609799,2023 RAM 1500 REBEL,2149560,4/18/2023,72368,72368,,,316.49
1C6SRFLT2PN 609800,2023 RAM 1500 REBEL,2169671,5/15/2023,72368,0,7/14/2023,2/17/2098,171.59
1C6SRFRT2PN 611392,2023 RAM 1500 LARAMIE,2144372,4/10/2023,63494,0,6/30/2023,9/23/1901,0
3C6UR5FL9PG 613043,2023 RAM 2500 LARAMIE,2170940,5/16/2023,82322,82322,,,360.02
3C6UR5FL4PG 617856,2023 RAM 2500 LARAMIE,2181850,5/31/2023,82475,82475,,,360.7
1C4JJXR64PW 621489,2023 JEEP WRANGLER RUBICON 4XE,2139461,4/4/2023,65007,65007,,,284.3
3C63R3JL5PG 624533,2023 RAM 3500 LARAMIE,2167523,5/11/2023,84307,84307,,,368.71
3C63R3JL7PG 624534,2023 RAM 3500 LARAMIE,2170942,5/16/2023,84260,84260,,,368.49
3C63R3HL0PG 625109,2023 RAM 3500 BIG HORN,2173135,5/18/2023,72651,0,7/7/2023,11/27/2098,79.61
3C63R3JL8PG 625174,2023 RAM 3500 LARAMIE,2167524,5/11/2023,87920,87920,,,384.51
3C63R3JLXPG 625175,2023 RAM 3500 LARAMIE,2170943,5/16/2023,88104,88104,,,385.3
1C6SRFRT0PN 629597,2023 RAM 1500 LARAMIE,2170941,5/16/2023,71726,0,6/30/2023,4/7/1907,0
1C6SRFRT2PN 629598,2023 RAM 1500 LARAMIE,2201709,6/27/2023,72885,72885,,,318.74
1C6SRFLT9PN 631647,2023 RAM 1500 REBEL,2164457,5/8/2023,74519,74519,,,325.89
1C6SRFHT5PN 632836,2023 RAM 1500 LIMITED,2184266,6/2/2023,79176,79176,,,346.29
3C6UR5EL0PG 635921,2023 RAM 2500 POWERWAGON,2189092,6/9/2023,89331,0,7/21/2023,7/29/2144,325.67
1C4HJXAG5PW 641026,2023 JEEP WRANGLER SPORT,2121934,3/10/2023,43328,0,7/3/2023,8/16/2018,15.89
1C4RJHAG0PC 642502,2023 JEEP GRAND CHEROKEE LAREDO,2216390,7/18/2023,49207,49207,,,62.7
1C6SRFLT3PN 642563,2023 RAM 1500 REBEL,2178530,5/25/2023,63477,63477,,,277.61
1C4RJYB62PC 650574,2023 JEEP GRAND CHEROKEE LIMITED 4XE,2199499,6/23/2023,63832,63832,,,279.14
1C4RJYB69PC 650684,2023 JEEP GRAND CHEROKEE LIMITED 4XE,2219434,7/21/2023,63775,63775,,,46.41
1C4JJXFG5PW 654000,2023 JEEP WRANGLER RUBICON,2163566,5/5/2023,65763,0,7/3/2023,1/18/2080,24.13
1C4HJXDNXPW 657300,2023 JEEP WRANGLER SPORT,2172056,5/17/2023,42398,42398,,,185.41
1C4JJXR67PW 662408,2023 JEEP WRANGLER RUBICON 4XE,2153313,4/21/2023,72186,72186,,,315.69
1C4JJXR62PW 662557,2023 JEEP WRANGLER RUBICON 4XE,2191992,6/14/2023,65719,0,6/30/2023,8/15/1925,0
1C4RJYD61PC 669937,2023 JEEP GRAND CHEROKEE OVERLAND 4XE,2213262,7/13/2023,75920,75920,,,165.83
1C4JJXR60PW 685237,2023 JEEP WRANGLER RUBICON 4XE,2201710,6/27/2023,71288,71288,,,311.76
1C4JJXR62PW 685238,2023 JEEP WRANGLER RUBICON 4XE,2205424,6/30/2023,71288,71288,,,324.75
1C4HJXAGXPW 693347,2023 JEEP WRANGLER SPORT,2161902,5/3/2023,46556,46556,,,203.6
1C4JJXR61PW 696859,2023 JEEP WRANGLER RUBICON 4XE,2173136,5/18/2023,71873,0,7/20/2023,10/10/2096,248.92
1C4JJXR6XPW 696861,2023 JEEP WRANGLER RUBICON 4XE,2193184,6/15/2023,73305,73305,,,320.61
1C4JJXR69PW 699363,2023 JEEP WRANGLER RUBICON 4XE,2199497,6/23/2023,72904,72904,,,318.82
1C4RJKAGXP8 770049,2023 JEEP GRAND CHEROKEE L LAREDO,2113349,2/28/2023,54203,54203,,,237.05
1C4RJKBG1P8 770360,2023 JEEP GRAND CHEROKEE L LIMITED,2100990,2/13/2023,55750,55750,,,243.81
1C4RJYE64P8 774554,2023 JEEP GRAND CHEROKEE SUMMIT 4XE,2097414,2/7/2023,76329,76329,,,333.82
1C4RJKBG4P8 777335,2023 JEEP GRAND CHEROKEE L LIMITED,2095483,2/3/2023,55480,55480,,,242.63
1C4RJHDG4P8 779473,2023 JEEP GRAND CHEROKEE OVERLAND,2129233,3/21/2023,67124,0,7/3/2023,10/10/2083,-12.23
1C4RJYE6XP8 794890,2023 JEEP GRAND CHEROKEE SUMMIT 4XE,2191993,6/14/2023,73774,73774,,,322.63
1C4RJKAG1P8 810289,2023 JEEP GRAND CHEROKEE L LAREDO,2191994,6/14/2023,53757,0,7/21/2023,3/6/2047,195.97
1C4RJYB66P8 814461,2023 JEEP GRAND CHEROKEE LIMITED 4XE,2149562,4/18/2023,63077,0,7/10/2023,9/10/2072,103.61
1C4RJHEGXP8 815570,2023 JEEP GRAND CHEROKEE SUMMIT,2210038,7/10/2023,63306,63306,,,172.88
1C4RJKAG9P8 825574,2023 JEEP GRAND CHEROKEE L LAREDO,2129234,3/21/2023,52901,0,6/30/2023,10/31/2044,0
1C4RJKBGXP8 837439,2023 JEEP GRAND CHEROKEE L LIMITED,2172057,5/17/2023,53555,0,6/30/2023,8/16/2046,0
1C4RJKBG0P8 839782,2023 JEEP GRAND CHEROKEE L LIMITED,2176513,5/23/2023,58390,58390,,,255.35
1C4RJKEG8P8 845647,2023 JEEP GRAND CHEROKEE L SUMMIT,2146414,4/13/2023,71028,71028,,,310.63
1C4RJKDTXP8 854137,2023 JEEP GRAND CHEROKEE L OVERLAND,2214267,7/14/2023,66876,66876,,,133.9
1C4RJKEG9P8 860870,2023 JEEP GRAND CHEROKEE L SUMMIT,2204213,6/29/2023,72115,72115,,,315.37
1C4RJKAGXP8 872712,2023 JEEP GRAND CHEROKEE L LAREDO,2178532,5/25/2023,52328,52328,,,228.85
1C4RJYD67P8 893264,2023 JEEP GRAND CHEROKEE OVERLAND 4XE,2200274,6/26/2023,74962,74962,,,327.85
ZFBNF3A12NP 979969,2022 FIAT 500X POP,2096456,2/6/2023,30690,30690,,,134.19
ZFBNF3B10NP 980004,2022 FIAT 500X TREKKING,2095479,2/3/2023,31379,0,7/7/2023,11/28/1985,34.39
ZFBNF3B15NP 980032,2022 FIAT 500X TREKKING,2095480,2/3/2023,31379,31379,,,137.25
ZACNDFAN7P3 A04260,2023 DODG HORNET GT,2179533,5/26/2023,38098,38098,,,166.6
ZFBNF3B12PP A07275,2023 FIAT 500X POP,2205423,6/30/2023,33456,33456,,,152.42
ZFBNF3B14PP A07276,2023 FIAT 500X POP,2205422,6/30/2023,33456,33456,,,152.42
ZACNJDE14PP P10354,2023 JEEP,2099444,2/9/2023,37621,37621,,,164.52
ZACNJDE16PP P11456,2023 JEEP,2110254,2/23/2023,37621,37621,,,164.52
ZACNJDB16PP P12417,2023 JEEP,2109136,2/22/2023,34269,34269,,,149.88
ZACNJDB19PP P20320,2023 JEEP RENEGADE LATITUDE,2139992,4/4/2023,32242,32242,,,141.03
ZACNJDE11PP P22560,2023 JEEP RENEGADE ALTITUDE,2148550,4/17/2023,31185,31185,,,136.38
ZACNJDB11PP P24572,2023 JEEP RENEGADE LATITUDE,2156710,4/26/2023,31776,31776,,,138.96
ZACNJDC19PP P24611,2023 JEEP RENEGADE TRAILHAWK,2157693,4/27/2023,39310,0,7/6/2023,8/16/2007,35.92
ZACNJDB13PP P25061,2023 JEEP RENEGADE LATITUDE,2156709,4/26/2023,31776,0,6/26/2023,12/30/1986,0
ZACNJDB16PP P26267,2023 JEEP RENEGADE LATITUDE,2156711,4/26/2023,32101,32101,,,140.39
ZACNJDE19PP P26744,2023 JEEP RENEGADE ALTITUDE,2156712,4/26/2023,35453,35453,,,155.04
ZACNJDB17PP P27007,2023 JEEP RENEGADE LATITUDE,2148549,4/17/2023,32101,32101,,,140.39
ZACNJDD13PP P27616,2023 JEEP RENEGADE LIMITED,2181849,5/31/2023,38564,38564,,,168.66
ZACNJDB13PP P31264,2023 JEEP RENEGADE LATITUDE,2166594,5/10/2023,32101,32101,,,140.39
ZACNJDB11PP P31635,2023 JEEP RENEGADE LATITUDE,2167522,5/11/2023,29313,29313,,,128.18
ZACNJDC12PP P38723,2023 JEEP RENEGADE TRAILHAWK,2205421,6/30/2023,39807,39807,,,181.33
ZACNJDB13PP P38828,2023 JEEP RENEGADE LATITUDE,2189091,6/9/2023,34869,34869,,,152.49
