Effective Date,Region,Region Dealer Number,DDLP,DF LOC CD,Credit Line Class Code,DBA Name,VIN,Original Account Effective Date,Days in Inventory,Payoff Amount,Vehicle Model Year,Vehicle Make,Vehicle Model
7/24/2023,EQ,EQA384,2578,7,FSLP,"LITHIA FORD OF BOISE, INC.",1FMCU9GN2PUA38478,6/27/2023,27,32753.67,2023,FORD,ESCAPE
7/24/2023,EQ,EQA384,2578,7,FSLP,"LITHIA FORD OF BOISE, INC.",1FMCU9GN6PUA43604,6/27/2023,27,32753.67,2023,FORD,ESCAPE
7/24/2023,EQ,EQA384,2578,7,FSLP,"LITHIA FORD OF BOISE, INC.",1FMJK1J89PEA47142,6/9/2023,45,72252.3,2023,FORD,EXPEDITION
7/24/2023,EQ,EQA384,2578,7,FSLP,"LITHIA FORD OF BOISE, INC.",1FMJK2AGXPEA27687,6/27/2023,27,87875.3,2023,FORD,EXPEDITION
7/24/2023,EQ,EQA384,2578,7,FSLP,"LITHIA FORD OF BOISE, INC.",1FTEW1EP0PKD66488,3/17/2023,129,50176.32,2023,FORD,F-150
7/24/2023,EQ,EQA384,2578,7,FSLP,"LITHIA FORD OF BOISE, INC.",1FTEW1EP3PFB04277,4/19/2023,96,50423.52,2023,FORD,F-150
7/24/2023,EQ,EQA384,2578,7,FSLP,"LITHIA FORD OF BOISE, INC.",1FTEW1EP4PKD66610,6/1/2023,53,50092.52,2023,FORD,F-150
7/24/2023,EQ,EQA384,2578,7,FSLP,"LITHIA FORD OF BOISE, INC.",1FTEW1EP7PKD74085,6/27/2023,27,56677.32,2023,FORD,F-150
7/24/2023,EQ,EQA384,2578,7,FSLP,"LITHIA FORD OF BOISE, INC.",1FTEX1EP8PKE65041,7/21/2023,3,46995.36,2023,FORD,F-150
7/24/2023,EQ,EQA384,2578,7,FSLP,"LITHIA FORD OF BOISE, INC.",1FTFW1E8XPKE76459,7/15/2023,9,58071.36,2023,FORD,F-150
7/24/2023,EQ,EQA384,2578,7,FSLP,"LITHIA FORD OF BOISE, INC.",1FTFW1E80PFB36441,5/1/2023,84,69865.52,2023,FORD,F-150
7/24/2023,EQ,EQA384,2578,7,FSLP,"LITHIA FORD OF BOISE, INC.",1FTFW1E80PFB78611,6/27/2023,27,61008.36,2023,FORD,F-150
7/24/2023,EQ,EQA384,2578,7,FSLP,"LITHIA FORD OF BOISE, INC.",1FTFW1E81PKD44545,5/15/2023,70,59257.52,2023,FORD,F-150
7/24/2023,EQ,EQA384,2578,7,FSLP,"LITHIA FORD OF BOISE, INC.",1FTFW1E81PKE66449,6/27/2023,27,58073.36,2023,FORD,F-150
7/24/2023,EQ,EQA384,2578,7,FSLP,"LITHIA FORD OF BOISE, INC.",1FTFW1E82PFC15075,7/14/2023,10,58858.36,2023,FORD,F-150
7/24/2023,EQ,EQA384,2578,7,FSLP,"LITHIA FORD OF BOISE, INC.",1FTFW1E85PKD66595,6/5/2023,49,60627.52,2023,FORD,F-150
7/24/2023,EQ,EQA384,2578,7,FSLP,"LITHIA FORD OF BOISE, INC.",1FTFW1E85PKD93201,5/1/2023,84,59321.52,2023,FORD,F-150
7/24/2023,EQ,EQA384,2578,7,FSLP,"LITHIA FORD OF BOISE, INC.",1FTFW1E88PKD30478,5/1/2023,84,58964.72,2023,FORD,F-150
7/24/2023,EQ,EQA384,2578,7,FSLP,"LITHIA FORD OF BOISE, INC.",1FTFW1E89PKD92875,6/27/2023,27,58612.52,2023,FORD,F-150
7/24/2023,EQ,EQA384,2578,7,FSLP,"LITHIA FORD OF BOISE, INC.",1FTFW1E89PKE77554,7/14/2023,10,59201.36,2023,FORD,F-150
7/24/2023,EQ,EQA384,2578,7,FSLP,"LITHIA FORD OF BOISE, INC.",1FTFW1ED2PFB40620,6/16/2023,38,63244.92,2023,FORD,F-150
7/24/2023,EQ,EQA384,2578,7,FSLP,"LITHIA FORD OF BOISE, INC.",1FTFW1ED3PFA93887,6/16/2023,38,62935.92,2023,FORD,F-150
7/24/2023,EQ,EQA384,2578,7,FSLP,"LITHIA FORD OF BOISE, INC.",1FTFW1ED3PFB95738,6/27/2023,27,60139.81,2023,FORD,F-150
7/24/2023,EQ,EQA384,2578,7,FSLP,"LITHIA FORD OF BOISE, INC.",1FTFW1ED7PFB11212,6/5/2023,49,62988.92,2023,FORD,F-150
7/24/2023,EQ,EQA384,2578,7,FSLP,"LITHIA FORD OF BOISE, INC.",1FTFW1ED9PFB40310,6/27/2023,27,60452.92,2023,FORD,F-150
7/24/2023,EQ,EQA384,2578,7,FSLP,"LITHIA FORD OF BOISE, INC.",2FMPK4K97PBA42634,6/5/2023,49,45414.69,2023,FORD,EDGE
7/24/2023,EQ,EQA384,2578,7,FSLP,"LITHIA FORD OF BOISE, INC.",3FMCR9B6XPRD44837,6/5/2023,49,34974.44,2023,FORD,BRONCO SPORT
7/24/2023,EQ,EQA384,2578,7,FSLP,"LITHIA FORD OF BOISE, INC.",3FMCR9B62PRD52916,6/27/2023,27,34650.44,2023,FORD,BRONCO SPORT
7/24/2023,EQ,EQA384,2578,7,FSLP,"LITHIA FORD OF BOISE, INC.",3FMCR9B62PRD54116,6/1/2023,53,34650.44,2023,FORD,BRONCO SPORT
7/24/2023,EQ,EQA384,2578,7,FSLP,"LITHIA FORD OF BOISE, INC.",3FMCR9B64PRD49600,6/2/2023,52,32742.44,2023,FORD,BRONCO SPORT
7/24/2023,EQ,EQA384,2578,7,FSLP,"LITHIA FORD OF BOISE, INC.",3FMCR9B65PRD50951,6/27/2023,27,32745.67,2023,FORD,BRONCO SPORT
7/24/2023,EQ,EQA384,2578,7,FSLP,"LITHIA FORD OF BOISE, INC.",3FMCR9B66PRD53874,6/5/2023,49,32745.67,2023,FORD,BRONCO SPORT
7/24/2023,EQ,EQA384,2578,7,FSLP,"LITHIA FORD OF BOISE, INC.",3FMCR9B68PRD42018,6/27/2023,27,34046.67,2023,FORD,BRONCO SPORT
7/24/2023,EQ,EQA384,2578,7,FSLP,"LITHIA FORD OF BOISE, INC.",3FMTK1SS4PMA30472,6/7/2023,47,53740,2023,FORD,MUSTANG MACH-E
7/24/2023,EQ,EQA384,2578,7,MPG,"LITHIA FORD OF BOISE, INC.",1FM5K8GC2PGA38311,6/3/2023,51,59321.92,2023,FORD,EXPLORER
7/24/2023,EQ,EQA384,2578,7,MPG,"LITHIA FORD OF BOISE, INC.",1FMSK8DH1PGA09465,6/27/2023,27,48226.88,2023,FORD,EXPLORER
7/24/2023,EQ,EQA384,2578,7,MPG,"LITHIA FORD OF BOISE, INC.",1FMSK8DH5PGA09095,5/12/2023,73,47850.88,2023,FORD,EXPLORER
7/24/2023,EQ,EQA384,2578,7,MPG,"LITHIA FORD OF BOISE, INC.",1FMSK8DH6PGB00098,6/3/2023,51,48511.08,2023,FORD,EXPLORER
7/24/2023,EQ,EQA384,2578,7,MPG,"LITHIA FORD OF BOISE, INC.",1FMSK8DH9PGA12064,6/16/2023,38,48315.88,2023,FORD,EXPLORER
7/24/2023,EQ,EQA384,2578,7,MPG,"LITHIA FORD OF BOISE, INC.",1FTEW1EP9PKD74363,6/29/2023,25,55931.32,2023,FORD,F-150
7/24/2023,EQ,EQA384,2578,7,MPG,"LITHIA FORD OF BOISE, INC.",1FTFW1E80PFA56816,7/5/2023,19,64457.72,2023,FORD,F-150
7/24/2023,EQ,EQA384,2578,7,MPG,"LITHIA FORD OF BOISE, INC.",1FTFW1E83PFA57538,6/13/2023,41,67081.72,2023,FORD,F-150
7/24/2023,EQ,EQA384,2578,7,MPG,"LITHIA FORD OF BOISE, INC.",1FTFW1E83PKD22000,6/13/2023,41,57863.72,2023,FORD,F-150
7/24/2023,EQ,EQA384,2578,7,MPG,"LITHIA FORD OF BOISE, INC.",1FTFW1E84PKD41882,7/3/2023,21,59037.72,2023,FORD,F-150
7/24/2023,EQ,EQA384,2578,7,MPG,"LITHIA FORD OF BOISE, INC.",1FTFW1E87PKD67229,6/9/2023,45,54580.52,2023,FORD,F-150
7/24/2023,EQ,EQA384,2578,7,MPG,"LITHIA FORD OF BOISE, INC.",1FTFW1E88PKD21344,6/7/2023,47,58496.72,2023,FORD,F-150
7/24/2023,EQ,EQA384,2578,7,MPG,"LITHIA FORD OF BOISE, INC.",1FTFW1ED0PFB20558,7/19/2023,5,60994.92,2023,FORD,F-150
7/24/2023,EQ,EQA384,2578,7,MPG,"LITHIA FORD OF BOISE, INC.",2FMPK4G97PBA17452,4/11/2023,104,38469.08,2023,FORD,EDGE
7/24/2023,EQ,EQA384,2578,7,MPG,"LITHIA FORD OF BOISE, INC.",2FMPK4J90PBA09962,4/17/2023,98,41557.08,2023,FORD,EDGE
7/24/2023,EQ,EQA384,2578,7,MPG,"LITHIA FORD OF BOISE, INC.",2FMPK4J95NBB16924,4/6/2023,109,43073.88,2022,FORD,EDGE
7/24/2023,EQ,EQA384,2578,7,MPG,"LITHIA FORD OF BOISE, INC.",2FMPK4J97PBA09523,5/8/2023,77,41172.08,2023,FORD,EDGE
7/24/2023,EQ,EQA384,2578,7,MPG,"LITHIA FORD OF BOISE, INC.",2FMPK4J99PBA16098,7/19/2023,5,43310.08,2023,FORD,EDGE
7/24/2023,EQ,EQA384,2578,7,MPG,"LITHIA FORD OF BOISE, INC.",3FMCR9B6XPRD14589,6/13/2023,41,34530.84,2023,FORD,BRONCO SPORT
7/24/2023,EQ,EQA384,2578,7,MPG,"LITHIA FORD OF BOISE, INC.",3FMCR9B64PRD25698,7/5/2023,19,36373.44,2023,FORD,BRONCO SPORT
7/24/2023,EQ,EQA384,2578,7,MPG,"LITHIA FORD OF BOISE, INC.",3FMCR9B66PRD10197,6/23/2023,31,31821.84,2023,FORD,BRONCO SPORT
7/24/2023,EQ,EQA384,2578,7,NEW,"LITHIA FORD OF BOISE, INC.",1FM5K8GC4PGA62173,5/30/2023,55,58753.72,2023,FORD,EXPLORER
7/24/2023,EQ,EQA384,2578,7,NEW,"LITHIA FORD OF BOISE, INC.",1FM5K8GC4PGA74520,6/27/2023,27,59500.72,2023,FORD,EXPLORER
7/24/2023,EQ,EQA384,2578,7,NEW,"LITHIA FORD OF BOISE, INC.",1FM5K8HC0PGA41089,5/30/2023,55,58667.72,2023,FORD,EXPLORER
7/24/2023,EQ,EQA384,2578,7,NEW,"LITHIA FORD OF BOISE, INC.",1FM5K8HC1PGA48939,4/30/2023,85,59132.72,2023,FORD,EXPLORER
7/24/2023,EQ,EQA384,2578,7,NEW,"LITHIA FORD OF BOISE, INC.",1FM5K8HC2PGA40865,5/24/2023,61,58667.72,2023,FORD,EXPLORER
7/24/2023,EQ,EQA384,2578,7,NEW,"LITHIA FORD OF BOISE, INC.",1FM5K8HC4PGA46652,5/7/2023,78,58667.72,2023,FORD,EXPLORER
7/24/2023,EQ,EQA384,2578,7,NEW,"LITHIA FORD OF BOISE, INC.",1FM5K8HC7PGA31188,4/25/2023,90,57334.92,2023,FORD,EXPLORER
7/24/2023,EQ,EQA384,2578,7,NEW,"LITHIA FORD OF BOISE, INC.",1FM5K8LC3PGA48335,5/10/2023,75,58529.72,2023,FORD,EXPLORER
7/24/2023,EQ,EQA384,2578,7,NEW,"LITHIA FORD OF BOISE, INC.",1FMJK1M80PEA27681,6/14/2023,40,86648.6,2023,FORD,EXPEDITION
7/24/2023,EQ,EQA384,2578,7,NEW,"LITHIA FORD OF BOISE, INC.",1FMJK1M89PEA27680,6/22/2023,32,86648.6,2023,FORD,EXPEDITION
7/24/2023,EQ,EQA384,2578,7,NEW,"LITHIA FORD OF BOISE, INC.",1FMSK8JH4PGA66960,6/12/2023,42,51340.08,2023,FORD,EXPLORER
7/24/2023,EQ,EQA384,2578,7,NEW,"LITHIA FORD OF BOISE, INC.",1FT8W2BT0PEC57225,7/14/2023,10,71674.92,2023,FORD,F-250
7/24/2023,EQ,EQA384,2578,7,NEW,"LITHIA FORD OF BOISE, INC.",1FTEW1EP2PKD03733,4/4/2023,111,49066.52,2023,FORD,F-150
7/24/2023,EQ,EQA384,2578,7,NEW,"LITHIA FORD OF BOISE, INC.",1FTEW1EP3PKD78750,6/12/2023,42,49850.52,2023,FORD,F-150
7/24/2023,EQ,EQA384,2578,7,NEW,"LITHIA FORD OF BOISE, INC.",1FTEW1EP4PKD02292,3/5/2023,141,49212.52,2023,FORD,F-150
7/24/2023,EQ,EQA384,2578,7,NEW,"LITHIA FORD OF BOISE, INC.",1FTEW1EP7PKD02030,3/8/2023,138,49212.52,2023,FORD,F-150
7/24/2023,EQ,EQA384,2578,7,NEW,"LITHIA FORD OF BOISE, INC.",1FTEW1EP7PKD75141,7/20/2023,4,49850.52,2023,FORD,F-150
7/24/2023,EQ,EQA384,2578,7,NEW,"LITHIA FORD OF BOISE, INC.",1FTEW1EP7PKE18845,7/17/2023,7,48734.32,2023,FORD,F-150
7/24/2023,EQ,EQA384,2578,7,NEW,"LITHIA FORD OF BOISE, INC.",1FTFW1E8XPFB26192,6/8/2023,46,61251.52,2023,FORD,F-150
7/24/2023,EQ,EQA384,2578,7,NEW,"LITHIA FORD OF BOISE, INC.",1FTFW1E8XPKE08694,6/27/2023,27,68929.52,2023,FORD,F-150
7/24/2023,EQ,EQA384,2578,7,NEW,"LITHIA FORD OF BOISE, INC.",1FTFW1E80PFB37864,7/1/2023,23,61552.52,2023,FORD,F-150
7/24/2023,EQ,EQA384,2578,7,NEW,"LITHIA FORD OF BOISE, INC.",1FTFW1E80PKD42317,4/30/2023,85,61130.72,2023,FORD,F-150
7/24/2023,EQ,EQA384,2578,7,NEW,"LITHIA FORD OF BOISE, INC.",1FTFW1E82PFA76419,5/4/2023,81,67591.52,2023,FORD,F-150
7/24/2023,EQ,EQA384,2578,7,NEW,"LITHIA FORD OF BOISE, INC.",1FTFW1E82PFB49644,7/10/2023,14,73284.52,2023,FORD,F-150
7/24/2023,EQ,EQA384,2578,7,NEW,"LITHIA FORD OF BOISE, INC.",1FTFW1E82PKE20922,7/24/2023,0,68959.52,2023,FORD,F-150
7/24/2023,EQ,EQA384,2578,7,NEW,"LITHIA FORD OF BOISE, INC.",1FTFW1E83PFB40211,7/1/2023,23,69402.52,2023,FORD,F-150
7/24/2023,EQ,EQA384,2578,7,NEW,"LITHIA FORD OF BOISE, INC.",1FTFW1E84PKD30669,4/19/2023,96,68141.72,2023,FORD,F-150
7/24/2023,EQ,EQA384,2578,7,NEW,"LITHIA FORD OF BOISE, INC.",1FTFW1E84PKD68130,7/13/2023,11,67782.52,2023,FORD,F-150
7/24/2023,EQ,EQA384,2578,7,NEW,"LITHIA FORD OF BOISE, INC.",1FTFW1E85PFB23507,6/11/2023,43,64810.52,2023,FORD,F-150
7/24/2023,EQ,EQA384,2578,7,NEW,"LITHIA FORD OF BOISE, INC.",1FTFW1E86PFA08608,3/6/2023,140,73477.72,2023,FORD,F-150
7/24/2023,EQ,EQA384,2578,7,NEW,"LITHIA FORD OF BOISE, INC.",1FTFW1E86PFA55198,4/13/2023,102,67354.72,2023,FORD,F-150
7/24/2023,EQ,EQA384,2578,7,NEW,"LITHIA FORD OF BOISE, INC.",1FTFW1E86PKE09857,7/3/2023,21,65734.52,2023,FORD,F-150
7/24/2023,EQ,EQA384,2578,7,NEW,"LITHIA FORD OF BOISE, INC.",1FTFW1E87PKD64895,5/14/2023,71,61431.52,2023,FORD,F-150
7/24/2023,EQ,EQA384,2578,7,NEW,"LITHIA FORD OF BOISE, INC.",1FTFW1E87PKE09558,6/27/2023,27,67561.52,2023,FORD,F-150
7/24/2023,EQ,EQA384,2578,7,NEW,"LITHIA FORD OF BOISE, INC.",1FTFW1E88PFB22593,6/8/2023,46,59298.52,2023,FORD,F-150
7/24/2023,EQ,EQA384,2578,7,NEW,"LITHIA FORD OF BOISE, INC.",1FTFW1E88PFB34162,6/22/2023,32,61283.52,2023,FORD,F-150
7/24/2023,EQ,EQA384,2578,7,NEW,"LITHIA FORD OF BOISE, INC.",1FTFW1E89PFA05928,3/5/2023,141,50671.72,2023,FORD,F-150
7/24/2023,EQ,EQA384,2578,7,NEW,"LITHIA FORD OF BOISE, INC.",1FTFW1E89PFB42805,7/15/2023,9,67172.52,2023,FORD,F-150
7/24/2023,EQ,EQA384,2578,7,NEW,"LITHIA FORD OF BOISE, INC.",1FTFW1E89PKE07892,6/22/2023,32,61238.52,2023,FORD,F-150
7/24/2023,EQ,EQA384,2578,7,NEW,"LITHIA FORD OF BOISE, INC.",1FTFW1ED2PFB27429,6/20/2023,34,59973.92,2023,FORD,F-150
7/24/2023,EQ,EQA384,2578,7,NEW,"LITHIA FORD OF BOISE, INC.",1FTFW1ED3PFB15418,6/8/2023,46,68279.92,2023,FORD,F-150
7/24/2023,EQ,EQA384,2578,7,NEW,"LITHIA FORD OF BOISE, INC.",1FTFW1ED4PFA09978,3/25/2023,121,75504.12,2023,FORD,F-150
7/24/2023,EQ,EQA384,2578,7,NEW,"LITHIA FORD OF BOISE, INC.",1FTFW1ED4PFA46545,4/20/2023,95,76099.12,2023,FORD,F-150
7/24/2023,EQ,EQA384,2578,7,NEW,"LITHIA FORD OF BOISE, INC.",1FTFW1ED7PFB16992,6/8/2023,46,63513.92,2023,FORD,F-150
7/24/2023,EQ,EQA384,2578,7,NEW,"LITHIA FORD OF BOISE, INC.",1FTFW1ED9PFA95241,5/13/2023,72,68084.92,2023,FORD,F-150
7/24/2023,EQ,EQA384,2578,7,NEW,"LITHIA FORD OF BOISE, INC.",1FTFW1EDXPFB20020,6/19/2023,35,61456.92,2023,FORD,F-150
7/24/2023,EQ,EQA384,2578,7,NEW,"LITHIA FORD OF BOISE, INC.",2FMPK4G96NBB15689,3/16/2023,130,38627.88,2022,FORD,EDGE
7/24/2023,EQ,EQA384,2578,7,NEW,"LITHIA FORD OF BOISE, INC.",2FMPK4J9XPBA08849,6/8/2023,46,42563.08,2023,FORD,EDGE
7/24/2023,EQ,EQA384,2578,7,NEW,"LITHIA FORD OF BOISE, INC.",2FMPK4J91PBA11705,6/7/2023,47,42563.08,2023,FORD,EDGE
7/24/2023,EQ,EQA384,2578,7,NEW,"LITHIA FORD OF BOISE, INC.",2LMPJ8KP3PBL08101,7/3/2023,21,59390.08,2023,LINCOLN,NAUTILUS
7/24/2023,EQ,EQA384,2578,7,NEW,"LITHIA FORD OF BOISE, INC.",2LMPJ8KP7NBL11421,3/23/2023,123,60996.6,2022,LINCOLN,NAUTILUS
7/24/2023,EQ,EQA384,2578,7,NEW,"LITHIA FORD OF BOISE, INC.",3FMCR9C60PRD22070,6/14/2023,40,39320.44,2023,FORD,BRONCO SPORT
7/24/2023,EQ,EQA384,2578,7,NEW,"LITHIA FORD OF BOISE, INC.",5LM5J7WC1PGL01562,5/27/2023,58,66206.72,2023,LINCOLN,AVIATOR
7/24/2023,EQ,EQA384,2578,7,PANW,"LITHIA FORD OF BOISE, INC.",1FMCU0MN7PUA14578,5/24/2023,61,31856.67,2023,FORD,ESCAPE
7/24/2023,EQ,EQA384,2578,7,PANW,"LITHIA FORD OF BOISE, INC.",1FMCU9GN3PUA04839,6/17/2023,37,33688.67,2023,FORD,ESCAPE
7/24/2023,EQ,EQA384,2578,7,PANW,"LITHIA FORD OF BOISE, INC.",1FMCU9GN3PUA37257,6/13/2023,41,35385.67,2023,FORD,ESCAPE
7/24/2023,EQ,EQA384,2578,7,PANW,"LITHIA FORD OF BOISE, INC.",1FMCU9GN4PUA62295,7/18/2023,6,33886.67,2023,FORD,ESCAPE
7/24/2023,EQ,EQA384,2578,7,PANW,"LITHIA FORD OF BOISE, INC.",1FMCU9GN5PUA37552,7/12/2023,12,34351.67,2023,FORD,ESCAPE
7/24/2023,EQ,EQA384,2578,7,PANW,"LITHIA FORD OF BOISE, INC.",1FMCU9GNXPUA36140,5/31/2023,54,33218.67,2023,FORD,ESCAPE
7/24/2023,EQ,EQA384,2578,7,PANW,"LITHIA FORD OF BOISE, INC.",1FMCU9JA0PUA62297,7/14/2023,10,40819.67,2023,FORD,ESCAPE
7/24/2023,EQ,EQA384,2578,7,PANW,"LITHIA FORD OF BOISE, INC.",1FMCU9JA4PUA62397,7/14/2023,10,41289.67,2023,FORD,ESCAPE
7/24/2023,EQ,EQA384,2578,7,PANW,"LITHIA FORD OF BOISE, INC.",1FMCU9JA5PUA62263,7/12/2023,12,40819.67,2023,FORD,ESCAPE
7/24/2023,EQ,EQA384,2578,7,PANW,"LITHIA FORD OF BOISE, INC.",1FMCU9MN9PUA54035,7/14/2023,10,33003.67,2023,FORD,ESCAPE
7/24/2023,EQ,EQA384,2578,7,PANW,"LITHIA FORD OF BOISE, INC.",1FMCU9NA5PUA62001,7/18/2023,6,34708.67,2023,FORD,ESCAPE
7/24/2023,EQ,EQA384,2578,7,PANW,"LITHIA FORD OF BOISE, INC.",1FMCU9NA6PUA24017,6/16/2023,38,36311.67,2023,FORD,ESCAPE
7/24/2023,EQ,EQA384,2578,7,PANW,"LITHIA FORD OF BOISE, INC.",1FMCU9NA9PUA55908,6/22/2023,32,39581.67,2023,FORD,ESCAPE
7/24/2023,EQ,EQA384,2578,7,PANW,"LITHIA FORD OF BOISE, INC.",1FMCU9PA1PUA66964,7/15/2023,9,42427.67,2023,FORD,ESCAPE
7/24/2023,EQ,EQA384,2578,7,PANW,"LITHIA FORD OF BOISE, INC.",1FMCU9PA3PUA66366,7/14/2023,10,41957.67,2023,FORD,ESCAPE
7/24/2023,EQ,EQA384,2578,7,PANW,"LITHIA FORD OF BOISE, INC.",1FMDE5CH3PLB25595,7/19/2023,5,53503.4,2023,FORD,BRONCO
7/24/2023,EQ,EQA384,2578,7,PANW,"LITHIA FORD OF BOISE, INC.",1FMDE5DHXPLB64294,7/18/2023,6,58728.2,2023,FORD,BRONCO
7/24/2023,EQ,EQA384,2578,7,PANW,"LITHIA FORD OF BOISE, INC.",1FMEE5DP2PLB60719,7/18/2023,6,62029.2,2023,FORD,BRONCO
7/24/2023,EQ,EQA384,2578,7,PANW,"LITHIA FORD OF BOISE, INC.",1FMEE5DP2PLB70473,7/21/2023,3,61098.2,2023,FORD,BRONCO
7/24/2023,EQ,EQA384,2578,7,PANW,"LITHIA FORD OF BOISE, INC.",1FMEE5DP4PLB45431,7/18/2023,6,57666.2,2023,FORD,BRONCO
7/24/2023,EQ,EQA384,2578,7,PANW,"LITHIA FORD OF BOISE, INC.",1FMEE5DP4PLB65467,7/21/2023,3,64786.2,2023,FORD,BRONCO
7/24/2023,EQ,EQA384,2578,7,PANW,"LITHIA FORD OF BOISE, INC.",1FMEE5DP7PLB45424,7/21/2023,3,66830.2,2023,FORD,BRONCO
7/24/2023,EQ,EQA384,2578,7,PANW,"LITHIA FORD OF BOISE, INC.",1FMEE5DP7PLB62868,7/14/2023,10,53785.2,2023,FORD,BRONCO
7/24/2023,EQ,EQA384,2578,7,PANW,"LITHIA FORD OF BOISE, INC.",1FMEE5DP8PLB64418,7/21/2023,3,64398.2,2023,FORD,BRONCO
7/24/2023,EQ,EQA384,2578,7,PANW,"LITHIA FORD OF BOISE, INC.",1FMEE5DPXPLB33347,7/12/2023,12,64379.4,2023,FORD,BRONCO
7/24/2023,EQ,EQA384,2578,7,PANW,"LITHIA FORD OF BOISE, INC.",1FMJU1J88PEA47143,6/10/2023,44,69166.75,2023,FORD,EXPEDITION
7/24/2023,EQ,EQA384,2578,7,PANW,"LITHIA FORD OF BOISE, INC.",1FMJU1M80PEA27691,6/1/2023,53,85916.75,2023,FORD,EXPEDITION
7/24/2023,EQ,EQA384,2578,7,PANW,"LITHIA FORD OF BOISE, INC.",1FMJU1RG5PEA47144,7/8/2023,16,80478.75,2023,FORD,EXPEDITION
7/24/2023,EQ,EQA384,2578,7,PANW,"LITHIA FORD OF BOISE, INC.",1FMSK8DH9PGB32026,6/30/2023,24,48749.69,2023,FORD,EXPLORER
7/24/2023,EQ,EQA384,2578,7,PANW,"LITHIA FORD OF BOISE, INC.",1FMSK8JH3PGA74824,5/31/2023,54,50964.08,2023,FORD,EXPLORER
7/24/2023,EQ,EQA384,2578,7,PANW,"LITHIA FORD OF BOISE, INC.",1FT6W1EV0PWG12483,7/20/2023,4,94295,2023,FORD,F-150
7/24/2023,EQ,EQA384,2578,7,PANW,"LITHIA FORD OF BOISE, INC.",1FT6W1EV1PWG13576,7/20/2023,4,80320,2023,FORD,F-150
7/24/2023,EQ,EQA384,2578,7,PANW,"LITHIA FORD OF BOISE, INC.",1FT6W1EV5PWG09305,7/20/2023,4,95040,2023,FORD,F-150
7/24/2023,EQ,EQA384,2578,7,PANW,"LITHIA FORD OF BOISE, INC.",1FT6W1EV8PWG07872,7/20/2023,4,94985,2023,FORD,F-150
7/24/2023,EQ,EQA384,2578,7,PANW,"LITHIA FORD OF BOISE, INC.",1FT8W2BM3PED36610,7/19/2023,5,86906.3,2023,FORD,F-250
7/24/2023,EQ,EQA384,2578,7,PANW,"LITHIA FORD OF BOISE, INC.",1FT8W2BM4PED29956,7/14/2023,10,85272.3,2023,FORD,F-250
7/24/2023,EQ,EQA384,2578,7,PANW,"LITHIA FORD OF BOISE, INC.",1FT8W2BM7PED26016,7/18/2023,6,87172.3,2023,FORD,F-250
7/24/2023,EQ,EQA384,2578,7,PANW,"LITHIA FORD OF BOISE, INC.",1FT8W2BT2PED36251,6/27/2023,27,65984.6,2023,FORD,F-250
7/24/2023,EQ,EQA384,2578,7,PANW,"LITHIA FORD OF BOISE, INC.",1FT8W3BM0PEC88781,7/18/2023,6,83710.3,2023,FORD,F-350
7/24/2023,EQ,EQA384,2578,7,PANW,"LITHIA FORD OF BOISE, INC.",1FT8W3BM3PED35785,7/19/2023,5,88637.3,2023,FORD,F-350
7/24/2023,EQ,EQA384,2578,7,PANW,"LITHIA FORD OF BOISE, INC.",1FT8W3BT0PED35119,7/8/2023,16,81061.3,2023,FORD,F-350
7/24/2023,EQ,EQA384,2578,7,PANW,"LITHIA FORD OF BOISE, INC.",1FT8W3BT6PED36601,7/21/2023,3,81516.3,2023,FORD,F-350
7/24/2023,EQ,EQA384,2578,7,PANW,"LITHIA FORD OF BOISE, INC.",1FT8W3BT7PED34971,7/24/2023,0,83347.6,2023,FORD,F-350
7/24/2023,EQ,EQA384,2578,7,PANW,"LITHIA FORD OF BOISE, INC.",1FT8W3DT5PED00637,6/26/2023,28,65286.6,2023,FORD,F-350
7/24/2023,EQ,EQA384,2578,7,PANW,"LITHIA FORD OF BOISE, INC.",1FTBW1XK2PKA44293,6/3/2023,51,57790,2023,FORD,TRANSIT
7/24/2023,EQ,EQA384,2578,7,PANW,"LITHIA FORD OF BOISE, INC.",1FTBW1YK0PKA48812,6/3/2023,51,54130,2023,FORD,TRANSIT
7/24/2023,EQ,EQA384,2578,7,PANW,"LITHIA FORD OF BOISE, INC.",1FTBW3XK4PKA50155,6/3/2023,51,60640,2023,FORD,TRANSIT
7/24/2023,EQ,EQA384,2578,7,PANW,"LITHIA FORD OF BOISE, INC.",1FTER1FH3PLE28474,6/15/2023,39,36804.2,2023,FORD,RANGER
7/24/2023,EQ,EQA384,2578,7,PANW,"LITHIA FORD OF BOISE, INC.",1FTER1FH7PLE27991,7/6/2023,18,36804.2,2023,FORD,RANGER
7/24/2023,EQ,EQA384,2578,7,PANW,"LITHIA FORD OF BOISE, INC.",1FTER1FH8PLE27868,7/14/2023,10,34321.2,2023,FORD,RANGER
7/24/2023,EQ,EQA384,2578,7,PANW,"LITHIA FORD OF BOISE, INC.",1FTER4FH2PLE23400,7/14/2023,10,44087.2,2023,FORD,RANGER
7/24/2023,EQ,EQA384,2578,7,PANW,"LITHIA FORD OF BOISE, INC.",1FTER4FH6PLE21651,5/12/2023,73,39076.4,2023,FORD,RANGER
7/24/2023,EQ,EQA384,2578,7,PANW,"LITHIA FORD OF BOISE, INC.",1FTER4FH6PLE23318,5/13/2023,72,41577.2,2023,FORD,RANGER
7/24/2023,EQ,EQA384,2578,7,PANW,"LITHIA FORD OF BOISE, INC.",1FTER4FH8PLE23692,7/14/2023,10,43353.2,2023,FORD,RANGER
7/24/2023,EQ,EQA384,2578,7,PANW,"LITHIA FORD OF BOISE, INC.",1FTEW1E81PFB87281,6/15/2023,39,68355.36,2023,FORD,F-150
7/24/2023,EQ,EQA384,2578,7,PANW,"LITHIA FORD OF BOISE, INC.",1FTEW1E82PFB99911,7/6/2023,18,62869.36,2023,FORD,F-150
7/24/2023,EQ,EQA384,2578,7,PANW,"LITHIA FORD OF BOISE, INC.",1FTEW1E84PFB15474,6/22/2023,32,68757.52,2023,FORD,F-150
7/24/2023,EQ,EQA384,2578,7,PANW,"LITHIA FORD OF BOISE, INC.",1FTEW1E84PFB34798,6/8/2023,46,67126.36,2023,FORD,F-150
7/24/2023,EQ,EQA384,2578,7,PANW,"LITHIA FORD OF BOISE, INC.",1FTEW1E84PFB99537,7/24/2023,0,63861.36,2023,FORD,F-150
7/24/2023,EQ,EQA384,2578,7,PANW,"LITHIA FORD OF BOISE, INC.",1FTEW1E87PFB33970,7/1/2023,23,68309.36,2023,FORD,F-150
7/24/2023,EQ,EQA384,2578,7,PANW,"LITHIA FORD OF BOISE, INC.",1FTEW1E88PFB75354,6/23/2023,31,68082.36,2023,FORD,F-150
7/24/2023,EQ,EQA384,2578,7,PANW,"LITHIA FORD OF BOISE, INC.",1FTEW1E89PFB87352,7/7/2023,17,69274.36,2023,FORD,F-150
7/24/2023,EQ,EQA384,2578,7,PANW,"LITHIA FORD OF BOISE, INC.",1FTEW1EP0PKE64002,6/28/2023,26,48785.26,2023,FORD,F-150
7/24/2023,EQ,EQA384,2578,7,PANW,"LITHIA FORD OF BOISE, INC.",1FTEW1EP2PFC02541,7/8/2023,16,55514.26,2023,FORD,F-150
7/24/2023,EQ,EQA384,2578,7,PANW,"LITHIA FORD OF BOISE, INC.",1FTEW1EP3PKE64379,6/15/2023,39,48785.26,2023,FORD,F-150
7/24/2023,EQ,EQA384,2578,7,PANW,"LITHIA FORD OF BOISE, INC.",1FTEW1EP5PFB88280,5/26/2023,59,49034.36,2023,FORD,F-150
7/24/2023,EQ,EQA384,2578,7,PANW,"LITHIA FORD OF BOISE, INC.",1FTEW1EP5PKE64464,6/14/2023,40,48785.26,2023,FORD,F-150
7/24/2023,EQ,EQA384,2578,7,PANW,"LITHIA FORD OF BOISE, INC.",1FTEW1EP7PFB87583,6/10/2023,44,48165.26,2023,FORD,F-150
7/24/2023,EQ,EQA384,2578,7,PANW,"LITHIA FORD OF BOISE, INC.",1FTEW1EP8PFB88256,6/1/2023,53,49034.36,2023,FORD,F-150
7/24/2023,EQ,EQA384,2578,7,PANW,"LITHIA FORD OF BOISE, INC.",1FTEW1EP9PKE56612,6/10/2023,44,48416.26,2023,FORD,F-150
7/24/2023,EQ,EQA384,2578,7,PANW,"LITHIA FORD OF BOISE, INC.",1FTEW1EPXPFB96326,6/23/2023,31,48416.26,2023,FORD,F-150
7/24/2023,EQ,EQA384,2578,7,PANW,"LITHIA FORD OF BOISE, INC.",1FTEX1EP5PKE74635,7/12/2023,12,45471.73,2023,FORD,F-150
7/24/2023,EQ,EQA384,2578,7,PANW,"LITHIA FORD OF BOISE, INC.",1FTEX1EP8PKE82888,7/15/2023,9,47788.73,2023,FORD,F-150
7/24/2023,EQ,EQA384,2578,7,PANW,"LITHIA FORD OF BOISE, INC.",1FTEX1EPXPKE83248,7/12/2023,12,46117.73,2023,FORD,F-150
7/24/2023,EQ,EQA384,2578,7,PANW,"LITHIA FORD OF BOISE, INC.",1FTFW1E80PFB72422,6/10/2023,44,69120.36,2023,FORD,F-150
7/24/2023,EQ,EQA384,2578,7,PANW,"LITHIA FORD OF BOISE, INC.",1FTFW1E80PFB72789,5/26/2023,59,66692.36,2023,FORD,F-150
7/24/2023,EQ,EQA384,2578,7,PANW,"LITHIA FORD OF BOISE, INC.",1FTFW1E80PFB73604,7/3/2023,21,69543.36,2023,FORD,F-150
7/24/2023,EQ,EQA384,2578,7,PANW,"LITHIA FORD OF BOISE, INC.",1FTFW1E80PFC00333,6/21/2023,33,64487.36,2023,FORD,F-150
7/24/2023,EQ,EQA384,2578,7,PANW,"LITHIA FORD OF BOISE, INC.",1FTFW1E81PFB78133,6/17/2023,37,61008.36,2023,FORD,F-150
7/24/2023,EQ,EQA384,2578,7,PANW,"LITHIA FORD OF BOISE, INC.",1FTFW1E81PFC01703,7/6/2023,18,61291.36,2023,FORD,F-150
7/24/2023,EQ,EQA384,2578,7,PANW,"LITHIA FORD OF BOISE, INC.",1FTFW1E81PFC13950,7/1/2023,23,59313.36,2023,FORD,F-150
7/24/2023,EQ,EQA384,2578,7,PANW,"LITHIA FORD OF BOISE, INC.",1FTFW1E82PFC01886,6/26/2023,28,60794.36,2023,FORD,F-150
7/24/2023,EQ,EQA384,2578,7,PANW,"LITHIA FORD OF BOISE, INC.",1FTFW1E82PKE99122,7/24/2023,0,67613.88,2023,FORD,F-150
7/24/2023,EQ,EQA384,2578,7,PANW,"LITHIA FORD OF BOISE, INC.",1FTFW1E83PFB43044,6/16/2023,38,70212.52,2023,FORD,F-150
7/24/2023,EQ,EQA384,2578,7,PANW,"LITHIA FORD OF BOISE, INC.",1FTFW1E83PFC01542,6/28/2023,26,58909.36,2023,FORD,F-150
7/24/2023,EQ,EQA384,2578,7,PANW,"LITHIA FORD OF BOISE, INC.",1FTFW1E83PKE05152,5/18/2023,67,62179.52,2023,FORD,F-150
7/24/2023,EQ,EQA384,2578,7,PANW,"LITHIA FORD OF BOISE, INC.",1FTFW1E83PKE65500,6/17/2023,37,64860.36,2023,FORD,F-150
7/24/2023,EQ,EQA384,2578,7,PANW,"LITHIA FORD OF BOISE, INC.",1FTFW1E85PFB92374,7/7/2023,17,74574.36,2023,FORD,F-150
7/24/2023,EQ,EQA384,2578,7,PANW,"LITHIA FORD OF BOISE, INC.",1FTFW1E86PFB73610,6/10/2023,44,70408.36,2023,FORD,F-150
7/24/2023,EQ,EQA384,2578,7,PANW,"LITHIA FORD OF BOISE, INC.",1FTFW1E86PKE86857,7/18/2023,6,69450.36,2023,FORD,F-150
7/24/2023,EQ,EQA384,2578,7,PANW,"LITHIA FORD OF BOISE, INC.",1FTFW1E86PKE90892,7/21/2023,3,60794.36,2023,FORD,F-150
7/24/2023,EQ,EQA384,2578,7,PANW,"LITHIA FORD OF BOISE, INC.",1FTFW1E87PFB79786,6/10/2023,44,73672.36,2023,FORD,F-150
7/24/2023,EQ,EQA384,2578,7,PANW,"LITHIA FORD OF BOISE, INC.",1FTFW1E87PFB91775,6/22/2023,32,72853.36,2023,FORD,F-150
7/24/2023,EQ,EQA384,2578,7,PANW,"LITHIA FORD OF BOISE, INC.",1FTFW1E87PFB91971,6/17/2023,37,73159.36,2023,FORD,F-150
7/24/2023,EQ,EQA384,2578,7,PANW,"LITHIA FORD OF BOISE, INC.",1FTFW1E87PKE44164,6/27/2023,27,51024.26,2023,FORD,F-150
7/24/2023,EQ,EQA384,2578,7,PANW,"LITHIA FORD OF BOISE, INC.",1FTFW1E88PFB71485,5/26/2023,59,59045.36,2023,FORD,F-150
7/24/2023,EQ,EQA384,2578,7,PANW,"LITHIA FORD OF BOISE, INC.",1FTFW1E88PFB73057,5/25/2023,60,60157.36,2023,FORD,F-150
7/24/2023,EQ,EQA384,2578,7,PANW,"LITHIA FORD OF BOISE, INC.",1FTFW1E88PFB74063,6/21/2023,33,70230.36,2023,FORD,F-150
7/24/2023,EQ,EQA384,2578,7,PANW,"LITHIA FORD OF BOISE, INC.",1FTFW1E88PKE74600,6/30/2023,24,61330.36,2023,FORD,F-150
7/24/2023,EQ,EQA384,2578,7,PANW,"LITHIA FORD OF BOISE, INC.",1FTFW1E88PKE77559,7/6/2023,18,60256.36,2023,FORD,F-150
7/24/2023,EQ,EQA384,2578,7,PANW,"LITHIA FORD OF BOISE, INC.",1FTFW1E89PFC01707,6/21/2023,33,58909.36,2023,FORD,F-150
7/24/2023,EQ,EQA384,2578,7,PANW,"LITHIA FORD OF BOISE, INC.",1FTFW1ED2PFB98856,7/6/2023,18,60139.81,2023,FORD,F-150
7/24/2023,EQ,EQA384,2578,7,PANW,"LITHIA FORD OF BOISE, INC.",1FTFW1ED3PFB78941,6/20/2023,34,61906.81,2023,FORD,F-150
7/24/2023,EQ,EQA384,2578,7,PANW,"LITHIA FORD OF BOISE, INC.",1FTFW1ED3PFB88322,6/13/2023,41,74851.81,2023,FORD,F-150
7/24/2023,EQ,EQA384,2578,7,PANW,"LITHIA FORD OF BOISE, INC.",1FTFW1ED3PFB95819,6/15/2023,39,74122.81,2023,FORD,F-150
7/24/2023,EQ,EQA384,2578,7,PANW,"LITHIA FORD OF BOISE, INC.",1FTFW1ED3PFB99577,7/8/2023,16,75938.81,2023,FORD,F-150
7/24/2023,EQ,EQA384,2578,7,PANW,"LITHIA FORD OF BOISE, INC.",1FTFW1ED3PFC12392,7/12/2023,12,75824.81,2023,FORD,F-150
7/24/2023,EQ,EQA384,2578,7,PANW,"LITHIA FORD OF BOISE, INC.",1FTFW1ED4PFB80603,7/8/2023,16,75938.81,2023,FORD,F-150
7/24/2023,EQ,EQA384,2578,7,PANW,"LITHIA FORD OF BOISE, INC.",1FTFW1ED5PFB16232,6/22/2023,32,60452.92,2023,FORD,F-150
7/24/2023,EQ,EQA384,2578,7,PANW,"LITHIA FORD OF BOISE, INC.",1FTFW1ED5PFB96230,6/13/2023,41,73580.81,2023,FORD,F-150
7/24/2023,EQ,EQA384,2578,7,PANW,"LITHIA FORD OF BOISE, INC.",1FTFW1ED6PFB88492,6/15/2023,39,68235.81,2023,FORD,F-150
7/24/2023,EQ,EQA384,2578,7,PANW,"LITHIA FORD OF BOISE, INC.",1FTFW1ED7PFB86492,6/16/2023,38,68959.81,2023,FORD,F-150
7/24/2023,EQ,EQA384,2578,7,PANW,"LITHIA FORD OF BOISE, INC.",1FTFW1RG0PFB84023,7/6/2023,18,79792.36,2023,FORD,F-150
7/24/2023,EQ,EQA384,2578,7,PANW,"LITHIA FORD OF BOISE, INC.",1FTFW1RG2PFB85464,6/28/2023,26,79792.36,2023,FORD,F-150
7/24/2023,EQ,EQA384,2578,7,PANW,"LITHIA FORD OF BOISE, INC.",1FTFW1RG8PFC16667,7/19/2023,5,78995.36,2023,FORD,F-150
7/24/2023,EQ,EQA384,2578,7,PANW,"LITHIA FORD OF BOISE, INC.",1FTVW1EV5PWG17402,7/20/2023,4,85485,2023,FORD,F-150
7/24/2023,EQ,EQA384,2578,7,PANW,"LITHIA FORD OF BOISE, INC.",2FMPK4K90PBA54026,6/30/2023,24,44949.69,2023,FORD,EDGE
7/24/2023,EQ,EQA384,2578,7,PANW,"LITHIA FORD OF BOISE, INC.",2FMPK4K95PBA54118,7/14/2023,10,45414.69,2023,FORD,EDGE
7/24/2023,EQ,EQA384,2578,7,PANW,"LITHIA FORD OF BOISE, INC.",3FMCR9B65PRD47581,5/18/2023,67,33210.67,2023,FORD,BRONCO SPORT
7/24/2023,EQ,EQA384,2578,7,PANW,"LITHIA FORD OF BOISE, INC.",3FMCR9B65PRD95307,7/14/2023,10,33863.67,2023,FORD,BRONCO SPORT
7/24/2023,EQ,EQA384,2578,7,PANW,"LITHIA FORD OF BOISE, INC.",3FMCR9B67PRD51020,5/13/2023,72,32745.67,2023,FORD,BRONCO SPORT
7/24/2023,EQ,EQA384,2578,7,PANW,"LITHIA FORD OF BOISE, INC.",3FMCR9D9XPRD73861,6/16/2023,38,43225.67,2023,FORD,BRONCO SPORT
7/24/2023,EQ,EQA384,2578,7,PANW,"LITHIA FORD OF BOISE, INC.",3FMCR9D91PRD73828,6/3/2023,51,42854.67,2023,FORD,BRONCO SPORT
7/24/2023,EQ,EQA384,2578,7,PANW,"LITHIA FORD OF BOISE, INC.",3FMCR9D93PRD80828,6/30/2023,24,43957.67,2023,FORD,BRONCO SPORT
7/24/2023,EQ,EQA384,2578,7,PANW,"LITHIA FORD OF BOISE, INC.",3FMCR9D98PRD78055,6/20/2023,34,39452.67,2023,FORD,BRONCO SPORT
7/24/2023,EQ,EQA384,2578,7,PANW,"LITHIA FORD OF BOISE, INC.",3FMCR9H95PRD77018,7/12/2023,12,44921.67,2023,FORD,BRONCO SPORT
7/24/2023,EQ,EQA384,2578,7,PANW,"LITHIA FORD OF BOISE, INC.",3FMCR9H99PRD76650,7/8/2023,16,44921.67,2023,FORD,BRONCO SPORT
7/24/2023,EQ,EQA384,2578,7,PANW,"LITHIA FORD OF BOISE, INC.",3FMTK3SU0PMA39893,7/12/2023,12,62805,2023,FORD,MUSTANG MACH-E
7/24/2023,EQ,EQA384,2578,7,PANW,"LITHIA FORD OF BOISE, INC.",3FMTK4SE3PMA43953,6/28/2023,26,66045,2023,FORD,MUSTANG MACH-E
7/24/2023,EQ,EQA384,2578,7,PANW,"LITHIA FORD OF BOISE, INC.",3FMTK4SX4PMA22675,6/23/2023,31,71805,2023,FORD,MUSTANG MACH-E
7/24/2023,EQ,EQA384,2578,7,PANW,"LITHIA FORD OF BOISE, INC.",3FTTW8E33PRA54982,7/19/2023,5,24387.65,2023,FORD,MAVERICK
7/24/2023,EQ,EQA384,2578,7,PANW,"LITHIA FORD OF BOISE, INC.",3FTTW8E33PRA56778,7/19/2023,5,24624.65,2023,FORD,MAVERICK
7/24/2023,EQ,EQA384,2578,7,PANW,"LITHIA FORD OF BOISE, INC.",3FTTW8E33PRA57770,7/14/2023,10,28369.65,2023,FORD,MAVERICK
7/24/2023,EQ,EQA384,2578,7,PANW,"LITHIA FORD OF BOISE, INC.",3FTTW8E34PRA56644,7/19/2023,5,26090.65,2023,FORD,MAVERICK
7/24/2023,EQ,EQA384,2578,7,PANW,"LITHIA FORD OF BOISE, INC.",3FTTW8E36PRA56838,7/14/2023,10,28355.65,2023,FORD,MAVERICK
7/24/2023,EQ,EQA384,2578,7,PANW,"LITHIA FORD OF BOISE, INC.",3FTTW8E38PRA60387,7/14/2023,10,28597.65,2023,FORD,MAVERICK
7/24/2023,EQ,EQA384,2578,7,PANW,"LITHIA FORD OF BOISE, INC.",3FTTW8E39PRA56378,7/19/2023,5,26090.65,2023,FORD,MAVERICK
7/24/2023,EQ,EQA384,2578,7,PANW,"LITHIA FORD OF BOISE, INC.",5LMCJ2DA4PUL05103,6/15/2023,39,55457.67,2023,LINCOLN,CORSAIR
7/24/2023,EQ,EQA384,2578,7,PANW,"LITHIA FORD OF BOISE, INC.",5LMJJ2LG3PEL11837,5/18/2023,67,100650.75,2023,LINCOLN,NAVIGATOR
7/24/2023,EQ,EQA384,2578,7,PANW,"LITHIA FORD OF BOISE, INC.",5LMJJ3LG8PEL13427,7/12/2023,12,101771.3,2023,LINCOLN,NAVIGATOR
7/24/2023,EQ,EQA384,2578,7,PANW,"LITHIA FORD OF BOISE, INC.",5LMJJ3LGXPEL11839,6/8/2023,46,104187.3,2023,LINCOLN,NAVIGATOR
7/24/2023,BP,BPA297,35370,6,FSLP,"NORTHLAND FORD, INC.",1FMJK1J85PEA44593,6/30/2023,24,71119.3,2023,FORD,EXPEDITION
7/24/2023,BP,BPA297,35370,6,FSLP,"NORTHLAND FORD, INC.",1FMSK8DH9PGB08079,6/30/2023,24,47857.69,2023,FORD,EXPLORER
7/24/2023,BP,BPA297,35370,6,FSLP,"NORTHLAND FORD, INC.",1FTER4FH4PLE34625,6/20/2023,34,41336.2,2023,FORD,RANGER
7/24/2023,BP,BPA297,35370,6,FSLP,"NORTHLAND FORD, INC.",1FTEW1EP5PFB66683,5/31/2023,54,49549.26,2023,FORD,F-150
7/24/2023,BP,BPA297,35370,6,FSLP,"NORTHLAND FORD, INC.",1FTEW1EP7PFB79578,5/31/2023,54,56003.26,2023,FORD,F-150
7/24/2023,BP,BPA297,35370,6,FSLP,"NORTHLAND FORD, INC.",1FTEX1EP0PFB15086,7/19/2023,5,52795.36,2023,FORD,F-150
7/24/2023,BP,BPA297,35370,6,FSLP,"NORTHLAND FORD, INC.",1FTFW1E84PKD91164,7/20/2023,4,61691.52,2023,FORD,F-150
7/24/2023,BP,BPA297,35370,6,FSLP,"NORTHLAND FORD, INC.",1FTFW1E85PFB73582,7/20/2023,4,61691.36,2023,FORD,F-150
7/24/2023,BP,BPA297,35370,6,FSLP,"NORTHLAND FORD, INC.",1FTFW1ED6PFB19642,5/31/2023,54,61927.92,2023,FORD,F-150
7/24/2023,BP,BPA297,35370,6,FSLP,"NORTHLAND FORD, INC.",1FTFW1ED7PFB16135,6/20/2023,34,75498.92,2023,FORD,F-150
7/24/2023,BP,BPA297,35370,6,FSLP,"NORTHLAND FORD, INC.",1FTFW1ED9PFB29534,6/20/2023,34,75498.92,2023,FORD,F-150
7/24/2023,BP,BPA297,35370,6,FSLP,"NORTHLAND FORD, INC.",1FTFW1ED9PFC02028,6/20/2023,34,61423.81,2023,FORD,F-150
7/24/2023,BP,BPA297,35370,6,FSLP,"NORTHLAND FORD, INC.",1FTFW1EDXPFB23435,6/19/2023,35,60119.92,2023,FORD,F-150
7/24/2023,BP,BPA297,35370,6,FSLP,"NORTHLAND FORD, INC.",2FMPK4G9XNBA99240,6/20/2023,34,39902.36,2022,FORD,EDGE
7/24/2023,BP,BPA297,35370,6,FSLP,"NORTHLAND FORD, INC.",2FMPK4K94NBA74776,6/20/2023,34,43850.36,2022,FORD,EDGE
7/24/2023,BP,BPA297,35370,6,FSLP,"NORTHLAND FORD, INC.",3FMCR9B6XPRD73738,7/20/2023,4,34362.67,2023,FORD,BRONCO SPORT
7/24/2023,BP,BPA297,35370,6,FSLP,"NORTHLAND FORD, INC.",3FMCR9B61PRD79136,7/20/2023,4,33896.67,2023,FORD,BRONCO SPORT
7/24/2023,BP,BPA297,35370,6,FSLP,"NORTHLAND FORD, INC.",3FMCR9B64PRD50987,6/20/2023,34,33242.67,2023,FORD,BRONCO SPORT
7/24/2023,BP,BPA297,35370,6,MPG,"NORTHLAND FORD, INC.",1FMJU1J88PEA44596,6/29/2023,25,67589.75,2023,FORD,EXPEDITION
7/24/2023,BP,BPA297,35370,6,MPG,"NORTHLAND FORD, INC.",1FMSK8DH0PGA87252,7/19/2023,5,40727.08,2023,FORD,EXPLORER
7/24/2023,BP,BPA297,35370,6,MPG,"NORTHLAND FORD, INC.",1FTBW9CK0NKA13092,5/1/2023,84,61640,2022,FORD,TRANSIT
7/24/2023,BP,BPA297,35370,6,MPG,"NORTHLAND FORD, INC.",1FTEW1EP4PFB01985,7/19/2023,5,49305.32,2023,FORD,F-150
7/24/2023,BP,BPA297,35370,6,MPG,"NORTHLAND FORD, INC.",1FTEW1EP8PFA85256,4/24/2023,91,55014.32,2023,FORD,F-150
7/24/2023,BP,BPA297,35370,6,MPG,"NORTHLAND FORD, INC.",1FTEW1EP9PKE20242,6/17/2023,37,55350.32,2023,FORD,F-150
7/24/2023,BP,BPA297,35370,6,MPG,"NORTHLAND FORD, INC.",1FTFW1E5XPFB23511,6/29/2023,25,57924.32,2023,FORD,F-150
7/24/2023,BP,BPA297,35370,6,MPG,"NORTHLAND FORD, INC.",1FTFW1E80PFA46142,5/31/2023,54,69943.72,2023,FORD,F-150
7/24/2023,BP,BPA297,35370,6,MPG,"NORTHLAND FORD, INC.",1FTFW1E81PFA52760,5/31/2023,54,73608.72,2023,FORD,F-150
7/24/2023,BP,BPA297,35370,6,MPG,"NORTHLAND FORD, INC.",1FTFW1E82PKE20449,7/19/2023,5,60350.36,2023,FORD,F-150
7/24/2023,BP,BPA297,35370,6,MPG,"NORTHLAND FORD, INC.",1FTFW1E83PFA25026,5/1/2023,84,72976.72,2023,FORD,F-150
7/24/2023,BP,BPA297,35370,6,MPG,"NORTHLAND FORD, INC.",1FTFW1E88PFA50147,5/31/2023,54,67719.72,2023,FORD,F-150
7/24/2023,BP,BPA297,35370,6,MPG,"NORTHLAND FORD, INC.",1FTFW1ED8PFB11770,6/17/2023,37,62050.92,2023,FORD,F-150
7/24/2023,BP,BPA297,35370,6,MPG,"NORTHLAND FORD, INC.",2FMPK4AP3PBA07413,5/27/2023,58,46338.88,2023,FORD,EDGE
7/24/2023,BP,BPA297,35370,6,MPG,"NORTHLAND FORD, INC.",2FMPK4G95PBA07129,5/31/2023,54,38507.08,2023,FORD,EDGE
7/24/2023,BP,BPA297,35370,6,MPG,"NORTHLAND FORD, INC.",3FMCR9B60PRD54163,6/19/2023,35,32777.67,2023,FORD,BRONCO SPORT
7/24/2023,BP,BPA297,35370,6,MPG,"NORTHLAND FORD, INC.",3FMCR9C69PRD10144,7/19/2023,5,37397.44,2023,FORD,BRONCO SPORT
7/24/2023,BP,BPA297,35370,6,MPG,"NORTHLAND FORD, INC.",MAJ6S3GL5NC472566,5/27/2023,58,27332.38,2022,FORD,ECOSPORT
7/24/2023,BP,BPA297,35370,6,NEW,"NORTHLAND FORD, INC.",1F64F5KN0N0A07630,6/17/2022,402,35022.35,2022,FORD,F59
7/24/2023,BP,BPA297,35370,6,NEW,"NORTHLAND FORD, INC.",1F64F5KN2N0A07631,6/23/2022,396,35022.35,2022,FORD,F59
7/24/2023,BP,BPA297,35370,6,NEW,"NORTHLAND FORD, INC.",1F64F5KN4N0A07629,6/23/2022,396,35022.35,2022,FORD,F59
7/24/2023,BP,BPA297,35370,6,NEW,"NORTHLAND FORD, INC.",1F64F5KN4N0A07632,6/23/2022,396,35022.35,2022,FORD,F59
7/24/2023,BP,BPA297,35370,6,NEW,"NORTHLAND FORD, INC.",1F64F5KN6N0A07633,7/12/2022,377,35021.2,2022,FORD,F59
7/24/2023,BP,BPA297,35370,6,NEW,"NORTHLAND FORD, INC.",1FA6P8CF2P5302638,5/14/2023,71,48781.12,2023,FORD,MUSTANG
7/24/2023,BP,BPA297,35370,6,NEW,"NORTHLAND FORD, INC.",1FD0X5HT4PEC51362,7/2/2023,22,67841.9,2023,FORD,F-550
7/24/2023,BP,BPA297,35370,6,NEW,"NORTHLAND FORD, INC.",1FD0X5HT8PEC51364,7/2/2023,22,67841.9,2023,FORD,F-550
7/24/2023,BP,BPA297,35370,6,NEW,"NORTHLAND FORD, INC.",1FDRF3HT5PEC58870,6/19/2023,35,60580.9,2023,FORD,F-350
7/24/2023,BP,BPA297,35370,6,NEW,"NORTHLAND FORD, INC.",1FDRF3HT9PEC58869,6/21/2023,33,60580.9,2023,FORD,F-350
7/24/2023,BP,BPA297,35370,6,NEW,"NORTHLAND FORD, INC.",1FDTF4HN8PDA00104,6/20/2023,34,55989.56,2023,FORD,F-450
7/24/2023,BP,BPA297,35370,6,NEW,"NORTHLAND FORD, INC.",1FDUF4HN1PEC73237,7/23/2023,1,52732.08,2023,FORD,F-450
7/24/2023,BP,BPA297,35370,6,NEW,"NORTHLAND FORD, INC.",1FDUF5HT0PDA01286,6/10/2023,44,64697.9,2023,FORD,F-550
7/24/2023,BP,BPA297,35370,6,NEW,"NORTHLAND FORD, INC.",1FDWE3FN5RDD16477,6/28/2023,26,38675.06,2024,FORD,E-350
7/24/2023,BP,BPA297,35370,6,NEW,"NORTHLAND FORD, INC.",1FDWE3FN8RDD05960,6/20/2023,34,38729.92,2024,FORD,E-350
7/24/2023,BP,BPA297,35370,6,NEW,"NORTHLAND FORD, INC.",1FMJU2A8XPEA37140,7/12/2023,12,76783,2023,FORD,EXPEDITION
7/24/2023,BP,BPA297,35370,6,NEW,"NORTHLAND FORD, INC.",1FMSK8FH1NGC16982,1/26/2023,179,52866.88,2022,FORD,EXPLORER
7/24/2023,BP,BPA297,35370,6,NEW,"NORTHLAND FORD, INC.",1FMSK8FH8NGB70678,3/31/2023,115,50230.73,2022,FORD,EXPLORER
7/24/2023,BP,BPA297,35370,6,NEW,"NORTHLAND FORD, INC.",1FT7X2BA9PEC46358,6/7/2023,47,51258.88,2023,FORD,F-250
7/24/2023,BP,BPA297,35370,6,NEW,"NORTHLAND FORD, INC.",1FT8W3BT8PEC78510,7/19/2023,5,63454.5,2023,FORD,F-350
7/24/2023,BP,BPA297,35370,6,NEW,"NORTHLAND FORD, INC.",1FT8W3BTXPEC54855,7/5/2023,19,79773.92,2023,FORD,F-350
7/24/2023,BP,BPA297,35370,6,NEW,"NORTHLAND FORD, INC.",1FTBW1YK1NKA42093,2/20/2023,154,51665,2022,FORD,TRANSIT
7/24/2023,BP,BPA297,35370,6,NEW,"NORTHLAND FORD, INC.",1FTBW2CG6PKA58687,4/8/2023,107,55218.08,2023,FORD,TRANSIT
7/24/2023,BP,BPA297,35370,6,NEW,"NORTHLAND FORD, INC.",1FTEX1EP1PFA40964,4/12/2023,103,54958.72,2023,FORD,F-150
7/24/2023,BP,BPA297,35370,6,NEW,"NORTHLAND FORD, INC.",1FTFW1E53PKD94823,7/6/2023,18,52460.52,2023,FORD,F-150
7/24/2023,BP,BPA297,35370,6,NEW,"NORTHLAND FORD, INC.",1FTFW1E54PKD97133,6/19/2023,35,57844.52,2023,FORD,F-150
7/24/2023,BP,BPA297,35370,6,NEW,"NORTHLAND FORD, INC.",1FTFW1E82PFA53383,5/13/2023,72,69906.72,2023,FORD,F-150
7/24/2023,BP,BPA297,35370,6,NEW,"NORTHLAND FORD, INC.",1FTFW1E83PFA41159,4/18/2023,97,67631.72,2023,FORD,F-150
7/24/2023,BP,BPA297,35370,6,NEW,"NORTHLAND FORD, INC.",1FTFW1E85NFC26939,1/10/2023,195,57495.84,2022,FORD,F-150
7/24/2023,BP,BPA297,35370,6,NEW,"NORTHLAND FORD, INC.",1FTFW1E86PFA40667,5/3/2023,82,68967.72,2023,FORD,F-150
7/24/2023,BP,BPA297,35370,6,NEW,"NORTHLAND FORD, INC.",1FTFW1E87PFA41262,2/19/2023,155,59061.72,2023,FORD,F-150
7/24/2023,BP,BPA297,35370,6,NEW,"NORTHLAND FORD, INC.",1FTFW1E88PFA24647,2/21/2023,153,60424.72,2023,FORD,F-150
7/24/2023,BP,BPA297,35370,6,NEW,"NORTHLAND FORD, INC.",1FTFW1E88PKD26012,5/11/2023,74,63199.72,2023,FORD,F-150
7/24/2023,BP,BPA297,35370,6,NEW,"NORTHLAND FORD, INC.",1FTFW1E89PFA53087,6/13/2023,41,69978.72,2023,FORD,F-150
7/24/2023,BP,BPA297,35370,6,NEW,"NORTHLAND FORD, INC.",1FTFW1ED2PFB38804,6/27/2023,27,72603.92,2023,FORD,F-150
7/24/2023,BP,BPA297,35370,6,NEW,"NORTHLAND FORD, INC.",1FTFW1ED4PFB39615,6/21/2023,33,66894.92,2023,FORD,F-150
7/24/2023,BP,BPA297,35370,6,NEW,"NORTHLAND FORD, INC.",1FTFW1ED8PFB62539,7/20/2023,4,81274.81,2023,FORD,F-150
7/24/2023,BP,BPA297,35370,6,NEW,"NORTHLAND FORD, INC.",1FTFX1E57PKD79609,7/24/2023,0,48590.36,2023,FORD,F-150
7/24/2023,BP,BPA297,35370,6,NEW,"NORTHLAND FORD, INC.",1FTYE1Y8XPKA65408,6/5/2023,49,40292.92,2023,FORD,TRANSIT
7/24/2023,BP,BPA297,35370,6,NEW,"NORTHLAND FORD, INC.",1FTYE1Y8XPKA65490,6/5/2023,49,40292.92,2023,FORD,TRANSIT
7/24/2023,BP,BPA297,35370,6,NEW,"NORTHLAND FORD, INC.",1FTYE1Y8XPKA65604,6/5/2023,49,40292.92,2023,FORD,TRANSIT
7/24/2023,BP,BPA297,35370,6,NEW,"NORTHLAND FORD, INC.",1FTYE1Y8XPKA65733,6/11/2023,43,40292.92,2023,FORD,TRANSIT
7/24/2023,BP,BPA297,35370,6,NEW,"NORTHLAND FORD, INC.",1FTYE1Y8XPKA65747,6/11/2023,43,40292.92,2023,FORD,TRANSIT
7/24/2023,BP,BPA297,35370,6,NEW,"NORTHLAND FORD, INC.",1FTYE1Y8XPKA65912,6/5/2023,49,40292.92,2023,FORD,TRANSIT
7/24/2023,BP,BPA297,35370,6,NEW,"NORTHLAND FORD, INC.",1FTYE1Y80PKA65580,6/10/2023,44,40292.92,2023,FORD,TRANSIT
7/24/2023,BP,BPA297,35370,6,NEW,"NORTHLAND FORD, INC.",1FTYE1Y80PKA65806,6/10/2023,44,40292.92,2023,FORD,TRANSIT
7/24/2023,BP,BPA297,35370,6,NEW,"NORTHLAND FORD, INC.",1FTYE1Y80PKA65997,6/10/2023,44,40292.92,2023,FORD,TRANSIT
7/24/2023,BP,BPA297,35370,6,NEW,"NORTHLAND FORD, INC.",1FTYE1Y81PKA65782,6/11/2023,43,40292.92,2023,FORD,TRANSIT
7/24/2023,BP,BPA297,35370,6,NEW,"NORTHLAND FORD, INC.",1FTYE1Y81PKA65832,6/6/2023,48,40292.92,2023,FORD,TRANSIT
7/24/2023,BP,BPA297,35370,6,NEW,"NORTHLAND FORD, INC.",1FTYE1Y81PKA65880,6/6/2023,48,40292.92,2023,FORD,TRANSIT
7/24/2023,BP,BPA297,35370,6,NEW,"NORTHLAND FORD, INC.",1FTYE1Y81PKA65894,6/12/2023,42,40292.92,2023,FORD,TRANSIT
7/24/2023,BP,BPA297,35370,6,NEW,"NORTHLAND FORD, INC.",1FTYE1Y82PKA65550,6/6/2023,48,40292.92,2023,FORD,TRANSIT
7/24/2023,BP,BPA297,35370,6,NEW,"NORTHLAND FORD, INC.",1FTYE1Y82PKA65631,6/12/2023,42,40292.92,2023,FORD,TRANSIT
7/24/2023,BP,BPA297,35370,6,NEW,"NORTHLAND FORD, INC.",1FTYE1Y82PKA65712,6/12/2023,42,40292.92,2023,FORD,TRANSIT
7/24/2023,BP,BPA297,35370,6,NEW,"NORTHLAND FORD, INC.",1FTYE1Y82PKA65886,6/11/2023,43,40292.92,2023,FORD,TRANSIT
7/24/2023,BP,BPA297,35370,6,NEW,"NORTHLAND FORD, INC.",1FTYE1Y82PKA65970,6/6/2023,48,40292.92,2023,FORD,TRANSIT
7/24/2023,BP,BPA297,35370,6,NEW,"NORTHLAND FORD, INC.",1FTYE1Y82PKA66035,6/5/2023,49,40292.92,2023,FORD,TRANSIT
7/24/2023,BP,BPA297,35370,6,NEW,"NORTHLAND FORD, INC.",1FTYE1Y82PKA66102,6/10/2023,44,40292.92,2023,FORD,TRANSIT
7/24/2023,BP,BPA297,35370,6,NEW,"NORTHLAND FORD, INC.",1FTYE1Y83PKA65394,6/10/2023,44,40292.92,2023,FORD,TRANSIT
7/24/2023,BP,BPA297,35370,6,NEW,"NORTHLAND FORD, INC.",1FTYE1Y83PKA65654,6/10/2023,44,40292.92,2023,FORD,TRANSIT
7/24/2023,BP,BPA297,35370,6,NEW,"NORTHLAND FORD, INC.",1FTYE1Y83PKA65752,6/6/2023,48,40292.92,2023,FORD,TRANSIT
7/24/2023,BP,BPA297,35370,6,NEW,"NORTHLAND FORD, INC.",1FTYE1Y83PKA65797,6/6/2023,48,40292.92,2023,FORD,TRANSIT
7/24/2023,BP,BPA297,35370,6,NEW,"NORTHLAND FORD, INC.",1FTYE1Y83PKA65976,6/10/2023,44,40292.92,2023,FORD,TRANSIT
7/24/2023,BP,BPA297,35370,6,NEW,"NORTHLAND FORD, INC.",1FTYE1Y84PKA65680,6/7/2023,47,40292.92,2023,FORD,TRANSIT
7/24/2023,BP,BPA297,35370,6,NEW,"NORTHLAND FORD, INC.",1FTYE1Y84PKA65890,6/10/2023,44,40292.92,2023,FORD,TRANSIT
7/24/2023,BP,BPA297,35370,6,NEW,"NORTHLAND FORD, INC.",1FTYE1Y84PKA66103,6/10/2023,44,40292.92,2023,FORD,TRANSIT
7/24/2023,BP,BPA297,35370,6,NEW,"NORTHLAND FORD, INC.",1FTYE1Y85PKA65574,6/6/2023,48,40292.92,2023,FORD,TRANSIT
7/24/2023,BP,BPA297,35370,6,NEW,"NORTHLAND FORD, INC.",1FTYE1Y85PKA65607,6/6/2023,48,40292.92,2023,FORD,TRANSIT
7/24/2023,BP,BPA297,35370,6,NEW,"NORTHLAND FORD, INC.",1FTYE1Y85PKA65719,6/7/2023,47,40292.92,2023,FORD,TRANSIT
7/24/2023,BP,BPA297,35370,6,NEW,"NORTHLAND FORD, INC.",1FTYE1Y85PKA65767,6/10/2023,44,40292.92,2023,FORD,TRANSIT
7/24/2023,BP,BPA297,35370,6,NEW,"NORTHLAND FORD, INC.",1FTYE1Y85PKA65784,6/5/2023,49,40292.92,2023,FORD,TRANSIT
7/24/2023,BP,BPA297,35370,6,NEW,"NORTHLAND FORD, INC.",1FTYE1Y85PKA65896,6/6/2023,48,40292.92,2023,FORD,TRANSIT
7/24/2023,BP,BPA297,35370,6,NEW,"NORTHLAND FORD, INC.",1FTYE1Y85PKA65929,6/10/2023,44,40292.92,2023,FORD,TRANSIT
7/24/2023,BP,BPA297,35370,6,NEW,"NORTHLAND FORD, INC.",1FTYE1Y85PKA66028,6/12/2023,42,40292.92,2023,FORD,TRANSIT
7/24/2023,BP,BPA297,35370,6,NEW,"NORTHLAND FORD, INC.",1FTYE1Y86PKA65311,6/12/2023,42,40292.92,2023,FORD,TRANSIT
7/24/2023,BP,BPA297,35370,6,NEW,"NORTHLAND FORD, INC.",1FTYE1Y86PKA65700,6/8/2023,46,40292.92,2023,FORD,TRANSIT
7/24/2023,BP,BPA297,35370,6,NEW,"NORTHLAND FORD, INC.",1FTYE1Y86PKA65745,6/6/2023,48,40292.92,2023,FORD,TRANSIT
7/24/2023,BP,BPA297,35370,6,NEW,"NORTHLAND FORD, INC.",1FTYE1Y86PKA66037,6/6/2023,48,40292.92,2023,FORD,TRANSIT
7/24/2023,BP,BPA297,35370,6,NEW,"NORTHLAND FORD, INC.",1FTYE1Y86PKA66104,6/12/2023,42,40292.92,2023,FORD,TRANSIT
7/24/2023,BP,BPA297,35370,6,NEW,"NORTHLAND FORD, INC.",1FTYE1Y87PKA65303,6/6/2023,48,40292.92,2023,FORD,TRANSIT
7/24/2023,BP,BPA297,35370,6,NEW,"NORTHLAND FORD, INC.",1FTYE1Y87PKA65608,6/5/2023,49,40292.92,2023,FORD,TRANSIT
7/24/2023,BP,BPA297,35370,6,NEW,"NORTHLAND FORD, INC.",1FTYE1Y87PKA65852,6/11/2023,43,40292.92,2023,FORD,TRANSIT
7/24/2023,BP,BPA297,35370,6,NEW,"NORTHLAND FORD, INC.",1FTYE1Y87PKA66063,6/11/2023,43,40292.92,2023,FORD,TRANSIT
7/24/2023,BP,BPA297,35370,6,NEW,"NORTHLAND FORD, INC.",1FTYE1Y88PKA65424,6/6/2023,48,40292.92,2023,FORD,TRANSIT
7/24/2023,BP,BPA297,35370,6,NEW,"NORTHLAND FORD, INC.",1FTYE1Y88PKA65598,6/15/2023,39,40292.92,2023,FORD,TRANSIT
7/24/2023,BP,BPA297,35370,6,NEW,"NORTHLAND FORD, INC.",1FTYE1Y88PKA65777,6/14/2023,40,40292.92,2023,FORD,TRANSIT
7/24/2023,BP,BPA297,35370,6,NEW,"NORTHLAND FORD, INC.",1FTYE1Y88PKA65844,6/12/2023,42,40292.92,2023,FORD,TRANSIT
7/24/2023,BP,BPA297,35370,6,NEW,"NORTHLAND FORD, INC.",1FTYE1Y88PKA65987,6/12/2023,42,40292.92,2023,FORD,TRANSIT
7/24/2023,BP,BPA297,35370,6,NEW,"NORTHLAND FORD, INC.",1FTYE1Y88PKA65990,6/22/2023,32,40292.92,2023,FORD,TRANSIT
7/24/2023,BP,BPA297,35370,6,NEW,"NORTHLAND FORD, INC.",1FTYE1Y88PKA66119,6/6/2023,48,40292.92,2023,FORD,TRANSIT
7/24/2023,BP,BPA297,35370,6,NEW,"NORTHLAND FORD, INC.",1FTYE1Y89PKA65402,6/29/2023,25,40292.92,2023,FORD,TRANSIT
7/24/2023,BP,BPA297,35370,6,NEW,"NORTHLAND FORD, INC.",1FTYE1Y89PKA65626,6/11/2023,43,40292.92,2023,FORD,TRANSIT
7/24/2023,BP,BPA297,35370,6,NEW,"NORTHLAND FORD, INC.",1FTYE1Y89PKA65948,6/6/2023,48,40292.92,2023,FORD,TRANSIT
7/24/2023,BP,BPA297,35370,6,NEW,"NORTHLAND FORD, INC.",1FTYE1Y89PKA65951,6/10/2023,44,40292.92,2023,FORD,TRANSIT
7/24/2023,BP,BPA297,35370,6,NEW,"NORTHLAND FORD, INC.",1FTYE1Y89PKA66131,6/11/2023,43,40292.92,2023,FORD,TRANSIT
7/24/2023,BP,BPA297,35370,6,NEW,"NORTHLAND FORD, INC.",1FTYE2Y8XPKA65754,6/5/2023,49,44370.92,2023,FORD,TRANSIT
7/24/2023,BP,BPA297,35370,6,NEW,"NORTHLAND FORD, INC.",1FTYE2Y8XPKA65902,6/6/2023,48,44370.92,2023,FORD,TRANSIT
7/24/2023,BP,BPA297,35370,6,NEW,"NORTHLAND FORD, INC.",1FTYE2Y8XPKA66130,6/10/2023,44,44370.92,2023,FORD,TRANSIT
7/24/2023,BP,BPA297,35370,6,NEW,"NORTHLAND FORD, INC.",1FTYE2Y80PKA65505,6/6/2023,48,44370.92,2023,FORD,TRANSIT
7/24/2023,BP,BPA297,35370,6,NEW,"NORTHLAND FORD, INC.",1FTYE2Y80PKA65746,6/8/2023,46,44370.92,2023,FORD,TRANSIT
7/24/2023,BP,BPA297,35370,6,NEW,"NORTHLAND FORD, INC.",1FTYE2Y80PKA65813,6/11/2023,43,44370.92,2023,FORD,TRANSIT
7/24/2023,BP,BPA297,35370,6,NEW,"NORTHLAND FORD, INC.",1FTYE2Y80PKA66105,6/17/2023,37,44370.92,2023,FORD,TRANSIT
7/24/2023,BP,BPA297,35370,6,NEW,"NORTHLAND FORD, INC.",1FTYE2Y81PKA65416,6/11/2023,43,44370.92,2023,FORD,TRANSIT
7/24/2023,BP,BPA297,35370,6,NEW,"NORTHLAND FORD, INC.",1FTYE2Y81PKA65707,6/12/2023,42,44370.92,2023,FORD,TRANSIT
7/24/2023,BP,BPA297,35370,6,NEW,"NORTHLAND FORD, INC.",1FTYE2Y81PKA65805,6/12/2023,42,44370.92,2023,FORD,TRANSIT
7/24/2023,BP,BPA297,35370,6,NEW,"NORTHLAND FORD, INC.",1FTYE2Y81PKA65920,6/6/2023,48,44370.92,2023,FORD,TRANSIT
7/24/2023,BP,BPA297,35370,6,NEW,"NORTHLAND FORD, INC.",1FTYE2Y81PKA66100,6/10/2023,44,44370.92,2023,FORD,TRANSIT
7/24/2023,BP,BPA297,35370,6,NEW,"NORTHLAND FORD, INC.",1FTYE2Y81PKA66114,6/11/2023,43,44370.92,2023,FORD,TRANSIT
7/24/2023,BP,BPA297,35370,6,NEW,"NORTHLAND FORD, INC.",1FTYE2Y82PKA65618,6/5/2023,49,44370.92,2023,FORD,TRANSIT
7/24/2023,BP,BPA297,35370,6,NEW,"NORTHLAND FORD, INC.",1FTYE2Y83PKA65319,6/8/2023,46,44370.92,2023,FORD,TRANSIT
7/24/2023,BP,BPA297,35370,6,NEW,"NORTHLAND FORD, INC.",1FTYE2Y83PKA65482,6/12/2023,42,44370.92,2023,FORD,TRANSIT
7/24/2023,BP,BPA297,35370,6,NEW,"NORTHLAND FORD, INC.",1FTYE2Y83PKA65790,6/15/2023,39,44370.92,2023,FORD,TRANSIT
7/24/2023,BP,BPA297,35370,6,NEW,"NORTHLAND FORD, INC.",1FTYE2Y83PKA66132,6/8/2023,46,44370.92,2023,FORD,TRANSIT
7/24/2023,BP,BPA297,35370,6,NEW,"NORTHLAND FORD, INC.",1FTYE2Y84PKA65426,6/5/2023,49,44370.92,2023,FORD,TRANSIT
7/24/2023,BP,BPA297,35370,6,NEW,"NORTHLAND FORD, INC.",1FTYE2Y84PKA65958,6/17/2023,37,44370.92,2023,FORD,TRANSIT
7/24/2023,BP,BPA297,35370,6,NEW,"NORTHLAND FORD, INC.",1FTYE2Y85PKA65418,6/12/2023,42,44370.92,2023,FORD,TRANSIT
7/24/2023,BP,BPA297,35370,6,NEW,"NORTHLAND FORD, INC.",1FTYE2Y85PKA65726,6/15/2023,39,44370.92,2023,FORD,TRANSIT
7/24/2023,BP,BPA297,35370,6,NEW,"NORTHLAND FORD, INC.",1FTYE2Y85PKA65760,6/15/2023,39,44370.92,2023,FORD,TRANSIT
7/24/2023,BP,BPA297,35370,6,NEW,"NORTHLAND FORD, INC.",1FTYE2Y85PKA65788,6/15/2023,39,44370.92,2023,FORD,TRANSIT
7/24/2023,BP,BPA297,35370,6,NEW,"NORTHLAND FORD, INC.",1FTYE2Y85PKA66133,6/13/2023,41,44370.92,2023,FORD,TRANSIT
7/24/2023,BP,BPA297,35370,6,NEW,"NORTHLAND FORD, INC.",1FTYE2Y86PKA65590,6/12/2023,42,44370.92,2023,FORD,TRANSIT
7/24/2023,BP,BPA297,35370,6,NEW,"NORTHLAND FORD, INC.",1FTYE2Y86PKA65685,6/17/2023,37,44370.92,2023,FORD,TRANSIT
7/24/2023,BP,BPA297,35370,6,NEW,"NORTHLAND FORD, INC.",1FTYE2Y86PKA65783,6/7/2023,47,44370.92,2023,FORD,TRANSIT
7/24/2023,BP,BPA297,35370,6,NEW,"NORTHLAND FORD, INC.",1FTYE2Y87PKA65503,6/10/2023,44,44370.92,2023,FORD,TRANSIT
7/24/2023,BP,BPA297,35370,6,NEW,"NORTHLAND FORD, INC.",1FTYE2Y87PKA65596,6/12/2023,42,44370.92,2023,FORD,TRANSIT
7/24/2023,BP,BPA297,35370,6,NEW,"NORTHLAND FORD, INC.",1FTYE2Y87PKA65761,6/5/2023,49,44370.92,2023,FORD,TRANSIT
7/24/2023,BP,BPA297,35370,6,NEW,"NORTHLAND FORD, INC.",1FTYE2Y87PKA65940,6/11/2023,43,44370.92,2023,FORD,TRANSIT
7/24/2023,BP,BPA297,35370,6,NEW,"NORTHLAND FORD, INC.",1FTYE2Y88PKA65588,6/14/2023,40,44370.92,2023,FORD,TRANSIT
7/24/2023,BP,BPA297,35370,6,NEW,"NORTHLAND FORD, INC.",1FTYE2Y88PKA65638,6/8/2023,46,44370.92,2023,FORD,TRANSIT
7/24/2023,BP,BPA297,35370,6,NEW,"NORTHLAND FORD, INC.",1FTYE2Y88PKA65753,6/12/2023,42,44370.92,2023,FORD,TRANSIT
7/24/2023,BP,BPA297,35370,6,NEW,"NORTHLAND FORD, INC.",1FTYE2Y88PKA65820,6/8/2023,46,44370.92,2023,FORD,TRANSIT
7/24/2023,BP,BPA297,35370,6,NEW,"NORTHLAND FORD, INC.",1FTYE2Y89PKA65647,6/11/2023,43,44370.92,2023,FORD,TRANSIT
7/24/2023,BP,BPA297,35370,6,NEW,"NORTHLAND FORD, INC.",1FTYE2Y89PKA65907,6/5/2023,49,44370.92,2023,FORD,TRANSIT
7/24/2023,BP,BPA297,35370,6,NEW,"NORTHLAND FORD, INC.",2FMPK4J96NBA58600,3/31/2023,115,41550.73,2022,FORD,EDGE
7/24/2023,BP,BPA297,35370,6,NEW,"NORTHLAND FORD, INC.",3FMTK4SX0PMA02374,4/17/2023,98,72105,2023,FORD,MUSTANG MACH-E
7/24/2023,BP,BPA297,35370,6,PANW,"NORTHLAND FORD, INC.",1FD0X4HN3PED43039,7/1/2023,23,56105.08,2023,FORD,F-450
7/24/2023,BP,BPA297,35370,6,PANW,"NORTHLAND FORD, INC.",1FD0X4HN4PED43387,7/20/2023,4,56105.64,2023,FORD,F-450
7/24/2023,BP,BPA297,35370,6,PANW,"NORTHLAND FORD, INC.",1FD0X4HT1PEC78514,6/28/2023,26,71058.5,2023,FORD,F-450
7/24/2023,BP,BPA297,35370,6,PANW,"NORTHLAND FORD, INC.",1FD8W3HN6PEC78512,6/21/2023,33,56017.08,2023,FORD,F-350
7/24/2023,BP,BPA297,35370,6,PANW,"NORTHLAND FORD, INC.",1FDWE3FN2RDD14623,5/18/2023,67,38665.92,2024,FORD,E-350
7/24/2023,BP,BPA297,35370,6,PANW,"NORTHLAND FORD, INC.",1FDWE3FN2RDD15321,5/20/2023,65,38347.92,2024,FORD,E-350
7/24/2023,BP,BPA297,35370,6,PANW,"NORTHLAND FORD, INC.",1FDXE4FN1RDD22447,7/20/2023,4,41542.48,2024,FORD,E-450
7/24/2023,BP,BPA297,35370,6,PANW,"NORTHLAND FORD, INC.",1FDXE4FN6RDD24193,7/6/2023,18,41677.06,2024,FORD,E-450
7/24/2023,BP,BPA297,35370,6,PANW,"NORTHLAND FORD, INC.",1FMCU9GN2PUA65342,7/20/2023,4,32297.67,2023,FORD,ESCAPE
7/24/2023,BP,BPA297,35370,6,PANW,"NORTHLAND FORD, INC.",1FMDE5BH7PLB72159,7/21/2023,3,47512.2,2023,FORD,BRONCO
7/24/2023,BP,BPA297,35370,6,PANW,"NORTHLAND FORD, INC.",1FMEE5DP1PLB28960,6/29/2023,25,65751.4,2023,FORD,BRONCO
7/24/2023,BP,BPA297,35370,6,PANW,"NORTHLAND FORD, INC.",1FMJK2A8XPEA44594,6/22/2023,32,82466.3,2023,FORD,EXPEDITION
7/24/2023,BP,BPA297,35370,6,PANW,"NORTHLAND FORD, INC.",1FMJK2A81PEA44595,6/2/2023,52,82884.3,2023,FORD,EXPEDITION
7/24/2023,BP,BPA297,35370,6,PANW,"NORTHLAND FORD, INC.",1FMJU2A83PEA37139,7/5/2023,19,77364.75,2023,FORD,EXPEDITION
7/24/2023,BP,BPA297,35370,6,PANW,"NORTHLAND FORD, INC.",1FT6W1EV0PWG02018,7/20/2023,4,94195,2023,FORD,F-150
7/24/2023,BP,BPA297,35370,6,PANW,"NORTHLAND FORD, INC.",1FT6W1EV5PWG12155,7/20/2023,4,94245,2023,FORD,F-150
7/24/2023,BP,BPA297,35370,6,PANW,"NORTHLAND FORD, INC.",1FT6W1EV8PWG01070,7/20/2023,4,94295,2023,FORD,F-150
7/24/2023,BP,BPA297,35370,6,PANW,"NORTHLAND FORD, INC.",1FT7W2BA6PED38773,6/24/2023,30,52118.08,2023,FORD,F-250
7/24/2023,BP,BPA297,35370,6,PANW,"NORTHLAND FORD, INC.",1FT7W2BA6PED39020,7/1/2023,23,52118.08,2023,FORD,F-250
7/24/2023,BP,BPA297,35370,6,PANW,"NORTHLAND FORD, INC.",1FT7X2BA0PED38085,7/1/2023,23,50725.08,2023,FORD,F-250
7/24/2023,BP,BPA297,35370,6,PANW,"NORTHLAND FORD, INC.",1FT7X2BA6PED38267,6/24/2023,30,50725.08,2023,FORD,F-250
7/24/2023,BP,BPA297,35370,6,PANW,"NORTHLAND FORD, INC.",1FT8W2BN5PED07604,6/9/2023,45,64419.34,2023,FORD,F-250
7/24/2023,BP,BPA297,35370,6,PANW,"NORTHLAND FORD, INC.",1FT8W2BT8PED39042,7/14/2023,10,82529.3,2023,FORD,F-250
7/24/2023,BP,BPA297,35370,6,PANW,"NORTHLAND FORD, INC.",1FT8W2BT9PED38126,7/20/2023,4,77653.3,2023,FORD,F-250
7/24/2023,BP,BPA297,35370,6,PANW,"NORTHLAND FORD, INC.",1FT8W3BA0PED38987,7/1/2023,23,53617.08,2023,FORD,F-350
7/24/2023,BP,BPA297,35370,6,PANW,"NORTHLAND FORD, INC.",1FT8W3BAXPED38673,7/20/2023,4,53617.08,2023,FORD,F-350
7/24/2023,BP,BPA297,35370,6,PANW,"NORTHLAND FORD, INC.",1FT8X2BN7PED39368,7/1/2023,23,60750.34,2023,FORD,F-250
7/24/2023,BP,BPA297,35370,6,PANW,"NORTHLAND FORD, INC.",1FT8X2BN9PED38870,6/24/2023,30,60299.34,2023,FORD,F-250
7/24/2023,BP,BPA297,35370,6,PANW,"NORTHLAND FORD, INC.",1FT8X3BN5PEC78513,5/11/2023,74,57801.08,2023,FORD,F-350
7/24/2023,BP,BPA297,35370,6,PANW,"NORTHLAND FORD, INC.",1FT8X3BN9PEC98053,6/14/2023,40,57892.34,2023,FORD,F-350
7/24/2023,BP,BPA297,35370,6,PANW,"NORTHLAND FORD, INC.",1FTBR2C82PKB22076,7/3/2023,21,53514.06,2023,FORD,TRANSIT
7/24/2023,BP,BPA297,35370,6,PANW,"NORTHLAND FORD, INC.",1FTBR2C87PKB22350,7/15/2023,9,53514.06,2023,FORD,TRANSIT
7/24/2023,BP,BPA297,35370,6,PANW,"NORTHLAND FORD, INC.",1FTBR2C88PKB22728,7/10/2023,14,53514.06,2023,FORD,TRANSIT
7/24/2023,BP,BPA297,35370,6,PANW,"NORTHLAND FORD, INC.",1FTBR2CG9PKB51582,7/10/2023,14,55560.75,2023,FORD,TRANSIT
7/24/2023,BP,BPA297,35370,6,PANW,"NORTHLAND FORD, INC.",1FTBR2Y88PKB31034,7/14/2023,10,53034.75,2023,FORD,TRANSIT
7/24/2023,BP,BPA297,35370,6,PANW,"NORTHLAND FORD, INC.",1FTER4FH1PLE26871,7/12/2023,12,42654.2,2023,FORD,RANGER
7/24/2023,BP,BPA297,35370,6,PANW,"NORTHLAND FORD, INC.",1FTER4FH3PLE24930,6/9/2023,45,45703.2,2023,FORD,RANGER
7/24/2023,BP,BPA297,35370,6,PANW,"NORTHLAND FORD, INC.",1FTER4FH4PLE31109,6/12/2023,42,41901.2,2023,FORD,RANGER
7/24/2023,BP,BPA297,35370,6,PANW,"NORTHLAND FORD, INC.",1FTEW1E81PFB99463,7/19/2023,5,61664.36,2023,FORD,F-150
7/24/2023,BP,BPA297,35370,6,PANW,"NORTHLAND FORD, INC.",1FTEW1E82PFB83742,6/15/2023,39,70601.36,2023,FORD,F-150
7/24/2023,BP,BPA297,35370,6,PANW,"NORTHLAND FORD, INC.",1FTEW1E88PFB95457,6/22/2023,32,70340.36,2023,FORD,F-150
7/24/2023,BP,BPA297,35370,6,PANW,"NORTHLAND FORD, INC.",1FTEW1EP2PFC41565,7/24/2023,0,49030.08,2023,FORD,F-150
7/24/2023,BP,BPA297,35370,6,PANW,"NORTHLAND FORD, INC.",1FTEW1EP3PKE76645,7/20/2023,4,55831.26,2023,FORD,F-150
7/24/2023,BP,BPA297,35370,6,PANW,"NORTHLAND FORD, INC.",1FTEX1EP3PKE07760,5/22/2023,63,45985.36,2023,FORD,F-150
7/24/2023,BP,BPA297,35370,6,PANW,"NORTHLAND FORD, INC.",1FTFW1E57PKE53694,7/12/2023,12,50928.26,2023,FORD,F-150
7/24/2023,BP,BPA297,35370,6,PANW,"NORTHLAND FORD, INC.",1FTFW1E80PFB91312,6/15/2023,39,70771.36,2023,FORD,F-150
7/24/2023,BP,BPA297,35370,6,PANW,"NORTHLAND FORD, INC.",1FTFW1E81PFC23779,7/11/2023,13,74827.36,2023,FORD,F-150
7/24/2023,BP,BPA297,35370,6,PANW,"NORTHLAND FORD, INC.",1FTFW1E82PKE67724,6/21/2023,33,68192.36,2023,FORD,F-150
7/24/2023,BP,BPA297,35370,6,PANW,"NORTHLAND FORD, INC.",1FTFW1E87PKE68092,7/20/2023,4,60607.36,2023,FORD,F-150
7/24/2023,BP,BPA297,35370,6,PANW,"NORTHLAND FORD, INC.",1FTFW1E88PFB76301,5/18/2023,67,72495.36,2023,FORD,F-150
7/24/2023,BP,BPA297,35370,6,PANW,"NORTHLAND FORD, INC.",1FTFW1ED5PFC10191,6/22/2023,32,81274.81,2023,FORD,F-150
7/24/2023,BP,BPA297,35370,6,PANW,"NORTHLAND FORD, INC.",1FTFW1RG4PFB85322,7/24/2023,0,78713.36,2023,FORD,F-150
7/24/2023,BP,BPA297,35370,6,PANW,"NORTHLAND FORD, INC.",1FTRF2BN5PEC98049,6/14/2023,40,54761.34,2023,FORD,F-250
7/24/2023,BP,BPA297,35370,6,PANW,"NORTHLAND FORD, INC.",1FTRF3BN9PED07602,6/9/2023,45,55491.34,2023,FORD,F-350
7/24/2023,BP,BPA297,35370,6,PANW,"NORTHLAND FORD, INC.",1FTYE1Y80PKB03258,7/15/2023,9,41789.06,2023,FORD,TRANSIT
7/24/2023,BP,BPA297,35370,6,PANW,"NORTHLAND FORD, INC.",1FTYE1Y80PKB03583,7/15/2023,9,41789.06,2023,FORD,TRANSIT
7/24/2023,BP,BPA297,35370,6,PANW,"NORTHLAND FORD, INC.",1FTYE1Y81PKB04371,7/15/2023,9,41789.06,2023,FORD,TRANSIT
7/24/2023,BP,BPA297,35370,6,PANW,"NORTHLAND FORD, INC.",1FTYE1Y82PKB03701,7/15/2023,9,41789.06,2023,FORD,TRANSIT
7/24/2023,BP,BPA297,35370,6,PANW,"NORTHLAND FORD, INC.",1FTYE1Y82PKB04153,7/15/2023,9,41789.06,2023,FORD,TRANSIT
7/24/2023,BP,BPA297,35370,6,PANW,"NORTHLAND FORD, INC.",1FTYE1Y82PKB04184,7/15/2023,9,41789.06,2023,FORD,TRANSIT
7/24/2023,BP,BPA297,35370,6,PANW,"NORTHLAND FORD, INC.",1FTYE1Y82PKB04363,7/15/2023,9,41789.06,2023,FORD,TRANSIT
7/24/2023,BP,BPA297,35370,6,PANW,"NORTHLAND FORD, INC.",1FTYE1Y83PKB03741,7/15/2023,9,41789.06,2023,FORD,TRANSIT
7/24/2023,BP,BPA297,35370,6,PANW,"NORTHLAND FORD, INC.",1FTYE1Y84PKB03263,7/15/2023,9,41789.06,2023,FORD,TRANSIT
7/24/2023,BP,BPA297,35370,6,PANW,"NORTHLAND FORD, INC.",1FTYE1Y84PKB03392,7/15/2023,9,41789.06,2023,FORD,TRANSIT
7/24/2023,BP,BPA297,35370,6,PANW,"NORTHLAND FORD, INC.",1FTYE1Y84PKB05188,7/15/2023,9,41789.06,2023,FORD,TRANSIT
7/24/2023,BP,BPA297,35370,6,PANW,"NORTHLAND FORD, INC.",1FTYE1Y85PKB03322,7/15/2023,9,41789.06,2023,FORD,TRANSIT
7/24/2023,BP,BPA297,35370,6,PANW,"NORTHLAND FORD, INC.",1FTYE1Y85PKB03496,7/15/2023,9,41789.06,2023,FORD,TRANSIT
7/24/2023,BP,BPA297,35370,6,PANW,"NORTHLAND FORD, INC.",1FTYE1Y85PKB04177,7/15/2023,9,41789.06,2023,FORD,TRANSIT
7/24/2023,BP,BPA297,35370,6,PANW,"NORTHLAND FORD, INC.",1FTYE1Y85PKB04759,7/15/2023,9,41789.06,2023,FORD,TRANSIT
7/24/2023,BP,BPA297,35370,6,PANW,"NORTHLAND FORD, INC.",1FTYE1Y86PKB04169,7/15/2023,9,41789.06,2023,FORD,TRANSIT
7/24/2023,BP,BPA297,35370,6,PANW,"NORTHLAND FORD, INC.",1FTYE1Y86PKB04379,7/15/2023,9,41789.06,2023,FORD,TRANSIT
7/24/2023,BP,BPA297,35370,6,PANW,"NORTHLAND FORD, INC.",1FTYE1Y87PKB03709,7/15/2023,9,41789.06,2023,FORD,TRANSIT
7/24/2023,BP,BPA297,35370,6,PANW,"NORTHLAND FORD, INC.",1FTYE1Y87PKB03757,7/15/2023,9,41789.06,2023,FORD,TRANSIT
7/24/2023,BP,BPA297,35370,6,PANW,"NORTHLAND FORD, INC.",1FTYE1Y88PKB03296,7/15/2023,9,41789.06,2023,FORD,TRANSIT
7/24/2023,BP,BPA297,35370,6,PANW,"NORTHLAND FORD, INC.",1FTYE1Y88PKB03301,7/15/2023,9,41789.06,2023,FORD,TRANSIT
7/24/2023,BP,BPA297,35370,6,PANW,"NORTHLAND FORD, INC.",1FTYE1Y88PKB03704,7/15/2023,9,41789.06,2023,FORD,TRANSIT
7/24/2023,BP,BPA297,35370,6,PANW,"NORTHLAND FORD, INC.",1FTYE1Y89PKB03677,7/15/2023,9,41789.06,2023,FORD,TRANSIT
7/24/2023,BP,BPA297,35370,6,PANW,"NORTHLAND FORD, INC.",1FTYE1Y89PKB03744,7/15/2023,9,41789.06,2023,FORD,TRANSIT
7/24/2023,BP,BPA297,35370,6,PANW,"NORTHLAND FORD, INC.",1FTYE2Y8XPKB03287,7/15/2023,9,45867.06,2023,FORD,TRANSIT
7/24/2023,BP,BPA297,35370,6,PANW,"NORTHLAND FORD, INC.",1FTYE2Y8XPKB03483,7/15/2023,9,45867.06,2023,FORD,TRANSIT
7/24/2023,BP,BPA297,35370,6,PANW,"NORTHLAND FORD, INC.",1FTYE2Y8XPKB04021,7/15/2023,9,45867.06,2023,FORD,TRANSIT
7/24/2023,BP,BPA297,35370,6,PANW,"NORTHLAND FORD, INC.",1FTYE2Y80PKB03637,7/15/2023,9,45867.06,2023,FORD,TRANSIT
7/24/2023,BP,BPA297,35370,6,PANW,"NORTHLAND FORD, INC.",1FTYE2Y81PKB03226,7/15/2023,9,45867.06,2023,FORD,TRANSIT
7/24/2023,BP,BPA297,35370,6,PANW,"NORTHLAND FORD, INC.",1FTYE2Y81PKB03324,7/15/2023,9,45867.06,2023,FORD,TRANSIT
7/24/2023,BP,BPA297,35370,6,PANW,"NORTHLAND FORD, INC.",1FTYE2Y81PKB03579,7/15/2023,9,45867.06,2023,FORD,TRANSIT
7/24/2023,BP,BPA297,35370,6,PANW,"NORTHLAND FORD, INC.",1FTYE2Y82PKB03901,7/15/2023,9,45867.06,2023,FORD,TRANSIT
7/24/2023,BP,BPA297,35370,6,PANW,"NORTHLAND FORD, INC.",1FTYE2Y83PKB04751,7/15/2023,9,45867.06,2023,FORD,TRANSIT
7/24/2023,BP,BPA297,35370,6,PANW,"NORTHLAND FORD, INC.",1FTYE2Y85PKB03651,7/15/2023,9,45867.06,2023,FORD,TRANSIT
7/24/2023,BP,BPA297,35370,6,PANW,"NORTHLAND FORD, INC.",1FTYE2Y85PKB04055,7/15/2023,9,45867.06,2023,FORD,TRANSIT
7/24/2023,BP,BPA297,35370,6,PANW,"NORTHLAND FORD, INC.",1FTYE2Y85PKB04749,7/15/2023,9,45867.06,2023,FORD,TRANSIT
7/24/2023,BP,BPA297,35370,6,PANW,"NORTHLAND FORD, INC.",1FTYE2Y87PKB03635,7/15/2023,9,45867.06,2023,FORD,TRANSIT
7/24/2023,BP,BPA297,35370,6,PANW,"NORTHLAND FORD, INC.",1FTYE2Y87PKB03909,7/15/2023,9,45867.06,2023,FORD,TRANSIT
7/24/2023,BP,BPA297,35370,6,PANW,"NORTHLAND FORD, INC.",1FTYE2Y88PKB03448,7/15/2023,9,45867.06,2023,FORD,TRANSIT
7/24/2023,BP,BPA297,35370,6,PANW,"NORTHLAND FORD, INC.",1FTYE2Y88PKB03515,7/15/2023,9,45867.06,2023,FORD,TRANSIT
7/24/2023,BP,BPA297,35370,6,PANW,"NORTHLAND FORD, INC.",1FTYE2Y89PKB03250,7/15/2023,9,45867.06,2023,FORD,TRANSIT
7/24/2023,BP,BPA297,35370,6,PANW,"NORTHLAND FORD, INC.",1FTYE2Y89PKB03488,7/15/2023,9,45867.06,2023,FORD,TRANSIT
7/24/2023,BP,BPA297,35370,6,PANW,"NORTHLAND FORD, INC.",1FTYE2Y89PKB03507,7/15/2023,9,45867.06,2023,FORD,TRANSIT
7/24/2023,BP,BPA297,35370,6,PANW,"NORTHLAND FORD, INC.",1FTYE2Y89PKB03717,7/15/2023,9,45867.06,2023,FORD,TRANSIT
7/24/2023,BP,BPA297,35370,6,PANW,"NORTHLAND FORD, INC.",2FMPK4J9XPBA52768,6/10/2023,44,42482.69,2023,FORD,EDGE
7/24/2023,BP,BPA297,35370,6,PANW,"NORTHLAND FORD, INC.",3FMCR9B60PRD70640,6/22/2023,32,35603.67,2023,FORD,BRONCO SPORT
7/24/2023,BP,BPA297,35370,6,PANW,"NORTHLAND FORD, INC.",3FMCR9B65PRD80449,7/20/2023,4,33896.67,2023,FORD,BRONCO SPORT
7/24/2023,BP,BPA297,35370,6,PANW,"NORTHLAND FORD, INC.",3FMCR9B66PRD60453,6/10/2023,44,35603.67,2023,FORD,BRONCO SPORT
7/24/2023,BP,BPA297,35370,6,PANW,"NORTHLAND FORD, INC.",3FMCR9C66PRD85299,7/18/2023,6,39619.67,2023,FORD,BRONCO SPORT
7/24/2023,BP,BPA297,35370,6,PANW,"NORTHLAND FORD, INC.",3FMCR9D91PRD74090,5/26/2023,59,42318.67,2023,FORD,BRONCO SPORT
7/24/2023,BP,BPA297,35370,6,PANW,"NORTHLAND FORD, INC.",3FMCR9D91PRD74252,7/12/2023,12,43268.67,2023,FORD,BRONCO SPORT
7/24/2023,BP,BPA297,35370,6,PANW,"NORTHLAND FORD, INC.",3FMCR9D96PRE02319,7/20/2023,4,39962.67,2023,FORD,BRONCO SPORT
7/24/2023,BP,BPA297,35370,6,PANW,"NORTHLAND FORD, INC.",3FMTK3SS2PMA30417,7/18/2023,6,55805,2023,FORD,MUSTANG MACH-E
7/24/2023,BP,BPA297,35370,6,PANW,"NORTHLAND FORD, INC.",3FMTK3SU1PMA38543,7/18/2023,6,62805,2023,FORD,MUSTANG MACH-E
7/24/2023,BP,BPA297,35370,6,PANW,"NORTHLAND FORD, INC.",3FMTK4SE6PMA45518,7/18/2023,6,66045,2023,FORD,MUSTANG MACH-E
7/24/2023,BP,BPA297,35370,6,PANW,"NORTHLAND FORD, INC.",3FTTW8E37PRA56671,7/21/2023,3,33077.65,2023,FORD,MAVERICK
7/24/2023,FK,FKA495,44942,12,FSLP,"LITHIA FMF, INC.",1FMCU0G6XNUB39771,6/12/2023,42,32055.48,2022,FORD,ESCAPE
7/24/2023,FK,FKA495,44942,12,NEW,"LITHIA FMF, INC.",1FA6P8CF4P5300213,4/16/2023,99,54413.64,2023,FORD,MUSTANG
7/24/2023,FK,FKA495,44942,12,NEW,"LITHIA FMF, INC.",1FA6P8R01P5500226,4/2/2023,113,59125.97,2023,FORD,MUSTANG
7/24/2023,FK,FKA495,44942,12,NEW,"LITHIA FMF, INC.",1FDNF6DE9PDF12254,3/14/2023,132,71406.64,2023,FORD,F-650
7/24/2023,FK,FKA495,44942,12,NEW,"LITHIA FMF, INC.",1FDUF4GT4NDA27916,5/25/2023,60,56878.6,2022,FORD,F-450
7/24/2023,FK,FKA495,44942,12,NEW,"LITHIA FMF, INC.",1FDUF5GT6NDA28555,5/29/2023,56,58910.6,2022,FORD,F-550
7/24/2023,FK,FKA495,44942,12,NEW,"LITHIA FMF, INC.",1FDUF5GT7PEC07636,7/24/2023,0,61398.5,2023,FORD,F-550
7/24/2023,FK,FKA495,44942,12,NEW,"LITHIA FMF, INC.",1FM5K8GC2PGA41757,4/20/2023,95,60069.57,2023,FORD,EXPLORER
7/24/2023,FK,FKA495,44942,12,NEW,"LITHIA FMF, INC.",1FM5K8GC4PGA75280,6/26/2023,28,59501.37,2023,FORD,EXPLORER
7/24/2023,FK,FKA495,44942,12,NEW,"LITHIA FMF, INC.",1FM5K8GC5PGA62179,5/25/2023,60,59501.37,2023,FORD,EXPLORER
7/24/2023,FK,FKA495,44942,12,NEW,"LITHIA FMF, INC.",1FM5K8GC8PGA22047,6/14/2023,40,58754.37,2023,FORD,EXPLORER
7/24/2023,FK,FKA495,44942,12,NEW,"LITHIA FMF, INC.",1FM5K8LC7PGA38312,6/19/2023,35,58530.37,2023,FORD,EXPLORER
7/24/2023,FK,FKA495,44942,12,NEW,"LITHIA FMF, INC.",1FMSK8JH4PGA67445,5/8/2023,77,50682.73,2023,FORD,EXPLORER
7/24/2023,FK,FKA495,44942,12,NEW,"LITHIA FMF, INC.",1FMSK8JH9PGA22808,5/16/2023,69,50121.53,2023,FORD,EXPLORER
7/24/2023,FK,FKA495,44942,12,NEW,"LITHIA FMF, INC.",1FT8X2BT3PEC06783,6/26/2023,28,64774.91,2023,FORD,F-250
7/24/2023,FK,FKA495,44942,12,NEW,"LITHIA FMF, INC.",1FTEW1C5XNKE50610,1/8/2023,197,56386.49,2022,FORD,F-150
7/24/2023,FK,FKA495,44942,12,NEW,"LITHIA FMF, INC.",1FTEW1E84PFA58385,4/20/2023,95,69931.37,2023,FORD,F-150
7/24/2023,FK,FKA495,44942,12,NEW,"LITHIA FMF, INC.",1FTEW1EP5PKE20982,7/6/2023,18,52711.97,2023,FORD,F-150
7/24/2023,FK,FKA495,44942,12,NEW,"LITHIA FMF, INC.",1FTEW1EP6PKE24491,7/24/2023,0,50180.01,2023,FORD,F-150
7/24/2023,FK,FKA495,44942,12,NEW,"LITHIA FMF, INC.",1FTEX1EP3PKE25644,7/18/2023,6,45432.01,2023,FORD,F-150
7/24/2023,FK,FKA495,44942,12,NEW,"LITHIA FMF, INC.",1FTFW1E51NKE87868,12/31/2022,205,66854.08,2022,FORD,F-150
7/24/2023,FK,FKA495,44942,12,NEW,"LITHIA FMF, INC.",1FTFW1E51PKD54028,5/31/2023,54,68879.52,2023,FORD,F-150
7/24/2023,FK,FKA495,44942,12,NEW,"LITHIA FMF, INC.",1FTFW1E53NKE43144,1/30/2023,175,60284.08,2022,FORD,F-150
7/24/2023,FK,FKA495,44942,12,NEW,"LITHIA FMF, INC.",1FTFW1E56PKD10364,4/4/2023,111,61394.28,2023,FORD,F-150
7/24/2023,FK,FKA495,44942,12,NEW,"LITHIA FMF, INC.",1FTFW1E57NKE43549,12/18/2022,218,60287.76,2022,FORD,F-150
7/24/2023,FK,FKA495,44942,12,NEW,"LITHIA FMF, INC.",1FTFW1E81PFA47901,4/20/2023,95,74076.37,2023,FORD,F-150
7/24/2023,FK,FKA495,44942,12,NEW,"LITHIA FMF, INC.",1FTFW1E81PFA58218,5/17/2023,68,70574.37,2023,FORD,F-150
7/24/2023,FK,FKA495,44942,12,NEW,"LITHIA FMF, INC.",1FTFW1E81PKE21544,7/18/2023,6,54190.17,2023,FORD,F-150
7/24/2023,FK,FKA495,44942,12,NEW,"LITHIA FMF, INC.",1FTFW1E81PKE25447,7/15/2023,9,54190.17,2023,FORD,F-150
7/24/2023,FK,FKA495,44942,12,NEW,"LITHIA FMF, INC.",1FTFW1E84PFA43065,5/25/2023,60,66671.37,2023,FORD,F-150
7/24/2023,FK,FKA495,44942,12,NEW,"LITHIA FMF, INC.",1FTFW1E85PFA47769,4/12/2023,103,70853.37,2023,FORD,F-150
7/24/2023,FK,FKA495,44942,12,NEW,"LITHIA FMF, INC.",1FTFW1E86PFA46758,4/25/2023,90,70029.37,2023,FORD,F-150
7/24/2023,FK,FKA495,44942,12,NEW,"LITHIA FMF, INC.",1FTFW1ED0PFA08908,4/18/2023,97,75710.77,2023,FORD,F-150
7/24/2023,FK,FKA495,44942,12,NEW,"LITHIA FMF, INC.",1FTFW1ED0PFB18731,6/26/2023,28,76322.57,2023,FORD,F-150
7/24/2023,FK,FKA495,44942,12,NEW,"LITHIA FMF, INC.",1FTFW1ED0PFB39563,7/15/2023,9,67490.57,2023,FORD,F-150
7/24/2023,FK,FKA495,44942,12,NEW,"LITHIA FMF, INC.",1FTFW1ED1PFA50424,4/24/2023,91,73638.77,2023,FORD,F-150
7/24/2023,FK,FKA495,44942,12,NEW,"LITHIA FMF, INC.",1FTFW1ED1PFB35750,7/15/2023,9,68568.57,2023,FORD,F-150
7/24/2023,FK,FKA495,44942,12,NEW,"LITHIA FMF, INC.",1FTFW1ED2PFB00425,5/28/2023,57,72075.57,2023,FORD,F-150
7/24/2023,FK,FKA495,44942,12,NEW,"LITHIA FMF, INC.",1FTFW1ED3PFB30422,6/29/2023,25,75598.57,2023,FORD,F-150
7/24/2023,FK,FKA495,44942,12,NEW,"LITHIA FMF, INC.",1FTFW1ED6PFB29975,6/26/2023,28,76835.57,2023,FORD,F-150
7/24/2023,FK,FKA495,44942,12,NEW,"LITHIA FMF, INC.",1FTFW1ED6PFB30026,6/29/2023,25,75598.57,2023,FORD,F-150
7/24/2023,FK,FKA495,44942,12,NEW,"LITHIA FMF, INC.",1FTFW1ED7PFA11093,4/10/2023,105,76388.77,2023,FORD,F-150
7/24/2023,FK,FKA495,44942,12,NEW,"LITHIA FMF, INC.",1FTFW1ED7PFA50024,5/2/2023,83,71613.57,2023,FORD,F-150
7/24/2023,FK,FKA495,44942,12,NEW,"LITHIA FMF, INC.",1FTFW1ED7PFB30469,7/3/2023,21,75598.57,2023,FORD,F-150
7/24/2023,FK,FKA495,44942,12,NEW,"LITHIA FMF, INC.",1FTFW1ED9PFA51661,4/17/2023,98,72801.77,2023,FORD,F-150
7/24/2023,FK,FKA495,44942,12,NEW,"LITHIA FMF, INC.",1FTFW1EDXPFB17957,6/29/2023,25,75598.57,2023,FORD,F-150
7/24/2023,FK,FKA495,44942,12,NEW,"LITHIA FMF, INC.",2LMPJ8J99PBL00829,4/27/2023,88,48015.88,2023,LINCOLN,NAUTILUS
7/24/2023,FK,FKA495,44942,12,NEW,"LITHIA FMF, INC.",3FMTK1RM2PMA17775,7/13/2023,11,48045.65,2023,FORD,MUSTANG MACH-E
7/24/2023,FK,FKA495,44942,12,NEW,"LITHIA FMF, INC.",3FMTK3R75PMA26895,7/16/2023,8,61035.65,2023,FORD,MUSTANG MACH-E
7/24/2023,FK,FKA495,44942,12,NEW,"LITHIA FMF, INC.",3FMTK4SE0NMA39405,1/19/2023,186,67215.65,2022,FORD,MUSTANG MACH-E
7/24/2023,FK,FKA495,44942,12,NEW,"LITHIA FMF, INC.",5LM5J7WC1PGL15302,5/28/2023,57,67270.37,2023,LINCOLN,AVIATOR
7/24/2023,FK,FKA495,44942,12,NEW,"LITHIA FMF, INC.",5LM5J7XC7PGL12323,4/15/2023,100,71577.57,2023,LINCOLN,AVIATOR
7/24/2023,FK,FKA495,44942,12,NEW,"LITHIA FMF, INC.",5LM5J7XC8PGL18597,6/26/2023,28,69213.72,2023,LINCOLN,AVIATOR
7/24/2023,FK,FKA495,44942,12,NEW,"LITHIA FMF, INC.",5LMJJ3LG0PEL03572,5/25/2023,60,102536.25,2023,LINCOLN,NAVIGATOR
7/24/2023,FK,FKA495,44942,12,PANW,"LITHIA FMF, INC.",1FD0W4GT8PEC91698,6/9/2023,45,62671.5,2023,FORD,F-450
7/24/2023,FK,FKA495,44942,12,PANW,"LITHIA FMF, INC.",1FD0W5GT2PEC91699,6/10/2023,44,65290.5,2023,FORD,F-550
7/24/2023,FK,FKA495,44942,12,PANW,"LITHIA FMF, INC.",1FD0W5GT7PEC91701,6/30/2023,24,65463.5,2023,FORD,F-550
7/24/2023,FK,FKA495,44942,12,PANW,"LITHIA FMF, INC.",1FD0X4GT1PEC91703,7/15/2023,9,62041.5,2023,FORD,F-450
7/24/2023,FK,FKA495,44942,12,PANW,"LITHIA FMF, INC.",1FD8W3ET2PEC78932,6/3/2023,51,59752.5,2023,FORD,F-350
7/24/2023,FK,FKA495,44942,12,PANW,"LITHIA FMF, INC.",1FD8W3GT8PEC78933,6/3/2023,51,60741.5,2023,FORD,F-350
7/24/2023,FK,FKA495,44942,12,PANW,"LITHIA FMF, INC.",1FD8X3FTXPEC93951,6/5/2023,49,62511.5,2023,FORD,F-350
7/24/2023,FK,FKA495,44942,12,PANW,"LITHIA FMF, INC.",1FDBW5P83PKB16612,7/18/2023,6,43809.48,2023,FORD,TRANSIT
7/24/2023,FK,FKA495,44942,12,PANW,"LITHIA FMF, INC.",1FDUF4GT0PEC91695,6/27/2023,27,59380.5,2023,FORD,F-450
7/24/2023,FK,FKA495,44942,12,PANW,"LITHIA FMF, INC.",1FDUF5GT7PEC91697,6/23/2023,31,61794.5,2023,FORD,F-550
7/24/2023,FK,FKA495,44942,12,PANW,"LITHIA FMF, INC.",1FMCU0MN9PUA42611,6/9/2023,45,30921.67,2023,FORD,ESCAPE
7/24/2023,FK,FKA495,44942,12,PANW,"LITHIA FMF, INC.",1FMCU9GN5PUA52214,7/13/2023,11,32753.67,2023,FORD,ESCAPE
7/24/2023,FK,FKA495,44942,12,PANW,"LITHIA FMF, INC.",1FMCU9GN5PUA52343,7/13/2023,11,32753.67,2023,FORD,ESCAPE
7/24/2023,FK,FKA495,44942,12,PANW,"LITHIA FMF, INC.",1FMCU9GNXPUA54508,6/30/2023,24,32753.67,2023,FORD,ESCAPE
7/24/2023,FK,FKA495,44942,12,PANW,"LITHIA FMF, INC.",1FMCU9NA8PUA55933,6/26/2023,28,37617.67,2023,FORD,ESCAPE
7/24/2023,FK,FKA495,44942,12,PANW,"LITHIA FMF, INC.",1FMDE5BHXPLB70017,7/15/2023,9,45998.85,2023,FORD,BRONCO
7/24/2023,FK,FKA495,44942,12,PANW,"LITHIA FMF, INC.",1FMDE5CP8PLB63380,6/24/2023,30,59718.85,2023,FORD,BRONCO
7/24/2023,FK,FKA495,44942,12,PANW,"LITHIA FMF, INC.",1FMDE5CP9PLB70239,7/21/2023,3,60447.85,2023,FORD,BRONCO
7/24/2023,FK,FKA495,44942,12,PANW,"LITHIA FMF, INC.",1FMDE5CPXPLB61355,7/15/2023,9,56198.85,2023,FORD,BRONCO
7/24/2023,FK,FKA495,44942,12,PANW,"LITHIA FMF, INC.",1FMDE5CPXPLB70458,7/14/2023,10,50845.85,2023,FORD,BRONCO
7/24/2023,FK,FKA495,44942,12,PANW,"LITHIA FMF, INC.",1FMDE5DH1PLB69965,7/18/2023,6,47900.85,2023,FORD,BRONCO
7/24/2023,FK,FKA495,44942,12,PANW,"LITHIA FMF, INC.",1FMDE5DH9PLB48927,7/21/2023,3,49361.85,2023,FORD,BRONCO
7/24/2023,FK,FKA495,44942,12,PANW,"LITHIA FMF, INC.",1FMEE5BP5PLB64198,7/12/2023,12,49932.85,2023,FORD,BRONCO
7/24/2023,FK,FKA495,44942,12,PANW,"LITHIA FMF, INC.",1FMEE5DH6PLB48677,7/15/2023,9,53302.85,2023,FORD,BRONCO
7/24/2023,FK,FKA495,44942,12,PANW,"LITHIA FMF, INC.",1FMEE5DP2PLB69985,7/18/2023,6,58518.85,2023,FORD,BRONCO
7/24/2023,FK,FKA495,44942,12,PANW,"LITHIA FMF, INC.",1FMEE5DP2PLB70179,7/18/2023,6,65215.85,2023,FORD,BRONCO
7/24/2023,FK,FKA495,44942,12,PANW,"LITHIA FMF, INC.",1FMEE5DP3PLB61958,7/21/2023,3,62833.85,2023,FORD,BRONCO
7/24/2023,FK,FKA495,44942,12,PANW,"LITHIA FMF, INC.",1FMEE5DP6PLB70038,7/18/2023,6,62204.85,2023,FORD,BRONCO
7/24/2023,FK,FKA495,44942,12,PANW,"LITHIA FMF, INC.",1FMJK1J83PEA47718,6/3/2023,51,69484.95,2023,FORD,EXPEDITION
7/24/2023,FK,FKA495,44942,12,PANW,"LITHIA FMF, INC.",1FMJK1J85PEA47719,7/14/2023,10,74057.95,2023,FORD,EXPEDITION
7/24/2023,FK,FKA495,44942,12,PANW,"LITHIA FMF, INC.",1FMJU1J80PEA47721,6/23/2023,31,71160.4,2023,FORD,EXPEDITION
7/24/2023,FK,FKA495,44942,12,PANW,"LITHIA FMF, INC.",1FMJU1M84PEA34630,6/16/2023,38,85917.4,2023,FORD,EXPEDITION
7/24/2023,FK,FKA495,44942,12,PANW,"LITHIA FMF, INC.",1FT6W1EV9PWG20534,7/20/2023,4,94900.65,2023,FORD,F-150
7/24/2023,FK,FKA495,44942,12,PANW,"LITHIA FMF, INC.",1FT7W2BT2PEC78931,5/11/2023,74,63895.5,2023,FORD,F-250
7/24/2023,FK,FKA495,44942,12,PANW,"LITHIA FMF, INC.",1FT7W2BT4PEC78929,5/12/2023,73,63895.5,2023,FORD,F-250
7/24/2023,FK,FKA495,44942,12,PANW,"LITHIA FMF, INC.",1FT8W2BA8PED40142,7/15/2023,9,56491.08,2023,FORD,F-250
7/24/2023,FK,FKA495,44942,12,PANW,"LITHIA FMF, INC.",1FT8W2BAXPED39560,7/13/2023,11,56491.08,2023,FORD,F-250
7/24/2023,FK,FKA495,44942,12,PANW,"LITHIA FMF, INC.",1FT8W2BT6PED35278,7/21/2023,3,77636.3,2023,FORD,F-250
7/24/2023,FK,FKA495,44942,12,PANW,"LITHIA FMF, INC.",1FT8W2BT7PEC78928,5/12/2023,73,61762.5,2023,FORD,F-250
7/24/2023,FK,FKA495,44942,12,PANW,"LITHIA FMF, INC.",1FT8W3BA3PED40426,6/29/2023,25,57498.08,2023,FORD,F-350
7/24/2023,FK,FKA495,44942,12,PANW,"LITHIA FMF, INC.",1FT8W3BA5PED40427,7/14/2023,10,57498.08,2023,FORD,F-350
7/24/2023,FK,FKA495,44942,12,PANW,"LITHIA FMF, INC.",1FT8W3BA7PED40428,7/13/2023,11,57498.08,2023,FORD,F-350
7/24/2023,FK,FKA495,44942,12,PANW,"LITHIA FMF, INC.",1FT8W3BT7PED01274,6/9/2023,45,80570.3,2023,FORD,F-350
7/24/2023,FK,FKA495,44942,12,PANW,"LITHIA FMF, INC.",1FT8W3BT7PED10329,6/23/2023,31,80570.3,2023,FORD,F-350
7/24/2023,FK,FKA495,44942,12,PANW,"LITHIA FMF, INC.",1FT8W4DM9PED10330,7/21/2023,3,94952.6,2023,FORD,F-450
7/24/2023,FK,FKA495,44942,12,PANW,"LITHIA FMF, INC.",1FTBF2AA1PED40121,7/13/2023,11,43987.08,2023,FORD,F-250
7/24/2023,FK,FKA495,44942,12,PANW,"LITHIA FMF, INC.",1FTBF2AA3PED39469,6/28/2023,26,43987.08,2023,FORD,F-250
7/24/2023,FK,FKA495,44942,12,PANW,"LITHIA FMF, INC.",1FTBR1C80PKB27531,7/8/2023,16,48359.71,2023,FORD,TRANSIT
7/24/2023,FK,FKA495,44942,12,PANW,"LITHIA FMF, INC.",1FTBR1C88PKB28765,7/8/2023,16,48359.71,2023,FORD,TRANSIT
7/24/2023,FK,FKA495,44942,12,PANW,"LITHIA FMF, INC.",1FTBW9CK0PKA92590,6/3/2023,51,56210.65,2023,FORD,TRANSIT
7/24/2023,FK,FKA495,44942,12,PANW,"LITHIA FMF, INC.",1FTBW9CK1PKA92744,6/3/2023,51,56210.65,2023,FORD,TRANSIT
7/24/2023,FK,FKA495,44942,12,PANW,"LITHIA FMF, INC.",1FTER4FH3PLE26967,7/7/2023,17,47012.85,2023,FORD,RANGER
7/24/2023,FK,FKA495,44942,12,PANW,"LITHIA FMF, INC.",1FTER4FH5PLE31166,6/24/2023,30,38451.85,2023,FORD,RANGER
7/24/2023,FK,FKA495,44942,12,PANW,"LITHIA FMF, INC.",1FTEW1CP6PKE63861,6/7/2023,47,45075.91,2023,FORD,F-150
7/24/2023,FK,FKA495,44942,12,PANW,"LITHIA FMF, INC.",1FTEW1CP9PKE64860,6/9/2023,45,45075.91,2023,FORD,F-150
7/24/2023,FK,FKA495,44942,12,PANW,"LITHIA FMF, INC.",1FTEW1CPXPFC13614,7/21/2023,3,51007.91,2023,FORD,F-150
7/24/2023,FK,FKA495,44942,12,PANW,"LITHIA FMF, INC.",1FTEW1E82PFB99844,7/14/2023,10,64580.01,2023,FORD,F-150
7/24/2023,FK,FKA495,44942,12,PANW,"LITHIA FMF, INC.",1FTEW1E85PFB95609,6/30/2023,24,64162.01,2023,FORD,F-150
7/24/2023,FK,FKA495,44942,12,PANW,"LITHIA FMF, INC.",1FTEW1E87PFB73935,7/13/2023,11,69010.01,2023,FORD,F-150
7/24/2023,FK,FKA495,44942,12,PANW,"LITHIA FMF, INC.",1FTEW1E87PFC12152,7/14/2023,10,63347.01,2023,FORD,F-150
7/24/2023,FK,FKA495,44942,12,PANW,"LITHIA FMF, INC.",1FTEW1E89PFB98125,6/28/2023,26,71269.01,2023,FORD,F-150
7/24/2023,FK,FKA495,44942,12,PANW,"LITHIA FMF, INC.",1FTEW1EP0PKE64047,6/24/2023,30,49434.91,2023,FORD,F-150
7/24/2023,FK,FKA495,44942,12,PANW,"LITHIA FMF, INC.",1FTEW1EP3PKE43791,6/10/2023,44,49358.91,2023,FORD,F-150
7/24/2023,FK,FKA495,44942,12,PANW,"LITHIA FMF, INC.",1FTEW1EP6PFB95500,7/7/2023,17,48738.91,2023,FORD,F-150
7/24/2023,FK,FKA495,44942,12,PANW,"LITHIA FMF, INC.",1FTEW1EP6PKE62867,6/16/2023,38,49434.91,2023,FORD,F-150
7/24/2023,FK,FKA495,44942,12,PANW,"LITHIA FMF, INC.",1FTEW1EP6PKE87350,7/21/2023,3,49206.91,2023,FORD,F-150
7/24/2023,FK,FKA495,44942,12,PANW,"LITHIA FMF, INC.",1FTEW1EP8PFB78732,5/27/2023,58,49785.91,2023,FORD,F-150
7/24/2023,FK,FKA495,44942,12,PANW,"LITHIA FMF, INC.",1FTEW1EP8PKE64071,6/24/2023,30,49434.91,2023,FORD,F-150
7/24/2023,FK,FKA495,44942,12,PANW,"LITHIA FMF, INC.",1FTEW1EPXPFB73676,7/13/2023,11,52762.91,2023,FORD,F-150
7/24/2023,FK,FKA495,44942,12,PANW,"LITHIA FMF, INC.",1FTEW1EPXPKE43903,6/3/2023,51,50226.01,2023,FORD,F-150
7/24/2023,FK,FKA495,44942,12,PANW,"LITHIA FMF, INC.",1FTEX1CP0PKE34076,5/25/2023,60,40307.38,2023,FORD,F-150
7/24/2023,FK,FKA495,44942,12,PANW,"LITHIA FMF, INC.",1FTEX1CP1PKE29761,6/2/2023,52,42105.69,2023,FORD,F-150
7/24/2023,FK,FKA495,44942,12,PANW,"LITHIA FMF, INC.",1FTEX1CP2PKE33608,5/25/2023,60,40144.38,2023,FORD,F-150
7/24/2023,FK,FKA495,44942,12,PANW,"LITHIA FMF, INC.",1FTEX1CP4PKE83670,7/15/2023,9,42816.38,2023,FORD,F-150
7/24/2023,FK,FKA495,44942,12,PANW,"LITHIA FMF, INC.",1FTEX1CP6PKE29951,6/3/2023,51,42105.69,2023,FORD,F-150
7/24/2023,FK,FKA495,44942,12,PANW,"LITHIA FMF, INC.",1FTEX1CP8PKE29921,6/2/2023,52,42105.69,2023,FORD,F-150
7/24/2023,FK,FKA495,44942,12,PANW,"LITHIA FMF, INC.",1FTEX1EPXPKE41422,6/10/2023,44,45916.38,2023,FORD,F-150
7/24/2023,FK,FKA495,44942,12,PANW,"LITHIA FMF, INC.",1FTFW1E8XPFC01831,6/28/2023,26,51845.01,2023,FORD,F-150
7/24/2023,FK,FKA495,44942,12,PANW,"LITHIA FMF, INC.",1FTFW1E53PFC02146,6/28/2023,26,51823.01,2023,FORD,F-150
7/24/2023,FK,FKA495,44942,12,PANW,"LITHIA FMF, INC.",1FTFW1E53PKE66992,6/27/2023,27,60055.01,2023,FORD,F-150
7/24/2023,FK,FKA495,44942,12,PANW,"LITHIA FMF, INC.",1FTFW1E55PKE63222,6/16/2023,38,57792.01,2023,FORD,F-150
7/24/2023,FK,FKA495,44942,12,PANW,"LITHIA FMF, INC.",1FTFW1E55PKE75905,7/15/2023,9,51651.91,2023,FORD,F-150
7/24/2023,FK,FKA495,44942,12,PANW,"LITHIA FMF, INC.",1FTFW1E56PKE19777,5/12/2023,73,68254.01,2023,FORD,F-150
7/24/2023,FK,FKA495,44942,12,PANW,"LITHIA FMF, INC.",1FTFW1E58PKD31765,6/2/2023,52,61617.36,2023,FORD,F-150
7/24/2023,FK,FKA495,44942,12,PANW,"LITHIA FMF, INC.",1FTFW1E80PFC00588,6/23/2023,31,65042.01,2023,FORD,F-150
7/24/2023,FK,FKA495,44942,12,PANW,"LITHIA FMF, INC.",1FTFW1E81PKE63194,6/27/2023,27,59037.01,2023,FORD,F-150
7/24/2023,FK,FKA495,44942,12,PANW,"LITHIA FMF, INC.",1FTFW1E82PKE73863,6/27/2023,27,60175.01,2023,FORD,F-150
7/24/2023,FK,FKA495,44942,12,PANW,"LITHIA FMF, INC.",1FTFW1E82PKE74978,7/13/2023,11,60133.01,2023,FORD,F-150
7/24/2023,FK,FKA495,44942,12,PANW,"LITHIA FMF, INC.",1FTFW1E83PKE76674,6/30/2023,24,59856.01,2023,FORD,F-150
7/24/2023,FK,FKA495,44942,12,PANW,"LITHIA FMF, INC.",1FTFW1E84PFB95430,6/28/2023,26,60411.01,2023,FORD,F-150
7/24/2023,FK,FKA495,44942,12,PANW,"LITHIA FMF, INC.",1FTFW1E84PFC12257,7/13/2023,11,59742.01,2023,FORD,F-150
7/24/2023,FK,FKA495,44942,12,PANW,"LITHIA FMF, INC.",1FTFW1E86PFB75163,6/9/2023,45,59448.01,2023,FORD,F-150
7/24/2023,FK,FKA495,44942,12,PANW,"LITHIA FMF, INC.",1FTFW1E86PFC02135,7/13/2023,11,67067.01,2023,FORD,F-150
7/24/2023,FK,FKA495,44942,12,PANW,"LITHIA FMF, INC.",1FTFW1ED8PFB62105,7/13/2023,11,69051.46,2023,FORD,F-150
7/24/2023,FK,FKA495,44942,12,PANW,"LITHIA FMF, INC.",1FTFW1RG1PFC00830,7/15/2023,9,78272.01,2023,FORD,F-150
7/24/2023,FK,FKA495,44942,12,PANW,"LITHIA FMF, INC.",1FTFW1RG4PFB84123,7/15/2023,9,77466.01,2023,FORD,F-150
7/24/2023,FK,FKA495,44942,12,PANW,"LITHIA FMF, INC.",1FTFW1RGXPFB97331,7/13/2023,11,75641.01,2023,FORD,F-150
7/24/2023,FK,FKA495,44942,12,PANW,"LITHIA FMF, INC.",1FTMF1CB2PKE21249,6/2/2023,52,35223.38,2023,FORD,F-150
7/24/2023,FK,FKA495,44942,12,PANW,"LITHIA FMF, INC.",1FTVW1EL8PWG18834,7/20/2023,4,59630.65,2023,FORD,F-150
7/24/2023,FK,FKA495,44942,12,PANW,"LITHIA FMF, INC.",1FTVW1ELXPWG16065,7/20/2023,4,77310.65,2023,FORD,F-150
7/24/2023,FK,FKA495,44942,12,PANW,"LITHIA FMF, INC.",1FTVW1EV0PWG10065,7/20/2023,4,79325.65,2023,FORD,F-150
7/24/2023,FK,FKA495,44942,12,PANW,"LITHIA FMF, INC.",1FTVW1EV4PWG10070,7/20/2023,4,82320.65,2023,FORD,F-150
7/24/2023,FK,FKA495,44942,12,PANW,"LITHIA FMF, INC.",2FMPK4K91PBA53547,6/30/2023,24,45885.34,2023,FORD,EDGE
7/24/2023,FK,FKA495,44942,12,PANW,"LITHIA FMF, INC.",2FMPK4K93PBA53758,6/24/2023,30,46820.34,2023,FORD,EDGE
7/24/2023,FK,FKA495,44942,12,PANW,"LITHIA FMF, INC.",2FMPK4K98PBA53626,7/15/2023,9,46350.34,2023,FORD,EDGE
7/24/2023,FK,FKA495,44942,12,PANW,"LITHIA FMF, INC.",2LMPJ6K90PBL16257,6/24/2023,30,50445.83,2023,LINCOLN,NAUTILUS
7/24/2023,FK,FKA495,44942,12,PANW,"LITHIA FMF, INC.",2LMPJ8K97PBL14811,6/24/2023,30,62759.34,2023,LINCOLN,NAUTILUS
7/24/2023,FK,FKA495,44942,12,PANW,"LITHIA FMF, INC.",2LMPJ8KP5PBL02736,5/12/2023,73,62303.08,2023,LINCOLN,NAUTILUS
7/24/2023,FK,FKA495,44942,12,PANW,"LITHIA FMF, INC.",3FMCR9B60PRD81136,7/21/2023,3,33864.32,2023,FORD,BRONCO SPORT
7/24/2023,FK,FKA495,44942,12,PANW,"LITHIA FMF, INC.",3FMCR9B65PRD81004,7/14/2023,10,33864.32,2023,FORD,BRONCO SPORT
7/24/2023,FK,FKA495,44942,12,PANW,"LITHIA FMF, INC.",3FMCR9D9XPRD93902,7/21/2023,3,39245.32,2023,FORD,BRONCO SPORT
7/24/2023,FK,FKA495,44942,12,PANW,"LITHIA FMF, INC.",3FMCR9D96PRD77339,7/21/2023,3,43226.32,2023,FORD,BRONCO SPORT
7/24/2023,FK,FKA495,44942,12,PANW,"LITHIA FMF, INC.",3FMCR9D99PRD95382,7/21/2023,3,39715.32,2023,FORD,BRONCO SPORT
7/24/2023,FK,FKA495,44942,12,PANW,"LITHIA FMF, INC.",3FMCR9G63PRD83391,7/13/2023,11,36406.32,2023,FORD,BRONCO SPORT
7/24/2023,FK,FKA495,44942,12,PANW,"LITHIA FMF, INC.",3FMCR9G69PRD65493,6/10/2023,44,34677.32,2023,FORD,BRONCO SPORT
7/24/2023,FK,FKA495,44942,12,PANW,"LITHIA FMF, INC.",3FMCR9H96PRD76492,7/21/2023,3,45195.32,2023,FORD,BRONCO SPORT
7/24/2023,FK,FKA495,44942,12,PANW,"LITHIA FMF, INC.",3FMTK1RM1PMA40223,6/10/2023,44,47805.65,2023,FORD,MUSTANG MACH-E
7/24/2023,FK,FKA495,44942,12,PANW,"LITHIA FMF, INC.",3FMTK1RMXPMA41192,6/10/2023,44,49705.65,2023,FORD,MUSTANG MACH-E
7/24/2023,FK,FKA495,44942,12,PANW,"LITHIA FMF, INC.",3FMTK3R70PMA37092,6/27/2023,27,59805.65,2023,FORD,MUSTANG MACH-E
7/24/2023,FK,FKA495,44942,12,PANW,"LITHIA FMF, INC.",3FMTK3SU4PMA57281,7/21/2023,3,63600.65,2023,FORD,MUSTANG MACH-E
7/24/2023,FK,FKA495,44942,12,PANW,"LITHIA FMF, INC.",3FMTK4SE4PMA58090,7/21/2023,3,66045.65,2023,FORD,MUSTANG MACH-E
7/24/2023,FK,FKA495,44942,12,PANW,"LITHIA FMF, INC.",5LMCJ1CA0PUL05370,6/9/2023,45,48701.32,2023,LINCOLN,CORSAIR
7/24/2023,FK,FKA495,44942,12,PANW,"LITHIA FMF, INC.",5LMCJ1CA4PUL03752,6/24/2023,30,43364.32,2023,LINCOLN,CORSAIR
7/24/2023,FK,FKA495,44942,12,PANW,"LITHIA FMF, INC.",5LMCJ1CA5PUL05395,6/10/2023,44,43514.32,2023,LINCOLN,CORSAIR
7/24/2023,FK,FKA495,44942,12,PANW,"LITHIA FMF, INC.",5LMCJ2CA4PUL02400,6/24/2023,30,47046.32,2023,LINCOLN,CORSAIR
7/24/2023,FK,FKA495,44942,12,PANW,"LITHIA FMF, INC.",5LMCJ2CAXPUL05611,6/10/2023,44,54416.32,2023,LINCOLN,CORSAIR
7/24/2023,FK,FKA495,44942,12,PANW,"LITHIA FMF, INC.",5LMJJ2LG5PEL11547,6/10/2023,44,97487.4,2023,LINCOLN,NAVIGATOR
7/24/2023,FS,FSA577,80415,3,FSLP,"LITHIA ROSE-FT, INC.",1FD7X2B60NEG18819,6/30/2023,24,48284.56,2022,FORD,F-250
7/24/2023,FS,FSA577,80415,3,FSLP,"LITHIA ROSE-FT, INC.",1FDBF2B65NEF14565,5/31/2023,54,44876.52,2022,FORD,F-250
7/24/2023,FS,FSA577,80415,3,FSLP,"LITHIA ROSE-FT, INC.",1FMCU9H62NUB34857,5/31/2023,54,36692.48,2022,FORD,ESCAPE
7/24/2023,FS,FSA577,80415,3,FSLP,"LITHIA ROSE-FT, INC.",1FTFW1E80PKD21662,6/30/2023,24,69811.72,2023,FORD,F-150
7/24/2023,FS,FSA577,80415,3,FSLP,"LITHIA ROSE-FT, INC.",1FTFW1E87PFA43478,6/30/2023,24,70535.72,2023,FORD,F-150
7/24/2023,FS,FSA577,80415,3,FSLP,"LITHIA ROSE-FT, INC.",1FTFW1E87PFA56425,6/30/2023,24,66883.52,2023,FORD,F-150
7/24/2023,FS,FSA577,80415,3,FSLP,"LITHIA ROSE-FT, INC.",1FTFW1ED3PFA47296,6/30/2023,24,72170.12,2023,FORD,F-150
7/24/2023,FS,FSA577,80415,3,FSLP,"LITHIA ROSE-FT, INC.",3FMCR9B61NRE32706,4/28/2023,87,32062.84,2022,FORD,BRONCO SPORT
7/24/2023,FS,FSA577,80415,3,FSLP,"LITHIA ROSE-FT, INC.",3FMCR9C60PRD12963,6/30/2023,24,37360.44,2023,FORD,BRONCO SPORT
7/24/2023,FS,FSA577,80415,3,FSLP,"LITHIA ROSE-FT, INC.",3FMCR9C60PRD19900,6/30/2023,24,36964.44,2023,FORD,BRONCO SPORT
7/24/2023,FS,FSA577,80415,3,FSLP,"LITHIA ROSE-FT, INC.",3FMCR9C67PRD12829,6/30/2023,24,37360.44,2023,FORD,BRONCO SPORT
7/24/2023,FS,FSA577,80415,3,FSLP,"LITHIA ROSE-FT, INC.",3FMTK4SE0PMA37902,6/28/2023,26,66045,2023,FORD,MUSTANG MACH-E
7/24/2023,FS,FSA577,80415,3,MPG,"LITHIA ROSE-FT, INC.",1FTFW1EDXNFC18512,7/21/2023,3,78158.29,2022,FORD,F-150
7/24/2023,FS,FSA577,80415,3,NEW,"LITHIA ROSE-FT, INC.",1FA6P8CF5P5300771,3/17/2023,129,49435.32,2023,FORD,MUSTANG
7/24/2023,FS,FSA577,80415,3,NEW,"LITHIA ROSE-FT, INC.",1FMSK8FH1PGA94174,7/3/2023,21,52413.08,2023,FORD,EXPLORER
7/24/2023,FS,FSA577,80415,3,NEW,"LITHIA ROSE-FT, INC.",1FTFW1E5XPKE15800,7/24/2023,0,62633.36,2023,FORD,F-150
7/24/2023,FS,FSA577,80415,3,NEW,"LITHIA ROSE-FT, INC.",1FTFW1E50PKD88266,7/20/2023,4,64075.36,2023,FORD,F-150
7/24/2023,FS,FSA577,80415,3,NEW,"LITHIA ROSE-FT, INC.",1FTFW1E85NFB58125,5/4/2023,81,71543.12,2022,FORD,F-150
7/24/2023,FS,FSA577,80415,3,NEW,"LITHIA ROSE-FT, INC.",1FTFX1E56PKD86339,6/7/2023,47,48537.36,2023,FORD,F-150
7/24/2023,FS,FSA577,80415,3,NEW,"LITHIA ROSE-FT, INC.",2FMPK4J99PBA13976,7/3/2023,21,42624.08,2023,FORD,EDGE
7/24/2023,FS,FSA577,80415,3,NEW,"LITHIA ROSE-FT, INC.",3FMCR9H99PRD19199,6/19/2023,35,44876.44,2023,FORD,BRONCO SPORT
7/24/2023,FS,FSA577,80415,3,NEW,"LITHIA ROSE-FT, INC.",3FMTK4SX0NMA45268,5/31/2023,54,72180.65,2022,FORD,MUSTANG MACH-E
7/24/2023,FS,FSA577,80415,3,PANW,"LITHIA ROSE-FT, INC.",1FD0W5HT4PEC89399,6/7/2023,47,68589.6,2023,FORD,F-550
7/24/2023,FS,FSA577,80415,3,PANW,"LITHIA ROSE-FT, INC.",1FD8W3FNXPEC73588,5/15/2023,70,53564.08,2023,FORD,F-350
7/24/2023,FS,FSA577,80415,3,PANW,"LITHIA ROSE-FT, INC.",1FD8W3FT0PEC94156,6/20/2023,34,63613.5,2023,FORD,F-350
7/24/2023,FS,FSA577,80415,3,PANW,"LITHIA ROSE-FT, INC.",1FD8W3FT2PEC94157,6/22/2023,32,63613.5,2023,FORD,F-350
7/24/2023,FS,FSA577,80415,3,PANW,"LITHIA ROSE-FT, INC.",1FD8W3FT4PEC73584,7/6/2023,18,63608.7,2023,FORD,F-350
7/24/2023,FS,FSA577,80415,3,PANW,"LITHIA ROSE-FT, INC.",1FD8W3FT6PEC73585,5/30/2023,55,63613.5,2023,FORD,F-350
7/24/2023,FS,FSA577,80415,3,PANW,"LITHIA ROSE-FT, INC.",1FD8W3FT9PEC94155,6/12/2023,42,63613.5,2023,FORD,F-350
7/24/2023,FS,FSA577,80415,3,PANW,"LITHIA ROSE-FT, INC.",1FD8X3FT0PEC94185,7/5/2023,19,62506.7,2023,FORD,F-350
7/24/2023,FS,FSA577,80415,3,PANW,"LITHIA ROSE-FT, INC.",1FD8X3FT2PEC94186,5/30/2023,55,62511.5,2023,FORD,F-350
7/24/2023,FS,FSA577,80415,3,PANW,"LITHIA ROSE-FT, INC.",1FD8X3FT4PEC94187,7/1/2023,23,62511.5,2023,FORD,F-350
7/24/2023,FS,FSA577,80415,3,PANW,"LITHIA ROSE-FT, INC.",1FD8X3FT4PEC94190,6/3/2023,51,62511.5,2023,FORD,F-350
7/24/2023,FS,FSA577,80415,3,PANW,"LITHIA ROSE-FT, INC.",1FD8X3FT6PEC94188,5/26/2023,59,62511.5,2023,FORD,F-350
7/24/2023,FS,FSA577,80415,3,PANW,"LITHIA ROSE-FT, INC.",1FD8X3FT8PEC94189,5/24/2023,61,62511.5,2023,FORD,F-350
7/24/2023,FS,FSA577,80415,3,PANW,"LITHIA ROSE-FT, INC.",1FD8X3FT9PEC94184,7/5/2023,19,62506.7,2023,FORD,F-350
7/24/2023,FS,FSA577,80415,3,PANW,"LITHIA ROSE-FT, INC.",1FDNF6DE4RDF02668,5/20/2023,65,73528.3,2024,FORD,F-650
7/24/2023,FS,FSA577,80415,3,PANW,"LITHIA ROSE-FT, INC.",1FDUF4HT6PDA07314,7/7/2023,17,63102.7,2023,FORD,F-450
7/24/2023,FS,FSA577,80415,3,PANW,"LITHIA ROSE-FT, INC.",1FDUF4HT8PDA07184,7/7/2023,17,63102.7,2023,FORD,F-450
7/24/2023,FS,FSA577,80415,3,PANW,"LITHIA ROSE-FT, INC.",1FDUF4HTXPDA07154,7/14/2023,10,63102.7,2023,FORD,F-450
7/24/2023,FS,FSA577,80415,3,PANW,"LITHIA ROSE-FT, INC.",1FDWF7DE1RDF04744,6/12/2023,42,77806.3,2024,FORD,F-750
7/24/2023,FS,FSA577,80415,3,PANW,"LITHIA ROSE-FT, INC.",1FMCU0E13PUA03041,6/13/2023,41,46800.12,2023,FORD,ESCAPE
7/24/2023,FS,FSA577,80415,3,PANW,"LITHIA ROSE-FT, INC.",1FMCU0E16PUA24952,6/13/2023,41,47735.12,2023,FORD,ESCAPE
7/24/2023,FS,FSA577,80415,3,PANW,"LITHIA ROSE-FT, INC.",1FMCU9GN7PUA53011,6/21/2023,33,31818.67,2023,FORD,ESCAPE
7/24/2023,FS,FSA577,80415,3,PANW,"LITHIA ROSE-FT, INC.",1FMCU9NA2PUA19221,5/11/2023,74,37406.67,2023,FORD,ESCAPE
7/24/2023,FS,FSA577,80415,3,PANW,"LITHIA ROSE-FT, INC.",1FMDE4DH6PLA40095,7/19/2023,5,49421.2,2023,FORD,BRONCO
7/24/2023,FS,FSA577,80415,3,PANW,"LITHIA ROSE-FT, INC.",1FMEE5DP0PLB55583,7/19/2023,5,54558.2,2023,FORD,BRONCO
7/24/2023,FS,FSA577,80415,3,PANW,"LITHIA ROSE-FT, INC.",1FMJK1J83PEA14508,6/16/2023,38,72473.3,2023,FORD,EXPEDITION
7/24/2023,FS,FSA577,80415,3,PANW,"LITHIA ROSE-FT, INC.",1FMJU1J80PEA53115,7/14/2023,10,71624.75,2023,FORD,EXPEDITION
7/24/2023,FS,FSA577,80415,3,PANW,"LITHIA ROSE-FT, INC.",1FMJU1J80PEA54166,6/20/2023,34,71159.75,2023,FORD,EXPEDITION
7/24/2023,FS,FSA577,80415,3,PANW,"LITHIA ROSE-FT, INC.",1FMJU1M81PEA47920,6/16/2023,38,88214.75,2023,FORD,EXPEDITION
7/24/2023,FS,FSA577,80415,3,PANW,"LITHIA ROSE-FT, INC.",1FMJU2AG1PEA47921,6/13/2023,41,85591.75,2023,FORD,EXPEDITION
7/24/2023,FS,FSA577,80415,3,PANW,"LITHIA ROSE-FT, INC.",1FT6W1EV0PWG19238,7/20/2023,4,80535,2023,FORD,F-150
7/24/2023,FS,FSA577,80415,3,PANW,"LITHIA ROSE-FT, INC.",1FT7W2BT7PEC73580,5/24/2023,61,60567.5,2023,FORD,F-250
7/24/2023,FS,FSA577,80415,3,PANW,"LITHIA ROSE-FT, INC.",1FT7W2BT9PEC73581,5/15/2023,70,60567.5,2023,FORD,F-250
7/24/2023,FS,FSA577,80415,3,PANW,"LITHIA ROSE-FT, INC.",1FT8W3BMXPEC89775,7/5/2023,19,87298.6,2023,FORD,F-350
7/24/2023,FS,FSA577,80415,3,PANW,"LITHIA ROSE-FT, INC.",1FT8W3BT1PED37994,7/7/2023,17,72771.3,2023,FORD,F-350
7/24/2023,FS,FSA577,80415,3,PANW,"LITHIA ROSE-FT, INC.",1FT8W3BT5PED38081,7/7/2023,17,68729.6,2023,FORD,F-350
7/24/2023,FS,FSA577,80415,3,PANW,"LITHIA ROSE-FT, INC.",1FT8W3BT7PED38101,7/19/2023,5,73966.6,2023,FORD,F-350
7/24/2023,FS,FSA577,80415,3,PANW,"LITHIA ROSE-FT, INC.",1FTBF2BT5PEC79677,5/11/2023,74,57036.5,2023,FORD,F-250
7/24/2023,FS,FSA577,80415,3,PANW,"LITHIA ROSE-FT, INC.",1FTBW1XG9PKB37324,7/20/2023,4,56480.75,2023,FORD,TRANSIT
7/24/2023,FS,FSA577,80415,3,PANW,"LITHIA ROSE-FT, INC.",1FTER4FH5PLE16442,7/7/2023,17,46386.2,2023,FORD,RANGER
7/24/2023,FS,FSA577,80415,3,PANW,"LITHIA ROSE-FT, INC.",1FTER4FH5PLE34438,6/26/2023,28,41539.2,2023,FORD,RANGER
7/24/2023,FS,FSA577,80415,3,PANW,"LITHIA ROSE-FT, INC.",1FTEW1E87PFB36769,7/5/2023,19,69857.36,2023,FORD,F-150
7/24/2023,FS,FSA577,80415,3,PANW,"LITHIA ROSE-FT, INC.",1FTFW1E5XPKE61269,6/22/2023,32,51690.36,2023,FORD,F-150
7/24/2023,FS,FSA577,80415,3,PANW,"LITHIA ROSE-FT, INC.",1FTFW1E81PKE39252,6/16/2023,38,70491.36,2023,FORD,F-150
7/24/2023,FS,FSA577,80415,3,PANW,"LITHIA ROSE-FT, INC.",1FTFW1E85PFC01395,7/7/2023,17,59725.36,2023,FORD,F-150
7/24/2023,FS,FSA577,80415,3,PANW,"LITHIA ROSE-FT, INC.",1FTFW1E86PFC01423,6/24/2023,30,72930.36,2023,FORD,F-150
7/24/2023,FS,FSA577,80415,3,PANW,"LITHIA ROSE-FT, INC.",1FTFW1E88PKE72362,7/19/2023,5,63474.36,2023,FORD,F-150
7/24/2023,FS,FSA577,80415,3,PANW,"LITHIA ROSE-FT, INC.",1FTFW1E89PFB98260,7/5/2023,19,74301.36,2023,FORD,F-150
7/24/2023,FS,FSA577,80415,3,PANW,"LITHIA ROSE-FT, INC.",1FTFW1ED1PFC03898,7/7/2023,17,66609.81,2023,FORD,F-150
7/24/2023,FS,FSA577,80415,3,PANW,"LITHIA ROSE-FT, INC.",1FTFW1ED5PFB98382,7/7/2023,17,75286.81,2023,FORD,F-150
7/24/2023,FS,FSA577,80415,3,PANW,"LITHIA ROSE-FT, INC.",1FTFW1ED6PFB98858,7/5/2023,19,70737.81,2023,FORD,F-150
7/24/2023,FS,FSA577,80415,3,PANW,"LITHIA ROSE-FT, INC.",1FTFW1ED8PFC09441,7/14/2023,10,74340.81,2023,FORD,F-150
7/24/2023,FS,FSA577,80415,3,PANW,"LITHIA ROSE-FT, INC.",1FTFX1E51PKE85490,7/22/2023,2,47269.36,2023,FORD,F-150
7/24/2023,FS,FSA577,80415,3,PANW,"LITHIA ROSE-FT, INC.",1FTFX1E53PKE77987,7/22/2023,2,47269.36,2023,FORD,F-150
7/24/2023,FS,FSA577,80415,3,PANW,"LITHIA ROSE-FT, INC.",1FTFX1E53PKE84583,7/22/2023,2,47269.36,2023,FORD,F-150
7/24/2023,FS,FSA577,80415,3,PANW,"LITHIA ROSE-FT, INC.",1FTFX1E58PKE78035,7/22/2023,2,47269.36,2023,FORD,F-150
7/24/2023,FS,FSA577,80415,3,PANW,"LITHIA ROSE-FT, INC.",2FMPK4G91PBA52097,7/19/2023,5,40096.69,2023,FORD,EDGE
7/24/2023,FS,FSA577,80415,3,PANW,"LITHIA ROSE-FT, INC.",2FMPK4G93PBA50836,7/5/2023,19,40096.69,2023,FORD,EDGE
7/24/2023,FS,FSA577,80415,3,PANW,"LITHIA ROSE-FT, INC.",3FMTK3SS3PMA19006,6/7/2023,47,56045,2023,FORD,MUSTANG MACH-E
7/24/2023,FS,FSA577,80415,3,PANW,"LITHIA ROSE-FT, INC.",3FTTW8E35PRA55390,7/14/2023,10,24141.65,2023,FORD,MAVERICK
7/24/2023,FS,FSA577,80415,3,PANW,"LITHIA ROSE-FT, INC.",NM0LS7S20P1553795,7/20/2023,4,38861.65,2023,FORD,TRANSIT CONNECT
7/24/2023,EA,EAAA0M,83617,3,FSLP,LITHIA ND ACQUISITION CORP. #1,1FMJK1PT3NEA56198,5/16/2023,69,84082.6,2022,FORD,EXPEDITION
7/24/2023,EA,EAAA0M,83617,3,FSLP,LITHIA ND ACQUISITION CORP. #1,1FTEX1EP3PFB18693,5/31/2023,54,45640.36,2023,FORD,F-150
7/24/2023,EA,EAAA0M,83617,3,FSLP,LITHIA ND ACQUISITION CORP. #1,1FTFW1E8XPFA21801,6/17/2023,37,55481.52,2023,FORD,F-150
7/24/2023,EA,EAAA0M,83617,3,FSLP,LITHIA ND ACQUISITION CORP. #1,1FTFW1E86PFA69621,5/31/2023,54,58789.72,2023,FORD,F-150
7/24/2023,EA,EAAA0M,83617,3,FSLP,LITHIA ND ACQUISITION CORP. #1,1FTFW1E87PFA92552,6/30/2023,24,61640.52,2023,FORD,F-150
7/24/2023,EA,EAAA0M,83617,3,FSLP,LITHIA ND ACQUISITION CORP. #1,1FTFW1E88PFA67532,5/31/2023,54,58313.72,2023,FORD,F-150
7/24/2023,EA,EAAA0M,83617,3,FSLP,LITHIA ND ACQUISITION CORP. #1,2FMPK4J98PBA06629,6/29/2023,25,39746.08,2023,FORD,EDGE
7/24/2023,EA,EAAA0M,83617,3,FSLP,LITHIA ND ACQUISITION CORP. #1,3FMTK4SE8PMA37209,6/30/2023,24,66840,2023,FORD,MUSTANG MACH-E
7/24/2023,EA,EAAA0M,83617,3,NEW,LITHIA ND ACQUISITION CORP. #1,1FA6P8CF3P5302406,6/30/2023,24,50273.12,2023,FORD,MUSTANG
7/24/2023,EA,EAAA0M,83617,3,NEW,LITHIA ND ACQUISITION CORP. #1,1FM5K8GCXPGA29629,5/9/2023,76,59310.92,2023,FORD,EXPLORER
7/24/2023,EA,EAAA0M,83617,3,NEW,LITHIA ND ACQUISITION CORP. #1,1FM5K8GCXPGA30683,3/22/2023,124,60018.92,2023,FORD,EXPLORER
7/24/2023,EA,EAAA0M,83617,3,NEW,LITHIA ND ACQUISITION CORP. #1,1FM5K8LC1PGA47085,6/15/2023,39,61298.72,2023,FORD,EXPLORER
7/24/2023,EA,EAAA0M,83617,3,NEW,LITHIA ND ACQUISITION CORP. #1,1FMCU9H99NUC03702,3/6/2023,140,39172.84,2022,FORD,ESCAPE
7/24/2023,EA,EAAA0M,83617,3,NEW,LITHIA ND ACQUISITION CORP. #1,1FMJK1PT5NEA56204,3/30/2023,116,84514.6,2022,FORD,EXPEDITION
7/24/2023,EA,EAAA0M,83617,3,NEW,LITHIA ND ACQUISITION CORP. #1,1FMJK1PT8NEA56195,3/30/2023,116,84044.6,2022,FORD,EXPEDITION
7/24/2023,EA,EAAA0M,83617,3,NEW,LITHIA ND ACQUISITION CORP. #1,1FMJK1PT8NEA56200,3/30/2023,116,84514.6,2022,FORD,EXPEDITION
7/24/2023,EA,EAAA0M,83617,3,NEW,LITHIA ND ACQUISITION CORP. #1,1FMJU2A85PEA34467,6/28/2023,26,80061,2023,FORD,EXPEDITION
7/24/2023,EA,EAAA0M,83617,3,NEW,LITHIA ND ACQUISITION CORP. #1,1FMJU2AG2PEA12773,6/13/2023,41,83238,2023,FORD,EXPEDITION
7/24/2023,EA,EAAA0M,83617,3,NEW,LITHIA ND ACQUISITION CORP. #1,1FMSK8FH2NGC49523,6/5/2023,49,52293.88,2022,FORD,EXPLORER
7/24/2023,EA,EAAA0M,83617,3,NEW,LITHIA ND ACQUISITION CORP. #1,1FMSK8FH3PGA65176,6/29/2023,25,52302.08,2023,FORD,EXPLORER
7/24/2023,EA,EAAA0M,83617,3,NEW,LITHIA ND ACQUISITION CORP. #1,1FMSK8JH7PGA16070,5/9/2023,76,50220.88,2023,FORD,EXPLORER
7/24/2023,EA,EAAA0M,83617,3,NEW,LITHIA ND ACQUISITION CORP. #1,1FT8W4DT9PEC06413,7/24/2023,0,74791.92,2023,FORD,F-450
7/24/2023,EA,EAAA0M,83617,3,NEW,LITHIA ND ACQUISITION CORP. #1,1FTEW1EP0PKD40778,4/17/2023,98,55515.52,2023,FORD,F-150
7/24/2023,EA,EAAA0M,83617,3,NEW,LITHIA ND ACQUISITION CORP. #1,1FTEW1EP2PFA98245,6/12/2023,42,50811.52,2023,FORD,F-150
7/24/2023,EA,EAAA0M,83617,3,NEW,LITHIA ND ACQUISITION CORP. #1,1FTEW1EP4PKD79888,5/28/2023,57,50811.52,2023,FORD,F-150
7/24/2023,EA,EAAA0M,83617,3,NEW,LITHIA ND ACQUISITION CORP. #1,1FTEW1EP6PKE23955,7/8/2023,16,53601.36,2023,FORD,F-150
7/24/2023,EA,EAAA0M,83617,3,NEW,LITHIA ND ACQUISITION CORP. #1,1FTEW1EP7PFA95731,6/14/2023,40,50160.52,2023,FORD,F-150
7/24/2023,EA,EAAA0M,83617,3,NEW,LITHIA ND ACQUISITION CORP. #1,1FTEW1EP7PFB05397,6/29/2023,25,50338.52,2023,FORD,F-150
7/24/2023,EA,EAAA0M,83617,3,NEW,LITHIA ND ACQUISITION CORP. #1,1FTEW1EP8PKE00211,6/4/2023,50,49005.32,2023,FORD,F-150
7/24/2023,EA,EAAA0M,83617,3,NEW,LITHIA ND ACQUISITION CORP. #1,1FTEW1EP9PKE33623,7/23/2023,1,51134.36,2023,FORD,F-150
7/24/2023,EA,EAAA0M,83617,3,NEW,LITHIA ND ACQUISITION CORP. #1,1FTEW1EPXPKD89776,6/14/2023,40,50160.52,2023,FORD,F-150
7/24/2023,EA,EAAA0M,83617,3,NEW,LITHIA ND ACQUISITION CORP. #1,1FTEW1EPXPKE34201,7/13/2023,11,56636.36,2023,FORD,F-150
7/24/2023,EA,EAAA0M,83617,3,NEW,LITHIA ND ACQUISITION CORP. #1,1FTFW1E5XPFA69174,4/23/2023,92,59001.32,2023,FORD,F-150
7/24/2023,EA,EAAA0M,83617,3,NEW,LITHIA ND ACQUISITION CORP. #1,1FTFW1E5XPKD92700,6/8/2023,46,51010.32,2023,FORD,F-150
7/24/2023,EA,EAAA0M,83617,3,NEW,LITHIA ND ACQUISITION CORP. #1,1FTFW1E8XPFA41031,3/27/2023,119,59224.72,2023,FORD,F-150
7/24/2023,EA,EAAA0M,83617,3,NEW,LITHIA ND ACQUISITION CORP. #1,1FTFW1E8XPFA70075,4/9/2023,106,57834.72,2023,FORD,F-150
7/24/2023,EA,EAAA0M,83617,3,NEW,LITHIA ND ACQUISITION CORP. #1,1FTFW1E8XPFA71016,6/1/2023,53,56619.52,2023,FORD,F-150
7/24/2023,EA,EAAA0M,83617,3,NEW,LITHIA ND ACQUISITION CORP. #1,1FTFW1E8XPKD42387,4/26/2023,89,58661.72,2023,FORD,F-150
7/24/2023,EA,EAAA0M,83617,3,NEW,LITHIA ND ACQUISITION CORP. #1,1FTFW1E8XPKD50635,4/25/2023,90,60310.52,2023,FORD,F-150
7/24/2023,EA,EAAA0M,83617,3,NEW,LITHIA ND ACQUISITION CORP. #1,1FTFW1E50PFA69426,4/19/2023,96,56257.72,2023,FORD,F-150
7/24/2023,EA,EAAA0M,83617,3,NEW,LITHIA ND ACQUISITION CORP. #1,1FTFW1E50PKD89630,7/6/2023,18,68755.52,2023,FORD,F-150
7/24/2023,EA,EAAA0M,83617,3,NEW,LITHIA ND ACQUISITION CORP. #1,1FTFW1E52PFA22737,4/10/2023,105,71569.72,2023,FORD,F-150
7/24/2023,EA,EAAA0M,83617,3,NEW,LITHIA ND ACQUISITION CORP. #1,1FTFW1E53NFA52990,7/30/2022,359,57022.76,2022,FORD,F-150
7/24/2023,EA,EAAA0M,83617,3,NEW,LITHIA ND ACQUISITION CORP. #1,1FTFW1E54PFA70708,6/15/2023,39,58811.52,2023,FORD,F-150
7/24/2023,EA,EAAA0M,83617,3,NEW,LITHIA ND ACQUISITION CORP. #1,1FTFW1E54PFA80638,5/12/2023,73,62384.52,2023,FORD,F-150
7/24/2023,EA,EAAA0M,83617,3,NEW,LITHIA ND ACQUISITION CORP. #1,1FTFW1E54PKD56372,5/30/2023,55,67742.32,2023,FORD,F-150
7/24/2023,EA,EAAA0M,83617,3,NEW,LITHIA ND ACQUISITION CORP. #1,1FTFW1E80PFA68884,5/14/2023,71,58920.52,2023,FORD,F-150
7/24/2023,EA,EAAA0M,83617,3,NEW,LITHIA ND ACQUISITION CORP. #1,1FTFW1E80PFA69680,4/10/2023,105,57680.72,2023,FORD,F-150
7/24/2023,EA,EAAA0M,83617,3,NEW,LITHIA ND ACQUISITION CORP. #1,1FTFW1E80PFA70375,4/18/2023,97,57486.72,2023,FORD,F-150
7/24/2023,EA,EAAA0M,83617,3,NEW,LITHIA ND ACQUISITION CORP. #1,1FTFW1E81PFA69896,5/4/2023,81,57059.72,2023,FORD,F-150
7/24/2023,EA,EAAA0M,83617,3,NEW,LITHIA ND ACQUISITION CORP. #1,1FTFW1E81PKD58963,6/10/2023,44,68531.52,2023,FORD,F-150
7/24/2023,EA,EAAA0M,83617,3,NEW,LITHIA ND ACQUISITION CORP. #1,1FTFW1E82PFA02384,5/12/2023,73,57931.72,2023,FORD,F-150
7/24/2023,EA,EAAA0M,83617,3,NEW,LITHIA ND ACQUISITION CORP. #1,1FTFW1E82PKD39256,4/25/2023,90,58806.72,2023,FORD,F-150
7/24/2023,EA,EAAA0M,83617,3,NEW,LITHIA ND ACQUISITION CORP. #1,1FTFW1E84PFA13483,5/8/2023,77,73229.72,2023,FORD,F-150
7/24/2023,EA,EAAA0M,83617,3,NEW,LITHIA ND ACQUISITION CORP. #1,1FTFW1E84PFA36682,6/1/2023,53,61183.72,2023,FORD,F-150
7/24/2023,EA,EAAA0M,83617,3,NEW,LITHIA ND ACQUISITION CORP. #1,1FTFW1E85PFA48212,5/2/2023,83,70664.72,2023,FORD,F-150
7/24/2023,EA,EAAA0M,83617,3,NEW,LITHIA ND ACQUISITION CORP. #1,1FTFW1E85PFA67942,5/4/2023,81,58971.32,2023,FORD,F-150
7/24/2023,EA,EAAA0M,83617,3,NEW,LITHIA ND ACQUISITION CORP. #1,1FTFW1E85PFA69836,4/4/2023,111,58569.52,2023,FORD,F-150
7/24/2023,EA,EAAA0M,83617,3,NEW,LITHIA ND ACQUISITION CORP. #1,1FTFW1E85PKD39929,5/12/2023,73,59677.72,2023,FORD,F-150
7/24/2023,EA,EAAA0M,83617,3,NEW,LITHIA ND ACQUISITION CORP. #1,1FTFW1E86NFC09566,3/29/2023,117,64548.84,2022,FORD,F-150
7/24/2023,EA,EAAA0M,83617,3,NEW,LITHIA ND ACQUISITION CORP. #1,1FTFW1E86PKE34726,7/19/2023,5,56332.36,2023,FORD,F-150
7/24/2023,EA,EAAA0M,83617,3,NEW,LITHIA ND ACQUISITION CORP. #1,1FTFW1E87PFA41021,5/4/2023,81,63806.72,2023,FORD,F-150
7/24/2023,EA,EAAA0M,83617,3,NEW,LITHIA ND ACQUISITION CORP. #1,1FTFW1E87PFA68851,6/1/2023,53,57059.72,2023,FORD,F-150
7/24/2023,EA,EAAA0M,83617,3,NEW,LITHIA ND ACQUISITION CORP. #1,1FTFW1E87PFA70017,6/1/2023,53,57046.52,2023,FORD,F-150
7/24/2023,EA,EAAA0M,83617,3,NEW,LITHIA ND ACQUISITION CORP. #1,1FTFW1E87PFA73970,6/5/2023,49,52526.72,2023,FORD,F-150
7/24/2023,EA,EAAA0M,83617,3,NEW,LITHIA ND ACQUISITION CORP. #1,1FTFW1E87PFA85665,4/30/2023,85,62364.52,2023,FORD,F-150
7/24/2023,EA,EAAA0M,83617,3,NEW,LITHIA ND ACQUISITION CORP. #1,1FTFW1E88PFA69796,4/30/2023,85,56368.52,2023,FORD,F-150
7/24/2023,EA,EAAA0M,83617,3,NEW,LITHIA ND ACQUISITION CORP. #1,1FTFW1E88PFA70981,4/2/2023,113,59171.52,2023,FORD,F-150
7/24/2023,EA,EAAA0M,83617,3,NEW,LITHIA ND ACQUISITION CORP. #1,1FTFW1E88PFA71158,4/9/2023,106,56808.72,2023,FORD,F-150
7/24/2023,EA,EAAA0M,83617,3,NEW,LITHIA ND ACQUISITION CORP. #1,1FTFW1E88PFA83634,5/15/2023,70,73309.52,2023,FORD,F-150
7/24/2023,EA,EAAA0M,83617,3,NEW,LITHIA ND ACQUISITION CORP. #1,1FTFW1E88PKD19321,4/18/2023,97,58049.72,2023,FORD,F-150
7/24/2023,EA,EAAA0M,83617,3,NEW,LITHIA ND ACQUISITION CORP. #1,1FTFW1E89PFB34641,5/16/2023,69,67708.52,2023,FORD,F-150
7/24/2023,EA,EAAA0M,83617,3,NEW,LITHIA ND ACQUISITION CORP. #1,1FTFW1E89PKE03762,6/21/2023,33,60026.52,2023,FORD,F-150
7/24/2023,EA,EAAA0M,83617,3,NEW,LITHIA ND ACQUISITION CORP. #1,1FTFW1E89PKE04121,6/21/2023,33,62708.52,2023,FORD,F-150
7/24/2023,EA,EAAA0M,83617,3,NEW,LITHIA ND ACQUISITION CORP. #1,1FTFW1ED0NFB73077,3/23/2023,123,66690.64,2022,FORD,F-150
7/24/2023,EA,EAAA0M,83617,3,NEW,LITHIA ND ACQUISITION CORP. #1,1FTFW1ED0PFA72205,4/10/2023,105,60928.12,2023,FORD,F-150
7/24/2023,EA,EAAA0M,83617,3,NEW,LITHIA ND ACQUISITION CORP. #1,1FTFW1ED0PFB31351,6/21/2023,33,62814.92,2023,FORD,F-150
7/24/2023,EA,EAAA0M,83617,3,NEW,LITHIA ND ACQUISITION CORP. #1,1FTFW1ED0PFB53446,5/16/2023,69,74923.92,2023,FORD,F-150
7/24/2023,EA,EAAA0M,83617,3,NEW,LITHIA ND ACQUISITION CORP. #1,1FTFW1ED1PFA51427,3/16/2023,130,60365.12,2023,FORD,F-150
7/24/2023,EA,EAAA0M,83617,3,NEW,LITHIA ND ACQUISITION CORP. #1,2FMPK4J9XPBA33430,7/18/2023,6,40211.08,2023,FORD,EDGE
7/24/2023,EA,EAAA0M,83617,3,NEW,LITHIA ND ACQUISITION CORP. #1,3FMCR9B69PRD35434,7/2/2023,22,33866.44,2023,FORD,BRONCO SPORT
7/24/2023,EA,EAAA0M,83617,3,NEW,LITHIA ND ACQUISITION CORP. #1,3FMCR9C64PRD46081,6/19/2023,35,39070.44,2023,FORD,BRONCO SPORT
7/24/2023,EA,EAAA0M,83617,3,PANW,LITHIA ND ACQUISITION CORP. #1,1FMCU9NA4PUA61096,6/28/2023,26,36748.67,2023,FORD,ESCAPE
7/24/2023,EA,EAAA0M,83617,3,PANW,LITHIA ND ACQUISITION CORP. #1,1FMDE5BH1PLB52652,6/28/2023,26,50900.2,2023,FORD,BRONCO
7/24/2023,EA,EAAA0M,83617,3,PANW,LITHIA ND ACQUISITION CORP. #1,1FMDE5BH5PLB66943,7/13/2023,11,49766.2,2023,FORD,BRONCO
7/24/2023,EA,EAAA0M,83617,3,PANW,LITHIA ND ACQUISITION CORP. #1,1FMJK1J86PEA47230,7/10/2023,14,74842.3,2023,FORD,EXPEDITION
7/24/2023,EA,EAAA0M,83617,3,PANW,LITHIA ND ACQUISITION CORP. #1,1FMSK8DH1PGB30285,7/13/2023,11,45609.69,2023,FORD,EXPLORER
7/24/2023,EA,EAAA0M,83617,3,PANW,LITHIA ND ACQUISITION CORP. #1,1FTER4FH3PLE30193,7/13/2023,11,46151.2,2023,FORD,RANGER
7/24/2023,EA,EAAA0M,83617,3,PANW,LITHIA ND ACQUISITION CORP. #1,1FTEW1E89PFB55369,6/28/2023,26,63772.36,2023,FORD,F-150
7/24/2023,EA,EAAA0M,83617,3,PANW,LITHIA ND ACQUISITION CORP. #1,1FTEW1EP1PFB69628,6/20/2023,34,53671.36,2023,FORD,F-150
7/24/2023,EA,EAAA0M,83617,3,PANW,LITHIA ND ACQUISITION CORP. #1,1FTEW1EP1PKE47774,5/23/2023,62,53231.26,2023,FORD,F-150
7/24/2023,EA,EAAA0M,83617,3,PANW,LITHIA ND ACQUISITION CORP. #1,1FTEW1EP2PFB85983,6/10/2023,44,48447.26,2023,FORD,F-150
7/24/2023,EA,EAAA0M,83617,3,PANW,LITHIA ND ACQUISITION CORP. #1,1FTEW1EP4PFB69168,6/6/2023,48,53671.36,2023,FORD,F-150
7/24/2023,EA,EAAA0M,83617,3,PANW,LITHIA ND ACQUISITION CORP. #1,1FTEW1EP4PKE41564,6/21/2023,33,58462.36,2023,FORD,F-150
7/24/2023,EA,EAAA0M,83617,3,PANW,LITHIA ND ACQUISITION CORP. #1,1FTEW1EP5PFB90904,7/10/2023,14,54738.36,2023,FORD,F-150
7/24/2023,EA,EAAA0M,83617,3,PANW,LITHIA ND ACQUISITION CORP. #1,1FTEW1EP5PFC00623,7/13/2023,11,54438.26,2023,FORD,F-150
7/24/2023,EA,EAAA0M,83617,3,PANW,LITHIA ND ACQUISITION CORP. #1,1FTEW1EP8PKE55628,7/19/2023,5,54358.36,2023,FORD,F-150
7/24/2023,EA,EAAA0M,83617,3,PANW,LITHIA ND ACQUISITION CORP. #1,1FTEW1EP8PKE59193,6/12/2023,42,53231.26,2023,FORD,F-150
7/24/2023,EA,EAAA0M,83617,3,PANW,LITHIA ND ACQUISITION CORP. #1,1FTEW1EPXPFB89828,7/10/2023,14,54932.36,2023,FORD,F-150
7/24/2023,EA,EAAA0M,83617,3,PANW,LITHIA ND ACQUISITION CORP. #1,1FTEX1EP1PKE49876,6/30/2023,24,47901.36,2023,FORD,F-150
7/24/2023,EA,EAAA0M,83617,3,PANW,LITHIA ND ACQUISITION CORP. #1,1FTFW1E57PKE65540,6/21/2023,33,64885.36,2023,FORD,F-150
7/24/2023,EA,EAAA0M,83617,3,PANW,LITHIA ND ACQUISITION CORP. #1,1FTFW1ED2PFB38138,5/12/2023,73,64129.81,2023,FORD,F-150
7/24/2023,EA,EAAA0M,83617,3,PANW,LITHIA ND ACQUISITION CORP. #1,1FTFW1ED5PFB41146,6/5/2023,49,62076.92,2023,FORD,F-150
7/24/2023,EA,EAAA0M,83617,3,PANW,LITHIA ND ACQUISITION CORP. #1,1FTFW1ED7PFB39480,5/12/2023,73,63222.92,2023,FORD,F-150
7/24/2023,EA,EAAA0M,83617,3,PANW,LITHIA ND ACQUISITION CORP. #1,1FTFW1RG7PFB90899,7/10/2023,14,76252.36,2023,FORD,F-150
7/24/2023,EA,EAAA0M,83617,3,PANW,LITHIA ND ACQUISITION CORP. #1,2FMPK4J98PBA52168,6/28/2023,26,46597.69,2023,FORD,EDGE
7/24/2023,EA,EAAA0M,83617,3,PANW,LITHIA ND ACQUISITION CORP. #1,3FMCR9B69PRD41718,6/13/2023,41,36300.44,2023,FORD,BRONCO SPORT
7/24/2023,EA,EAAA0M,83617,3,PANW,LITHIA ND ACQUISITION CORP. #1,3FMCR9C61PRD67163,6/20/2023,34,800,2023,FORD,BRONCO SPORT
7/24/2023,EA,EAAA0M,83617,3,PANW,LITHIA ND ACQUISITION CORP. #1,3FMCR9C65PRD65058,7/10/2023,14,39713.67,2023,FORD,BRONCO SPORT
7/24/2023,EA,EAAA0M,83617,3,PANW,LITHIA ND ACQUISITION CORP. #1,3FMCR9G67PRD83250,7/18/2023,6,35707.67,2023,FORD,BRONCO SPORT
7/24/2023,EA,EAAA0M,83617,3,PANW,LITHIA ND ACQUISITION CORP. #1,3FMTK3SS5PMA47874,7/8/2023,16,55805,2023,FORD,MUSTANG MACH-E
7/24/2023,EA,EAAA0M,83617,3,PANW,LITHIA ND ACQUISITION CORP. #1,3FTTW8F94PRA51690,7/13/2023,11,31023.18,2023,FORD,MAVERICK
7/24/2023,FS,FSAA55,84760,1,NEW,"LFKF, LLC",1FM5K8GC1PGA30104,5/31/2023,54,58941.72,2023,FORD,EXPLORER
7/24/2023,FS,FSAA55,84760,1,NEW,"LFKF, LLC",1FTFW1E8XPFA41076,4/11/2023,104,62010.72,2023,FORD,F-150
7/24/2023,FS,FSAA55,84760,1,NEW,"LFKF, LLC",1FTFW1E8XPKD43314,7/10/2023,14,60650.72,2023,FORD,F-150
7/24/2023,FS,FSAA55,84760,1,NEW,"LFKF, LLC",1FTFW1E8XPKD85949,6/20/2023,34,61909.52,2023,FORD,F-150
7/24/2023,FS,FSAA55,84760,1,NEW,"LFKF, LLC",1FTFW1E8XPKD88589,6/20/2023,34,67699.52,2023,FORD,F-150
7/24/2023,FS,FSAA55,84760,1,NEW,"LFKF, LLC",1FTFW1E57PKD98244,6/20/2023,34,52662.32,2023,FORD,F-150
7/24/2023,FS,FSAA55,84760,1,NEW,"LFKF, LLC",1FTFW1E82PFB36473,7/18/2023,6,69518.52,2023,FORD,F-150
7/24/2023,FS,FSAA55,84760,1,NEW,"LFKF, LLC",1FTFW1E83PFA56003,7/10/2023,14,66159.52,2023,FORD,F-150
7/24/2023,FS,FSAA55,84760,1,NEW,"LFKF, LLC",1FTFW1E84PFA46449,7/10/2023,14,66259.52,2023,FORD,F-150
7/24/2023,FS,FSAA55,84760,1,NEW,"LFKF, LLC",1FTFW1E87PKE07227,7/1/2023,23,58398.52,2023,FORD,F-150
7/24/2023,FS,FSAA55,84760,1,NEW,"LFKF, LLC",1FTFW1E88PKD03300,5/2/2023,83,70716.72,2023,FORD,F-150
7/24/2023,FS,FSAA55,84760,1,NEW,"LFKF, LLC",1FTYE2Y85PKA44326,5/15/2023,70,48784,2023,FORD,TRANSIT
7/24/2023,FS,FSAA55,84760,1,NEW,"LFKF, LLC",2FMPK4APXPBA32003,7/15/2023,9,46941.08,2023,FORD,EDGE
7/24/2023,FS,FSAA55,84760,1,NEW,"LFKF, LLC",2FMPK4K92PBA12795,5/2/2023,83,45099.88,2023,FORD,EDGE
7/24/2023,FS,FSAA55,84760,1,PANW,"LFKF, LLC",1FMCU9GN9PUA53818,7/17/2023,7,31818.67,2023,FORD,ESCAPE
7/24/2023,FS,FSAA55,84760,1,PANW,"LFKF, LLC",1FMCU9GNXPUA54797,7/1/2023,23,31818.67,2023,FORD,ESCAPE
7/24/2023,FS,FSAA55,84760,1,PANW,"LFKF, LLC",1FMDE5BH2PLB65491,7/1/2023,23,43901.2,2023,FORD,BRONCO
7/24/2023,FS,FSAA55,84760,1,PANW,"LFKF, LLC",1FMEE5JR1PLB42069,6/21/2023,33,92985.2,2023,FORD,BRONCO
7/24/2023,FS,FSAA55,84760,1,PANW,"LFKF, LLC",1FMJK1J81PEA11087,6/21/2023,33,74057.3,2023,FORD,EXPEDITION
7/24/2023,FS,FSAA55,84760,1,PANW,"LFKF, LLC",1FMJU1J80PEA53096,7/17/2023,7,71521.75,2023,FORD,EXPEDITION
7/24/2023,FS,FSAA55,84760,1,PANW,"LFKF, LLC",1FMJU2A87PEA54154,7/17/2023,7,80734.75,2023,FORD,EXPEDITION
7/24/2023,FS,FSAA55,84760,1,PANW,"LFKF, LLC",1FMSK8DHXPGB31984,7/18/2023,6,45563.69,2023,FORD,EXPLORER
7/24/2023,FS,FSAA55,84760,1,PANW,"LFKF, LLC",1FT6W1EV9PWG17245,7/20/2023,4,81175,2023,FORD,F-150
7/24/2023,FS,FSAA55,84760,1,PANW,"LFKF, LLC",1FT8X2BA4PED24288,7/17/2023,7,48918.08,2023,FORD,F-250
7/24/2023,FS,FSAA55,84760,1,PANW,"LFKF, LLC",1FTER1FH9PLE29290,6/30/2023,24,35753.2,2023,FORD,RANGER
7/24/2023,FS,FSAA55,84760,1,PANW,"LFKF, LLC",1FTER4FH0PLE34170,6/24/2023,30,46447.2,2023,FORD,RANGER
7/24/2023,FS,FSAA55,84760,1,PANW,"LFKF, LLC",1FTER4FH9PLE29081,6/24/2023,30,42766.2,2023,FORD,RANGER
7/24/2023,FS,FSAA55,84760,1,PANW,"LFKF, LLC",1FTEX1EP6PKF00109,7/24/2023,0,45841.34,2023,FORD,F-150
7/24/2023,FS,FSAA55,84760,1,PANW,"LFKF, LLC",1FTFW1RG4PFB84445,7/7/2023,17,82921.36,2023,FORD,F-150
7/24/2023,FS,FSAA55,84760,1,PANW,"LFKF, LLC",1FTFW1RJ7PFA83962,7/24/2023,0,103457.52,2023,FORD,F-150
7/24/2023,FS,FSAA55,84760,1,PANW,"LFKF, LLC",2FMPK4AP2PBA41343,5/30/2023,55,46991.69,2023,FORD,EDGE
7/24/2023,FS,FSAA55,84760,1,PANW,"LFKF, LLC",2FMPK4G97PBA51679,7/1/2023,23,39903.69,2023,FORD,EDGE
7/24/2023,FS,FSAA55,84760,1,PANW,"LFKF, LLC",2FMPK4K90PBA54110,7/17/2023,7,46072.69,2023,FORD,EDGE
7/24/2023,FS,FSAA55,84760,1,PANW,"LFKF, LLC",3FMCR9C61PRD67535,7/14/2023,10,36014.67,2023,FORD,BRONCO SPORT
7/24/2023,DR,DRAAHY,150991,3,NEW,"LITHIA FLCC, LLC",1FA6P8CF2P5307094,7/5/2023,19,51543.12,2023,FORD,MUSTANG
7/24/2023,DR,DRAAHY,150991,3,NEW,"LITHIA FLCC, LLC",1FA6P8CF6P5302318,5/7/2023,78,51072.12,2023,FORD,MUSTANG
7/24/2023,DR,DRAAHY,150991,3,NEW,"LITHIA FLCC, LLC",1FA6P8CFXP5303746,5/29/2023,56,51072.12,2023,FORD,MUSTANG
7/24/2023,DR,DRAAHY,150991,3,NEW,"LITHIA FLCC, LLC",1FA6P8R06P5501520,5/2/2023,83,60665.12,2023,FORD,MUSTANG
7/24/2023,DR,DRAAHY,150991,3,NEW,"LITHIA FLCC, LLC",1FMJU1H80PEA01733,5/15/2023,70,65592,2023,FORD,EXPEDITION
7/24/2023,DR,DRAAHY,150991,3,NEW,"LITHIA FLCC, LLC",1FMJU1H82PEA10028,5/15/2023,70,67513,2023,FORD,EXPEDITION
7/24/2023,DR,DRAAHY,150991,3,NEW,"LITHIA FLCC, LLC",1FMJU1H87PEA26287,5/25/2023,60,66365,2023,FORD,EXPEDITION
7/24/2023,DR,DRAAHY,150991,3,NEW,"LITHIA FLCC, LLC",1FMJU1H89PEA26288,5/29/2023,56,66125,2023,FORD,EXPEDITION
7/24/2023,DR,DRAAHY,150991,3,NEW,"LITHIA FLCC, LLC",1FMSK7DH0PGA48736,4/30/2023,85,45279.08,2023,FORD,EXPLORER
7/24/2023,DR,DRAAHY,150991,3,NEW,"LITHIA FLCC, LLC",1FMSK7KH9PGA88736,6/11/2023,43,46980.08,2023,FORD,EXPLORER
7/24/2023,DR,DRAAHY,150991,3,NEW,"LITHIA FLCC, LLC",1FTEW1C54PFB07268,5/15/2023,70,52854.32,2023,FORD,F-150
7/24/2023,DR,DRAAHY,150991,3,NEW,"LITHIA FLCC, LLC",1FTEW1CP0PKD58958,5/9/2023,76,45069.32,2023,FORD,F-150
7/24/2023,DR,DRAAHY,150991,3,NEW,"LITHIA FLCC, LLC",1FTEW1CP1PKE32288,7/24/2023,0,45074.26,2023,FORD,F-150
7/24/2023,DR,DRAAHY,150991,3,NEW,"LITHIA FLCC, LLC",1FTEW1CP2PKD78466,6/6/2023,48,52063.32,2023,FORD,F-150
7/24/2023,DR,DRAAHY,150991,3,NEW,"LITHIA FLCC, LLC",1FTEW1CP4PKD77870,6/6/2023,48,45069.32,2023,FORD,F-150
7/24/2023,DR,DRAAHY,150991,3,NEW,"LITHIA FLCC, LLC",1FTEW1CP6PKD76364,5/28/2023,57,51743.32,2023,FORD,F-150
7/24/2023,DR,DRAAHY,150991,3,NEW,"LITHIA FLCC, LLC",1FTEW1CP6PKD76395,6/28/2023,26,51898.32,2023,FORD,F-150
7/24/2023,DR,DRAAHY,150991,3,NEW,"LITHIA FLCC, LLC",1FTEW1CP9PKD76911,6/6/2023,48,45069.32,2023,FORD,F-150
7/24/2023,DR,DRAAHY,150991,3,NEW,"LITHIA FLCC, LLC",1FTEW1EP0PKD04265,4/3/2023,112,49284.72,2023,FORD,F-150
7/24/2023,DR,DRAAHY,150991,3,NEW,"LITHIA FLCC, LLC",1FTEW1EP2PKE04187,7/11/2023,13,49756.32,2023,FORD,F-150
7/24/2023,DR,DRAAHY,150991,3,NEW,"LITHIA FLCC, LLC",1FTEW1EP7PFB37024,7/5/2023,19,49756.32,2023,FORD,F-150
7/24/2023,DR,DRAAHY,150991,3,NEW,"LITHIA FLCC, LLC",1FTFW1E5XPKD86475,6/28/2023,26,50667.32,2023,FORD,F-150
7/24/2023,DR,DRAAHY,150991,3,NEW,"LITHIA FLCC, LLC",1FTFW1E52PKD16520,5/4/2023,81,62832.52,2023,FORD,F-150
7/24/2023,DR,DRAAHY,150991,3,NEW,"LITHIA FLCC, LLC",1FTFW1E53PFB40571,7/5/2023,19,51588.32,2023,FORD,F-150
7/24/2023,DR,DRAAHY,150991,3,NEW,"LITHIA FLCC, LLC",1FTFW1E54PKD47672,5/4/2023,81,62932.52,2023,FORD,F-150
7/24/2023,DR,DRAAHY,150991,3,NEW,"LITHIA FLCC, LLC",1FTFW1E59PFA38496,5/11/2023,74,62832.52,2023,FORD,F-150
7/24/2023,DR,DRAAHY,150991,3,NEW,"LITHIA FLCC, LLC",1FTFW1E82PFB47439,7/5/2023,19,69817.52,2023,FORD,F-150
7/24/2023,DR,DRAAHY,150991,3,NEW,"LITHIA FLCC, LLC",1FTFW1E84PFA53367,3/30/2023,116,73428.72,2023,FORD,F-150
7/24/2023,DR,DRAAHY,150991,3,NEW,"LITHIA FLCC, LLC",1FTFW1E86PKD72972,5/17/2023,68,58919.32,2023,FORD,F-150
7/24/2023,DR,DRAAHY,150991,3,NEW,"LITHIA FLCC, LLC",1FTFW1E86PKE21779,7/22/2023,2,66267.36,2023,FORD,F-150
7/24/2023,DR,DRAAHY,150991,3,NEW,"LITHIA FLCC, LLC",1FTFW1E88PFA83696,5/9/2023,76,74085.52,2023,FORD,F-150
7/24/2023,DR,DRAAHY,150991,3,NEW,"LITHIA FLCC, LLC",1FTFW1E89PKE27155,7/22/2023,2,69817.52,2023,FORD,F-150
7/24/2023,DR,DRAAHY,150991,3,NEW,"LITHIA FLCC, LLC",1FTFW1ED2PFB59734,7/11/2023,13,71727.92,2023,FORD,F-150
7/24/2023,DR,DRAAHY,150991,3,NEW,"LITHIA FLCC, LLC",1FTFW1ED8PFB60905,7/11/2023,13,75676.92,2023,FORD,F-150
7/24/2023,DR,DRAAHY,150991,3,NEW,"LITHIA FLCC, LLC",2FMPK4G98PBA40724,7/22/2023,2,39881.08,2023,FORD,EDGE
7/24/2023,DR,DRAAHY,150991,3,NEW,"LITHIA FLCC, LLC",3FMCR9C61PRD28198,4/19/2023,96,37568.84,2023,FORD,BRONCO SPORT
7/24/2023,DR,DRAAHY,150991,3,NEW,"LITHIA FLCC, LLC",3FMCR9C61PRD30176,5/15/2023,70,38889.44,2023,FORD,BRONCO SPORT
7/24/2023,DR,DRAAHY,150991,3,NEW,"LITHIA FLCC, LLC",3FMCR9C63PRD28655,4/26/2023,89,37415.44,2023,FORD,BRONCO SPORT
7/24/2023,DR,DRAAHY,150991,3,PANW,"LITHIA FLCC, LLC",1FMCU0GN5PUA65573,7/13/2023,11,29764.67,2023,FORD,ESCAPE
7/24/2023,DR,DRAAHY,150991,3,PANW,"LITHIA FLCC, LLC",1FMCU0MN7PUA78104,7/21/2023,3,30952.67,2023,FORD,ESCAPE
7/24/2023,DR,DRAAHY,150991,3,PANW,"LITHIA FLCC, LLC",1FMDE5DHXPLB48502,7/19/2023,5,47947.2,2023,FORD,BRONCO
7/24/2023,DR,DRAAHY,150991,3,PANW,"LITHIA FLCC, LLC",1FMEE5BP0PLB66229,7/15/2023,9,52932.2,2023,FORD,BRONCO
7/24/2023,DR,DRAAHY,150991,3,PANW,"LITHIA FLCC, LLC",1FMEE5DHXPLB65501,7/15/2023,9,48195.2,2023,FORD,BRONCO
7/24/2023,DR,DRAAHY,150991,3,PANW,"LITHIA FLCC, LLC",1FMEE5DP7PLB61672,7/13/2023,11,59958.2,2023,FORD,BRONCO
7/24/2023,DR,DRAAHY,150991,3,PANW,"LITHIA FLCC, LLC",1FMEE5DP7PLB65513,7/19/2023,5,53616.2,2023,FORD,BRONCO
7/24/2023,DR,DRAAHY,150991,3,PANW,"LITHIA FLCC, LLC",1FMEE5JR5PLB23749,6/29/2023,25,88673.2,2023,FORD,BRONCO
7/24/2023,DR,DRAAHY,150991,3,PANW,"LITHIA FLCC, LLC",1FMJK1H89PEA45462,5/23/2023,62,67882.3,2023,FORD,EXPEDITION
7/24/2023,DR,DRAAHY,150991,3,PANW,"LITHIA FLCC, LLC",1FMJU1H88PEA52400,5/23/2023,62,66369.75,2023,FORD,EXPEDITION
7/24/2023,DR,DRAAHY,150991,3,PANW,"LITHIA FLCC, LLC",1FMJU1K89PEA53905,7/13/2023,11,74945.75,2023,FORD,EXPEDITION
7/24/2023,DR,DRAAHY,150991,3,PANW,"LITHIA FLCC, LLC",1FMSK7DH7PGB40894,7/13/2023,11,46547.69,2023,FORD,EXPLORER
7/24/2023,DR,DRAAHY,150991,3,PANW,"LITHIA FLCC, LLC",1FMSK7DH8PGB08231,6/13/2023,41,38860.69,2023,FORD,EXPLORER
7/24/2023,DR,DRAAHY,150991,3,PANW,"LITHIA FLCC, LLC",1FT6W1EV5PWG05531,7/20/2023,4,81770,2023,FORD,F-150
7/24/2023,DR,DRAAHY,150991,3,PANW,"LITHIA FLCC, LLC",1FT8W2BM1PED31017,7/13/2023,11,81639.3,2023,FORD,F-250
7/24/2023,DR,DRAAHY,150991,3,PANW,"LITHIA FLCC, LLC",1FTBW1YK9PKA49988,6/3/2023,51,54395,2023,FORD,TRANSIT
7/24/2023,DR,DRAAHY,150991,3,PANW,"LITHIA FLCC, LLC",1FTBW9CK0PKA50016,6/3/2023,51,55895,2023,FORD,TRANSIT
7/24/2023,DR,DRAAHY,150991,3,PANW,"LITHIA FLCC, LLC",1FTBW9CK4PKA50150,6/3/2023,51,55895,2023,FORD,TRANSIT
7/24/2023,DR,DRAAHY,150991,3,PANW,"LITHIA FLCC, LLC",1FTER4EH0PLE28242,7/15/2023,9,33623.2,2023,FORD,RANGER
7/24/2023,DR,DRAAHY,150991,3,PANW,"LITHIA FLCC, LLC",1FTER4FH0PLE27056,6/1/2023,53,43510.2,2023,FORD,RANGER
7/24/2023,DR,DRAAHY,150991,3,PANW,"LITHIA FLCC, LLC",1FTER4FH2PLE27320,7/13/2023,11,43049.2,2023,FORD,RANGER
7/24/2023,DR,DRAAHY,150991,3,PANW,"LITHIA FLCC, LLC",1FTEW1C50PKE44009,7/15/2023,9,46413.26,2023,FORD,F-150
7/24/2023,DR,DRAAHY,150991,3,PANW,"LITHIA FLCC, LLC",1FTEW1C55PKE74249,7/13/2023,11,46076.26,2023,FORD,F-150
7/24/2023,DR,DRAAHY,150991,3,PANW,"LITHIA FLCC, LLC",1FTEW1CP0PFC23536,7/19/2023,5,45120.26,2023,FORD,F-150
7/24/2023,DR,DRAAHY,150991,3,PANW,"LITHIA FLCC, LLC",1FTEW1CP1PKE87677,7/21/2023,3,45120.26,2023,FORD,F-150
7/24/2023,DR,DRAAHY,150991,3,PANW,"LITHIA FLCC, LLC",1FTEW1CP3PKE26489,5/16/2023,69,45074.26,2023,FORD,F-150
7/24/2023,DR,DRAAHY,150991,3,PANW,"LITHIA FLCC, LLC",1FTEW1CP8PKE31803,5/16/2023,69,45074.26,2023,FORD,F-150
7/24/2023,DR,DRAAHY,150991,3,PANW,"LITHIA FLCC, LLC",1FTEW1CP8PKE60704,6/13/2023,41,45120.26,2023,FORD,F-150
7/24/2023,DR,DRAAHY,150991,3,PANW,"LITHIA FLCC, LLC",1FTEW1E80PFB74778,6/22/2023,32,69889.36,2023,FORD,F-150
7/24/2023,DR,DRAAHY,150991,3,PANW,"LITHIA FLCC, LLC",1FTEW1E82PFB87421,6/22/2023,32,70614.36,2023,FORD,F-150
7/24/2023,DR,DRAAHY,150991,3,PANW,"LITHIA FLCC, LLC",1FTEW1E85PFB88563,7/12/2023,12,69889.36,2023,FORD,F-150
7/24/2023,DR,DRAAHY,150991,3,PANW,"LITHIA FLCC, LLC",1FTEW1EP9PKE35162,6/15/2023,39,49629.26,2023,FORD,F-150
7/24/2023,DR,DRAAHY,150991,3,PANW,"LITHIA FLCC, LLC",1FTEW1EPXPFB60569,5/19/2023,66,49761.26,2023,FORD,F-150
7/24/2023,DR,DRAAHY,150991,3,PANW,"LITHIA FLCC, LLC",1FTFW1E8XPFB74646,7/12/2023,12,72048.36,2023,FORD,F-150
7/24/2023,DR,DRAAHY,150991,3,PANW,"LITHIA FLCC, LLC",1FTFW1E50PKE52578,6/29/2023,25,65161.36,2023,FORD,F-150
7/24/2023,DR,DRAAHY,150991,3,PANW,"LITHIA FLCC, LLC",1FTFW1E52PFB88594,6/20/2023,34,51461.26,2023,FORD,F-150
7/24/2023,DR,DRAAHY,150991,3,PANW,"LITHIA FLCC, LLC",1FTFW1E59PKE28067,5/13/2023,72,50672.26,2023,FORD,F-150
7/24/2023,DR,DRAAHY,150991,3,PANW,"LITHIA FLCC, LLC",1FTFW1E59PKE61490,6/20/2023,34,59079.26,2023,FORD,F-150
7/24/2023,DR,DRAAHY,150991,3,PANW,"LITHIA FLCC, LLC",1FTFW1E59PKE72344,7/13/2023,11,50540.26,2023,FORD,F-150
7/24/2023,DR,DRAAHY,150991,3,PANW,"LITHIA FLCC, LLC",1FTFW1E81PFC01829,6/22/2023,32,59124.26,2023,FORD,F-150
7/24/2023,DR,DRAAHY,150991,3,PANW,"LITHIA FLCC, LLC",1FTFW1E83PFC01699,7/13/2023,11,74257.36,2023,FORD,F-150
7/24/2023,DR,DRAAHY,150991,3,PANW,"LITHIA FLCC, LLC",1FTFW1E83PFC01878,7/13/2023,11,59444.26,2023,FORD,F-150
7/24/2023,DR,DRAAHY,150991,3,PANW,"LITHIA FLCC, LLC",1FTFW1E84PFC01002,6/20/2023,34,66250.36,2023,FORD,F-150
7/24/2023,DR,DRAAHY,150991,3,PANW,"LITHIA FLCC, LLC",1FTFW1E86PFB92223,7/12/2023,12,76317.36,2023,FORD,F-150
7/24/2023,DR,DRAAHY,150991,3,PANW,"LITHIA FLCC, LLC",1FTFW1E86PFB97843,6/22/2023,32,74982.36,2023,FORD,F-150
7/24/2023,DR,DRAAHY,150991,3,PANW,"LITHIA FLCC, LLC",1FTFW1E87PFB47677,5/30/2023,55,74936.36,2023,FORD,F-150
7/24/2023,DR,DRAAHY,150991,3,PANW,"LITHIA FLCC, LLC",1FTFW1E88PFC00242,6/29/2023,25,70171.36,2023,FORD,F-150
7/24/2023,DR,DRAAHY,150991,3,PANW,"LITHIA FLCC, LLC",1FTFW1E89PFC01786,6/26/2023,28,74257.36,2023,FORD,F-150
7/24/2023,DR,DRAAHY,150991,3,PANW,"LITHIA FLCC, LLC",1FTFW1ED1PFB64245,5/16/2023,69,75682.81,2023,FORD,F-150
7/24/2023,DR,DRAAHY,150991,3,PANW,"LITHIA FLCC, LLC",1FTFW1ED5PFB61039,6/20/2023,34,76407.81,2023,FORD,F-150
7/24/2023,DR,DRAAHY,150991,3,PANW,"LITHIA FLCC, LLC",1FTFW1RG3PFC16799,7/21/2023,3,77797.36,2023,FORD,F-150
7/24/2023,DR,DRAAHY,150991,3,PANW,"LITHIA FLCC, LLC",1FTFW1RG7PFB97187,7/13/2023,11,78521.36,2023,FORD,F-150
7/24/2023,DR,DRAAHY,150991,3,PANW,"LITHIA FLCC, LLC",2FMPK4G91PBA51533,6/13/2023,41,39948.69,2023,FORD,EDGE
7/24/2023,DR,DRAAHY,150991,3,PANW,"LITHIA FLCC, LLC",2FMPK4J96PBA41945,6/13/2023,41,40807.69,2023,FORD,EDGE
7/24/2023,DR,DRAAHY,150991,3,PANW,"LITHIA FLCC, LLC",2FMPK4K95PBA53731,6/20/2023,34,45111.69,2023,FORD,EDGE
7/24/2023,DR,DRAAHY,150991,3,PANW,"LITHIA FLCC, LLC",3FMCR9B66PRD80931,6/29/2023,25,33896.67,2023,FORD,BRONCO SPORT
7/24/2023,DR,DRAAHY,150991,3,PANW,"LITHIA FLCC, LLC",3FMCR9C62PRD89723,7/15/2023,9,38101.67,2023,FORD,BRONCO SPORT
7/24/2023,DR,DRAAHY,150991,3,PANW,"LITHIA FLCC, LLC",3FMTK3R70PMA57438,6/22/2023,32,60605,2023,FORD,MUSTANG MACH-E
7/24/2023,DR,DRAAHY,150991,3,PANW,"LITHIA FLCC, LLC",3FMTK4SE6PMA39024,6/16/2023,38,66045,2023,FORD,MUSTANG MACH-E
7/24/2023,FS,FSAACW,152471,1,FSLP,"LITHIA OF MISSOULA III, INC.",1FMCU0MN8PUA14590,6/29/2023,25,31856.67,2023,FORD,ESCAPE
7/24/2023,FS,FSAACW,152471,1,FSLP,"LITHIA OF MISSOULA III, INC.",1FMCU9H92NUB60255,4/12/2023,103,40602.48,2022,FORD,ESCAPE
7/24/2023,FS,FSAACW,152471,1,FSLP,"LITHIA OF MISSOULA III, INC.",1FMCU9J95NUB55657,5/22/2023,63,42166.84,2022,FORD,ESCAPE
7/24/2023,FS,FSAACW,152471,1,FSLP,"LITHIA OF MISSOULA III, INC.",1FMCU9J99NUB62966,5/5/2023,80,39936.48,2022,FORD,ESCAPE
7/24/2023,FS,FSAACW,152471,1,FSLP,"LITHIA OF MISSOULA III, INC.",1FMJK1J86PEA02935,6/8/2023,46,74104.3,2023,FORD,EXPEDITION
7/24/2023,FS,FSAACW,152471,1,FSLP,"LITHIA OF MISSOULA III, INC.",1FTFW1ED1PFA89675,6/20/2023,34,76014.92,2023,FORD,F-150
7/24/2023,FS,FSAACW,152471,1,FSLP,"LITHIA OF MISSOULA III, INC.",1FTFW1ED7PFA13524,6/19/2023,35,72451.12,2023,FORD,F-150
7/24/2023,FS,FSAACW,152471,1,FSLP,"LITHIA OF MISSOULA III, INC.",1FTFW1ED8PFB43358,6/20/2023,34,76192.92,2023,FORD,F-150
7/24/2023,FS,FSAACW,152471,1,FSLP,"LITHIA OF MISSOULA III, INC.",1FTFW1EDXPFA14697,6/19/2023,35,63397.12,2023,FORD,F-150
7/24/2023,FS,FSAACW,152471,1,FSLP,"LITHIA OF MISSOULA III, INC.",2FMPK4G90NBA96962,5/4/2023,81,39947.36,2022,FORD,EDGE
7/24/2023,FS,FSAACW,152471,1,FSLP,"LITHIA OF MISSOULA III, INC.",2FMPK4G92PBA07007,6/12/2023,42,39774.88,2023,FORD,EDGE
7/24/2023,FS,FSAACW,152471,1,FSLP,"LITHIA OF MISSOULA III, INC.",2FMPK4G97PBA07794,6/12/2023,42,38709.08,2023,FORD,EDGE
7/24/2023,FS,FSAACW,152471,1,FSLP,"LITHIA OF MISSOULA III, INC.",2FMPK4J95NBB15207,6/19/2023,35,45701.88,2022,FORD,EDGE
7/24/2023,FS,FSAACW,152471,1,FSLP,"LITHIA OF MISSOULA III, INC.",2FMPK4J99NBB14481,5/23/2023,62,42975.88,2022,FORD,EDGE
7/24/2023,FS,FSAACW,152471,1,MPG,"LITHIA OF MISSOULA III, INC.",1FMCU9G63NUB37140,6/8/2023,46,35667.48,2022,FORD,ESCAPE
7/24/2023,FS,FSAACW,152471,1,MPG,"LITHIA OF MISSOULA III, INC.",1FMCU9G65NUB90728,5/31/2023,54,34340.84,2022,FORD,ESCAPE
7/24/2023,FS,FSAACW,152471,1,MPG,"LITHIA OF MISSOULA III, INC.",1FMCU9J92NUB91905,6/5/2023,49,39886.84,2022,FORD,ESCAPE
7/24/2023,FS,FSAACW,152471,1,MPG,"LITHIA OF MISSOULA III, INC.",2FMPK4J9XPBA06891,5/22/2023,63,39986.88,2023,FORD,EDGE
7/24/2023,FS,FSAACW,152471,1,NEW,"LITHIA OF MISSOULA III, INC.",1FM5K8HC9PGA48297,5/20/2023,65,58752.72,2023,FORD,EXPLORER
7/24/2023,FS,FSAACW,152471,1,NEW,"LITHIA OF MISSOULA III, INC.",1FMJK2A85PEA28447,7/16/2023,8,81853.3,2023,FORD,EXPEDITION
7/24/2023,FS,FSAACW,152471,1,NEW,"LITHIA OF MISSOULA III, INC.",1FMSK8FH7PGA76990,6/22/2023,32,53846.08,2023,FORD,EXPLORER
7/24/2023,FS,FSAACW,152471,1,NEW,"LITHIA OF MISSOULA III, INC.",1FMSK8JH6PGA11216,7/18/2023,6,48712.69,2023,FORD,EXPLORER
7/24/2023,FS,FSAACW,152471,1,NEW,"LITHIA OF MISSOULA III, INC.",1FTFW1E51PKE05625,7/4/2023,20,59757.52,2023,FORD,F-150
7/24/2023,FS,FSAACW,152471,1,NEW,"LITHIA OF MISSOULA III, INC.",1FTFW1E57PKD63963,5/29/2023,56,68382.52,2023,FORD,F-150
7/24/2023,FS,FSAACW,152471,1,NEW,"LITHIA OF MISSOULA III, INC.",1FTFW1E80PKD98032,7/11/2023,13,60689.52,2023,FORD,F-150
7/24/2023,FS,FSAACW,152471,1,NEW,"LITHIA OF MISSOULA III, INC.",1FTFW1E81PKD82924,7/6/2023,18,61236.52,2023,FORD,F-150
7/24/2023,FS,FSAACW,152471,1,NEW,"LITHIA OF MISSOULA III, INC.",1FTFW1E81PKE00595,7/4/2023,20,58865.52,2023,FORD,F-150
7/24/2023,FS,FSAACW,152471,1,NEW,"LITHIA OF MISSOULA III, INC.",1FTFW1E83PFB29189,7/17/2023,7,60900.52,2023,FORD,F-150
7/24/2023,FS,FSAACW,152471,1,NEW,"LITHIA OF MISSOULA III, INC.",1FTFW1E83PFB29693,7/2/2023,22,59430.52,2023,FORD,F-150
7/24/2023,FS,FSAACW,152471,1,NEW,"LITHIA OF MISSOULA III, INC.",1FTFW1E84PKE05516,7/4/2023,20,60343.52,2023,FORD,F-150
7/24/2023,FS,FSAACW,152471,1,NEW,"LITHIA OF MISSOULA III, INC.",1FTFW1E86PFB34502,7/2/2023,22,68582.52,2023,FORD,F-150
7/24/2023,FS,FSAACW,152471,1,NEW,"LITHIA OF MISSOULA III, INC.",1FTFW1E86PFB37464,7/17/2023,7,61624.52,2023,FORD,F-150
7/24/2023,FS,FSAACW,152471,1,NEW,"LITHIA OF MISSOULA III, INC.",1FTFW1E87PFB37411,7/17/2023,7,61045.52,2023,FORD,F-150
7/24/2023,FS,FSAACW,152471,1,NEW,"LITHIA OF MISSOULA III, INC.",1FTFW1ED9PFB17593,7/2/2023,22,61522.92,2023,FORD,F-150
7/24/2023,FS,FSAACW,152471,1,NEW,"LITHIA OF MISSOULA III, INC.",2FMPK4G93PBA17125,6/27/2023,27,39926.08,2023,FORD,EDGE
7/24/2023,FS,FSAACW,152471,1,NEW,"LITHIA OF MISSOULA III, INC.",2FMPK4G98PBA08064,5/13/2023,72,38709.08,2023,FORD,EDGE
7/24/2023,FS,FSAACW,152471,1,NEW,"LITHIA OF MISSOULA III, INC.",2FMPK4G98PBA15712,6/28/2023,26,38554.08,2023,FORD,EDGE
7/24/2023,FS,FSAACW,152471,1,NEW,"LITHIA OF MISSOULA III, INC.",2FMPK4J90PBA10013,5/7/2023,78,40738.88,2023,FORD,EDGE
7/24/2023,FS,FSAACW,152471,1,NEW,"LITHIA OF MISSOULA III, INC.",2FMPK4J93PBA33656,7/17/2023,7,41431.08,2023,FORD,EDGE
7/24/2023,FS,FSAACW,152471,1,NEW,"LITHIA OF MISSOULA III, INC.",2FMPK4J94PBA10581,6/28/2023,26,41896.08,2023,FORD,EDGE
7/24/2023,FS,FSAACW,152471,1,NEW,"LITHIA OF MISSOULA III, INC.",2FMPK4J96PBA10582,6/27/2023,27,43865.08,2023,FORD,EDGE
7/24/2023,FS,FSAACW,152471,1,NEW,"LITHIA OF MISSOULA III, INC.",3FMCR9B69PRD34459,5/24/2023,61,34089.44,2023,FORD,BRONCO SPORT
7/24/2023,FS,FSAACW,152471,1,NEW,"LITHIA OF MISSOULA III, INC.",3FMCR9C66PRD45272,6/24/2023,30,38944.44,2023,FORD,BRONCO SPORT
7/24/2023,FS,FSAACW,152471,1,NEW,"LITHIA OF MISSOULA III, INC.",3FMCR9G68PRD04880,6/27/2023,27,33712.44,2023,FORD,BRONCO SPORT
7/24/2023,FS,FSAACW,152471,1,PANW,"LITHIA OF MISSOULA III, INC.",1FMCU9GN8PUA53115,7/20/2023,4,31818.67,2023,FORD,ESCAPE
7/24/2023,FS,FSAACW,152471,1,PANW,"LITHIA OF MISSOULA III, INC.",1FMCU9GNXPUA52256,7/15/2023,9,33359.67,2023,FORD,ESCAPE
7/24/2023,FS,FSAACW,152471,1,PANW,"LITHIA OF MISSOULA III, INC.",1FMCU9NA6PUA23739,6/20/2023,34,38787.67,2023,FORD,ESCAPE
7/24/2023,FS,FSAACW,152471,1,PANW,"LITHIA OF MISSOULA III, INC.",1FMEE5DH2PLB69168,7/11/2023,13,51137.2,2023,FORD,BRONCO
7/24/2023,FS,FSAACW,152471,1,PANW,"LITHIA OF MISSOULA III, INC.",1FMJK1J8XPEA48025,6/22/2023,32,75086.3,2023,FORD,EXPEDITION
7/24/2023,FS,FSAACW,152471,1,PANW,"LITHIA OF MISSOULA III, INC.",1FMJK1J83PEA11222,6/14/2023,40,72205.3,2023,FORD,EXPEDITION
7/24/2023,FS,FSAACW,152471,1,PANW,"LITHIA OF MISSOULA III, INC.",1FMJK2A88PEA48028,7/15/2023,9,82941.3,2023,FORD,EXPEDITION
7/24/2023,FS,FSAACW,152471,1,PANW,"LITHIA OF MISSOULA III, INC.",1FMJU1M8XPEA48029,7/13/2023,11,86475.75,2023,FORD,EXPEDITION
7/24/2023,FS,FSAACW,152471,1,PANW,"LITHIA OF MISSOULA III, INC.",1FMJU1M81PEA34696,7/1/2023,23,86198.75,2023,FORD,EXPEDITION
7/24/2023,FS,FSAACW,152471,1,PANW,"LITHIA OF MISSOULA III, INC.",1FMJU1RG6PEA56452,7/15/2023,9,81366.75,2023,FORD,EXPEDITION
7/24/2023,FS,FSAACW,152471,1,PANW,"LITHIA OF MISSOULA III, INC.",1FT8W2BT4PED20388,7/17/2023,7,78619.3,2023,FORD,F-250
7/24/2023,FS,FSAACW,152471,1,PANW,"LITHIA OF MISSOULA III, INC.",1FT8W3BT8PED35952,7/10/2023,14,68347.6,2023,FORD,F-350
7/24/2023,FS,FSAACW,152471,1,PANW,"LITHIA OF MISSOULA III, INC.",1FT8W3DT3PEC13304,5/18/2023,67,67983.92,2023,FORD,F-350
7/24/2023,FS,FSAACW,152471,1,PANW,"LITHIA OF MISSOULA III, INC.",1FT8X3BN4PED29810,7/8/2023,16,66081.34,2023,FORD,F-350
7/24/2023,FS,FSAACW,152471,1,PANW,"LITHIA OF MISSOULA III, INC.",1FTER1FH5PLE24961,5/30/2023,55,41751.2,2023,FORD,RANGER
7/24/2023,FS,FSAACW,152471,1,PANW,"LITHIA OF MISSOULA III, INC.",1FTER4FH1PLE30502,7/20/2023,4,39165.2,2023,FORD,RANGER
7/24/2023,FS,FSAACW,152471,1,PANW,"LITHIA OF MISSOULA III, INC.",1FTEW1E80PFB95940,7/10/2023,14,60652.36,2023,FORD,F-150
7/24/2023,FS,FSAACW,152471,1,PANW,"LITHIA OF MISSOULA III, INC.",1FTEW1E82PFB41152,5/30/2023,55,63336.36,2023,FORD,F-150
7/24/2023,FS,FSAACW,152471,1,PANW,"LITHIA OF MISSOULA III, INC.",1FTEW1E83PFB85001,7/10/2023,14,69612.36,2023,FORD,F-150
7/24/2023,FS,FSAACW,152471,1,PANW,"LITHIA OF MISSOULA III, INC.",1FTEW1E86PFB79256,6/17/2023,37,68537.36,2023,FORD,F-150
7/24/2023,FS,FSAACW,152471,1,PANW,"LITHIA OF MISSOULA III, INC.",1FTEW1EP6PKE67910,7/20/2023,4,48639.26,2023,FORD,F-150
7/24/2023,FS,FSAACW,152471,1,PANW,"LITHIA OF MISSOULA III, INC.",1FTFW1E5XPKD67246,7/18/2023,6,68391.88,2023,FORD,F-150
7/24/2023,FS,FSAACW,152471,1,PANW,"LITHIA OF MISSOULA III, INC.",1FTFW1E56PFC03999,7/7/2023,17,54386.26,2023,FORD,F-150
7/24/2023,FS,FSAACW,152471,1,PANW,"LITHIA OF MISSOULA III, INC.",1FTFW1E81PFB69075,7/1/2023,23,73419.36,2023,FORD,F-150
7/24/2023,FS,FSAACW,152471,1,PANW,"LITHIA OF MISSOULA III, INC.",1FTFW1E81PKE09636,5/19/2023,66,66232.52,2023,FORD,F-150
7/24/2023,FS,FSAACW,152471,1,PANW,"LITHIA OF MISSOULA III, INC.",1FTFW1E81PKE58335,6/22/2023,32,68284.36,2023,FORD,F-150
7/24/2023,FS,FSAACW,152471,1,PANW,"LITHIA OF MISSOULA III, INC.",1FTFW1E82PFC01807,7/7/2023,17,62798.36,2023,FORD,F-150
7/24/2023,FS,FSAACW,152471,1,PANW,"LITHIA OF MISSOULA III, INC.",1FTFW1E83PFB72656,5/30/2023,55,59050.36,2023,FORD,F-150
7/24/2023,FS,FSAACW,152471,1,PANW,"LITHIA OF MISSOULA III, INC.",1FTFW1E83PKE77985,7/17/2023,7,67518.36,2023,FORD,F-150
7/24/2023,FS,FSAACW,152471,1,PANW,"LITHIA OF MISSOULA III, INC.",1FTFW1E84PFC03252,6/28/2023,26,66509.36,2023,FORD,F-150
7/24/2023,FS,FSAACW,152471,1,PANW,"LITHIA OF MISSOULA III, INC.",1FTFW1E85PFB71721,6/1/2023,53,63841.36,2023,FORD,F-150
7/24/2023,FS,FSAACW,152471,1,PANW,"LITHIA OF MISSOULA III, INC.",1FTFW1E85PFC04121,7/1/2023,23,56204.36,2023,FORD,F-150
7/24/2023,FS,FSAACW,152471,1,PANW,"LITHIA OF MISSOULA III, INC.",1FTFW1E87PKE31527,5/19/2023,66,70107.36,2023,FORD,F-150
7/24/2023,FS,FSAACW,152471,1,PANW,"LITHIA OF MISSOULA III, INC.",1FTFW1E87PKE58291,7/20/2023,4,67556.36,2023,FORD,F-150
7/24/2023,FS,FSAACW,152471,1,PANW,"LITHIA OF MISSOULA III, INC.",1FTFW1E87PKE78296,7/20/2023,4,65654.36,2023,FORD,F-150
7/24/2023,FS,FSAACW,152471,1,PANW,"LITHIA OF MISSOULA III, INC.",1FTFW1E88PFC01858,7/15/2023,9,61149.36,2023,FORD,F-150
7/24/2023,FS,FSAACW,152471,1,PANW,"LITHIA OF MISSOULA III, INC.",1FTFW1E88PFC02136,7/11/2023,13,59508.36,2023,FORD,F-150
7/24/2023,FS,FSAACW,152471,1,PANW,"LITHIA OF MISSOULA III, INC.",1FTFW1E89PFB72080,7/7/2023,17,69756.36,2023,FORD,F-150
7/24/2023,FS,FSAACW,152471,1,PANW,"LITHIA OF MISSOULA III, INC.",1FTFW1ED2PFB88621,7/20/2023,4,77267.81,2023,FORD,F-150
7/24/2023,FS,FSAACW,152471,1,PANW,"LITHIA OF MISSOULA III, INC.",1FTFW1ED4PFC15947,7/13/2023,11,61236.81,2023,FORD,F-150
7/24/2023,FS,FSAACW,152471,1,PANW,"LITHIA OF MISSOULA III, INC.",1FTFW1ED5PFB95689,7/15/2023,9,81089.81,2023,FORD,F-150
7/24/2023,FS,FSAACW,152471,1,PANW,"LITHIA OF MISSOULA III, INC.",1FTFW1ED6PFB89190,7/3/2023,21,68343.81,2023,FORD,F-150
7/24/2023,FS,FSAACW,152471,1,PANW,"LITHIA OF MISSOULA III, INC.",1FTFW1ED8PFB95301,6/16/2023,38,76448.81,2023,FORD,F-150
7/24/2023,FS,FSAACW,152471,1,PANW,"LITHIA OF MISSOULA III, INC.",1FTFW1EDXPFC15564,7/19/2023,5,61236.81,2023,FORD,F-150
7/24/2023,FS,FSAACW,152471,1,PANW,"LITHIA OF MISSOULA III, INC.",1FTFW1RG6PFC00922,7/3/2023,21,78271.36,2023,FORD,F-150
7/24/2023,FS,FSAACW,152471,1,PANW,"LITHIA OF MISSOULA III, INC.",1FTFW1RGXPFB84630,7/15/2023,9,78271.36,2023,FORD,F-150
7/24/2023,FS,FSAACW,152471,1,PANW,"LITHIA OF MISSOULA III, INC.",1FTRS4UG3PKA51541,5/30/2023,55,60222.92,2023,FORD,TRANSIT
7/24/2023,FS,FSAACW,152471,1,PANW,"LITHIA OF MISSOULA III, INC.",2FMPK4AP0PBA31913,5/30/2023,55,47308.08,2023,FORD,EDGE
7/24/2023,FS,FSAACW,152471,1,PANW,"LITHIA OF MISSOULA III, INC.",2FMPK4G97PBA50368,7/15/2023,9,39774.69,2023,FORD,EDGE
7/24/2023,FS,FSAACW,152471,1,PANW,"LITHIA OF MISSOULA III, INC.",2FMPK4J94PBA41832,6/28/2023,26,41310.69,2023,FORD,EDGE
7/24/2023,FS,FSAACW,152471,1,PANW,"LITHIA OF MISSOULA III, INC.",2FMPK4J97PBA52940,7/15/2023,9,42933.69,2023,FORD,EDGE
7/24/2023,FS,FSAACW,152471,1,PANW,"LITHIA OF MISSOULA III, INC.",2FMPK4J99PBA50350,7/7/2023,17,42989.69,2023,FORD,EDGE
7/24/2023,FS,FSAACW,152471,1,PANW,"LITHIA OF MISSOULA III, INC.",2FMPK4K98PBA54369,7/7/2023,17,45969.69,2023,FORD,EDGE
7/24/2023,FS,FSAACW,152471,1,PANW,"LITHIA OF MISSOULA III, INC.",3FMCR9B61PRD78875,7/17/2023,7,35662.67,2023,FORD,BRONCO SPORT
7/24/2023,FS,FSAACW,152471,1,PANW,"LITHIA OF MISSOULA III, INC.",3FMCR9B63PRD82538,7/8/2023,16,35662.67,2023,FORD,BRONCO SPORT
7/24/2023,FS,FSAACW,152471,1,PANW,"LITHIA OF MISSOULA III, INC.",3FMCR9B64PRD80541,7/15/2023,9,34422.67,2023,FORD,BRONCO SPORT
7/24/2023,FS,FSAACW,152471,1,PANW,"LITHIA OF MISSOULA III, INC.",3FMCR9B69PRD78803,7/13/2023,11,33957.67,2023,FORD,BRONCO SPORT
7/24/2023,FS,FSAACW,152471,1,PANW,"LITHIA OF MISSOULA III, INC.",3FMCR9C63PRD68248,7/8/2023,16,38180.67,2023,FORD,BRONCO SPORT
7/24/2023,FS,FSAACW,152471,1,PANW,"LITHIA OF MISSOULA III, INC.",3FMCR9C63PRD81324,7/8/2023,16,39674.67,2023,FORD,BRONCO SPORT
7/24/2023,FS,FSAACW,152471,1,PANW,"LITHIA OF MISSOULA III, INC.",3FMCR9C66PRD82466,7/19/2023,5,38622.67,2023,FORD,BRONCO SPORT
7/24/2023,FS,FSAACW,152471,1,PANW,"LITHIA OF MISSOULA III, INC.",3FMCR9C69PRD81456,7/19/2023,5,38180.67,2023,FORD,BRONCO SPORT
7/24/2023,FS,FSAACW,152471,1,PANW,"LITHIA OF MISSOULA III, INC.",3FMCR9D90PRD73903,6/17/2023,37,43319.67,2023,FORD,BRONCO SPORT
7/24/2023,FS,FSAACW,152471,1,PANW,"LITHIA OF MISSOULA III, INC.",3FMCR9D93PRD74107,6/17/2023,37,42741.67,2023,FORD,BRONCO SPORT
7/24/2023,FS,FSAACW,152471,1,PANW,"LITHIA OF MISSOULA III, INC.",3FMCR9D95PRD77428,7/13/2023,11,43319.67,2023,FORD,BRONCO SPORT
7/24/2023,FS,FSAACW,152471,1,PANW,"LITHIA OF MISSOULA III, INC.",3FMCR9D96PRD74053,7/8/2023,16,44254.67,2023,FORD,BRONCO SPORT
7/24/2023,FS,FSAACW,152471,1,PANW,"LITHIA OF MISSOULA III, INC.",3FMCR9G65PRD84655,7/17/2023,7,35564.67,2023,FORD,BRONCO SPORT
7/24/2023,FS,FSAACW,152471,1,PANW,"LITHIA OF MISSOULA III, INC.",3FMTK3SU4PMA36947,7/15/2023,9,63840,2023,FORD,MUSTANG MACH-E
7/24/2023,FS,FSAACW,152471,1,PANW,"LITHIA OF MISSOULA III, INC.",3FTTW8F93PRA56928,7/11/2023,13,28272.18,2023,FORD,MAVERICK
7/24/2023,NA,NAAAUA,153697,1,FSLP,"DCH THOUSAND OAKS-F, INC.",1FMSK8DH5PGB34016,7/19/2023,5,46504.34,2023,FORD,EXPLORER
7/24/2023,NA,NAAAUA,153697,1,FSLP,"DCH THOUSAND OAKS-F, INC.",2FMPK4AP1PBA54178,7/20/2023,4,46292.34,2023,FORD,EDGE
7/24/2023,NA,NAAAUA,153697,1,FSLP,"DCH THOUSAND OAKS-F, INC.",2FMPK4J96PBA53352,7/19/2023,5,40779.34,2023,FORD,EDGE
7/24/2023,NA,NAAAUA,153697,1,FSLP,"DCH THOUSAND OAKS-F, INC.",2FMPK4J99PBA52082,7/19/2023,5,40309.34,2023,FORD,EDGE
7/24/2023,NA,NAAAUA,153697,1,FSLP,"DCH THOUSAND OAKS-F, INC.",2FMPK4K93PBA59477,7/19/2023,5,46820.34,2023,FORD,EDGE
7/24/2023,NA,NAAAUA,153697,1,MPG,"DCH THOUSAND OAKS-F, INC.",1FTEW1EP2PKE13021,5/25/2023,60,52137.97,2023,FORD,F-150
7/24/2023,NA,NAAAUA,153697,1,MPG,"DCH THOUSAND OAKS-F, INC.",1FTFW1E80PKE12821,6/26/2023,28,53150.97,2023,FORD,F-150
7/24/2023,NA,NAAAUA,153697,1,NEW,"DCH THOUSAND OAKS-F, INC.",1FMJK1KG3PEA18564,7/11/2023,13,83382.25,2023,FORD,EXPEDITION
7/24/2023,NA,NAAAUA,153697,1,NEW,"DCH THOUSAND OAKS-F, INC.",1FMJK1M8XPEA28174,7/2/2023,22,90634.25,2023,FORD,EXPEDITION
7/24/2023,NA,NAAAUA,153697,1,NEW,"DCH THOUSAND OAKS-F, INC.",1FMSK7DH8PGA98073,6/6/2023,48,45703.73,2023,FORD,EXPLORER
7/24/2023,NA,NAAAUA,153697,1,NEW,"DCH THOUSAND OAKS-F, INC.",1FMSK8DH9PGA15529,5/10/2023,75,48786.53,2023,FORD,EXPLORER
7/24/2023,NA,NAAAUA,153697,1,NEW,"DCH THOUSAND OAKS-F, INC.",1FTEW1EP0PKE12997,7/3/2023,21,53627.17,2023,FORD,F-150
7/24/2023,NA,NAAAUA,153697,1,NEW,"DCH THOUSAND OAKS-F, INC.",1FTEW1EP2PKE12595,7/3/2023,21,52610.97,2023,FORD,F-150
7/24/2023,NA,NAAAUA,153697,1,NEW,"DCH THOUSAND OAKS-F, INC.",1FTEW1EP9PKE12657,7/3/2023,21,54499.97,2023,FORD,F-150
7/24/2023,NA,NAAAUA,153697,1,NEW,"DCH THOUSAND OAKS-F, INC.",1FTFW1E58PKE09591,7/10/2023,14,71126.17,2023,FORD,F-150
7/24/2023,NA,NAAAUA,153697,1,NEW,"DCH THOUSAND OAKS-F, INC.",1FTFW1E85PKE12653,7/10/2023,14,55842.17,2023,FORD,F-150
7/24/2023,NA,NAAAUA,153697,1,NEW,"DCH THOUSAND OAKS-F, INC.",1FTFW1ED9PFA98186,6/14/2023,40,66501.57,2023,FORD,F-150
7/24/2023,NA,NAAAUA,153697,1,NEW,"DCH THOUSAND OAKS-F, INC.",2FMPK4J94PBA39837,7/23/2023,1,42243.73,2023,FORD,EDGE
7/24/2023,NA,NAAAUA,153697,1,NEW,"DCH THOUSAND OAKS-F, INC.",3FMTK2SU8PMA18672,6/24/2023,30,60600.65,2023,FORD,MUSTANG MACH-E
7/24/2023,NA,NAAAUA,153697,1,PANW,"DCH THOUSAND OAKS-F, INC.",1FDRF3HT3PEC89390,5/24/2023,61,65221,2023,FORD,F-350
7/24/2023,NA,NAAAUA,153697,1,PANW,"DCH THOUSAND OAKS-F, INC.",1FMCU0MN8PUA54085,7/15/2023,9,30921.67,2023,FORD,ESCAPE
7/24/2023,NA,NAAAUA,153697,1,PANW,"DCH THOUSAND OAKS-F, INC.",1FMDE5AP5PLB54381,7/5/2023,19,48676.85,2023,FORD,BRONCO
7/24/2023,NA,NAAAUA,153697,1,PANW,"DCH THOUSAND OAKS-F, INC.",1FMEE5DH1PLB60302,7/5/2023,19,62364.85,2023,FORD,BRONCO
7/24/2023,NA,NAAAUA,153697,1,PANW,"DCH THOUSAND OAKS-F, INC.",1FMEE5DP3PLB40432,7/15/2023,9,64853.85,2023,FORD,BRONCO
7/24/2023,NA,NAAAUA,153697,1,PANW,"DCH THOUSAND OAKS-F, INC.",1FMEE5DP9PLB53606,7/21/2023,3,54524.85,2023,FORD,BRONCO
7/24/2023,NA,NAAAUA,153697,1,PANW,"DCH THOUSAND OAKS-F, INC.",1FMJK2A82PEA53077,7/20/2023,4,80230.95,2023,FORD,EXPEDITION
7/24/2023,NA,NAAAUA,153697,1,PANW,"DCH THOUSAND OAKS-F, INC.",1FMJU1M89PEA28175,5/25/2023,60,84932.4,2023,FORD,EXPEDITION
7/24/2023,NA,NAAAUA,153697,1,PANW,"DCH THOUSAND OAKS-F, INC.",1FMJU1RGXPEA34602,7/1/2023,23,81729.4,2023,FORD,EXPEDITION
7/24/2023,NA,NAAAUA,153697,1,PANW,"DCH THOUSAND OAKS-F, INC.",1FMJU2A81PEA54151,7/15/2023,9,77521.4,2023,FORD,EXPEDITION
7/24/2023,NA,NAAAUA,153697,1,PANW,"DCH THOUSAND OAKS-F, INC.",1FMJU2A83PEA54152,7/15/2023,9,79673.4,2023,FORD,EXPEDITION
7/24/2023,NA,NAAAUA,153697,1,PANW,"DCH THOUSAND OAKS-F, INC.",1FMSK8DH2PGB38122,7/1/2023,23,48186.34,2023,FORD,EXPLORER
7/24/2023,NA,NAAAUA,153697,1,PANW,"DCH THOUSAND OAKS-F, INC.",1FMSK8DH4PGB31494,7/13/2023,11,46504.34,2023,FORD,EXPLORER
7/24/2023,NA,NAAAUA,153697,1,PANW,"DCH THOUSAND OAKS-F, INC.",1FMSK8DH8PGB34723,7/13/2023,11,47251.34,2023,FORD,EXPLORER
7/24/2023,NA,NAAAUA,153697,1,PANW,"DCH THOUSAND OAKS-F, INC.",1FT6W1EV0PWG11446,7/20/2023,4,80595.65,2023,FORD,F-150
7/24/2023,NA,NAAAUA,153697,1,PANW,"DCH THOUSAND OAKS-F, INC.",1FT6W1EV7PWG11444,7/20/2023,4,80415.65,2023,FORD,F-150
7/24/2023,NA,NAAAUA,153697,1,PANW,"DCH THOUSAND OAKS-F, INC.",1FT6W1EV9PWG11445,7/20/2023,4,80115.65,2023,FORD,F-150
7/24/2023,NA,NAAAUA,153697,1,PANW,"DCH THOUSAND OAKS-F, INC.",1FTER4FH2PLE33926,5/23/2023,62,42531.85,2023,FORD,RANGER
7/24/2023,NA,NAAAUA,153697,1,PANW,"DCH THOUSAND OAKS-F, INC.",1FTEW1EP1PKE63733,6/9/2023,45,53513.91,2023,FORD,F-150
7/24/2023,NA,NAAAUA,153697,1,PANW,"DCH THOUSAND OAKS-F, INC.",1FTEW1EP2PKE61831,7/19/2023,5,52995.91,2023,FORD,F-150
7/24/2023,NA,NAAAUA,153697,1,PANW,"DCH THOUSAND OAKS-F, INC.",1FTEW1EP3PKE63880,6/9/2023,45,52995.91,2023,FORD,F-150
7/24/2023,NA,NAAAUA,153697,1,PANW,"DCH THOUSAND OAKS-F, INC.",1FTEW1EP3PKE64821,6/14/2023,40,53173.91,2023,FORD,F-150
7/24/2023,NA,NAAAUA,153697,1,PANW,"DCH THOUSAND OAKS-F, INC.",1FTEW1EP4PFC16991,7/7/2023,17,51882.91,2023,FORD,F-150
7/24/2023,NA,NAAAUA,153697,1,PANW,"DCH THOUSAND OAKS-F, INC.",1FTEW1EP4PFC18224,7/14/2023,10,51973.91,2023,FORD,F-150
7/24/2023,NA,NAAAUA,153697,1,PANW,"DCH THOUSAND OAKS-F, INC.",1FTEW1EP5PFC16238,7/10/2023,14,54657.91,2023,FORD,F-150
7/24/2023,NA,NAAAUA,153697,1,PANW,"DCH THOUSAND OAKS-F, INC.",1FTEW1EP7PKE62103,6/9/2023,45,53513.91,2023,FORD,F-150
7/24/2023,NA,NAAAUA,153697,1,PANW,"DCH THOUSAND OAKS-F, INC.",1FTEW1EPXPFC18471,7/19/2023,5,52060.91,2023,FORD,F-150
7/24/2023,NA,NAAAUA,153697,1,PANW,"DCH THOUSAND OAKS-F, INC.",1FTEX1CP2PKE67631,6/28/2023,26,44023.38,2023,FORD,F-150
7/24/2023,NA,NAAAUA,153697,1,PANW,"DCH THOUSAND OAKS-F, INC.",1FTEX1EP0PKE50226,6/2/2023,52,46094.38,2023,FORD,F-150
7/24/2023,NA,NAAAUA,153697,1,PANW,"DCH THOUSAND OAKS-F, INC.",1FTFW1E86PKE63563,7/1/2023,23,53719.91,2023,FORD,F-150
7/24/2023,NA,NAAAUA,153697,1,PANW,"DCH THOUSAND OAKS-F, INC.",1FTFW1ED1PFC02766,7/10/2023,14,60415.46,2023,FORD,F-150
7/24/2023,NA,NAAAUA,153697,1,PANW,"DCH THOUSAND OAKS-F, INC.",1FTVW1EL3PWG20345,7/20/2023,4,62500.65,2023,FORD,F-150
7/24/2023,NA,NAAAUA,153697,1,PANW,"DCH THOUSAND OAKS-F, INC.",1FTVW1EV8PWG12730,7/20/2023,4,80320.65,2023,FORD,F-150
7/24/2023,NA,NAAAUA,153697,1,PANW,"DCH THOUSAND OAKS-F, INC.",2FMPK4AP1PBA53628,7/1/2023,23,46292.34,2023,FORD,EDGE
7/24/2023,NA,NAAAUA,153697,1,PANW,"DCH THOUSAND OAKS-F, INC.",2FMPK4AP2PBA54223,7/21/2023,3,46292.34,2023,FORD,EDGE
7/24/2023,NA,NAAAUA,153697,1,PANW,"DCH THOUSAND OAKS-F, INC.",2FMPK4AP8PBA54114,7/15/2023,9,47227.34,2023,FORD,EDGE
7/24/2023,NA,NAAAUA,153697,1,PANW,"DCH THOUSAND OAKS-F, INC.",2FMPK4G91PBA43786,6/1/2023,53,40155.34,2023,FORD,EDGE
7/24/2023,NA,NAAAUA,153697,1,PANW,"DCH THOUSAND OAKS-F, INC.",2FMPK4G95PBA43273,6/1/2023,53,39690.34,2023,FORD,EDGE
7/24/2023,NA,NAAAUA,153697,1,PANW,"DCH THOUSAND OAKS-F, INC.",2FMPK4G96PBA43332,6/1/2023,53,39690.34,2023,FORD,EDGE
7/24/2023,NA,NAAAUA,153697,1,PANW,"DCH THOUSAND OAKS-F, INC.",2FMPK4G96PBA43346,5/25/2023,60,39690.34,2023,FORD,EDGE
7/24/2023,NA,NAAAUA,153697,1,PANW,"DCH THOUSAND OAKS-F, INC.",2FMPK4G97PBA43260,5/25/2023,60,39690.34,2023,FORD,EDGE
7/24/2023,NA,NAAAUA,153697,1,PANW,"DCH THOUSAND OAKS-F, INC.",2FMPK4G98PBA43882,5/25/2023,60,39690.34,2023,FORD,EDGE
7/24/2023,NA,NAAAUA,153697,1,PANW,"DCH THOUSAND OAKS-F, INC.",2FMPK4J92PBA52005,7/21/2023,3,39844.34,2023,FORD,EDGE
7/24/2023,NA,NAAAUA,153697,1,PANW,"DCH THOUSAND OAKS-F, INC.",2FMPK4J94PBA43886,5/24/2023,61,41829.34,2023,FORD,EDGE
7/24/2023,NA,NAAAUA,153697,1,PANW,"DCH THOUSAND OAKS-F, INC.",2FMPK4K90PBA59971,7/11/2023,13,45885.34,2023,FORD,EDGE
7/24/2023,NA,NAAAUA,153697,1,PANW,"DCH THOUSAND OAKS-F, INC.",2FMPK4K92PBA59650,7/7/2023,17,45885.34,2023,FORD,EDGE
7/24/2023,NA,NAAAUA,153697,1,PANW,"DCH THOUSAND OAKS-F, INC.",3FMCR9B63PRD80871,6/24/2023,30,32750.32,2023,FORD,BRONCO SPORT
7/24/2023,NA,NAAAUA,153697,1,PANW,"DCH THOUSAND OAKS-F, INC.",3FMCR9B65PRD82170,6/24/2023,30,32562.32,2023,FORD,BRONCO SPORT
7/24/2023,NA,NAAAUA,153697,1,PANW,"DCH THOUSAND OAKS-F, INC.",3FMCR9C6XPRD68943,6/17/2023,37,36485.32,2023,FORD,BRONCO SPORT
7/24/2023,NA,NAAAUA,153697,1,PANW,"DCH THOUSAND OAKS-F, INC.",3FMCR9G6XPRD80990,7/11/2023,13,35147.32,2023,FORD,BRONCO SPORT
7/24/2023,NA,NAAAUA,153697,1,PANW,"DCH THOUSAND OAKS-F, INC.",3FMCR9G66PRD82607,7/5/2023,19,35335.32,2023,FORD,BRONCO SPORT
7/24/2023,NA,NAAAUA,153697,1,PANW,"DCH THOUSAND OAKS-F, INC.",3FMCR9G66PRD83949,7/5/2023,19,35335.32,2023,FORD,BRONCO SPORT
7/24/2023,NA,NAAAUA,153697,1,PANW,"DCH THOUSAND OAKS-F, INC.",3FMTK1RM0PMA45977,7/14/2023,10,48045.65,2023,FORD,MUSTANG MACH-E
7/24/2023,NA,NAAAUA,153697,1,PANW,"DCH THOUSAND OAKS-F, INC.",3FMTK1RM0PMA46093,7/14/2023,10,48840.65,2023,FORD,MUSTANG MACH-E
7/24/2023,NA,NAAAUA,153697,1,PANW,"DCH THOUSAND OAKS-F, INC.",3FMTK1RM0PMA46126,7/14/2023,10,48840.65,2023,FORD,MUSTANG MACH-E
7/24/2023,NA,NAAAUA,153697,1,PANW,"DCH THOUSAND OAKS-F, INC.",3FMTK1RM0PMA46210,7/14/2023,10,48840.65,2023,FORD,MUSTANG MACH-E
7/24/2023,NA,NAAAUA,153697,1,PANW,"DCH THOUSAND OAKS-F, INC.",3FMTK1RM0PMA46286,7/14/2023,10,48840.65,2023,FORD,MUSTANG MACH-E
7/24/2023,NA,NAAAUA,153697,1,PANW,"DCH THOUSAND OAKS-F, INC.",3FMTK1RM0PMA46613,7/14/2023,10,48840.65,2023,FORD,MUSTANG MACH-E
7/24/2023,NA,NAAAUA,153697,1,PANW,"DCH THOUSAND OAKS-F, INC.",3FMTK1RM5PMA46204,7/14/2023,10,48045.65,2023,FORD,MUSTANG MACH-E
7/24/2023,NA,NAAAUA,153697,1,PANW,"DCH THOUSAND OAKS-F, INC.",3FMTK1RM5PMA46512,7/14/2023,10,48045.65,2023,FORD,MUSTANG MACH-E
7/24/2023,NA,NAAAUA,153697,1,PANW,"DCH THOUSAND OAKS-F, INC.",3FMTK1RM6PMA45952,7/14/2023,10,48045.65,2023,FORD,MUSTANG MACH-E
7/24/2023,NA,NAAAUA,153697,1,PANW,"DCH THOUSAND OAKS-F, INC.",3FMTK3R79PMA54845,7/12/2023,12,59805.65,2023,FORD,MUSTANG MACH-E
7/24/2023,NA,NAAAUA,153697,1,PANW,"DCH THOUSAND OAKS-F, INC.",3FMTK3R79PMA58877,7/11/2023,13,60300.65,2023,FORD,MUSTANG MACH-E
7/24/2023,NA,NAAAUA,153697,1,PANW,"DCH THOUSAND OAKS-F, INC.",3FMTK3SS8PMA45794,6/7/2023,47,55805.65,2023,FORD,MUSTANG MACH-E
7/24/2023,NA,NAAAUA,153697,1,PANW,"DCH THOUSAND OAKS-F, INC.",3FMTK3SU3PMA59975,7/15/2023,9,62805.65,2023,FORD,MUSTANG MACH-E
7/24/2023,NA,NAAAUA,153697,1,PANW,"DCH THOUSAND OAKS-F, INC.",3FMTK3SU4PMA52601,7/15/2023,9,63600.65,2023,FORD,MUSTANG MACH-E
7/24/2023,NA,NAAAUA,153697,1,PANW,"DCH THOUSAND OAKS-F, INC.",3FMTK3SU4PMA59046,7/12/2023,12,63045.65,2023,FORD,MUSTANG MACH-E
7/24/2023,NA,NAAAUA,153697,1,PANW,"DCH THOUSAND OAKS-F, INC.",3FMTK3SU5PMA32518,5/25/2023,60,62805.65,2023,FORD,MUSTANG MACH-E
7/24/2023,NA,NAAAUA,153697,1,PANW,"DCH THOUSAND OAKS-F, INC.",3FMTK3SU7PMA55797,7/12/2023,12,62805.65,2023,FORD,MUSTANG MACH-E
7/24/2023,JQ,JQAB30,153859,4,NEW,"LITHIA OF UTICA-2, LLC",1FMJK1M80PEA20472,6/20/2023,34,87404.6,2023,FORD,EXPEDITION
7/24/2023,JQ,JQAB30,153859,4,NEW,"LITHIA OF UTICA-2, LLC",1FMSK8DH3PGB02519,6/22/2023,32,47440.08,2023,FORD,EXPLORER
7/24/2023,JQ,JQAB30,153859,4,NEW,"LITHIA OF UTICA-2, LLC",1FTEX1EP9PKD31266,4/2/2023,113,46972.21,2023,FORD,F-150
7/24/2023,JQ,JQAB30,153859,4,PANW,"LITHIA OF UTICA-2, LLC",1FD0W5HN9PED23032,6/21/2023,33,62517.4,2023,FORD,F-550
7/24/2023,JQ,JQAB30,153859,4,PANW,"LITHIA OF UTICA-2, LLC",1FMCU0GN1PUA12773,6/17/2023,37,32432.67,2023,FORD,ESCAPE
7/24/2023,JQ,JQAB30,153859,4,PANW,"LITHIA OF UTICA-2, LLC",1FMCU9GN1PUA65199,7/18/2023,6,31889.67,2023,FORD,ESCAPE
7/24/2023,JQ,JQAB30,153859,4,PANW,"LITHIA OF UTICA-2, LLC",1FMCU9GN4PUA35291,6/21/2023,33,33886.67,2023,FORD,ESCAPE
7/24/2023,JQ,JQAB30,153859,4,PANW,"LITHIA OF UTICA-2, LLC",1FMCU9GN9PUA44035,7/1/2023,23,31889.67,2023,FORD,ESCAPE
7/24/2023,JQ,JQAB30,153859,4,PANW,"LITHIA OF UTICA-2, LLC",1FMCU9GNXPUA06426,6/17/2023,37,32753.67,2023,FORD,ESCAPE
7/24/2023,JQ,JQAB30,153859,4,PANW,"LITHIA OF UTICA-2, LLC",1FMCU9GNXPUA73429,7/22/2023,2,31889.67,2023,FORD,ESCAPE
7/24/2023,JQ,JQAB30,153859,4,PANW,"LITHIA OF UTICA-2, LLC",1FMCU9NAXPUA68019,7/22/2023,2,37142.67,2023,FORD,ESCAPE
7/24/2023,JQ,JQAB30,153859,4,PANW,"LITHIA OF UTICA-2, LLC",1FMDE5BH3PLB68741,7/12/2023,12,49435.2,2023,FORD,BRONCO
7/24/2023,JQ,JQAB30,153859,4,PANW,"LITHIA OF UTICA-2, LLC",1FMDE5CP0PLB68878,7/12/2023,12,55747.2,2023,FORD,BRONCO
7/24/2023,JQ,JQAB30,153859,4,PANW,"LITHIA OF UTICA-2, LLC",1FMEE5DH6PLB53748,7/12/2023,12,59309.2,2023,FORD,BRONCO
7/24/2023,JQ,JQAB30,153859,4,PANW,"LITHIA OF UTICA-2, LLC",1FMEE5DP5PLB56387,7/12/2023,12,55206.2,2023,FORD,BRONCO
7/24/2023,JQ,JQAB30,153859,4,PANW,"LITHIA OF UTICA-2, LLC",1FMEE5DP9PLB51144,7/12/2023,12,55705.2,2023,FORD,BRONCO
7/24/2023,JQ,JQAB30,153859,4,PANW,"LITHIA OF UTICA-2, LLC",1FMEE5JR7PLA87000,7/14/2023,10,93840.2,2023,FORD,BRONCO
7/24/2023,JQ,JQAB30,153859,4,PANW,"LITHIA OF UTICA-2, LLC",1FMJK1M85PEA41477,7/1/2023,23,91112.3,2023,FORD,EXPEDITION
7/24/2023,JQ,JQAB30,153859,4,PANW,"LITHIA OF UTICA-2, LLC",1FMJK2A86PEA41479,6/17/2023,37,77716.3,2023,FORD,EXPEDITION
7/24/2023,JQ,JQAB30,153859,4,PANW,"LITHIA OF UTICA-2, LLC",1FMJU1J84PEA57569,7/1/2023,23,69853.75,2023,FORD,EXPEDITION
7/24/2023,JQ,JQAB30,153859,4,PANW,"LITHIA OF UTICA-2, LLC",1FMSK8DH1PGB41268,7/19/2023,5,46033.69,2023,FORD,EXPLORER
7/24/2023,JQ,JQAB30,153859,4,PANW,"LITHIA OF UTICA-2, LLC",1FMSK8DH6PGB33361,7/19/2023,5,46310.69,2023,FORD,EXPLORER
7/24/2023,JQ,JQAB30,153859,4,PANW,"LITHIA OF UTICA-2, LLC",1FMSK8DH7PGB07528,7/7/2023,17,46263.69,2023,FORD,EXPLORER
7/24/2023,JQ,JQAB30,153859,4,PANW,"LITHIA OF UTICA-2, LLC",1FT8W3BT1PED26364,7/1/2023,23,82701.3,2023,FORD,F-350
7/24/2023,JQ,JQAB30,153859,4,PANW,"LITHIA OF UTICA-2, LLC",1FT8X3BM3PED30454,7/1/2023,23,66644.3,2023,FORD,F-350
7/24/2023,JQ,JQAB30,153859,4,PANW,"LITHIA OF UTICA-2, LLC",1FT8X3BT2PED28248,7/12/2023,12,63209.05,2023,FORD,F-350
7/24/2023,JQ,JQAB30,153859,4,PANW,"LITHIA OF UTICA-2, LLC",1FTEX1EP0PKE78852,7/15/2023,9,47591.73,2023,FORD,F-150
7/24/2023,JQ,JQAB30,153859,4,PANW,"LITHIA OF UTICA-2, LLC",1FTEX1EP0PKE80049,7/19/2023,5,48116.73,2023,FORD,F-150
7/24/2023,JQ,JQAB30,153859,4,PANW,"LITHIA OF UTICA-2, LLC",1FTEX1EP9PKE79658,7/7/2023,17,47018.73,2023,FORD,F-150
7/24/2023,JQ,JQAB30,153859,4,PANW,"LITHIA OF UTICA-2, LLC",1FTFW1E55PFB73930,6/9/2023,45,53407.26,2023,FORD,F-150
7/24/2023,JQ,JQAB30,153859,4,PANW,"LITHIA OF UTICA-2, LLC",1FTFW1E82PKE80165,7/7/2023,17,55462.26,2023,FORD,F-150
7/24/2023,JQ,JQAB30,153859,4,PANW,"LITHIA OF UTICA-2, LLC",1FTFW1ED1PFC15520,7/19/2023,5,81007.81,2023,FORD,F-150
7/24/2023,JQ,JQAB30,153859,4,PANW,"LITHIA OF UTICA-2, LLC",1FTFW1RG4PFB79097,6/30/2023,24,75163.36,2023,FORD,F-150
7/24/2023,JQ,JQAB30,153859,4,PANW,"LITHIA OF UTICA-2, LLC",1FTVW1EL7PWG18209,7/20/2023,4,56980,2023,FORD,F-150
7/24/2023,JQ,JQAB30,153859,4,PANW,"LITHIA OF UTICA-2, LLC",2FMPK4J94PBA52121,6/23/2023,31,40675.69,2023,FORD,EDGE
7/24/2023,JQ,JQAB30,153859,4,PANW,"LITHIA OF UTICA-2, LLC",2FMPK4J96PBA49950,6/23/2023,31,41601.69,2023,FORD,EDGE
7/24/2023,JQ,JQAB30,153859,4,PANW,"LITHIA OF UTICA-2, LLC",3FMCR9B63PRD83107,7/1/2023,23,34351.67,2023,FORD,BRONCO SPORT
7/24/2023,JQ,JQAB30,153859,4,PANW,"LITHIA OF UTICA-2, LLC",3FMCR9B67PRD85765,7/14/2023,10,35756.67,2023,FORD,BRONCO SPORT
7/24/2023,JQ,JQAB30,153859,4,PANW,"LITHIA OF UTICA-2, LLC",3FMCR9B69PRD65498,5/27/2023,58,34328.67,2023,FORD,BRONCO SPORT
7/24/2023,JQ,JQAB30,153859,4,PANW,"LITHIA OF UTICA-2, LLC",3FMCR9C63PRD88600,7/18/2023,6,38956.67,2023,FORD,BRONCO SPORT
7/24/2023,JQ,JQAB30,153859,4,PANW,"LITHIA OF UTICA-2, LLC",3FMCR9C67PRD65417,7/24/2023,0,39144.67,2023,FORD,BRONCO SPORT
7/24/2023,JQ,JQAB30,153859,4,PANW,"LITHIA OF UTICA-2, LLC",3FMCR9C67PRD86896,7/18/2023,6,38442.67,2023,FORD,BRONCO SPORT
7/24/2023,JQ,JQAB30,153859,4,PANW,"LITHIA OF UTICA-2, LLC",3FMCR9D93PRD99704,7/18/2023,6,40110.67,2023,FORD,BRONCO SPORT
7/24/2023,JQ,JQAB30,153859,4,PANW,"LITHIA OF UTICA-2, LLC",3FMTK3SU8PMA37146,7/7/2023,17,62805,2023,FORD,MUSTANG MACH-E
7/24/2023,JQ,JQAB30,153859,4,PANW,"LITHIA OF UTICA-2, LLC",3FMTK4SE5PMA45297,7/19/2023,5,65805,2023,FORD,MUSTANG MACH-E
7/24/2023,JQ,JQAB30,153859,4,PANW,"LITHIA OF UTICA-2, LLC",3FTTW8E39PRA56283,7/18/2023,6,33844.65,2023,FORD,MAVERICK
7/24/2023,JQ,JQAB30,153859,4,PANW,"LITHIA OF UTICA-2, LLC",3FTTW8F97PRA56365,7/18/2023,6,29825.18,2023,FORD,MAVERICK
7/24/2023,NA,NAAAUM,153867,1,NEW,"LITHIA OF HONOLULU-F, LLC",1FA6P8CF7N5136629,1/11/2023,194,48346.04,2022,FORD,MUSTANG
7/24/2023,NA,NAAAUM,153867,1,NEW,"LITHIA OF HONOLULU-F, LLC",1FA6P8R05P5502089,7/10/2023,14,65773.12,2023,FORD,MUSTANG
7/24/2023,NA,NAAAUM,153867,1,NEW,"LITHIA OF HONOLULU-F, LLC",1FM5K8GC5PGA62117,6/18/2023,36,59032.72,2023,FORD,EXPLORER
7/24/2023,NA,NAAAUM,153867,1,NEW,"LITHIA OF HONOLULU-F, LLC",1FM5K8GC8NGC32676,4/2/2023,113,58471.24,2022,FORD,EXPLORER
7/24/2023,NA,NAAAUM,153867,1,NEW,"LITHIA OF HONOLULU-F, LLC",1FM5K8GC8PGA67506,7/17/2023,7,59783.72,2023,FORD,EXPLORER
7/24/2023,NA,NAAAUM,153867,1,NEW,"LITHIA OF HONOLULU-F, LLC",1FM5K8GC9PGA45255,5/2/2023,83,58936.92,2023,FORD,EXPLORER
7/24/2023,NA,NAAAUM,153867,1,NEW,"LITHIA OF HONOLULU-F, LLC",1FMDE5BHXPLB34182,6/28/2023,26,49251.4,2023,FORD,BRONCO
7/24/2023,NA,NAAAUM,153867,1,NEW,"LITHIA OF HONOLULU-F, LLC",1FMDE5DH6PLB33849,7/17/2023,7,53017.4,2023,FORD,BRONCO
7/24/2023,NA,NAAAUM,153867,1,NEW,"LITHIA OF HONOLULU-F, LLC",1FMEE5JR9PLA93445,7/3/2023,21,79409.4,2023,FORD,BRONCO
7/24/2023,NA,NAAAUM,153867,1,NEW,"LITHIA OF HONOLULU-F, LLC",1FMJU1H87PEA14446,5/29/2023,56,66613,2023,FORD,EXPEDITION
7/24/2023,NA,NAAAUM,153867,1,NEW,"LITHIA OF HONOLULU-F, LLC",1FMJU1RG3PEA28236,6/18/2023,36,80231,2023,FORD,EXPEDITION
7/24/2023,NA,NAAAUM,153867,1,NEW,"LITHIA OF HONOLULU-F, LLC",1FMJU2A82PEA37858,7/3/2023,21,77070,2023,FORD,EXPEDITION
7/24/2023,NA,NAAAUM,153867,1,NEW,"LITHIA OF HONOLULU-F, LLC",1FMJU2A87PEA34616,7/10/2023,14,80171,2023,FORD,EXPEDITION
7/24/2023,NA,NAAAUM,153867,1,NEW,"LITHIA OF HONOLULU-F, LLC",1FMJU2AT9NEA37146,4/13/2023,102,82613,2022,FORD,EXPEDITION
7/24/2023,NA,NAAAUM,153867,1,NEW,"LITHIA OF HONOLULU-F, LLC",1FMSK7DH5PGA41698,5/8/2023,77,45451.88,2023,FORD,EXPLORER
7/24/2023,NA,NAAAUM,153867,1,NEW,"LITHIA OF HONOLULU-F, LLC",1FMSK7DH6PGA48112,5/2/2023,83,44984.88,2023,FORD,EXPLORER
7/24/2023,NA,NAAAUM,153867,1,NEW,"LITHIA OF HONOLULU-F, LLC",1FMSK7DH7PGA10520,4/24/2023,91,45398.88,2023,FORD,EXPLORER
7/24/2023,NA,NAAAUM,153867,1,NEW,"LITHIA OF HONOLULU-F, LLC",1FMSK7FHXPGA76377,7/3/2023,21,51706.08,2023,FORD,EXPLORER
7/24/2023,NA,NAAAUM,153867,1,NEW,"LITHIA OF HONOLULU-F, LLC",1FMSK8JH0PGA89586,7/17/2023,7,51584.08,2023,FORD,EXPLORER
7/24/2023,NA,NAAAUM,153867,1,NEW,"LITHIA OF HONOLULU-F, LLC",1FMSK8JH7PGA41941,5/8/2023,77,51209.88,2023,FORD,EXPLORER
7/24/2023,NA,NAAAUM,153867,1,NEW,"LITHIA OF HONOLULU-F, LLC",1FMSK8JH8PGA55590,7/3/2023,21,50456.08,2023,FORD,EXPLORER
7/24/2023,NA,NAAAUM,153867,1,NEW,"LITHIA OF HONOLULU-F, LLC",1FT8W3BA6PEC25674,7/24/2023,0,52242.36,2023,FORD,F-350
7/24/2023,NA,NAAAUM,153867,1,NEW,"LITHIA OF HONOLULU-F, LLC",1FTBF2AA4PEC58996,7/1/2023,23,45439.08,2023,FORD,F-250
7/24/2023,NA,NAAAUM,153867,1,NEW,"LITHIA OF HONOLULU-F, LLC",1FTBF2AA6PEC28253,6/8/2023,46,46198.88,2023,FORD,F-250
7/24/2023,NA,NAAAUM,153867,1,NEW,"LITHIA OF HONOLULU-F, LLC",1FTBF2AA6PEC58997,6/13/2023,41,45533.88,2023,FORD,F-250
7/24/2023,NA,NAAAUM,153867,1,NEW,"LITHIA OF HONOLULU-F, LLC",1FTBF2BT0PEC17278,7/17/2023,7,56493.04,2023,FORD,F-250
7/24/2023,NA,NAAAUM,153867,1,NEW,"LITHIA OF HONOLULU-F, LLC",1FTBF2BT2PEC17279,7/17/2023,7,56493.04,2023,FORD,F-250
7/24/2023,NA,NAAAUM,153867,1,NEW,"LITHIA OF HONOLULU-F, LLC",1FTBF2BT9PEC17280,7/17/2023,7,56493.04,2023,FORD,F-250
7/24/2023,NA,NAAAUM,153867,1,NEW,"LITHIA OF HONOLULU-F, LLC",1FTEW1CP0PKD72410,6/18/2023,36,44727.32,2023,FORD,F-150
7/24/2023,NA,NAAAUM,153867,1,NEW,"LITHIA OF HONOLULU-F, LLC",1FTEW1CP3PKD22293,4/19/2023,96,44872.52,2023,FORD,F-150
7/24/2023,NA,NAAAUM,153867,1,NEW,"LITHIA OF HONOLULU-F, LLC",1FTFW1E8XNKE71596,12/5/2022,231,53673.44,2022,FORD,F-150
7/24/2023,NA,NAAAUM,153867,1,NEW,"LITHIA OF HONOLULU-F, LLC",1FTFW1E80NKE48554,11/30/2022,236,50268.44,2022,FORD,F-150
7/24/2023,NA,NAAAUM,153867,1,NEW,"LITHIA OF HONOLULU-F, LLC",1FTFW1E86NKE95507,5/27/2023,58,60116.84,2022,FORD,F-150
7/24/2023,NA,NAAAUM,153867,1,NEW,"LITHIA OF HONOLULU-F, LLC",2FMPK4G94PBA04979,6/18/2023,36,39875.08,2023,FORD,EDGE
7/24/2023,NA,NAAAUM,153867,1,NEW,"LITHIA OF HONOLULU-F, LLC",2FMPK4G98PBA17640,6/18/2023,36,39875.08,2023,FORD,EDGE
7/24/2023,NA,NAAAUM,153867,1,NEW,"LITHIA OF HONOLULU-F, LLC",2FMPK4J9XPBA18331,5/16/2023,69,40610.88,2023,FORD,EDGE
7/24/2023,NA,NAAAUM,153867,1,NEW,"LITHIA OF HONOLULU-F, LLC",2FMPK4J90PBA03157,6/28/2023,26,42444.08,2023,FORD,EDGE
7/24/2023,NA,NAAAUM,153867,1,NEW,"LITHIA OF HONOLULU-F, LLC",2FMPK4J91PBA09713,7/10/2023,14,40607.08,2023,FORD,EDGE
7/24/2023,NA,NAAAUM,153867,1,NEW,"LITHIA OF HONOLULU-F, LLC",2FMPK4J92PBA05654,5/29/2023,56,43383.08,2023,FORD,EDGE
7/24/2023,NA,NAAAUM,153867,1,NEW,"LITHIA OF HONOLULU-F, LLC",2FMPK4J92PBA13513,7/17/2023,7,42444.08,2023,FORD,EDGE
7/24/2023,NA,NAAAUM,153867,1,NEW,"LITHIA OF HONOLULU-F, LLC",2FMPK4J96PBA14387,5/29/2023,56,42444.08,2023,FORD,EDGE
7/24/2023,NA,NAAAUM,153867,1,NEW,"LITHIA OF HONOLULU-F, LLC",2FMPK4J99PBA06509,7/10/2023,14,40607.08,2023,FORD,EDGE
7/24/2023,NA,NAAAUM,153867,1,NEW,"LITHIA OF HONOLULU-F, LLC",3FMCR9B62PRD29829,6/13/2023,41,36528.44,2023,FORD,BRONCO SPORT
7/24/2023,NA,NAAAUM,153867,1,NEW,"LITHIA OF HONOLULU-F, LLC",3FMTK4SX7PMA19222,7/24/2023,0,72405,2023,FORD,MUSTANG MACH-E
7/24/2023,NA,NAAAUM,153867,1,PANW,"LITHIA OF HONOLULU-F, LLC",1FDBW5PG6PKB02386,7/13/2023,11,43628.04,2023,FORD,TRANSIT
7/24/2023,NA,NAAAUM,153867,1,PANW,"LITHIA OF HONOLULU-F, LLC",1FMDE5BH8PLB26579,5/17/2023,68,42145.4,2023,FORD,BRONCO
7/24/2023,NA,NAAAUM,153867,1,PANW,"LITHIA OF HONOLULU-F, LLC",1FMDE5CHXPLB46637,7/11/2023,13,54472.2,2023,FORD,BRONCO
7/24/2023,NA,NAAAUM,153867,1,PANW,"LITHIA OF HONOLULU-F, LLC",1FMDE5CP1PLB56772,7/11/2023,13,63348.2,2023,FORD,BRONCO
7/24/2023,NA,NAAAUM,153867,1,PANW,"LITHIA OF HONOLULU-F, LLC",1FMDE5CP7PLB46649,7/11/2023,13,57853.2,2023,FORD,BRONCO
7/24/2023,NA,NAAAUM,153867,1,PANW,"LITHIA OF HONOLULU-F, LLC",1FMEE5BP7PLB32904,5/11/2023,74,49964.4,2023,FORD,BRONCO
7/24/2023,NA,NAAAUM,153867,1,PANW,"LITHIA OF HONOLULU-F, LLC",1FMEE5BPXPLB35618,5/31/2023,54,53113.4,2023,FORD,BRONCO
7/24/2023,NA,NAAAUM,153867,1,PANW,"LITHIA OF HONOLULU-F, LLC",1FMEE5DP0PLB33650,5/31/2023,54,58868.4,2023,FORD,BRONCO
7/24/2023,NA,NAAAUM,153867,1,PANW,"LITHIA OF HONOLULU-F, LLC",1FMEE5DP3PLB33738,5/31/2023,54,54945.4,2023,FORD,BRONCO
7/24/2023,NA,NAAAUM,153867,1,PANW,"LITHIA OF HONOLULU-F, LLC",1FMEE5DP9PLB46719,7/11/2023,13,64169.2,2023,FORD,BRONCO
7/24/2023,NA,NAAAUM,153867,1,PANW,"LITHIA OF HONOLULU-F, LLC",1FMEE5JR5PLB12265,7/11/2023,13,88497.4,2023,FORD,BRONCO
7/24/2023,NA,NAAAUM,153867,1,PANW,"LITHIA OF HONOLULU-F, LLC",1FMJU1M83PEA47675,7/11/2023,13,87264.75,2023,FORD,EXPEDITION
7/24/2023,NA,NAAAUM,153867,1,PANW,"LITHIA OF HONOLULU-F, LLC",1FMJU2A8XPEA36277,7/11/2023,13,79815.75,2023,FORD,EXPEDITION
7/24/2023,NA,NAAAUM,153867,1,PANW,"LITHIA OF HONOLULU-F, LLC",1FMSK8DH6PGB07472,7/11/2023,13,49028.69,2023,FORD,EXPLORER
7/24/2023,NA,NAAAUM,153867,1,PANW,"LITHIA OF HONOLULU-F, LLC",1FT6W1EV4PWG14155,7/20/2023,4,84425,2023,FORD,F-150
7/24/2023,NA,NAAAUM,153867,1,PANW,"LITHIA OF HONOLULU-F, LLC",1FT7W2BTXPED01226,6/15/2023,39,67556.6,2023,FORD,F-250
7/24/2023,NA,NAAAUM,153867,1,PANW,"LITHIA OF HONOLULU-F, LLC",1FT8W2BN7PED10276,7/11/2023,13,63247.34,2023,FORD,F-250
7/24/2023,NA,NAAAUM,153867,1,PANW,"LITHIA OF HONOLULU-F, LLC",1FT8W3DT1PED20920,7/11/2023,13,63305.6,2023,FORD,F-350
7/24/2023,NA,NAAAUM,153867,1,PANW,"LITHIA OF HONOLULU-F, LLC",1FTBF2BT9PEC17277,5/17/2023,68,56493.04,2023,FORD,F-250
7/24/2023,NA,NAAAUM,153867,1,PANW,"LITHIA OF HONOLULU-F, LLC",1FTER4EH5PLE29712,7/11/2023,13,36934.2,2023,FORD,RANGER
7/24/2023,NA,NAAAUM,153867,1,PANW,"LITHIA OF HONOLULU-F, LLC",1FTER4EH5PLE30214,6/28/2023,26,36934.2,2023,FORD,RANGER
7/24/2023,NA,NAAAUM,153867,1,PANW,"LITHIA OF HONOLULU-F, LLC",1FTER4FH1PLE30581,7/11/2023,13,47235.2,2023,FORD,RANGER
7/24/2023,NA,NAAAUM,153867,1,PANW,"LITHIA OF HONOLULU-F, LLC",1FTER4FH2PLE30217,5/31/2023,54,46243.2,2023,FORD,RANGER
7/24/2023,NA,NAAAUM,153867,1,PANW,"LITHIA OF HONOLULU-F, LLC",1FTEW1EB5PKD63574,6/14/2023,40,45319.32,2023,FORD,F-150
7/24/2023,NA,NAAAUM,153867,1,PANW,"LITHIA OF HONOLULU-F, LLC",1FTEW1EP5PKD66955,6/6/2023,48,55301.32,2023,FORD,F-150
7/24/2023,NA,NAAAUM,153867,1,PANW,"LITHIA OF HONOLULU-F, LLC",1FTFW1EDXPFB50408,5/31/2023,54,72415.92,2023,FORD,F-150
7/24/2023,NA,NAAAUM,153867,1,PANW,"LITHIA OF HONOLULU-F, LLC",1FTRF3BN4PEC89462,7/11/2023,13,51796.34,2023,FORD,F-350
7/24/2023,NA,NAAAUM,153867,1,PANW,"LITHIA OF HONOLULU-F, LLC",1FTVW1EL8PWG12547,7/20/2023,4,58446,2023,FORD,F-150
7/24/2023,NA,NAAAUM,153867,1,PANW,"LITHIA OF HONOLULU-F, LLC",1FTVW1EV6PWG12693,7/20/2023,4,81325,2023,FORD,F-150
7/24/2023,NA,NAAAUM,153867,1,PANW,"LITHIA OF HONOLULU-F, LLC",1FTVW1EV9PWG16897,7/20/2023,4,82134,2023,FORD,F-150
7/24/2023,NA,NAAAUM,153867,1,PANW,"LITHIA OF HONOLULU-F, LLC",1FTYE1Y83PKB09541,7/14/2023,10,44933.75,2023,FORD,TRANSIT
7/24/2023,NA,NAAAUM,153867,1,PANW,"LITHIA OF HONOLULU-F, LLC",2FMPK4J99PBA40160,5/31/2023,54,41705.69,2023,FORD,EDGE
7/24/2023,NA,NAAAUM,153867,1,PANW,"LITHIA OF HONOLULU-F, LLC",3FMCR9B61PRD84739,7/11/2023,13,32249.67,2023,FORD,BRONCO SPORT
7/24/2023,NA,NAAAUM,153867,1,PANW,"LITHIA OF HONOLULU-F, LLC",3FMCR9B63PRD82474,7/11/2023,13,32249.67,2023,FORD,BRONCO SPORT
7/24/2023,NA,NAAAUM,153867,1,PANW,"LITHIA OF HONOLULU-F, LLC",3FMCR9B68PRD82891,7/11/2023,13,32249.67,2023,FORD,BRONCO SPORT
7/24/2023,NA,NAAAUM,153867,1,PANW,"LITHIA OF HONOLULU-F, LLC",3FMCR9C6XPRD60499,7/11/2023,13,38244.67,2023,FORD,BRONCO SPORT
7/24/2023,NA,NAAAUM,153867,1,PANW,"LITHIA OF HONOLULU-F, LLC",3FMCR9C61PRD60231,7/3/2023,21,38244.67,2023,FORD,BRONCO SPORT
7/24/2023,NA,NAAAUM,153867,1,PANW,"LITHIA OF HONOLULU-F, LLC",3FMCR9C62PRD60626,7/11/2023,13,38267.67,2023,FORD,BRONCO SPORT
7/24/2023,NA,NAAAUM,153867,1,PANW,"LITHIA OF HONOLULU-F, LLC",3FMCR9C63PRD62594,7/11/2023,13,38267.67,2023,FORD,BRONCO SPORT
7/24/2023,NA,NAAAUM,153867,1,PANW,"LITHIA OF HONOLULU-F, LLC",3FMCR9C65PRD65755,6/28/2023,26,36185.67,2023,FORD,BRONCO SPORT
7/24/2023,NA,NAAAUM,153867,1,PANW,"LITHIA OF HONOLULU-F, LLC",3FMCR9C69PRD60879,6/15/2023,39,38267.67,2023,FORD,BRONCO SPORT
7/24/2023,NA,NAAAUM,153867,1,PANW,"LITHIA OF HONOLULU-F, LLC",3FMCR9C69PRD62258,7/11/2023,13,38267.67,2023,FORD,BRONCO SPORT
7/24/2023,NA,NAAAUM,153867,1,PANW,"LITHIA OF HONOLULU-F, LLC",3FMCR9D96PRD74375,7/11/2023,13,39640.67,2023,FORD,BRONCO SPORT
7/24/2023,NA,NAAAUM,153867,1,PANW,"LITHIA OF HONOLULU-F, LLC",3FMTK3RM3PMA48853,7/19/2023,5,53069,2023,FORD,MUSTANG MACH-E
7/24/2023,NA,NAAAUM,153867,1,PANW,"LITHIA OF HONOLULU-F, LLC",3FMTK3RM4PMA48800,7/19/2023,5,53069,2023,FORD,MUSTANG MACH-E
7/24/2023,NA,NAAAUM,153867,1,PANW,"LITHIA OF HONOLULU-F, LLC",3FMTK3RM7PMA48614,7/6/2023,18,53069,2023,FORD,MUSTANG MACH-E
7/24/2023,NA,NAAAUM,153867,1,PANW,"LITHIA OF HONOLULU-F, LLC",3FMTK3SS3PMA32614,6/15/2023,39,57285,2023,FORD,MUSTANG MACH-E
7/24/2023,NA,NAAAUM,153867,1,PANW,"LITHIA OF HONOLULU-F, LLC",3FMTK3SS3PMA45542,7/6/2023,18,56084,2023,FORD,MUSTANG MACH-E
7/24/2023,NA,NAAAUM,153867,1,PANW,"LITHIA OF HONOLULU-F, LLC",3FMTK4SE6PMA53862,7/19/2023,5,66134,2023,FORD,MUSTANG MACH-E
7/24/2023,NA,NAAAUM,153867,1,PANW,"LITHIA OF HONOLULU-F, LLC",3FMTK4SE6PMA56874,7/19/2023,5,66134,2023,FORD,MUSTANG MACH-E
7/24/2023,NA,NAAAUM,153867,1,PANW,"LITHIA OF HONOLULU-F, LLC",3FMTK4SX4PMA59029,7/19/2023,5,72968,2023,FORD,MUSTANG MACH-E
7/24/2023,NA,NAAAUM,153867,1,PANW,"LITHIA OF HONOLULU-F, LLC",3FMTK4SX5PMA24886,7/19/2023,5,72164,2023,FORD,MUSTANG MACH-E
7/24/2023,NA,NAAAUM,153867,1,PANW,"LITHIA OF HONOLULU-F, LLC",3FTTW8E37PRA55326,7/19/2023,5,32614.65,2023,FORD,MAVERICK
7/24/2023,NA,NAAAUM,153867,1,PANW,"LITHIA OF HONOLULU-F, LLC",3FTTW8E38PRA57814,7/19/2023,5,29934.65,2023,FORD,MAVERICK
7/24/2023,NA,NAAAUM,153867,1,PANW,"LITHIA OF HONOLULU-F, LLC",3FTTW8E39PRA43937,7/11/2023,13,26873.65,2023,FORD,MAVERICK
7/24/2023,EQ,EQAAJD,153914,7,FSLP,"LITHIA OF CASPER, LLC",1FMJK1J85PEA14252,7/18/2023,6,74010.3,2023,FORD,EXPEDITION
7/24/2023,EQ,EQAAJD,153914,7,FSLP,"LITHIA OF CASPER, LLC",1FTFW1ED7PFC04151,7/19/2023,5,60690.81,2023,FORD,F-150
7/24/2023,EQ,EQAAJD,153914,7,MPG,"LITHIA OF CASPER, LLC",1FTFW1E8XPFB86277,7/21/2023,3,70817.36,2023,FORD,F-150
7/24/2023,EQ,EQAAJD,153914,7,MPG,"LITHIA OF CASPER, LLC",1FTFW1E89PFB78512,7/22/2023,2,70565.36,2023,FORD,F-150
7/24/2023,EQ,EQAAJD,153914,7,MPG,"LITHIA OF CASPER, LLC",3FMTK1RM8PMA40039,7/18/2023,6,48300,2023,FORD,MUSTANG MACH-E
7/24/2023,EQ,EQAAJD,153914,7,NEW,"LITHIA OF CASPER, LLC",1FTFW1RG8NFC30517,4/19/2023,96,78728.84,2022,FORD,F-150
7/24/2023,EQ,EQAAJD,153914,7,PANW,"LITHIA OF CASPER, LLC",1FM5K8AC6PGB38047,7/5/2023,19,48843.02,2023,FORD,EXPLORER
7/24/2023,EQ,EQAAJD,153914,7,PANW,"LITHIA OF CASPER, LLC",1FM5K8AC8PGB38261,7/5/2023,19,48843.02,2023,FORD,EXPLORER
7/24/2023,EQ,EQAAJD,153914,7,PANW,"LITHIA OF CASPER, LLC",1FMCU9JA5PUA62005,7/13/2023,11,41904.67,2023,FORD,ESCAPE
7/24/2023,EQ,EQAAJD,153914,7,PANW,"LITHIA OF CASPER, LLC",1FMCU9JAXPUA66891,7/11/2023,13,40969.67,2023,FORD,ESCAPE
7/24/2023,EQ,EQAAJD,153914,7,PANW,"LITHIA OF CASPER, LLC",1FMCU9MN3PUA65225,7/20/2023,4,33191.67,2023,FORD,ESCAPE
7/24/2023,EQ,EQAAJD,153914,7,PANW,"LITHIA OF CASPER, LLC",1FMCU9NA3PUA05537,5/18/2023,67,38646.84,2023,FORD,ESCAPE
7/24/2023,EQ,EQAAJD,153914,7,PANW,"LITHIA OF CASPER, LLC",1FMEE5BP4PLB69408,7/20/2023,4,51272.2,2023,FORD,BRONCO
7/24/2023,EQ,EQAAJD,153914,7,PANW,"LITHIA OF CASPER, LLC",1FMEE5DP1PLB60548,7/20/2023,4,55423.2,2023,FORD,BRONCO
7/24/2023,EQ,EQAAJD,153914,7,PANW,"LITHIA OF CASPER, LLC",1FMSK8DH4PGB47601,7/15/2023,9,40886.69,2023,FORD,EXPLORER
7/24/2023,EQ,EQAAJD,153914,7,PANW,"LITHIA OF CASPER, LLC",1FMSK8DH9PGB32852,7/5/2023,19,48749.69,2023,FORD,EXPLORER
7/24/2023,EQ,EQAAJD,153914,7,PANW,"LITHIA OF CASPER, LLC",1FT8W2BN2PED00433,7/20/2023,4,70827.48,2023,FORD,F-250
7/24/2023,EQ,EQAAJD,153914,7,PANW,"LITHIA OF CASPER, LLC",1FT8W2BN2PED25218,7/19/2023,5,49148.08,2023,FORD,F-250
7/24/2023,EQ,EQAAJD,153914,7,PANW,"LITHIA OF CASPER, LLC",1FT8W2BN6PED24136,6/28/2023,26,49148.08,2023,FORD,F-250
7/24/2023,EQ,EQAAJD,153914,7,PANW,"LITHIA OF CASPER, LLC",1FT8W2BN7PED23139,6/27/2023,27,49148.08,2023,FORD,F-250
7/24/2023,EQ,EQAAJD,153914,7,PANW,"LITHIA OF CASPER, LLC",1FT8W2BN9PED09551,7/11/2023,13,69472.48,2023,FORD,F-250
7/24/2023,EQ,EQAAJD,153914,7,PANW,"LITHIA OF CASPER, LLC",1FT8W3BM9PED26203,7/20/2023,4,67040.6,2023,FORD,F-350
7/24/2023,EQ,EQAAJD,153914,7,PANW,"LITHIA OF CASPER, LLC",1FT8W3BT2PED09556,7/20/2023,4,84896.6,2023,FORD,F-350
7/24/2023,EQ,EQAAJD,153914,7,PANW,"LITHIA OF CASPER, LLC",1FTBF2BA2PED24315,7/11/2023,13,43474.08,2023,FORD,F-250
7/24/2023,EQ,EQAAJD,153914,7,PANW,"LITHIA OF CASPER, LLC",1FTEW1E84PFB99800,7/15/2023,9,68529.36,2023,FORD,F-150
7/24/2023,EQ,EQAAJD,153914,7,PANW,"LITHIA OF CASPER, LLC",1FTEW1EP0PKE73606,7/5/2023,19,48773.36,2023,FORD,F-150
7/24/2023,EQ,EQAAJD,153914,7,PANW,"LITHIA OF CASPER, LLC",1FTEX1EP5PKE81276,7/13/2023,11,45202.73,2023,FORD,F-150
7/24/2023,EQ,EQAAJD,153914,7,PANW,"LITHIA OF CASPER, LLC",1FTFW1E8XPFB95979,7/1/2023,23,60456.36,2023,FORD,F-150
7/24/2023,EQ,EQAAJD,153914,7,PANW,"LITHIA OF CASPER, LLC",1FTFW1E80PKE35659,6/23/2023,31,51808.36,2023,FORD,F-150
7/24/2023,EQ,EQAAJD,153914,7,PANW,"LITHIA OF CASPER, LLC",1FTFW1E81PKE43298,6/27/2023,27,60243.36,2023,FORD,F-150
7/24/2023,EQ,EQAAJD,153914,7,PANW,"LITHIA OF CASPER, LLC",1FTFW1E81PKE79203,7/19/2023,5,66873.36,2023,FORD,F-150
7/24/2023,EQ,EQAAJD,153914,7,PANW,"LITHIA OF CASPER, LLC",1FTFW1E82PFB90100,6/23/2023,31,68750.36,2023,FORD,F-150
7/24/2023,EQ,EQAAJD,153914,7,PANW,"LITHIA OF CASPER, LLC",1FTFW1E82PFB95636,7/11/2023,13,69257.36,2023,FORD,F-150
7/24/2023,EQ,EQAAJD,153914,7,PANW,"LITHIA OF CASPER, LLC",1FTFW1E84PKE63447,6/27/2023,27,62094.36,2023,FORD,F-150
7/24/2023,EQ,EQAAJD,153914,7,PANW,"LITHIA OF CASPER, LLC",1FTFW1ED1PFB95575,7/13/2023,11,71009.81,2023,FORD,F-150
7/24/2023,EQ,EQAAJD,153914,7,PANW,"LITHIA OF CASPER, LLC",1FTFW1ED6PFC03850,7/5/2023,19,63031.81,2023,FORD,F-150
7/24/2023,EQ,EQAAJD,153914,7,PANW,"LITHIA OF CASPER, LLC",1FTFW1ED7PFB64556,7/15/2023,9,74673.81,2023,FORD,F-150
7/24/2023,EQ,EQAAJD,153914,7,PANW,"LITHIA OF CASPER, LLC",1FTFW1RG0PFB91487,7/8/2023,16,82425.36,2023,FORD,F-150
7/24/2023,EQ,EQAAJD,153914,7,PANW,"LITHIA OF CASPER, LLC",1FTVW1EV0PWG17534,7/20/2023,4,79755,2023,FORD,F-150
7/24/2023,EQ,EQAAJD,153914,7,PANW,"LITHIA OF CASPER, LLC",2FMPK4J94PBA49722,6/21/2023,33,41499.69,2023,FORD,EDGE
7/24/2023,EQ,EQAAJD,153914,7,PANW,"LITHIA OF CASPER, LLC",3FMCR9C60PRE00900,7/20/2023,4,37099.67,2023,FORD,BRONCO SPORT
7/24/2023,EQ,EQAAJD,153914,7,PANW,"LITHIA OF CASPER, LLC",3FMCR9C63PRD81100,7/20/2023,4,38706.67,2023,FORD,BRONCO SPORT
7/24/2023,EQ,EQAAJD,153914,7,PANW,"LITHIA OF CASPER, LLC",3FMCR9C65PRD82457,7/19/2023,5,38236.67,2023,FORD,BRONCO SPORT
7/24/2023,EQ,EQAAJD,153914,7,PANW,"LITHIA OF CASPER, LLC",3FMCR9D97PRD77639,7/11/2023,13,43413.67,2023,FORD,BRONCO SPORT
7/24/2023,EQ,EQAAJD,153914,7,PANW,"LITHIA OF CASPER, LLC",3FMTK3SU2PMA53942,7/5/2023,19,63045,2023,FORD,MUSTANG MACH-E
7/24/2023,EQ,EQAAJD,153914,7,PANW,"LITHIA OF CASPER, LLC",3FMTK4SE5PMA45008,7/15/2023,9,66540,2023,FORD,MUSTANG MACH-E
7/24/2023,FS,FSAAHC,155504,1,FSLP,"LITHIA CRATER LAKE-F, INC.",1FTEW1EP2PFA98181,5/9/2023,76,49229.32,2023,FORD,F-150
7/24/2023,FS,FSAAHC,155504,1,FSLP,"LITHIA CRATER LAKE-F, INC.",1FTEW1EP5PFA98322,6/29/2023,25,49880.32,2023,FORD,F-150
7/24/2023,FS,FSAAHC,155504,1,FSLP,"LITHIA CRATER LAKE-F, INC.",1FTEW1EP5PKE10971,6/29/2023,25,55474.32,2023,FORD,F-150
7/24/2023,FS,FSAAHC,155504,1,FSLP,"LITHIA CRATER LAKE-F, INC.",1FTEW1EP7PKD26490,3/17/2023,129,50212.52,2023,FORD,F-150
7/24/2023,FS,FSAAHC,155504,1,FSLP,"LITHIA CRATER LAKE-F, INC.",1FTEW1EP7PKD40793,3/17/2023,129,51095.52,2023,FORD,F-150
7/24/2023,FS,FSAAHC,155504,1,FSLP,"LITHIA CRATER LAKE-F, INC.",1FTEW1EPXPKE13106,5/9/2023,76,55155.32,2023,FORD,F-150
7/24/2023,FS,FSAAHC,155504,1,FSLP,"LITHIA CRATER LAKE-F, INC.",1FTFW1E59PKD88914,6/29/2023,25,49802.32,2023,FORD,F-150
7/24/2023,FS,FSAAHC,155504,1,FSLP,"LITHIA CRATER LAKE-F, INC.",1FTFW1E81PKE12696,5/9/2023,76,56105.52,2023,FORD,F-150
7/24/2023,FS,FSAAHC,155504,1,FSLP,"LITHIA CRATER LAKE-F, INC.",1FTFW1ED4PFA76189,6/29/2023,25,62660.92,2023,FORD,F-150
7/24/2023,FS,FSAAHC,155504,1,FSLP,"LITHIA CRATER LAKE-F, INC.",1FTFW1ED5PFB41079,5/9/2023,76,62189.92,2023,FORD,F-150
7/24/2023,FS,FSAAHC,155504,1,FSLP,"LITHIA CRATER LAKE-F, INC.",1FTFW1ED8PFB38645,5/9/2023,76,62174.92,2023,FORD,F-150
7/24/2023,FS,FSAAHC,155504,1,FSLP,"LITHIA CRATER LAKE-F, INC.",3FMCR9G6XPRD10437,5/9/2023,76,33618.44,2023,FORD,BRONCO SPORT
7/24/2023,FS,FSAAHC,155504,1,MPG,"LITHIA CRATER LAKE-F, INC.",1FTEW1EP8PKD58073,5/9/2023,76,49202.32,2023,FORD,F-150
7/24/2023,FS,FSAAHC,155504,1,MPG,"LITHIA CRATER LAKE-F, INC.",1FTFW1ED8NFB74249,6/29/2023,25,62600.64,2022,FORD,F-150
7/24/2023,FS,FSAAHC,155504,1,MPG,"LITHIA CRATER LAKE-F, INC.",3FMCR9H94PRD19420,6/29/2023,25,45553.44,2023,FORD,BRONCO SPORT
7/24/2023,FS,FSAAHC,155504,1,NEW,"LITHIA CRATER LAKE-F, INC.",1FMCU9G6XNUC03134,3/27/2023,119,32888.84,2022,FORD,ESCAPE
7/24/2023,FS,FSAAHC,155504,1,NEW,"LITHIA CRATER LAKE-F, INC.",1FMCU9J92NUB61657,1/15/2023,190,41294.48,2022,FORD,ESCAPE
7/24/2023,FS,FSAAHC,155504,1,NEW,"LITHIA CRATER LAKE-F, INC.",1FMSK8DH1PGA76048,5/31/2023,54,48981.73,2023,FORD,EXPLORER
7/24/2023,FS,FSAAHC,155504,1,NEW,"LITHIA CRATER LAKE-F, INC.",1FMSK8FH0PGA76510,6/13/2023,41,53846.08,2023,FORD,EXPLORER
7/24/2023,FS,FSAAHC,155504,1,NEW,"LITHIA CRATER LAKE-F, INC.",1FTBR2Y82PKA39871,4/11/2023,104,52137,2023,FORD,TRANSIT
7/24/2023,FS,FSAAHC,155504,1,NEW,"LITHIA CRATER LAKE-F, INC.",1FTBR2Y86PKA62425,5/16/2023,69,52132,2023,FORD,TRANSIT
7/24/2023,FS,FSAAHC,155504,1,NEW,"LITHIA CRATER LAKE-F, INC.",1FTEW1CP1PKD63831,3/29/2023,117,45024.32,2023,FORD,F-150
7/24/2023,FS,FSAAHC,155504,1,NEW,"LITHIA CRATER LAKE-F, INC.",1FTEW1EP2PKD49045,4/30/2023,85,48510.52,2023,FORD,F-150
7/24/2023,FS,FSAAHC,155504,1,NEW,"LITHIA CRATER LAKE-F, INC.",1FTEW1EP6PKE11658,7/15/2023,9,52824.32,2023,FORD,F-150
7/24/2023,FS,FSAAHC,155504,1,NEW,"LITHIA CRATER LAKE-F, INC.",1FTEW1EP6PKE12695,7/5/2023,19,54577.32,2023,FORD,F-150
7/24/2023,FS,FSAAHC,155504,1,NEW,"LITHIA CRATER LAKE-F, INC.",1FTFW1E8XPFA28120,5/24/2023,61,65470.02,2023,FORD,F-150
7/24/2023,FS,FSAAHC,155504,1,NEW,"LITHIA CRATER LAKE-F, INC.",1FTFW1E8XPFA38436,5/22/2023,63,69380.22,2023,FORD,F-150
7/24/2023,FS,FSAAHC,155504,1,NEW,"LITHIA CRATER LAKE-F, INC.",1FTFW1E8XPFA57472,4/4/2023,111,66159.52,2023,FORD,F-150
7/24/2023,FS,FSAAHC,155504,1,NEW,"LITHIA CRATER LAKE-F, INC.",1FTFW1E8XPFA72859,5/22/2023,63,65570.02,2023,FORD,F-150
7/24/2023,FS,FSAAHC,155504,1,NEW,"LITHIA CRATER LAKE-F, INC.",1FTFW1E8XPKE12812,7/11/2023,13,54325.32,2023,FORD,F-150
7/24/2023,FS,FSAAHC,155504,1,NEW,"LITHIA CRATER LAKE-F, INC.",1FTFW1E55PFB39468,6/25/2023,29,68347.52,2023,FORD,F-150
7/24/2023,FS,FSAAHC,155504,1,NEW,"LITHIA CRATER LAKE-F, INC.",1FTFW1E58PKD86670,6/17/2023,37,49551.32,2023,FORD,F-150
7/24/2023,FS,FSAAHC,155504,1,NEW,"LITHIA CRATER LAKE-F, INC.",1FTFW1E80NKE75558,3/29/2023,117,59610.84,2022,FORD,F-150
7/24/2023,FS,FSAAHC,155504,1,NEW,"LITHIA CRATER LAKE-F, INC.",1FTFW1E81NKE72524,4/4/2023,111,58818.84,2022,FORD,F-150
7/24/2023,FS,FSAAHC,155504,1,NEW,"LITHIA CRATER LAKE-F, INC.",1FTFW1E82PFA57465,3/23/2023,123,66159.52,2023,FORD,F-150
7/24/2023,FS,FSAAHC,155504,1,NEW,"LITHIA CRATER LAKE-F, INC.",1FTFW1E82PKD25146,5/22/2023,63,65470.02,2023,FORD,F-150
7/24/2023,FS,FSAAHC,155504,1,NEW,"LITHIA CRATER LAKE-F, INC.",1FTFW1E84PFA46533,5/22/2023,63,66186.02,2023,FORD,F-150
7/24/2023,FS,FSAAHC,155504,1,NEW,"LITHIA CRATER LAKE-F, INC.",1FTFW1E84PKD42532,5/22/2023,63,66910.82,2023,FORD,F-150
7/24/2023,FS,FSAAHC,155504,1,NEW,"LITHIA CRATER LAKE-F, INC.",1FTFW1E85PKD24492,5/22/2023,63,65470.02,2023,FORD,F-150
7/24/2023,FS,FSAAHC,155504,1,NEW,"LITHIA CRATER LAKE-F, INC.",1FTFW1E87PFA27605,3/23/2023,123,66159.52,2023,FORD,F-150
7/24/2023,FS,FSAAHC,155504,1,NEW,"LITHIA CRATER LAKE-F, INC.",1FTFW1E87PFA55579,3/23/2023,123,66159.52,2023,FORD,F-150
7/24/2023,FS,FSAAHC,155504,1,NEW,"LITHIA CRATER LAKE-F, INC.",1FTFW1E87PKD71734,6/20/2023,34,58860.52,2023,FORD,F-150
7/24/2023,FS,FSAAHC,155504,1,NEW,"LITHIA CRATER LAKE-F, INC.",1FTFW1E89PFA56118,3/23/2023,123,66159.52,2023,FORD,F-150
7/24/2023,FS,FSAAHC,155504,1,NEW,"LITHIA CRATER LAKE-F, INC.",1FTFW1ED1PFA47118,5/22/2023,63,70969.12,2023,FORD,F-150
7/24/2023,FS,FSAAHC,155504,1,NEW,"LITHIA CRATER LAKE-F, INC.",1FTFW1ED1PFB31617,6/18/2023,36,69701.92,2023,FORD,F-150
7/24/2023,FS,FSAAHC,155504,1,NEW,"LITHIA CRATER LAKE-F, INC.",1FTFW1ED4PFB52865,7/23/2023,1,75529.81,2023,FORD,F-150
7/24/2023,FS,FSAAHC,155504,1,NEW,"LITHIA CRATER LAKE-F, INC.",1FTFW1ED5PFB29790,7/20/2023,4,59707.92,2023,FORD,F-150
7/24/2023,FS,FSAAHC,155504,1,NEW,"LITHIA CRATER LAKE-F, INC.",1FTFW1ED6PFA46403,5/22/2023,63,71685.12,2023,FORD,F-150
7/24/2023,FS,FSAAHC,155504,1,NEW,"LITHIA CRATER LAKE-F, INC.",1FTFW1ED6PFA50029,4/20/2023,95,61735.12,2023,FORD,F-150
7/24/2023,FS,FSAAHC,155504,1,NEW,"LITHIA CRATER LAKE-F, INC.",1FTFW1ED6PFB30706,7/5/2023,19,70315.92,2023,FORD,F-150
7/24/2023,FS,FSAAHC,155504,1,NEW,"LITHIA CRATER LAKE-F, INC.",1FTFW1ED6PFB31824,6/29/2023,25,69549.92,2023,FORD,F-150
7/24/2023,FS,FSAAHC,155504,1,NEW,"LITHIA CRATER LAKE-F, INC.",1FTFW1ED7PFA41663,4/11/2023,104,65677.12,2023,FORD,F-150
7/24/2023,FS,FSAAHC,155504,1,NEW,"LITHIA CRATER LAKE-F, INC.",1FTFW1EDXNFC42552,4/11/2023,104,74605.64,2022,FORD,F-150
7/24/2023,FS,FSAAHC,155504,1,NEW,"LITHIA CRATER LAKE-F, INC.",1FTFW1EDXPFA86693,5/31/2023,54,69147.57,2023,FORD,F-150
7/24/2023,FS,FSAAHC,155504,1,NEW,"LITHIA CRATER LAKE-F, INC.",2FMPK4G9XPBA39848,6/5/2023,49,39841.08,2023,FORD,EDGE
7/24/2023,FS,FSAAHC,155504,1,NEW,"LITHIA CRATER LAKE-F, INC.",2FMPK4G92PBA06374,5/7/2023,78,39844.88,2023,FORD,EDGE
7/24/2023,FS,FSAAHC,155504,1,NEW,"LITHIA CRATER LAKE-F, INC.",2FMPK4G93PBA41182,6/5/2023,49,39481.08,2023,FORD,EDGE
7/24/2023,FS,FSAAHC,155504,1,NEW,"LITHIA CRATER LAKE-F, INC.",2FMPK4G93PBA41490,6/20/2023,34,40029.08,2023,FORD,EDGE
7/24/2023,FS,FSAAHC,155504,1,NEW,"LITHIA CRATER LAKE-F, INC.",2FMPK4G96PBA41774,6/5/2023,49,39844.69,2023,FORD,EDGE
7/24/2023,FS,FSAAHC,155504,1,NEW,"LITHIA CRATER LAKE-F, INC.",2FMPK4J97PBA41808,7/20/2023,4,41650.19,2023,FORD,EDGE
7/24/2023,FS,FSAAHC,155504,1,NEW,"LITHIA CRATER LAKE-F, INC.",3FMCR9B63PRD48504,5/31/2023,54,32094.09,2023,FORD,BRONCO SPORT
7/24/2023,FS,FSAAHC,155504,1,NEW,"LITHIA CRATER LAKE-F, INC.",3FMTK4SX9PMA02969,5/31/2023,54,78000.65,2023,FORD,MUSTANG MACH-E
7/24/2023,FS,FSAAHC,155504,1,PANW,"LITHIA CRATER LAKE-F, INC.",1FD0X5HT2PEC43177,6/28/2023,26,66564.6,2023,FORD,F-550
7/24/2023,FS,FSAAHC,155504,1,PANW,"LITHIA CRATER LAKE-F, INC.",1FMCU9GN5PUA37518,5/23/2023,62,33957.67,2023,FORD,ESCAPE
7/24/2023,FS,FSAAHC,155504,1,PANW,"LITHIA CRATER LAKE-F, INC.",1FMCU9GNXPUA24456,6/13/2023,41,32753.67,2023,FORD,ESCAPE
7/24/2023,FS,FSAAHC,155504,1,PANW,"LITHIA CRATER LAKE-F, INC.",1FMCU9JA1PUA37859,6/27/2023,27,40763.67,2023,FORD,ESCAPE
7/24/2023,FS,FSAAHC,155504,1,PANW,"LITHIA CRATER LAKE-F, INC.",1FMCU9JA3PUA36650,6/27/2023,27,41228.67,2023,FORD,ESCAPE
7/24/2023,FS,FSAAHC,155504,1,PANW,"LITHIA CRATER LAKE-F, INC.",1FMCU9MN2PUA54779,7/11/2023,13,33003.67,2023,FORD,ESCAPE
7/24/2023,FS,FSAAHC,155504,1,PANW,"LITHIA CRATER LAKE-F, INC.",1FMCU9MN4PUA63919,7/14/2023,10,34573.67,2023,FORD,ESCAPE
7/24/2023,FS,FSAAHC,155504,1,PANW,"LITHIA CRATER LAKE-F, INC.",1FMCU9MNXPUA54173,7/11/2023,13,33938.67,2023,FORD,ESCAPE
7/24/2023,FS,FSAAHC,155504,1,PANW,"LITHIA CRATER LAKE-F, INC.",1FMDE5BH2PLB61716,7/13/2023,11,49171.2,2023,FORD,BRONCO
7/24/2023,FS,FSAAHC,155504,1,PANW,"LITHIA CRATER LAKE-F, INC.",1FMDE5CP1PLB64547,7/19/2023,5,53822.2,2023,FORD,BRONCO
7/24/2023,FS,FSAAHC,155504,1,PANW,"LITHIA CRATER LAKE-F, INC.",1FMEE5DH5PLB62439,7/13/2023,11,62650.2,2023,FORD,BRONCO
7/24/2023,FS,FSAAHC,155504,1,PANW,"LITHIA CRATER LAKE-F, INC.",1FMEE5DP5PLB61668,7/8/2023,16,61756.2,2023,FORD,BRONCO
7/24/2023,FS,FSAAHC,155504,1,PANW,"LITHIA CRATER LAKE-F, INC.",1FMSK8DHXPGB34304,6/30/2023,24,49214.69,2023,FORD,EXPLORER
7/24/2023,FS,FSAAHC,155504,1,PANW,"LITHIA CRATER LAKE-F, INC.",1FT6W1EV1PWG16509,7/20/2023,4,93595,2023,FORD,F-150
7/24/2023,FS,FSAAHC,155504,1,PANW,"LITHIA CRATER LAKE-F, INC.",1FT8W2BM7PEC89551,7/14/2023,10,84422.3,2023,FORD,F-250
7/24/2023,FS,FSAAHC,155504,1,PANW,"LITHIA CRATER LAKE-F, INC.",1FT8W2BT4PED01310,7/13/2023,11,71096.6,2023,FORD,F-250
7/24/2023,FS,FSAAHC,155504,1,PANW,"LITHIA CRATER LAKE-F, INC.",1FT8W2BT8PED10351,6/20/2023,34,71525.6,2023,FORD,F-250
7/24/2023,FS,FSAAHC,155504,1,PANW,"LITHIA CRATER LAKE-F, INC.",1FT8X2BA3PED16909,7/11/2023,13,50480.34,2023,FORD,F-250
7/24/2023,FS,FSAAHC,155504,1,PANW,"LITHIA CRATER LAKE-F, INC.",1FTER4FH2PLE31657,7/13/2023,11,33744.2,2023,FORD,RANGER
7/24/2023,FS,FSAAHC,155504,1,PANW,"LITHIA CRATER LAKE-F, INC.",1FTER4FH6PLE31788,7/13/2023,11,33744.2,2023,FORD,RANGER
7/24/2023,FS,FSAAHC,155504,1,PANW,"LITHIA CRATER LAKE-F, INC.",1FTER4FH7PLE31881,7/19/2023,5,33744.2,2023,FORD,RANGER
7/24/2023,FS,FSAAHC,155504,1,PANW,"LITHIA CRATER LAKE-F, INC.",1FTEW1EP4PKE68179,6/21/2023,33,53372.26,2023,FORD,F-150
7/24/2023,FS,FSAAHC,155504,1,PANW,"LITHIA CRATER LAKE-F, INC.",1FTEW1EP8PKE67729,6/27/2023,27,55384.26,2023,FORD,F-150
7/24/2023,FS,FSAAHC,155504,1,PANW,"LITHIA CRATER LAKE-F, INC.",1FTEX1EP0PKE55796,6/21/2023,33,49327.36,2023,FORD,F-150
7/24/2023,FS,FSAAHC,155504,1,PANW,"LITHIA CRATER LAKE-F, INC.",1FTEX1EP8PKE55223,6/20/2023,34,47933.73,2023,FORD,F-150
7/24/2023,FS,FSAAHC,155504,1,PANW,"LITHIA CRATER LAKE-F, INC.",1FTEX1EP8PKE56016,6/30/2023,24,45775.73,2023,FORD,F-150
7/24/2023,FS,FSAAHC,155504,1,PANW,"LITHIA CRATER LAKE-F, INC.",1FTEX1EPXPKE53750,7/6/2023,18,46061.73,2023,FORD,F-150
7/24/2023,FS,FSAAHC,155504,1,PANW,"LITHIA CRATER LAKE-F, INC.",1FTEX1EPXPKE54848,7/11/2023,13,46003.73,2023,FORD,F-150
7/24/2023,FS,FSAAHC,155504,1,PANW,"LITHIA CRATER LAKE-F, INC.",1FTFW1E5XPFB93249,7/3/2023,21,56281.26,2023,FORD,F-150
7/24/2023,FS,FSAAHC,155504,1,PANW,"LITHIA CRATER LAKE-F, INC.",1FTFW1E8XPKE80091,7/18/2023,6,57873.26,2023,FORD,F-150
7/24/2023,FS,FSAAHC,155504,1,PANW,"LITHIA CRATER LAKE-F, INC.",1FTFW1E81PKE56892,6/21/2023,33,57422.26,2023,FORD,F-150
7/24/2023,FS,FSAAHC,155504,1,PANW,"LITHIA CRATER LAKE-F, INC.",1FTFW1E84PKE11820,5/24/2023,61,56780.52,2023,FORD,F-150
7/24/2023,FS,FSAAHC,155504,1,PANW,"LITHIA CRATER LAKE-F, INC.",1FTFW1E84PKE56918,6/21/2023,33,57422.26,2023,FORD,F-150
7/24/2023,FS,FSAAHC,155504,1,PANW,"LITHIA CRATER LAKE-F, INC.",1FTFW1E89PKE80227,7/19/2023,5,57422.26,2023,FORD,F-150
7/24/2023,FS,FSAAHC,155504,1,PANW,"LITHIA CRATER LAKE-F, INC.",1FTFW1ED2PFB40827,5/17/2023,68,60373.92,2023,FORD,F-150
7/24/2023,FS,FSAAHC,155504,1,PANW,"LITHIA CRATER LAKE-F, INC.",1FTFW1ED3PFC02879,6/24/2023,30,59954.81,2023,FORD,F-150
7/24/2023,FS,FSAAHC,155504,1,PANW,"LITHIA CRATER LAKE-F, INC.",1FTLF4UG1PKB47050,7/15/2023,9,57385.81,2023,FORD,TRANSIT
7/24/2023,FS,FSAAHC,155504,1,PANW,"LITHIA CRATER LAKE-F, INC.",1FTMF1C55PKE53882,7/13/2023,11,36838.73,2023,FORD,F-150
7/24/2023,FS,FSAAHC,155504,1,PANW,"LITHIA CRATER LAKE-F, INC.",1FTMF1CB5PKE66878,7/21/2023,3,34331.73,2023,FORD,F-150
7/24/2023,FS,FSAAHC,155504,1,PANW,"LITHIA CRATER LAKE-F, INC.",1FTVW1EV0PWG10096,7/20/2023,4,80100,2023,FORD,F-150
7/24/2023,FS,FSAAHC,155504,1,PANW,"LITHIA CRATER LAKE-F, INC.",1FTVW1EV1PWG16988,7/20/2023,4,80095,2023,FORD,F-150
7/24/2023,FS,FSAAHC,155504,1,PANW,"LITHIA CRATER LAKE-F, INC.",1FTVW1EV5PWG13530,7/20/2023,4,81305,2023,FORD,F-150
7/24/2023,FS,FSAAHC,155504,1,PANW,"LITHIA CRATER LAKE-F, INC.",1FTVW1EV8PWG17507,7/20/2023,4,80400,2023,FORD,F-150
7/24/2023,FS,FSAAHC,155504,1,PANW,"LITHIA CRATER LAKE-F, INC.",3FMCR9B64PRD81091,7/7/2023,17,32096.67,2023,FORD,BRONCO SPORT
7/24/2023,FS,FSAAHC,155504,1,PANW,"LITHIA CRATER LAKE-F, INC.",3FMTK1SS5PMA30805,5/31/2023,54,50805,2023,FORD,MUSTANG MACH-E
7/24/2023,FS,FSAAHC,155504,1,PANW,"LITHIA CRATER LAKE-F, INC.",3FMTK3SS4PMA49485,7/8/2023,16,56300,2023,FORD,MUSTANG MACH-E
7/24/2023,FS,FSAAHC,155504,1,PANW,"LITHIA CRATER LAKE-F, INC.",3FMTK3SS6PMA49486,6/30/2023,24,56045,2023,FORD,MUSTANG MACH-E
7/24/2023,FS,FSAAHC,155504,1,PANW,"LITHIA CRATER LAKE-F, INC.",3FMTK4SE1PMA38489,7/18/2023,6,66300,2023,FORD,MUSTANG MACH-E
7/24/2023,FS,FSAAHC,155504,1,PANW,"LITHIA CRATER LAKE-F, INC.",3FMTK4SE7PMA45480,7/18/2023,6,65805,2023,FORD,MUSTANG MACH-E
7/24/2023,FS,FSAAHC,155504,1,PANW,"LITHIA CRATER LAKE-F, INC.",NM0GE9F23P1552770,6/27/2023,27,38861.65,2023,FORD,TRANSIT CONNECT
7/24/2023,JQ,JQAB66,156122,2,NEW,"LITHIA EATONTOWN-F, LLC",1FA6P8CF7P5302960,5/3/2023,82,50897.57,2023,FORD,MUSTANG
7/24/2023,JQ,JQAB66,156122,2,NEW,"LITHIA EATONTOWN-F, LLC",1FA6P8TH0P5113634,7/13/2023,11,40210.37,2023,FORD,MUSTANG
7/24/2023,JQ,JQAB66,156122,2,NEW,"LITHIA EATONTOWN-F, LLC",1FMSK8FH9PGA97694,7/13/2023,11,52522.33,2023,FORD,EXPLORER
7/24/2023,JQ,JQAB66,156122,2,NEW,"LITHIA EATONTOWN-F, LLC",1FTFW1E82PFB49224,7/13/2023,11,52749.77,2023,FORD,F-150
7/24/2023,JQ,JQAB66,156122,2,NEW,"LITHIA EATONTOWN-F, LLC",NM0LS7S21P1552428,7/20/2023,4,36285.05,2023,FORD,TRANSIT CONNECT
7/24/2023,JQ,JQAB66,156122,2,PANW,"LITHIA EATONTOWN-F, LLC",1FMCU0E11PUA06021,6/9/2023,45,46886.37,2023,FORD,ESCAPE
7/24/2023,JQ,JQAB66,156122,2,PANW,"LITHIA EATONTOWN-F, LLC",1FMCU9GN3PUA53278,6/30/2023,24,32916.92,2023,FORD,ESCAPE
7/24/2023,JQ,JQAB66,156122,2,PANW,"LITHIA EATONTOWN-F, LLC",1FMCU9PA5PUA66420,7/20/2023,4,40477.92,2023,FORD,ESCAPE
7/24/2023,JQ,JQAB66,156122,2,PANW,"LITHIA EATONTOWN-F, LLC",1FMDE5CP2PLB61981,7/7/2023,17,57121.45,2023,FORD,BRONCO
7/24/2023,JQ,JQAB66,156122,2,PANW,"LITHIA EATONTOWN-F, LLC",1FMEE5BP3PLB49943,7/20/2023,4,50532.45,2023,FORD,BRONCO
7/24/2023,JQ,JQAB66,156122,2,PANW,"LITHIA EATONTOWN-F, LLC",1FMJK1M80PEA41547,6/30/2023,24,90448.55,2023,FORD,EXPEDITION
7/24/2023,JQ,JQAB66,156122,2,PANW,"LITHIA EATONTOWN-F, LLC",1FMJK2A8XPEA41548,6/21/2023,33,83269.55,2023,FORD,EXPEDITION
7/24/2023,JQ,JQAB66,156122,2,PANW,"LITHIA EATONTOWN-F, LLC",1FMSK8DH5PGB31133,7/13/2023,11,47630.94,2023,FORD,EXPLORER
7/24/2023,JQ,JQAB66,156122,2,PANW,"LITHIA EATONTOWN-F, LLC",1FTBR1C82PKB12030,7/6/2023,18,48755,2023,FORD,TRANSIT
7/24/2023,JQ,JQAB66,156122,2,PANW,"LITHIA EATONTOWN-F, LLC",1FTEW1EP6PFB86960,6/9/2023,45,49413.51,2023,FORD,F-150
7/24/2023,JQ,JQAB66,156122,2,PANW,"LITHIA EATONTOWN-F, LLC",1FTEX1EP7PKE66679,6/20/2023,34,46925.98,2023,FORD,F-150
7/24/2023,JQ,JQAB66,156122,2,PANW,"LITHIA EATONTOWN-F, LLC",1FTFW1E57PFC02036,6/30/2023,24,58150.61,2023,FORD,F-150
7/24/2023,JQ,JQAB66,156122,2,PANW,"LITHIA EATONTOWN-F, LLC",1FTFW1E59PFC01468,6/21/2023,33,68573.61,2023,FORD,F-150
7/24/2023,JQ,JQAB66,156122,2,PANW,"LITHIA EATONTOWN-F, LLC",1FTFW1E82PFB71935,5/24/2023,61,59001.61,2023,FORD,F-150
7/24/2023,JQ,JQAB66,156122,2,PANW,"LITHIA EATONTOWN-F, LLC",1FTFW1E86PFB72540,6/30/2023,24,69327.61,2023,FORD,F-150
7/24/2023,JQ,JQAB66,156122,2,PANW,"LITHIA EATONTOWN-F, LLC",1FTFW1E87PFC06436,7/20/2023,4,73175.61,2023,FORD,F-150
7/24/2023,JQ,JQAB66,156122,2,PANW,"LITHIA EATONTOWN-F, LLC",1FTFW1ED1PFC02542,7/20/2023,4,75493.06,2023,FORD,F-150
7/24/2023,JQ,JQAB66,156122,2,PANW,"LITHIA EATONTOWN-F, LLC",1FTFW1ED2PFC21603,7/20/2023,4,60773.06,2023,FORD,F-150
7/24/2023,JQ,JQAB66,156122,2,PANW,"LITHIA EATONTOWN-F, LLC",1FTFW1ED8PFB87523,6/9/2023,45,76090.06,2023,FORD,F-150
7/24/2023,JQ,JQAB66,156122,2,PANW,"LITHIA EATONTOWN-F, LLC",1FTFW1ED8PFC22514,7/20/2023,4,61821.06,2023,FORD,F-150
7/24/2023,JQ,JQAB66,156122,2,PANW,"LITHIA EATONTOWN-F, LLC",1FTFW1RG4PFB78015,6/30/2023,24,79786.61,2023,FORD,F-150
7/24/2023,JQ,JQAB66,156122,2,PANW,"LITHIA EATONTOWN-F, LLC",3FMCR9B64PRD69443,6/8/2023,46,35743.92,2023,FORD,BRONCO SPORT
7/24/2023,JQ,JQAB66,156122,2,PANW,"LITHIA EATONTOWN-F, LLC",3FMCR9C61PRD84111,6/30/2023,24,36664.92,2023,FORD,BRONCO SPORT
7/24/2023,JQ,JQAB66,156122,2,PANW,"LITHIA EATONTOWN-F, LLC",3FMTK3SU0PMA28067,5/13/2023,72,63840.25,2023,FORD,MUSTANG MACH-E
7/24/2023,JQ,JQAB66,156122,2,PANW,"LITHIA EATONTOWN-F, LLC",3FMTK3SU4PMA56096,7/19/2023,5,63045.25,2023,FORD,MUSTANG MACH-E
7/24/2023,JQ,JQAB66,156122,2,PANW,"LITHIA EATONTOWN-F, LLC",3FMTK3SU8PMA39060,6/30/2023,24,63605.25,2023,FORD,MUSTANG MACH-E
7/24/2023,JQ,JQAB66,156122,2,PANW,"LITHIA EATONTOWN-F, LLC",3FMTK4SE0PMA28620,6/30/2023,24,66045.25,2023,FORD,MUSTANG MACH-E
7/24/2023,JQ,JQAB66,156122,2,PANW,"LITHIA EATONTOWN-F, LLC",3FMTK4SE2PMA45676,7/13/2023,11,66045.25,2023,FORD,MUSTANG MACH-E
7/24/2023,JQ,JQAB66,156122,2,PANW,"LITHIA EATONTOWN-F, LLC",3FMTK4SX8PMA24851,6/14/2023,40,73100.25,2023,FORD,MUSTANG MACH-E
7/24/2023,JQ,JQAB66,156122,2,PANW,"LITHIA EATONTOWN-F, LLC",3FMTK4SXXPMA46110,6/20/2023,34,72845.25,2023,FORD,MUSTANG MACH-E
7/24/2023,JQ,JQAB66,156122,2,PANW,"LITHIA EATONTOWN-F, LLC",3FTTW8E93PRA60219,7/19/2023,5,23906.43,2023,FORD,MAVERICK
7/24/2023,EQ,EQAAM6,156167,4,FSLP,"LITHIA IDAHO FALLS-F, INC.",1FMCU9JAXPUA03242,6/30/2023,24,41754.67,2023,FORD,ESCAPE
7/24/2023,EQ,EQAAM6,156167,4,FSLP,"LITHIA IDAHO FALLS-F, INC.",1FMCU9PA1PUA39800,7/10/2023,14,41957.67,2023,FORD,ESCAPE
7/24/2023,EQ,EQAAM6,156167,4,FSLP,"LITHIA IDAHO FALLS-F, INC.",1FMSK8DH3PGA76892,5/31/2023,54,48412.08,2023,FORD,EXPLORER
7/24/2023,EQ,EQAAM6,156167,4,FSLP,"LITHIA IDAHO FALLS-F, INC.",1FMSK8DHXPGA50970,5/31/2023,54,46885.08,2023,FORD,EXPLORER
7/24/2023,EQ,EQAAM6,156167,4,FSLP,"LITHIA IDAHO FALLS-F, INC.",1FTEW1EP8PKE50218,7/19/2023,5,48557.26,2023,FORD,F-150
7/24/2023,EQ,EQAAM6,156167,4,FSLP,"LITHIA IDAHO FALLS-F, INC.",1FTEW1EPXPKE28270,7/19/2023,5,49864.52,2023,FORD,F-150
7/24/2023,EQ,EQAAM6,156167,4,FSLP,"LITHIA IDAHO FALLS-F, INC.",1FTFW1E51PFB40505,7/19/2023,5,51908.36,2023,FORD,F-150
7/24/2023,EQ,EQAAM6,156167,4,FSLP,"LITHIA IDAHO FALLS-F, INC.",1FTFW1E51PKD87336,5/31/2023,54,59950.52,2023,FORD,F-150
7/24/2023,EQ,EQAAM6,156167,4,FSLP,"LITHIA IDAHO FALLS-F, INC.",1FTFW1E80PFB73571,7/19/2023,5,74957.36,2023,FORD,F-150
7/24/2023,EQ,EQAAM6,156167,4,FSLP,"LITHIA IDAHO FALLS-F, INC.",1FTFW1E84PFA53661,6/30/2023,24,68467.72,2023,FORD,F-150
7/24/2023,EQ,EQAAM6,156167,4,FSLP,"LITHIA IDAHO FALLS-F, INC.",1FTFW1E89PKD92729,5/31/2023,54,61089.52,2023,FORD,F-150
7/24/2023,EQ,EQAAM6,156167,4,FSLP,"LITHIA IDAHO FALLS-F, INC.",1FTFW1ED3PFB17377,6/20/2023,34,70524.92,2023,FORD,F-150
7/24/2023,EQ,EQAAM6,156167,4,FSLP,"LITHIA IDAHO FALLS-F, INC.",1FTFW1ED3PFB41677,6/20/2023,34,71256.92,2023,FORD,F-150
7/24/2023,EQ,EQAAM6,156167,4,FSLP,"LITHIA IDAHO FALLS-F, INC.",1FTFW1ED4PFB19851,5/31/2023,54,63666.92,2023,FORD,F-150
7/24/2023,EQ,EQAAM6,156167,4,FSLP,"LITHIA IDAHO FALLS-F, INC.",1FTFW1ED5PFB47996,6/30/2023,24,71324.92,2023,FORD,F-150
7/24/2023,EQ,EQAAM6,156167,4,FSLP,"LITHIA IDAHO FALLS-F, INC.",1FTFW1ED6PFB95524,6/30/2023,24,70828.81,2023,FORD,F-150
7/24/2023,EQ,EQAAM6,156167,4,FSLP,"LITHIA IDAHO FALLS-F, INC.",2FMPK4AP6PBA17322,6/30/2023,24,47223.08,2023,FORD,EDGE
7/24/2023,EQ,EQAAM6,156167,4,MPG,"LITHIA IDAHO FALLS-F, INC.",1FM5K8HCXPGA07273,7/15/2023,9,57415.92,2023,FORD,EXPLORER
7/24/2023,EQ,EQAAM6,156167,4,MPG,"LITHIA IDAHO FALLS-F, INC.",1FTEW1EP2PKD74253,7/15/2023,9,55900.32,2023,FORD,F-150
7/24/2023,EQ,EQAAM6,156167,4,MPG,"LITHIA IDAHO FALLS-F, INC.",1FTFW1E8XPFA05128,2/27/2023,147,65477.72,2023,FORD,F-150
7/24/2023,EQ,EQAAM6,156167,4,MPG,"LITHIA IDAHO FALLS-F, INC.",1FTFW1E8XPKD92447,7/15/2023,9,60164.52,2023,FORD,F-150
7/24/2023,EQ,EQAAM6,156167,4,MPG,"LITHIA IDAHO FALLS-F, INC.",1FTFW1E86PFA05157,3/29/2023,117,65477.72,2023,FORD,F-150
7/24/2023,EQ,EQAAM6,156167,4,MPG,"LITHIA IDAHO FALLS-F, INC.",1FTFW1E86PFB15531,5/3/2023,82,51218.52,2023,FORD,F-150
7/24/2023,EQ,EQAAM6,156167,4,MPG,"LITHIA IDAHO FALLS-F, INC.",1FTFW1E87PFB22679,7/15/2023,9,59284.52,2023,FORD,F-150
7/24/2023,EQ,EQAAM6,156167,4,MPG,"LITHIA IDAHO FALLS-F, INC.",1FTFW1ED6PFA83595,6/30/2023,24,62947.92,2023,FORD,F-150
7/24/2023,EQ,EQAAM6,156167,4,MPG,"LITHIA IDAHO FALLS-F, INC.",2FMPK4G91NBA89972,2/20/2023,154,38490.36,2022,FORD,EDGE
7/24/2023,EQ,EQAAM6,156167,4,MPG,"LITHIA IDAHO FALLS-F, INC.",2FMPK4G95NBA96892,5/23/2023,62,39862.36,2022,FORD,EDGE
7/24/2023,EQ,EQAAM6,156167,4,MPG,"LITHIA IDAHO FALLS-F, INC.",2FMPK4J91PBA17553,5/5/2023,80,40937.08,2023,FORD,EDGE
7/24/2023,EQ,EQAAM6,156167,4,MPG,"LITHIA IDAHO FALLS-F, INC.",3FMCR9B63PRD52567,7/15/2023,9,34420.44,2023,FORD,BRONCO SPORT
7/24/2023,EQ,EQAAM6,156167,4,MPG,"LITHIA IDAHO FALLS-F, INC.",3FMCR9B65PRD23667,5/3/2023,82,34992.44,2023,FORD,BRONCO SPORT
7/24/2023,EQ,EQAAM6,156167,4,NEW,"LITHIA IDAHO FALLS-F, INC.",1FMJK1M84PEA10737,7/5/2023,19,87113.6,2023,FORD,EXPEDITION
7/24/2023,EQ,EQAAM6,156167,4,NEW,"LITHIA IDAHO FALLS-F, INC.",1FMJK1M85PEA27479,7/20/2023,4,87589.3,2023,FORD,EXPEDITION
7/24/2023,EQ,EQAAM6,156167,4,NEW,"LITHIA IDAHO FALLS-F, INC.",1FMJU1M84PEA27483,6/21/2023,33,84687,2023,FORD,EXPEDITION
7/24/2023,EQ,EQAAM6,156167,4,NEW,"LITHIA IDAHO FALLS-F, INC.",1FMJU1RGXPEA27486,6/15/2023,39,80166,2023,FORD,EXPEDITION
7/24/2023,EQ,EQAAM6,156167,4,NEW,"LITHIA IDAHO FALLS-F, INC.",1FMJU2A89PEA34388,6/22/2023,32,78857,2023,FORD,EXPEDITION
7/24/2023,EQ,EQAAM6,156167,4,NEW,"LITHIA IDAHO FALLS-F, INC.",1FMSK8FH1PGA90447,6/22/2023,32,52911.08,2023,FORD,EXPLORER
7/24/2023,EQ,EQAAM6,156167,4,NEW,"LITHIA IDAHO FALLS-F, INC.",1FTEW1E87PFB14996,6/10/2023,44,67123.52,2023,FORD,F-150
7/24/2023,EQ,EQAAM6,156167,4,NEW,"LITHIA IDAHO FALLS-F, INC.",1FTFW1E81PFA43668,6/16/2023,38,63006.72,2023,FORD,F-150
7/24/2023,EQ,EQAAM6,156167,4,NEW,"LITHIA IDAHO FALLS-F, INC.",1FTFW1E84PFB53288,7/11/2023,13,60376.52,2023,FORD,F-150
7/24/2023,EQ,EQAAM6,156167,4,NEW,"LITHIA IDAHO FALLS-F, INC.",1FTFW1E84PKE12062,7/5/2023,19,59585.52,2023,FORD,F-150
7/24/2023,EQ,EQAAM6,156167,4,NEW,"LITHIA IDAHO FALLS-F, INC.",1FTFW1E85PFB50772,7/6/2023,18,61847.52,2023,FORD,F-150
7/24/2023,EQ,EQAAM6,156167,4,NEW,"LITHIA IDAHO FALLS-F, INC.",1FTFW1ED1PFB30368,6/21/2023,33,76024.92,2023,FORD,F-150
7/24/2023,EQ,EQAAM6,156167,4,NEW,"LITHIA IDAHO FALLS-F, INC.",3FMCR9G66PRD36095,5/31/2023,54,34694.44,2023,FORD,BRONCO SPORT
7/24/2023,EQ,EQAAM6,156167,4,NEW,"LITHIA IDAHO FALLS-F, INC.",3FMTK1SS1PMA09529,4/17/2023,98,52940,2023,FORD,MUSTANG MACH-E
7/24/2023,EQ,EQAAM6,156167,4,NEW,"LITHIA IDAHO FALLS-F, INC.",3FMTK1SS7PMA17540,7/17/2023,7,51600,2023,FORD,MUSTANG MACH-E
7/24/2023,EQ,EQAAM6,156167,4,PANW,"LITHIA IDAHO FALLS-F, INC.",1FMCU9GN3PUA53541,7/14/2023,10,31818.67,2023,FORD,ESCAPE
7/24/2023,EQ,EQAAM6,156167,4,PANW,"LITHIA IDAHO FALLS-F, INC.",1FMCU9GN3PUA54284,6/16/2023,38,32753.67,2023,FORD,ESCAPE
7/24/2023,EQ,EQAAM6,156167,4,PANW,"LITHIA IDAHO FALLS-F, INC.",1FMCU9GN8PUA61490,7/20/2023,4,33886.67,2023,FORD,ESCAPE
7/24/2023,EQ,EQAAM6,156167,4,PANW,"LITHIA IDAHO FALLS-F, INC.",1FMCU9NA8PUA62168,7/17/2023,7,38646.67,2023,FORD,ESCAPE
7/24/2023,EQ,EQAAM6,156167,4,PANW,"LITHIA IDAHO FALLS-F, INC.",1FMEE5DP5PLB30033,7/20/2023,4,60790.4,2023,FORD,BRONCO
7/24/2023,EQ,EQAAM6,156167,4,PANW,"LITHIA IDAHO FALLS-F, INC.",1FMEE5DP6PLB33202,7/20/2023,4,60835.4,2023,FORD,BRONCO
7/24/2023,EQ,EQAAM6,156167,4,PANW,"LITHIA IDAHO FALLS-F, INC.",1FMEE5DP7PLB45536,7/20/2023,4,59181.2,2023,FORD,BRONCO
7/24/2023,EQ,EQAAM6,156167,4,PANW,"LITHIA IDAHO FALLS-F, INC.",1FMEE5DPXPLB45420,7/14/2023,10,66684.2,2023,FORD,BRONCO
7/24/2023,EQ,EQAAM6,156167,4,PANW,"LITHIA IDAHO FALLS-F, INC.",1FMEE5JR2PLB23238,7/22/2023,2,95137.2,2023,FORD,BRONCO
7/24/2023,EQ,EQAAM6,156167,4,PANW,"LITHIA IDAHO FALLS-F, INC.",1FMJK1M81PEA27480,5/17/2023,68,87119.3,2023,FORD,EXPEDITION
7/24/2023,EQ,EQAAM6,156167,4,PANW,"LITHIA IDAHO FALLS-F, INC.",1FMJK1M85PEA52804,7/10/2023,14,88814.3,2023,FORD,EXPEDITION
7/24/2023,EQ,EQAAM6,156167,4,PANW,"LITHIA IDAHO FALLS-F, INC.",1FMJK2A84PEA52805,6/29/2023,25,80230.3,2023,FORD,EXPEDITION
7/24/2023,EQ,EQAAM6,156167,4,PANW,"LITHIA IDAHO FALLS-F, INC.",1FMJK2A89PEA30282,5/23/2023,62,81759.3,2023,FORD,EXPEDITION
7/24/2023,EQ,EQAAM6,156167,4,PANW,"LITHIA IDAHO FALLS-F, INC.",1FMJU1M86PEA27484,6/16/2023,38,85916.75,2023,FORD,EXPEDITION
7/24/2023,EQ,EQAAM6,156167,4,PANW,"LITHIA IDAHO FALLS-F, INC.",1FMJU1M86PEA52806,7/17/2023,7,85916.75,2023,FORD,EXPEDITION
7/24/2023,EQ,EQAAM6,156167,4,PANW,"LITHIA IDAHO FALLS-F, INC.",1FMJU2A86PEA46983,6/24/2023,30,79484.75,2023,FORD,EXPEDITION
7/24/2023,EQ,EQAAM6,156167,4,PANW,"LITHIA IDAHO FALLS-F, INC.",1FMJU2AG9PEA46984,6/12/2023,42,85403.75,2023,FORD,EXPEDITION
7/24/2023,EQ,EQAAM6,156167,4,PANW,"LITHIA IDAHO FALLS-F, INC.",1FMSK8JH1PGA09423,5/19/2023,66,48624.08,2023,FORD,EXPLORER
7/24/2023,EQ,EQAAM6,156167,4,PANW,"LITHIA IDAHO FALLS-F, INC.",1FT6W1EV5PWG05626,7/20/2023,4,80045,2023,FORD,F-150
7/24/2023,EQ,EQAAM6,156167,4,PANW,"LITHIA IDAHO FALLS-F, INC.",1FT6W1EV8PWG09086,7/20/2023,4,78750,2023,FORD,F-150
7/24/2023,EQ,EQAAM6,156167,4,PANW,"LITHIA IDAHO FALLS-F, INC.",1FT8W2BT8PED09491,7/22/2023,2,79354.3,2023,FORD,F-250
7/24/2023,EQ,EQAAM6,156167,4,PANW,"LITHIA IDAHO FALLS-F, INC.",1FT8W3BT2PED09492,6/12/2023,42,66954.6,2023,FORD,F-350
7/24/2023,EQ,EQAAM6,156167,4,PANW,"LITHIA IDAHO FALLS-F, INC.",1FT8W3BT7PED16356,7/10/2023,14,88318.3,2023,FORD,F-350
7/24/2023,EQ,EQAAM6,156167,4,PANW,"LITHIA IDAHO FALLS-F, INC.",1FTBW3UG0PKB13106,7/8/2023,16,66777.98,2023,FORD,TRANSIT
7/24/2023,EQ,EQAAM6,156167,4,PANW,"LITHIA IDAHO FALLS-F, INC.",1FTBW9CK0PKB42145,7/20/2023,4,56050,2023,FORD,TRANSIT
7/24/2023,EQ,EQAAM6,156167,4,PANW,"LITHIA IDAHO FALLS-F, INC.",1FTER4FH8PLE24051,5/19/2023,66,36301.4,2023,FORD,RANGER
7/24/2023,EQ,EQAAM6,156167,4,PANW,"LITHIA IDAHO FALLS-F, INC.",1FTEW1E8XPFB99851,7/14/2023,10,63374.36,2023,FORD,F-150
7/24/2023,EQ,EQAAM6,156167,4,PANW,"LITHIA IDAHO FALLS-F, INC.",1FTEW1E83PFB99996,7/20/2023,4,63287.36,2023,FORD,F-150
7/24/2023,EQ,EQAAM6,156167,4,PANW,"LITHIA IDAHO FALLS-F, INC.",1FTEW1E84PFB87596,6/17/2023,37,63055.36,2023,FORD,F-150
7/24/2023,EQ,EQAAM6,156167,4,PANW,"LITHIA IDAHO FALLS-F, INC.",1FTEW1E85PFB40898,7/3/2023,21,69575.36,2023,FORD,F-150
7/24/2023,EQ,EQAAM6,156167,4,PANW,"LITHIA IDAHO FALLS-F, INC.",1FTEW1E85PFB88529,7/7/2023,17,61067.36,2023,FORD,F-150
7/24/2023,EQ,EQAAM6,156167,4,PANW,"LITHIA IDAHO FALLS-F, INC.",1FTEW1E86PFB27223,5/25/2023,60,68480.52,2023,FORD,F-150
7/24/2023,EQ,EQAAM6,156167,4,PANW,"LITHIA IDAHO FALLS-F, INC.",1FTEW1EP2PKE64681,6/6/2023,48,48615.26,2023,FORD,F-150
7/24/2023,EQ,EQAAM6,156167,4,PANW,"LITHIA IDAHO FALLS-F, INC.",1FTEW1EP4PFB88528,7/22/2023,2,48364.26,2023,FORD,F-150
7/24/2023,EQ,EQAAM6,156167,4,PANW,"LITHIA IDAHO FALLS-F, INC.",1FTEW1EP5PKE49995,6/3/2023,51,49870.36,2023,FORD,F-150
7/24/2023,EQ,EQAAM6,156167,4,PANW,"LITHIA IDAHO FALLS-F, INC.",1FTEW1EPXPFC15313,7/7/2023,17,55318.26,2023,FORD,F-150
7/24/2023,EQ,EQAAM6,156167,4,PANW,"LITHIA IDAHO FALLS-F, INC.",1FTFW1E81PKE35766,6/26/2023,28,61211.36,2023,FORD,F-150
7/24/2023,EQ,EQAAM6,156167,4,PANW,"LITHIA IDAHO FALLS-F, INC.",1FTFW1E82PFB76200,6/6/2023,48,62468.36,2023,FORD,F-150
7/24/2023,EQ,EQAAM6,156167,4,PANW,"LITHIA IDAHO FALLS-F, INC.",1FTFW1E83PFB79719,6/16/2023,38,67242.36,2023,FORD,F-150
7/24/2023,EQ,EQAAM6,156167,4,PANW,"LITHIA IDAHO FALLS-F, INC.",1FTFW1E83PFB79848,6/17/2023,37,61486.36,2023,FORD,F-150
7/24/2023,EQ,EQAAM6,156167,4,PANW,"LITHIA IDAHO FALLS-F, INC.",1FTFW1E85PFB71802,6/22/2023,32,68546.36,2023,FORD,F-150
7/24/2023,EQ,EQAAM6,156167,4,PANW,"LITHIA IDAHO FALLS-F, INC.",1FTFW1E86PKD88590,5/17/2023,68,67104.32,2023,FORD,F-150
7/24/2023,EQ,EQAAM6,156167,4,PANW,"LITHIA IDAHO FALLS-F, INC.",1FTFW1E89PFB78297,7/7/2023,17,71872.36,2023,FORD,F-150
7/24/2023,EQ,EQAAM6,156167,4,PANW,"LITHIA IDAHO FALLS-F, INC.",1FTFW1E89PKE60625,6/28/2023,26,66274.36,2023,FORD,F-150
7/24/2023,EQ,EQAAM6,156167,4,PANW,"LITHIA IDAHO FALLS-F, INC.",1FTFW1ED0PFC04024,6/21/2023,33,61910.81,2023,FORD,F-150
7/24/2023,EQ,EQAAM6,156167,4,PANW,"LITHIA IDAHO FALLS-F, INC.",1FTFW1ED1PFB41550,5/17/2023,68,76309.92,2023,FORD,F-150
7/24/2023,EQ,EQAAM6,156167,4,PANW,"LITHIA IDAHO FALLS-F, INC.",1FTFW1ED8PFB99798,6/17/2023,37,62792.81,2023,FORD,F-150
7/24/2023,EQ,EQAAM6,156167,4,PANW,"LITHIA IDAHO FALLS-F, INC.",1FTFW1RG1PFB90641,7/7/2023,17,80351.36,2023,FORD,F-150
7/24/2023,EQ,EQAAM6,156167,4,PANW,"LITHIA IDAHO FALLS-F, INC.",1FTFW1RG5PFB90724,6/24/2023,30,82425.36,2023,FORD,F-150
7/24/2023,EQ,EQAAM6,156167,4,PANW,"LITHIA IDAHO FALLS-F, INC.",1FTFW1RG6PFC16764,7/22/2023,2,78995.36,2023,FORD,F-150
7/24/2023,EQ,EQAAM6,156167,4,PANW,"LITHIA IDAHO FALLS-F, INC.",1FTFW1RG7PFB90420,7/17/2023,7,82425.36,2023,FORD,F-150
7/24/2023,EQ,EQAAM6,156167,4,PANW,"LITHIA IDAHO FALLS-F, INC.",1FTVW1EL0PWG11876,7/20/2023,4,76665,2023,FORD,F-150
7/24/2023,EQ,EQAAM6,156167,4,PANW,"LITHIA IDAHO FALLS-F, INC.",1FTVW1EL0PWG20321,7/20/2023,4,75410,2023,FORD,F-150
7/24/2023,EQ,EQAAM6,156167,4,PANW,"LITHIA IDAHO FALLS-F, INC.",1FTVW1EL2PWG15931,7/20/2023,4,53700,2023,FORD,F-150
7/24/2023,EQ,EQAAM6,156167,4,PANW,"LITHIA IDAHO FALLS-F, INC.",1FTVW1EV2PWG21696,7/20/2023,4,81450,2023,FORD,F-150
7/24/2023,EQ,EQAAM6,156167,4,PANW,"LITHIA IDAHO FALLS-F, INC.",2FMPK4K98PBA54470,7/7/2023,17,45414.69,2023,FORD,EDGE
7/24/2023,EQ,EQAAM6,156167,4,PANW,"LITHIA IDAHO FALLS-F, INC.",3FMCR9B62PRD95684,7/20/2023,4,33863.67,2023,FORD,BRONCO SPORT
7/24/2023,EQ,EQAAM6,156167,4,PANW,"LITHIA IDAHO FALLS-F, INC.",3FMCR9B64PRD81060,7/11/2023,13,33863.67,2023,FORD,BRONCO SPORT
7/24/2023,EQ,EQAAM6,156167,4,PANW,"LITHIA IDAHO FALLS-F, INC.",3FMCR9B69PRD82317,7/1/2023,23,35568.67,2023,FORD,BRONCO SPORT
7/24/2023,EQ,EQAAM6,156167,4,PANW,"LITHIA IDAHO FALLS-F, INC.",3FMCR9C61PRD80026,7/11/2023,13,38086.67,2023,FORD,BRONCO SPORT
7/24/2023,EQ,EQAAM6,156167,4,PANW,"LITHIA IDAHO FALLS-F, INC.",3FMCR9C62PRD81640,7/15/2023,9,39580.67,2023,FORD,BRONCO SPORT
7/24/2023,EQ,EQAAM6,156167,4,PANW,"LITHIA IDAHO FALLS-F, INC.",3FMCR9C63PRD82683,7/20/2023,4,38556.67,2023,FORD,BRONCO SPORT
7/24/2023,EQ,EQAAM6,156167,4,PANW,"LITHIA IDAHO FALLS-F, INC.",3FMTK3SU4PMA54834,7/7/2023,17,63845,2023,FORD,MUSTANG MACH-E
7/24/2023,EQ,EQAAM6,156167,4,PANW,"LITHIA IDAHO FALLS-F, INC.",3FMTK3SU5PMA37508,6/6/2023,48,63045,2023,FORD,MUSTANG MACH-E
7/24/2023,EQ,EQAAM6,156167,4,PANW,"LITHIA IDAHO FALLS-F, INC.",3FMTK3SU6PMA24637,6/6/2023,48,62805,2023,FORD,MUSTANG MACH-E
7/24/2023,EQ,EQAAM6,156167,4,PANW,"LITHIA IDAHO FALLS-F, INC.",3FMTK4SE1PMA45135,7/7/2023,17,66540,2023,FORD,MUSTANG MACH-E
7/24/2023,BP,BPAAFY,157597,1,FSLP,"LITHIA MORGANTOWN-F, LLC",1FMCU9GNXPUA39913,6/8/2023,46,33036.67,2023,FORD,ESCAPE
7/24/2023,BP,BPAAFY,157597,1,FSLP,"LITHIA MORGANTOWN-F, LLC",1FMSK8DH6PGA89846,6/8/2023,46,47630.08,2023,FORD,EXPLORER
7/24/2023,BP,BPAAFY,157597,1,FSLP,"LITHIA MORGANTOWN-F, LLC",1FMSK8DH9PGA54136,5/22/2023,63,46217.08,2023,FORD,EXPLORER
7/24/2023,BP,BPAAFY,157597,1,FSLP,"LITHIA MORGANTOWN-F, LLC",3FMCR9B6XPRD56647,5/26/2023,59,35886.44,2023,FORD,BRONCO SPORT
7/24/2023,BP,BPAAFY,157597,1,FSLP,"LITHIA MORGANTOWN-F, LLC",3FMCR9B61PRD70923,7/10/2023,14,33828.67,2023,FORD,BRONCO SPORT
7/24/2023,BP,BPAAFY,157597,1,FSLP,"LITHIA MORGANTOWN-F, LLC",3FMCR9B63PRD67327,7/10/2023,14,32892.67,2023,FORD,BRONCO SPORT
7/24/2023,BP,BPAAFY,157597,1,MPG,"LITHIA MORGANTOWN-F, LLC",1FTEW1EP3PKD12148,3/22/2023,124,53589.52,2023,FORD,F-150
7/24/2023,BP,BPAAFY,157597,1,MPG,"LITHIA MORGANTOWN-F, LLC",1FTEW1EP9PKD51777,6/14/2023,40,51496.32,2023,FORD,F-150
7/24/2023,BP,BPAAFY,157597,1,MPG,"LITHIA MORGANTOWN-F, LLC",1FTFW1E50PFA44364,5/30/2023,55,54059.72,2023,FORD,F-150
7/24/2023,BP,BPAAFY,157597,1,MPG,"LITHIA MORGANTOWN-F, LLC",1FTFW1E51PFA37942,6/17/2023,37,54059.72,2023,FORD,F-150
7/24/2023,BP,BPAAFY,157597,1,MPG,"LITHIA MORGANTOWN-F, LLC",1FTFW1E51PKD15651,2/6/2023,168,54059.72,2023,FORD,F-150
7/24/2023,BP,BPAAFY,157597,1,MPG,"LITHIA MORGANTOWN-F, LLC",1FTFW1E57PKD15640,2/6/2023,168,54059.72,2023,FORD,F-150
7/24/2023,BP,BPAAFY,157597,1,MPG,"LITHIA MORGANTOWN-F, LLC",1FTFW1E57PKD99362,6/27/2023,27,52199.32,2023,FORD,F-150
7/24/2023,BP,BPAAFY,157597,1,MPG,"LITHIA MORGANTOWN-F, LLC",1FTFW1E59PFA37932,6/26/2023,28,54059.72,2023,FORD,F-150
7/24/2023,BP,BPAAFY,157597,1,MPG,"LITHIA MORGANTOWN-F, LLC",1FTFW1E81PFA18091,4/5/2023,110,64778.72,2023,FORD,F-150
7/24/2023,BP,BPAAFY,157597,1,MPG,"LITHIA MORGANTOWN-F, LLC",1FTFW1E86PFA68677,4/21/2023,94,64658.72,2023,FORD,F-150
7/24/2023,BP,BPAAFY,157597,1,MPG,"LITHIA MORGANTOWN-F, LLC",1FTFX1E57PKD78007,6/26/2023,28,48929.36,2023,FORD,F-150
7/24/2023,BP,BPAAFY,157597,1,MPG,"LITHIA MORGANTOWN-F, LLC",2FMPK4G93NBB15603,5/30/2023,55,41014.88,2022,FORD,EDGE
7/24/2023,BP,BPAAFY,157597,1,MPG,"LITHIA MORGANTOWN-F, LLC",2FMPK4J92PBA10532,6/26/2023,28,44664.08,2023,FORD,EDGE
7/24/2023,BP,BPAAFY,157597,1,MPG,"LITHIA MORGANTOWN-F, LLC",2FMPK4J97NBB11806,1/12/2023,193,43923.88,2022,FORD,EDGE
7/24/2023,BP,BPAAFY,157597,1,MPG,"LITHIA MORGANTOWN-F, LLC",MAJ6S3GL3NC464322,6/2/2023,52,27305.38,2022,FORD,ECOSPORT
7/24/2023,BP,BPAAFY,157597,1,NEW,"LITHIA MORGANTOWN-F, LLC",1FA6P8R03P5501880,6/17/2023,37,61376.12,2023,FORD,MUSTANG
7/24/2023,BP,BPAAFY,157597,1,NEW,"LITHIA MORGANTOWN-F, LLC",1FMSK8DH2PGA93344,6/12/2023,42,48105.08,2023,FORD,EXPLORER
7/24/2023,BP,BPAAFY,157597,1,NEW,"LITHIA MORGANTOWN-F, LLC",1FTER4FH5PLE24055,7/12/2023,12,40413.2,2023,FORD,RANGER
7/24/2023,BP,BPAAFY,157597,1,NEW,"LITHIA MORGANTOWN-F, LLC",1FTEW1EP9PKE28373,7/24/2023,0,55957.32,2023,FORD,F-150
7/24/2023,BP,BPAAFY,157597,1,NEW,"LITHIA MORGANTOWN-F, LLC",1FTFW1E54PFA37935,4/22/2023,93,54059.72,2023,FORD,F-150
7/24/2023,BP,BPAAFY,157597,1,NEW,"LITHIA MORGANTOWN-F, LLC",1FTFW1E54PFA75827,4/22/2023,93,65178.52,2023,FORD,F-150
7/24/2023,BP,BPAAFY,157597,1,NEW,"LITHIA MORGANTOWN-F, LLC",1FTFW1E59NKE99475,4/7/2023,108,54799.72,2022,FORD,F-150
7/24/2023,BP,BPAAFY,157597,1,NEW,"LITHIA MORGANTOWN-F, LLC",1FTFW1E85PFA17011,3/6/2023,140,63760.72,2023,FORD,F-150
7/24/2023,BP,BPAAFY,157597,1,NEW,"LITHIA MORGANTOWN-F, LLC",1FTFW1E87PFA02607,4/7/2023,108,57294.72,2023,FORD,F-150
7/24/2023,BP,BPAAFY,157597,1,NEW,"LITHIA MORGANTOWN-F, LLC",1FTFW1ED0PFA69711,5/4/2023,81,66358.92,2023,FORD,F-150
7/24/2023,BP,BPAAFY,157597,1,NEW,"LITHIA MORGANTOWN-F, LLC",1FTFX1E52PKD78948,7/16/2023,8,48929.36,2023,FORD,F-150
7/24/2023,BP,BPAAFY,157597,1,NEW,"LITHIA MORGANTOWN-F, LLC",MAJ6S3GL9NC458346,9/26/2022,301,27287.6,2022,FORD,ECOSPORT
7/24/2023,BP,BPAAFY,157597,1,PANW,"LITHIA MORGANTOWN-F, LLC",1FMCU9GN0PUA43629,7/6/2023,18,33012.67,2023,FORD,ESCAPE
7/24/2023,BP,BPAAFY,157597,1,PANW,"LITHIA MORGANTOWN-F, LLC",1FMCU9GN1PUA38648,7/6/2023,18,33012.67,2023,FORD,ESCAPE
7/24/2023,BP,BPAAFY,157597,1,PANW,"LITHIA MORGANTOWN-F, LLC",1FMCU9JA6PUA66452,7/19/2023,5,41513.67,2023,FORD,ESCAPE
7/24/2023,BP,BPAAFY,157597,1,PANW,"LITHIA MORGANTOWN-F, LLC",1FMJU2A84PEA44195,7/18/2023,6,72384.75,2023,FORD,EXPEDITION
7/24/2023,BP,BPAAFY,157597,1,PANW,"LITHIA MORGANTOWN-F, LLC",1FT8W2BN6PED23603,7/7/2023,17,65946.48,2023,FORD,F-250
7/24/2023,BP,BPAAFY,157597,1,PANW,"LITHIA MORGANTOWN-F, LLC",1FT8W3BM8PED31909,7/7/2023,17,81296.3,2023,FORD,F-350
7/24/2023,BP,BPAAFY,157597,1,PANW,"LITHIA MORGANTOWN-F, LLC",1FTER4FH7PLE23392,6/22/2023,32,39948.2,2023,FORD,RANGER
7/24/2023,BP,BPAAFY,157597,1,PANW,"LITHIA MORGANTOWN-F, LLC",1FTEW1E8XPFB84640,6/14/2023,40,68755.36,2023,FORD,F-150
7/24/2023,BP,BPAAFY,157597,1,PANW,"LITHIA MORGANTOWN-F, LLC",1FTEW1E82PFB85703,6/14/2023,40,67443.36,2023,FORD,F-150
7/24/2023,BP,BPAAFY,157597,1,PANW,"LITHIA MORGANTOWN-F, LLC",1FTEW1E83PFB78372,5/26/2023,59,67848.36,2023,FORD,F-150
7/24/2023,BP,BPAAFY,157597,1,PANW,"LITHIA MORGANTOWN-F, LLC",1FTEW1E84PFB75688,5/24/2023,61,67621.36,2023,FORD,F-150
7/24/2023,BP,BPAAFY,157597,1,PANW,"LITHIA MORGANTOWN-F, LLC",1FTEW1E85PFB66983,5/26/2023,59,68755.36,2023,FORD,F-150
7/24/2023,BP,BPAAFY,157597,1,PANW,"LITHIA MORGANTOWN-F, LLC",1FTEW1E86PFB77877,5/23/2023,62,67848.36,2023,FORD,F-150
7/24/2023,BP,BPAAFY,157597,1,PANW,"LITHIA MORGANTOWN-F, LLC",1FTEW1E87PFB76883,5/26/2023,59,67848.36,2023,FORD,F-150
7/24/2023,BP,BPAAFY,157597,1,PANW,"LITHIA MORGANTOWN-F, LLC",1FTEW1E88PFB77959,5/24/2023,61,67848.36,2023,FORD,F-150
7/24/2023,BP,BPAAFY,157597,1,PANW,"LITHIA MORGANTOWN-F, LLC",1FTEW1EP3PKE27431,6/1/2023,53,54577.26,2023,FORD,F-150
7/24/2023,BP,BPAAFY,157597,1,PANW,"LITHIA MORGANTOWN-F, LLC",1FTEW1EP5PKE28242,5/13/2023,72,55206.32,2023,FORD,F-150
7/24/2023,BP,BPAAFY,157597,1,PANW,"LITHIA MORGANTOWN-F, LLC",1FTEW1EP7PKE25746,5/26/2023,59,54577.26,2023,FORD,F-150
7/24/2023,BP,BPAAFY,157597,1,PANW,"LITHIA MORGANTOWN-F, LLC",1FTEW1EP8PFB59758,5/11/2023,74,56148.32,2023,FORD,F-150
7/24/2023,BP,BPAAFY,157597,1,PANW,"LITHIA MORGANTOWN-F, LLC",1FTEW1EPXPKE25806,6/1/2023,53,54577.26,2023,FORD,F-150
7/24/2023,BP,BPAAFY,157597,1,PANW,"LITHIA MORGANTOWN-F, LLC",1FTEX1EP2PKE64161,6/21/2023,33,46359.73,2023,FORD,F-150
7/24/2023,BP,BPAAFY,157597,1,PANW,"LITHIA MORGANTOWN-F, LLC",1FTEX1EP4PKE62752,6/21/2023,33,45958.73,2023,FORD,F-150
7/24/2023,BP,BPAAFY,157597,1,PANW,"LITHIA MORGANTOWN-F, LLC",1FTFW1E8XPFC01991,6/14/2023,40,76645.36,2023,FORD,F-150
7/24/2023,BP,BPAAFY,157597,1,PANW,"LITHIA MORGANTOWN-F, LLC",1FTFW1E50PFB99092,7/13/2023,11,61264.36,2023,FORD,F-150
7/24/2023,BP,BPAAFY,157597,1,PANW,"LITHIA MORGANTOWN-F, LLC",1FTFW1E50PFC12004,7/13/2023,11,62666.36,2023,FORD,F-150
7/24/2023,BP,BPAAFY,157597,1,PANW,"LITHIA MORGANTOWN-F, LLC",1FTFW1E52PFB15256,5/11/2023,74,54474.36,2023,FORD,F-150
7/24/2023,BP,BPAAFY,157597,1,PANW,"LITHIA MORGANTOWN-F, LLC",1FTFW1E56PFB15454,5/11/2023,74,54467.52,2023,FORD,F-150
7/24/2023,BP,BPAAFY,157597,1,PANW,"LITHIA MORGANTOWN-F, LLC",1FTFW1E56PFC13125,7/13/2023,11,62666.36,2023,FORD,F-150
7/24/2023,BP,BPAAFY,157597,1,PANW,"LITHIA MORGANTOWN-F, LLC",1FTFW1E56PKE55257,7/5/2023,19,52943.26,2023,FORD,F-150
7/24/2023,BP,BPAAFY,157597,1,PANW,"LITHIA MORGANTOWN-F, LLC",1FTFW1E58PFC11683,7/13/2023,11,62666.36,2023,FORD,F-150
7/24/2023,BP,BPAAFY,157597,1,PANW,"LITHIA MORGANTOWN-F, LLC",1FTFW1E82PKE49921,6/16/2023,38,68684.36,2023,FORD,F-150
7/24/2023,BP,BPAAFY,157597,1,PANW,"LITHIA MORGANTOWN-F, LLC",1FTFW1E89PFB41587,5/11/2023,74,75695.52,2023,FORD,F-150
7/24/2023,BP,BPAAFY,157597,1,PANW,"LITHIA MORGANTOWN-F, LLC",1FTFW1E89PKE62634,6/21/2023,33,56100.26,2023,FORD,F-150
7/24/2023,BP,BPAAFY,157597,1,PANW,"LITHIA MORGANTOWN-F, LLC",1FTFW1ED3PFB92743,6/23/2023,31,81603.81,2023,FORD,F-150
7/24/2023,BP,BPAAFY,157597,1,PANW,"LITHIA MORGANTOWN-F, LLC",1FTFW1RJ0PFB41314,7/18/2023,6,104116.36,2023,FORD,F-150
7/24/2023,BP,BPAAFY,157597,1,PANW,"LITHIA MORGANTOWN-F, LLC",1FTFX1E57PKD77777,5/13/2023,72,48929.36,2023,FORD,F-150
7/24/2023,BP,BPAAFY,157597,1,PANW,"LITHIA MORGANTOWN-F, LLC",1FTFX1E57PKD78671,5/15/2023,70,48929.36,2023,FORD,F-150
7/24/2023,BP,BPAAFY,157597,1,PANW,"LITHIA MORGANTOWN-F, LLC",1FTFX1E58PKD78095,5/27/2023,58,48929.36,2023,FORD,F-150
7/24/2023,BP,BPAAFY,157597,1,PANW,"LITHIA MORGANTOWN-F, LLC",1FTMF1C56PKE74207,7/19/2023,5,37649.73,2023,FORD,F-150
7/24/2023,BP,BPAAFY,157597,1,PANW,"LITHIA MORGANTOWN-F, LLC",1FTMF1C58PKE73883,7/19/2023,5,37649.73,2023,FORD,F-150
7/24/2023,BP,BPAAFY,157597,1,PANW,"LITHIA MORGANTOWN-F, LLC",2FMPK4K98PBA54856,7/13/2023,11,47613.69,2023,FORD,EDGE
7/24/2023,BP,BPAAFY,157597,1,PANW,"LITHIA MORGANTOWN-F, LLC",2LMPJ8K95PBL17853,7/13/2023,11,53514.69,2023,LINCOLN,NAUTILUS
7/24/2023,BP,BPAAFY,157597,1,PANW,"LITHIA MORGANTOWN-F, LLC",3FMCR9B6XPRD71486,7/10/2023,14,33546.67,2023,FORD,BRONCO SPORT
7/24/2023,BP,BPAAFY,157597,1,PANW,"LITHIA MORGANTOWN-F, LLC",3FMCR9B61PRD62711,6/9/2023,45,33358.67,2023,FORD,BRONCO SPORT
7/24/2023,BP,BPAAFY,157597,1,PANW,"LITHIA MORGANTOWN-F, LLC",3FMCR9B61PRD73174,6/16/2023,38,33358.67,2023,FORD,BRONCO SPORT
7/24/2023,BP,BPAAFY,157597,1,PANW,"LITHIA MORGANTOWN-F, LLC",3FMCR9B62PRD86080,7/19/2023,5,34907.67,2023,FORD,BRONCO SPORT
7/24/2023,BP,BPAAFY,157597,1,PANW,"LITHIA MORGANTOWN-F, LLC",3FMCR9B64PRD42663,6/14/2023,40,34079.67,2023,FORD,BRONCO SPORT
7/24/2023,BP,BPAAFY,157597,1,PANW,"LITHIA MORGANTOWN-F, LLC",3FMCR9B65PRD73422,6/17/2023,37,32892.67,2023,FORD,BRONCO SPORT
7/24/2023,BP,BPAAFY,157597,1,PANW,"LITHIA MORGANTOWN-F, LLC",3FMCR9B66PRD71243,6/2/2023,52,32892.67,2023,FORD,BRONCO SPORT
7/24/2023,BP,BPAAFY,157597,1,PANW,"LITHIA MORGANTOWN-F, LLC",3FMCR9D93PRD78108,7/19/2023,5,43890.67,2023,FORD,BRONCO SPORT
7/24/2023,BP,BPAAFY,157597,1,PANW,"LITHIA MORGANTOWN-F, LLC",3FMCR9G64PRD88423,7/19/2023,5,37452.67,2023,FORD,BRONCO SPORT
7/24/2023,BP,BPAAFY,157597,1,PANW,"LITHIA MORGANTOWN-F, LLC",3FMTK4SX6PMA37582,6/16/2023,38,73120,2023,FORD,MUSTANG MACH-E
7/24/2023,BP,BPAAFY,157597,1,PANW,"LITHIA MORGANTOWN-F, LLC",3FMTK4SX9PMA24356,7/8/2023,16,73125,2023,FORD,MUSTANG MACH-E
7/24/2023,BP,BPAAFY,157597,1,PANW,"LITHIA MORGANTOWN-F, LLC",5LMJJ2LGXPEL13150,7/5/2023,19,98538.75,2023,LINCOLN,NAVIGATOR
7/24/2023,BP,BPAAFY,157597,1,PANW,"LITHIA MORGANTOWN-F, LLC",NM0LS7S21P1553739,6/7/2023,47,37359.65,2023,FORD,TRANSIT CONNECT
7/24/2023,JQ,JQABBA,159418,2,FRAC,"LATHAM FORD-F, LLC",1FMCU9G6XNUA63327,3/30/2022,481,16346.24,2022,FORD,ESCAPE
7/24/2023,JQ,JQABBA,159418,2,FRAC,"LATHAM FORD-F, LLC",1FMCU9G61NUB58259,9/16/2022,311,21307.78,2022,FORD,ESCAPE
7/24/2023,JQ,JQABBA,159418,2,FRAC,"LATHAM FORD-F, LLC",1FMCU9G62NUB58027,9/20/2022,307,21307.78,2022,FORD,ESCAPE
7/24/2023,JQ,JQABBA,159418,2,FRAC,"LATHAM FORD-F, LLC",1FMCU9G64NUB59096,9/13/2022,314,21307.78,2022,FORD,ESCAPE
7/24/2023,JQ,JQABBA,159418,2,FRAC,"LATHAM FORD-F, LLC",1FMCU9G65NUB57714,9/16/2022,311,21307.78,2022,FORD,ESCAPE
7/24/2023,JQ,JQABBA,159418,2,FRAC,"LATHAM FORD-F, LLC",1FMCU9G65NUB60001,9/26/2022,301,21307.78,2022,FORD,ESCAPE
7/24/2023,JQ,JQABBA,159418,2,FRAC,"LATHAM FORD-F, LLC",1FMCU9G69NUA63898,4/13/2022,467,16920.9,2022,FORD,ESCAPE
7/24/2023,JQ,JQABBA,159418,2,FRAC,"LATHAM FORD-F, LLC",1FMCU9GN2PUA33362,4/21/2023,94,27744.35,2023,FORD,ESCAPE
7/24/2023,JQ,JQABBA,159418,2,FRAC,"LATHAM FORD-F, LLC",1FMCU9GN3PUA32706,4/17/2023,98,27744.35,2023,FORD,ESCAPE
7/24/2023,JQ,JQABBA,159418,2,FRAC,"LATHAM FORD-F, LLC",1FMCU9GN9PUA32466,4/26/2023,89,27744.35,2023,FORD,ESCAPE
7/24/2023,JQ,JQABBA,159418,2,FRAC,"LATHAM FORD-F, LLC",1FMSK8DH1NGB73859,9/19/2022,308,27698.48,2022,FORD,EXPLORER
7/24/2023,JQ,JQABBA,159418,2,FRAC,"LATHAM FORD-F, LLC",2FMPK4G91PBA29628,4/5/2023,110,32454.4,2023,FORD,EDGE
7/24/2023,JQ,JQABBA,159418,2,FRAC,"LATHAM FORD-F, LLC",2FMPK4G93PBA30148,3/30/2023,116,31671.32,2023,FORD,EDGE
7/24/2023,JQ,JQABBA,159418,2,FRAC,"LATHAM FORD-F, LLC",2FMPK4G95PBA30183,4/6/2023,109,32454.4,2023,FORD,EDGE
7/24/2023,JQ,JQABBA,159418,2,FRAC,"LATHAM FORD-F, LLC",2FMPK4G97PBA29102,4/21/2023,94,32454.4,2023,FORD,EDGE
7/24/2023,JQ,JQABBA,159418,2,NEW,"LATHAM FORD-F, LLC",1FA6P8R05P5502691,7/18/2023,6,57177.12,2023,FORD,MUSTANG
7/24/2023,JQ,JQABBA,159418,2,NEW,"LATHAM FORD-F, LLC",1FM5K8GC8PGA21061,4/28/2023,87,58757.92,2023,FORD,EXPLORER
7/24/2023,JQ,JQABBA,159418,2,NEW,"LATHAM FORD-F, LLC",1FM5K8GCXPGA29842,4/27/2023,88,59406.72,2023,FORD,EXPLORER
7/24/2023,JQ,JQABBA,159418,2,NEW,"LATHAM FORD-F, LLC",1FM5K8HC3PGA45962,5/16/2023,69,59189.72,2023,FORD,EXPLORER
7/24/2023,JQ,JQABBA,159418,2,NEW,"LATHAM FORD-F, LLC",1FM5K8HC5PGA38415,6/5/2023,49,59010.72,2023,FORD,EXPLORER
7/24/2023,JQ,JQABBA,159418,2,NEW,"LATHAM FORD-F, LLC",1FMCU9G60NUB64411,1/3/2023,202,35094.48,2022,FORD,ESCAPE
7/24/2023,JQ,JQABBA,159418,2,NEW,"LATHAM FORD-F, LLC",1FMCU9G61NUB52168,12/29/2022,207,35432.48,2022,FORD,ESCAPE
7/24/2023,JQ,JQABBA,159418,2,NEW,"LATHAM FORD-F, LLC",1FMCU9G64NUB64413,12/22/2022,214,35094.48,2022,FORD,ESCAPE
7/24/2023,JQ,JQABBA,159418,2,NEW,"LATHAM FORD-F, LLC",1FMCU9G65NUB66302,12/29/2022,207,32246.48,2022,FORD,ESCAPE
7/24/2023,JQ,JQABBA,159418,2,NEW,"LATHAM FORD-F, LLC",1FMCU9G66NUB43045,11/27/2022,239,32157.48,2022,FORD,ESCAPE
7/24/2023,JQ,JQABBA,159418,2,NEW,"LATHAM FORD-F, LLC",1FMCU9G68NUB67783,1/3/2023,202,32749.48,2022,FORD,ESCAPE
7/24/2023,JQ,JQABBA,159418,2,NEW,"LATHAM FORD-F, LLC",1FMCU9H6XNUB64463,2/11/2023,163,34562.84,2022,FORD,ESCAPE
7/24/2023,JQ,JQABBA,159418,2,NEW,"LATHAM FORD-F, LLC",1FMCU9H62NUB65736,12/22/2022,214,34451.48,2022,FORD,ESCAPE
7/24/2023,JQ,JQABBA,159418,2,NEW,"LATHAM FORD-F, LLC",1FMCU9H69NUB61098,12/22/2022,214,34578.48,2022,FORD,ESCAPE
7/24/2023,JQ,JQABBA,159418,2,NEW,"LATHAM FORD-F, LLC",1FMCU9H69NUB82517,2/11/2023,163,35332.84,2022,FORD,ESCAPE
7/24/2023,JQ,JQABBA,159418,2,NEW,"LATHAM FORD-F, LLC",1FMCU9J90NUB61267,2/5/2023,169,41609.48,2022,FORD,ESCAPE
7/24/2023,JQ,JQABBA,159418,2,NEW,"LATHAM FORD-F, LLC",1FMDE5BH4NLB89109,3/30/2023,116,41996.4,2022,FORD,BRONCO
7/24/2023,JQ,JQABBA,159418,2,NEW,"LATHAM FORD-F, LLC",1FMSK8DH0PGA53991,6/5/2023,49,46636.08,2023,FORD,EXPLORER
7/24/2023,JQ,JQABBA,159418,2,NEW,"LATHAM FORD-F, LLC",1FMSK8DH2PGA14819,7/18/2023,6,45513.08,2023,FORD,EXPLORER
7/24/2023,JQ,JQABBA,159418,2,NEW,"LATHAM FORD-F, LLC",1FMSK8JH4PGA11280,5/2/2023,83,51243.88,2023,FORD,EXPLORER
7/24/2023,JQ,JQABBA,159418,2,NEW,"LATHAM FORD-F, LLC",1FT7W2BT2PEC54421,6/16/2023,38,66989.86,2023,FORD,F-250
7/24/2023,JQ,JQABBA,159418,2,NEW,"LATHAM FORD-F, LLC",1FTBF2BN0NEF95146,6/16/2023,38,49931.68,2022,FORD,F-250
7/24/2023,JQ,JQABBA,159418,2,NEW,"LATHAM FORD-F, LLC",1FTER4FH4PLE10776,5/16/2023,69,46635.4,2023,FORD,RANGER
7/24/2023,JQ,JQABBA,159418,2,NEW,"LATHAM FORD-F, LLC",1FTEW1E86PFA51308,4/4/2023,111,69375.72,2023,FORD,F-150
7/24/2023,JQ,JQABBA,159418,2,NEW,"LATHAM FORD-F, LLC",1FTEW1E87PFA99450,5/25/2023,60,68584.52,2023,FORD,F-150
7/24/2023,JQ,JQABBA,159418,2,NEW,"LATHAM FORD-F, LLC",1FTEW1E88PFA50919,4/27/2023,88,68651.72,2023,FORD,F-150
7/24/2023,JQ,JQABBA,159418,2,NEW,"LATHAM FORD-F, LLC",1FTEW1EP3PFB10337,5/25/2023,60,54411.32,2023,FORD,F-150
7/24/2023,JQ,JQABBA,159418,2,NEW,"LATHAM FORD-F, LLC",1FTEW1EP3PKD87612,6/20/2023,34,59937.32,2023,FORD,F-150
7/24/2023,JQ,JQABBA,159418,2,NEW,"LATHAM FORD-F, LLC",1FTEW1EP3PKE22617,7/12/2023,12,49155.32,2023,FORD,F-150
7/24/2023,JQ,JQABBA,159418,2,NEW,"LATHAM FORD-F, LLC",1FTEW1EP7PKE21034,7/10/2023,14,55908.32,2023,FORD,F-150
7/24/2023,JQ,JQABBA,159418,2,NEW,"LATHAM FORD-F, LLC",1FTEW1EP9PKE20855,7/5/2023,19,54701.32,2023,FORD,F-150
7/24/2023,JQ,JQABBA,159418,2,NEW,"LATHAM FORD-F, LLC",1FTEX1EP3PKD98994,4/27/2023,88,54027.36,2023,FORD,F-150
7/24/2023,JQ,JQABBA,159418,2,NEW,"LATHAM FORD-F, LLC",1FTFW1E5XNFA20649,8/4/2022,354,61518.76,2022,FORD,F-150
7/24/2023,JQ,JQABBA,159418,2,NEW,"LATHAM FORD-F, LLC",1FTFW1E8XPFA56435,4/23/2023,92,69911.72,2023,FORD,F-150
7/24/2023,JQ,JQABBA,159418,2,NEW,"LATHAM FORD-F, LLC",1FTFW1E50PFB34551,6/22/2023,32,57791.52,2023,FORD,F-150
7/24/2023,JQ,JQABBA,159418,2,NEW,"LATHAM FORD-F, LLC",1FTFW1E51PFB60026,7/18/2023,6,62184.52,2023,FORD,F-150
7/24/2023,JQ,JQABBA,159418,2,NEW,"LATHAM FORD-F, LLC",1FTFW1E52PFA51848,4/26/2023,89,50070.52,2023,FORD,F-150
7/24/2023,JQ,JQABBA,159418,2,NEW,"LATHAM FORD-F, LLC",1FTFW1E53PKE06436,7/5/2023,19,58998.52,2023,FORD,F-150
7/24/2023,JQ,JQABBA,159418,2,NEW,"LATHAM FORD-F, LLC",1FTFW1E54PFB51871,7/5/2023,19,59152.52,2023,FORD,F-150
7/24/2023,JQ,JQABBA,159418,2,NEW,"LATHAM FORD-F, LLC",1FTFW1E59PKD39163,5/22/2023,63,51926.32,2023,FORD,F-150
7/24/2023,JQ,JQABBA,159418,2,NEW,"LATHAM FORD-F, LLC",1FTFW1E80PFA45279,5/1/2023,84,69388.72,2023,FORD,F-150
7/24/2023,JQ,JQABBA,159418,2,NEW,"LATHAM FORD-F, LLC",1FTFW1E81PFA21251,4/15/2023,100,74075.72,2023,FORD,F-150
7/24/2023,JQ,JQABBA,159418,2,NEW,"LATHAM FORD-F, LLC",1FTFW1E81PFA43105,4/27/2023,88,74194.72,2023,FORD,F-150
7/24/2023,JQ,JQABBA,159418,2,NEW,"LATHAM FORD-F, LLC",1FTFW1E81PFA72507,4/26/2023,89,73444.52,2023,FORD,F-150
7/24/2023,JQ,JQABBA,159418,2,NEW,"LATHAM FORD-F, LLC",1FTFW1E83PFA86716,4/25/2023,90,57557.57,2023,FORD,F-150
7/24/2023,JQ,JQABBA,159418,2,NEW,"LATHAM FORD-F, LLC",1FTFW1E84PFA21454,4/3/2023,112,75573.72,2023,FORD,F-150
7/24/2023,JQ,JQABBA,159418,2,NEW,"LATHAM FORD-F, LLC",1FTFW1E84PFA55569,4/27/2023,88,69911.72,2023,FORD,F-150
7/24/2023,JQ,JQABBA,159418,2,NEW,"LATHAM FORD-F, LLC",1FTFW1E84PFA57872,4/18/2023,97,75627.72,2023,FORD,F-150
7/24/2023,JQ,JQABBA,159418,2,NEW,"LATHAM FORD-F, LLC",1FTFW1E85PFA43270,4/25/2023,90,69811.72,2023,FORD,F-150
7/24/2023,JQ,JQABBA,159418,2,NEW,"LATHAM FORD-F, LLC",1FTFW1E85PKD48047,6/20/2023,34,57932.32,2023,FORD,F-150
7/24/2023,JQ,JQABBA,159418,2,NEW,"LATHAM FORD-F, LLC",1FTFW1E87PFA43061,4/26/2023,89,73351.72,2023,FORD,F-150
7/24/2023,JQ,JQABBA,159418,2,NEW,"LATHAM FORD-F, LLC",1FTFW1E88PKE00898,6/20/2023,34,59516.52,2023,FORD,F-150
7/24/2023,JQ,JQABBA,159418,2,NEW,"LATHAM FORD-F, LLC",1FTFW1E89PFA45376,4/18/2023,97,69388.72,2023,FORD,F-150
7/24/2023,JQ,JQABBA,159418,2,NEW,"LATHAM FORD-F, LLC",1FTFW1E89PFA46074,4/26/2023,89,69388.72,2023,FORD,F-150
7/24/2023,JQ,JQABBA,159418,2,NEW,"LATHAM FORD-F, LLC",1FTFW1ED5PFB33712,6/7/2023,47,70857.92,2023,FORD,F-150
7/24/2023,JQ,JQABBA,159418,2,NEW,"LATHAM FORD-F, LLC",2FMPK4G92PBA40184,7/18/2023,6,40349.08,2023,FORD,EDGE
7/24/2023,JQ,JQABBA,159418,2,NEW,"LATHAM FORD-F, LLC",2FMPK4G94PBA06229,4/17/2023,98,39135.88,2023,FORD,EDGE
7/24/2023,JQ,JQABBA,159418,2,NEW,"LATHAM FORD-F, LLC",2FMPK4G95PBA12704,5/7/2023,78,39597.08,2023,FORD,EDGE
7/24/2023,JQ,JQABBA,159418,2,NEW,"LATHAM FORD-F, LLC",2FMPK4G96PBA06975,4/27/2023,88,38624.08,2023,FORD,EDGE
7/24/2023,JQ,JQABBA,159418,2,NEW,"LATHAM FORD-F, LLC",2FMPK4G99PBA07246,3/26/2023,120,38707.88,2023,FORD,EDGE
7/24/2023,JQ,JQABBA,159418,2,NEW,"LATHAM FORD-F, LLC",2FMPK4J9XPBA03960,5/25/2023,60,42944.08,2023,FORD,EDGE
7/24/2023,JQ,JQABBA,159418,2,NEW,"LATHAM FORD-F, LLC",2FMPK4J90NBB13820,2/22/2023,152,43398.88,2022,FORD,EDGE
7/24/2023,JQ,JQABBA,159418,2,NEW,"LATHAM FORD-F, LLC",2FMPK4J93PBA11088,4/19/2023,96,45377.88,2023,FORD,EDGE
7/24/2023,JQ,JQABBA,159418,2,NEW,"LATHAM FORD-F, LLC",2FMPK4J94PBA05901,7/5/2023,19,42662.08,2023,FORD,EDGE
7/24/2023,JQ,JQABBA,159418,2,NEW,"LATHAM FORD-F, LLC",2FMPK4J94PBA13223,6/11/2023,43,43785.08,2023,FORD,EDGE
7/24/2023,JQ,JQABBA,159418,2,NEW,"LATHAM FORD-F, LLC",2FMPK4J96PBA12736,6/20/2023,34,41116.08,2023,FORD,EDGE
7/24/2023,JQ,JQABBA,159418,2,NEW,"LATHAM FORD-F, LLC",2FMPK4J98PBA13211,6/19/2023,35,42615.08,2023,FORD,EDGE
7/24/2023,JQ,JQABBA,159418,2,NEW,"LATHAM FORD-F, LLC",2FMPK4J98PBA40912,7/18/2023,6,44403.69,2023,FORD,EDGE
7/24/2023,JQ,JQABBA,159418,2,NEW,"LATHAM FORD-F, LLC",2FMPK4K97NBB13389,2/22/2023,152,45983.88,2022,FORD,EDGE
7/24/2023,JQ,JQABBA,159418,2,NEW,"LATHAM FORD-F, LLC",3FMCR9C60PRD14101,4/30/2023,85,38871.84,2023,FORD,BRONCO SPORT
7/24/2023,JQ,JQABBA,159418,2,NEW,"LATHAM FORD-F, LLC",3FMCR9C63PRD41146,7/19/2023,5,37360.44,2023,FORD,BRONCO SPORT
7/24/2023,JQ,JQABBA,159418,2,NEW,"LATHAM FORD-F, LLC",3FMCR9C63PRD54785,6/5/2023,49,38374.44,2023,FORD,BRONCO SPORT
7/24/2023,JQ,JQABBA,159418,2,NEW,"LATHAM FORD-F, LLC",3FMCR9D9XPRD25955,6/19/2023,35,37864.44,2023,FORD,BRONCO SPORT
7/24/2023,JQ,JQABBA,159418,2,NEW,"LATHAM FORD-F, LLC",3FMCR9H99PRD19137,5/16/2023,69,45082.44,2023,FORD,BRONCO SPORT
7/24/2023,JQ,JQABBA,159418,2,PANW,"LATHAM FORD-F, LLC",1FMCU0E11PUA04768,5/31/2023,54,46838.12,2023,FORD,ESCAPE
7/24/2023,JQ,JQABBA,159418,2,PANW,"LATHAM FORD-F, LLC",1FMCU0E16PUA28774,6/22/2023,32,40630.37,2023,FORD,ESCAPE
7/24/2023,JQ,JQABBA,159418,2,PANW,"LATHAM FORD-F, LLC",1FMCU9GN2PUA37783,5/19/2023,66,32204.67,2023,FORD,ESCAPE
7/24/2023,JQ,JQABBA,159418,2,PANW,"LATHAM FORD-F, LLC",1FMCU9JA4PUA74162,7/20/2023,4,42140.67,2023,FORD,ESCAPE
7/24/2023,JQ,JQABBA,159418,2,PANW,"LATHAM FORD-F, LLC",1FMCU9MN4PUA37580,6/14/2023,40,34888.67,2023,FORD,ESCAPE
7/24/2023,JQ,JQABBA,159418,2,PANW,"LATHAM FORD-F, LLC",1FMCU9MN4PUA39345,6/10/2023,44,34888.67,2023,FORD,ESCAPE
7/24/2023,JQ,JQABBA,159418,2,PANW,"LATHAM FORD-F, LLC",1FMCU9MN4PUA61877,7/11/2023,13,34817.67,2023,FORD,ESCAPE
7/24/2023,JQ,JQABBA,159418,2,PANW,"LATHAM FORD-F, LLC",1FMCU9MN5PUA75898,7/22/2023,2,33389.67,2023,FORD,ESCAPE
7/24/2023,JQ,JQABBA,159418,2,PANW,"LATHAM FORD-F, LLC",1FMCU9MN7PUA36309,6/3/2023,51,34888.67,2023,FORD,ESCAPE
7/24/2023,JQ,JQABBA,159418,2,PANW,"LATHAM FORD-F, LLC",1FMCU9NA5PUA55999,6/16/2023,38,39967.67,2023,FORD,ESCAPE
7/24/2023,JQ,JQABBA,159418,2,PANW,"LATHAM FORD-F, LLC",1FMCU9NAXPUA56422,6/16/2023,38,39032.67,2023,FORD,ESCAPE
7/24/2023,JQ,JQABBA,159418,2,PANW,"LATHAM FORD-F, LLC",1FMCU9PA1PUA56063,6/22/2023,32,41596.67,2023,FORD,ESCAPE
7/24/2023,JQ,JQABBA,159418,2,PANW,"LATHAM FORD-F, LLC",1FMCU9PA3PUA63886,7/5/2023,19,43278.67,2023,FORD,ESCAPE
7/24/2023,JQ,JQABBA,159418,2,PANW,"LATHAM FORD-F, LLC",1FMCU9PA8PUA03294,5/24/2023,61,40773.67,2023,FORD,ESCAPE
7/24/2023,JQ,JQABBA,159418,2,PANW,"LATHAM FORD-F, LLC",1FMEE5BPXPLB62558,7/19/2023,5,52362.2,2023,FORD,BRONCO
7/24/2023,JQ,JQABBA,159418,2,PANW,"LATHAM FORD-F, LLC",1FMEE5DH4PLB62559,7/19/2023,5,53195.2,2023,FORD,BRONCO
7/24/2023,JQ,JQABBA,159418,2,PANW,"LATHAM FORD-F, LLC",1FMEE5DP4PLB61189,7/20/2023,4,53583.2,2023,FORD,BRONCO
7/24/2023,JQ,JQABBA,159418,2,PANW,"LATHAM FORD-F, LLC",1FMEE5DP6PLB60139,7/15/2023,9,58619.2,2023,FORD,BRONCO
7/24/2023,JQ,JQABBA,159418,2,PANW,"LATHAM FORD-F, LLC",1FMEE5DP8PLB53824,7/15/2023,9,57400.2,2023,FORD,BRONCO
7/24/2023,JQ,JQABBA,159418,2,PANW,"LATHAM FORD-F, LLC",1FMJK1P80PEA41561,7/11/2023,13,87820.3,2023,FORD,EXPEDITION
7/24/2023,JQ,JQABBA,159418,2,PANW,"LATHAM FORD-F, LLC",1FMJU1J80PEA57214,7/12/2023,12,69054.75,2023,FORD,EXPEDITION
7/24/2023,JQ,JQABBA,159418,2,PANW,"LATHAM FORD-F, LLC",1FMSK8DH0PGB23408,7/5/2023,19,40177.69,2023,FORD,EXPLORER
7/24/2023,JQ,JQABBA,159418,2,PANW,"LATHAM FORD-F, LLC",1FMSK8DH2PGA99242,6/16/2023,38,43848.69,2023,FORD,EXPLORER
7/24/2023,JQ,JQABBA,159418,2,PANW,"LATHAM FORD-F, LLC",1FMSK8DH5PGB32234,7/22/2023,2,48232.69,2023,FORD,EXPLORER
7/24/2023,JQ,JQABBA,159418,2,PANW,"LATHAM FORD-F, LLC",1FMSK8DH6PGB00344,6/16/2023,38,43693.69,2023,FORD,EXPLORER
7/24/2023,JQ,JQABBA,159418,2,PANW,"LATHAM FORD-F, LLC",1FMSK8DH8PGB16478,6/16/2023,38,40365.69,2023,FORD,EXPLORER
7/24/2023,JQ,JQABBA,159418,2,PANW,"LATHAM FORD-F, LLC",1FMSK8DHXPGB32715,7/22/2023,2,48049.69,2023,FORD,EXPLORER
7/24/2023,JQ,JQABBA,159418,2,PANW,"LATHAM FORD-F, LLC",1FMSK8FH5NGC18525,5/17/2023,68,53903.88,2022,FORD,EXPLORER
7/24/2023,JQ,JQABBA,159418,2,PANW,"LATHAM FORD-F, LLC",1FT8W2BT4PEC95699,6/23/2023,31,81440.3,2023,FORD,F-250
7/24/2023,JQ,JQABBA,159418,2,PANW,"LATHAM FORD-F, LLC",1FT8X3BA9PEC79919,7/14/2023,10,51983.34,2023,FORD,F-350
7/24/2023,JQ,JQABBA,159418,2,PANW,"LATHAM FORD-F, LLC",1FTEW1EP0PKE46924,6/3/2023,51,54598.26,2023,FORD,F-150
7/24/2023,JQ,JQABBA,159418,2,PANW,"LATHAM FORD-F, LLC",1FTEW1EP1PKE34765,5/24/2023,61,55071.26,2023,FORD,F-150
7/24/2023,JQ,JQABBA,159418,2,PANW,"LATHAM FORD-F, LLC",1FTEW1EP7PFC17682,7/15/2023,9,54752.26,2023,FORD,F-150
7/24/2023,JQ,JQABBA,159418,2,PANW,"LATHAM FORD-F, LLC",1FTEW1EP8PKE34973,5/24/2023,61,56113.26,2023,FORD,F-150
7/24/2023,JQ,JQABBA,159418,2,PANW,"LATHAM FORD-F, LLC",1FTEX1EP5PKD79444,5/12/2023,73,47855.36,2023,FORD,F-150
7/24/2023,JQ,JQABBA,159418,2,PANW,"LATHAM FORD-F, LLC",1FTEX1EP6PKE34161,5/18/2023,67,46607.73,2023,FORD,F-150
7/24/2023,JQ,JQABBA,159418,2,PANW,"LATHAM FORD-F, LLC",1FTEX1EP7PKE47047,6/13/2023,41,53222.73,2023,FORD,F-150
7/24/2023,JQ,JQABBA,159418,2,PANW,"LATHAM FORD-F, LLC",1FTFW1E54PKE37680,6/7/2023,47,57023.26,2023,FORD,F-150
7/24/2023,JQ,JQABBA,159418,2,PANW,"LATHAM FORD-F, LLC",1FTFW1E59PKE37660,5/24/2023,61,57023.26,2023,FORD,F-150
7/24/2023,JQ,JQABBA,159418,2,PANW,"LATHAM FORD-F, LLC",1FTFW1E85PKE22325,5/18/2023,67,57341.26,2023,FORD,F-150
7/24/2023,JQ,JQABBA,159418,2,PANW,"LATHAM FORD-F, LLC",1FTFW1ED6PFB99864,6/26/2023,28,63198.81,2023,FORD,F-150
7/24/2023,JQ,JQABBA,159418,2,PANW,"LATHAM FORD-F, LLC",2FMPK4AP2PBA47871,7/5/2023,19,46799.69,2023,FORD,EDGE
7/24/2023,JQ,JQABBA,159418,2,PANW,"LATHAM FORD-F, LLC",2FMPK4AP3PBA40220,5/13/2023,72,46796.08,2023,FORD,EDGE
7/24/2023,JQ,JQABBA,159418,2,PANW,"LATHAM FORD-F, LLC",2FMPK4AP5PBA47850,6/16/2023,38,47734.69,2023,FORD,EDGE
7/24/2023,JQ,JQABBA,159418,2,PANW,"LATHAM FORD-F, LLC",2FMPK4J9XPBA49563,6/22/2023,32,41004.69,2023,FORD,EDGE
7/24/2023,JQ,JQABBA,159418,2,PANW,"LATHAM FORD-F, LLC",2FMPK4J97PBA50766,6/22/2023,32,41004.69,2023,FORD,EDGE
7/24/2023,JQ,JQABBA,159418,2,PANW,"LATHAM FORD-F, LLC",2FMPK4J98PBA50548,6/16/2023,38,42968.69,2023,FORD,EDGE
7/24/2023,JQ,JQABBA,159418,2,PANW,"LATHAM FORD-F, LLC",2FMPK4J99PBA39896,5/24/2023,61,43821.69,2023,FORD,EDGE
7/24/2023,JQ,JQABBA,159418,2,PANW,"LATHAM FORD-F, LLC",2FMPK4K99PBA53585,6/22/2023,32,45513.69,2023,FORD,EDGE
7/24/2023,JQ,JQABBA,159418,2,PANW,"LATHAM FORD-F, LLC",3FMCR9B6XPRD67504,6/10/2023,44,35568.67,2023,FORD,BRONCO SPORT
7/24/2023,JQ,JQABBA,159418,2,PANW,"LATHAM FORD-F, LLC",3FMCR9B6XPRD68068,7/5/2023,19,34328.67,2023,FORD,BRONCO SPORT
7/24/2023,JQ,JQABBA,159418,2,PANW,"LATHAM FORD-F, LLC",3FMCR9B6XPRD70189,6/17/2023,37,35568.67,2023,FORD,BRONCO SPORT
7/24/2023,JQ,JQABBA,159418,2,PANW,"LATHAM FORD-F, LLC",3FMCR9B61PRD64779,5/25/2023,60,33863.67,2023,FORD,BRONCO SPORT
7/24/2023,JQ,JQABBA,159418,2,PANW,"LATHAM FORD-F, LLC",3FMCR9B62PRD71918,6/14/2023,40,35568.67,2023,FORD,BRONCO SPORT
7/24/2023,JQ,JQABBA,159418,2,PANW,"LATHAM FORD-F, LLC",3FMCR9B63PRD60412,7/24/2023,0,34328.67,2023,FORD,BRONCO SPORT
7/24/2023,JQ,JQABBA,159418,2,PANW,"LATHAM FORD-F, LLC",3FMCR9B64PRD60483,6/17/2023,37,35568.67,2023,FORD,BRONCO SPORT
7/24/2023,JQ,JQABBA,159418,2,PANW,"LATHAM FORD-F, LLC",3FMCR9B64PRD70088,6/3/2023,51,36033.67,2023,FORD,BRONCO SPORT
7/24/2023,JQ,JQABBA,159418,2,PANW,"LATHAM FORD-F, LLC",3FMCR9B66PRD68259,6/10/2023,44,33863.67,2023,FORD,BRONCO SPORT
7/24/2023,JQ,JQABBA,159418,2,PANW,"LATHAM FORD-F, LLC",3FMCR9B66PRD71632,5/30/2023,55,35568.67,2023,FORD,BRONCO SPORT
7/24/2023,JQ,JQABBA,159418,2,PANW,"LATHAM FORD-F, LLC",3FMCR9B67PRD62907,6/17/2023,37,33863.67,2023,FORD,BRONCO SPORT
7/24/2023,JQ,JQABBA,159418,2,PANW,"LATHAM FORD-F, LLC",3FMCR9B67PRD68853,6/3/2023,51,33863.67,2023,FORD,BRONCO SPORT
7/24/2023,JQ,JQABBA,159418,2,PANW,"LATHAM FORD-F, LLC",3FMCR9B68PRD63841,6/14/2023,40,33863.67,2023,FORD,BRONCO SPORT
7/24/2023,JQ,JQABBA,159418,2,PANW,"LATHAM FORD-F, LLC",3FMCR9B68PRD72376,5/24/2023,61,36033.67,2023,FORD,BRONCO SPORT
7/24/2023,JQ,JQABBA,159418,2,PANW,"LATHAM FORD-F, LLC",3FMCR9B69PRD62469,6/20/2023,34,35718.67,2023,FORD,BRONCO SPORT
7/24/2023,JQ,JQABBA,159418,2,PANW,"LATHAM FORD-F, LLC",3FMCR9B69PRD63735,6/20/2023,34,35568.67,2023,FORD,BRONCO SPORT
7/24/2023,JQ,JQABBA,159418,2,PANW,"LATHAM FORD-F, LLC",3FMCR9B69PRD67848,6/17/2023,37,35568.67,2023,FORD,BRONCO SPORT
7/24/2023,JQ,JQABBA,159418,2,PANW,"LATHAM FORD-F, LLC",3FMCR9C6XPRD73768,6/3/2023,51,38556.67,2023,FORD,BRONCO SPORT
7/24/2023,JQ,JQABBA,159418,2,PANW,"LATHAM FORD-F, LLC",3FMCR9C62PRD63459,6/17/2023,37,39021.67,2023,FORD,BRONCO SPORT
7/24/2023,JQ,JQABBA,159418,2,PANW,"LATHAM FORD-F, LLC",3FMCR9C63PRD73319,6/17/2023,37,38556.67,2023,FORD,BRONCO SPORT
7/24/2023,JQ,JQABBA,159418,2,PANW,"LATHAM FORD-F, LLC",3FMCR9C65PRD71894,6/14/2023,40,39580.67,2023,FORD,BRONCO SPORT
7/24/2023,JQ,JQABBA,159418,2,PANW,"LATHAM FORD-F, LLC",3FMCR9D91PRD74123,6/17/2023,37,43536.67,2023,FORD,BRONCO SPORT
7/24/2023,JQ,JQABBA,159418,2,PANW,"LATHAM FORD-F, LLC",3FMCR9D91PRD74381,6/16/2023,38,43536.67,2023,FORD,BRONCO SPORT
7/24/2023,JQ,JQABBA,159418,2,PANW,"LATHAM FORD-F, LLC",3FMCR9D91PRD74588,6/29/2023,25,44194.67,2023,FORD,BRONCO SPORT
7/24/2023,JQ,JQABBA,159418,2,PANW,"LATHAM FORD-F, LLC",3FMCR9D92PRD74583,6/17/2023,37,43536.67,2023,FORD,BRONCO SPORT
7/24/2023,JQ,JQABBA,159418,2,PANW,"LATHAM FORD-F, LLC",3FMCR9D94PRD73967,6/20/2023,34,44207.67,2023,FORD,BRONCO SPORT
7/24/2023,JQ,JQABBA,159418,2,PANW,"LATHAM FORD-F, LLC",3FMCR9D95PRD75033,7/24/2023,0,43760.67,2023,FORD,BRONCO SPORT
7/24/2023,JQ,JQABBA,159418,2,PANW,"LATHAM FORD-F, LLC",3FMCR9D96PRD74456,6/17/2023,37,43536.67,2023,FORD,BRONCO SPORT
7/24/2023,JQ,JQABBA,159418,2,PANW,"LATHAM FORD-F, LLC",3FMCR9G6XPRD70699,6/3/2023,51,35470.67,2023,FORD,BRONCO SPORT
7/24/2023,JQ,JQABBA,159418,2,PANW,"LATHAM FORD-F, LLC",3FMCR9G63PRD63965,6/14/2023,40,35470.67,2023,FORD,BRONCO SPORT
7/24/2023,JQ,JQABBA,159418,2,PANW,"LATHAM FORD-F, LLC",3FMCR9G65PRD67595,6/10/2023,44,36405.67,2023,FORD,BRONCO SPORT
7/24/2023,JQ,JQABBA,159418,2,PANW,"LATHAM FORD-F, LLC",3FMCR9G67PRD71776,6/3/2023,51,36405.67,2023,FORD,BRONCO SPORT
7/24/2023,JQ,JQABBA,159418,2,PANW,"LATHAM FORD-F, LLC",3FMTK3SSXPMA27703,6/3/2023,51,55805,2023,FORD,MUSTANG MACH-E
7/24/2023,JQ,JQABBA,159418,2,PANW,"LATHAM FORD-F, LLC",3FMTK3SU3PMA56221,7/19/2023,5,63845,2023,FORD,MUSTANG MACH-E
7/24/2023,JQ,JQABBA,159418,2,PANW,"LATHAM FORD-F, LLC",3FMTK4SE4PMA37725,7/17/2023,7,66045,2023,FORD,MUSTANG MACH-E
7/24/2023,JQ,JQABBA,159418,2,PANW,"LATHAM FORD-F, LLC",3FTTW8E3XPRA57930,7/22/2023,2,29309.65,2023,FORD,MAVERICK
7/24/2023,JQ,JQABBA,159418,2,PANW,"LATHAM FORD-F, LLC",3FTTW8E36PRA57486,7/20/2023,4,28374.65,2023,FORD,MAVERICK
7/24/2023,JQ,JQABBA,159418,2,PANW,"LATHAM FORD-F, LLC",3FTTW8E36PRA60517,7/20/2023,4,28797.65,2023,FORD,MAVERICK
7/24/2023,JQ,JQABBA,159418,2,PANW,"LATHAM FORD-F, LLC",3FTTW8F95PRA48653,7/5/2023,19,28797.18,2023,FORD,MAVERICK
7/24/2023,AE,AEABRH,160221,1,FSLP,"FERNDALE-F, LLC",1FMCU9GN7PUA51811,7/20/2023,4,33886.67,2023,FORD,ESCAPE
7/24/2023,AE,AEABRH,160221,1,FSLP,"FERNDALE-F, LLC",1FMCU9GN8PUA46102,7/20/2023,4,33886.67,2023,FORD,ESCAPE
7/24/2023,AE,AEABRH,160221,1,FSLP,"FERNDALE-F, LLC",1FMCU9JA1PUA50319,6/20/2023,34,40354.67,2023,FORD,ESCAPE
7/24/2023,AE,AEABRH,160221,1,FSLP,"FERNDALE-F, LLC",1FMCU9JA9PUA69300,7/20/2023,4,40890.67,2023,FORD,ESCAPE
7/24/2023,AE,AEABRH,160221,1,FSLP,"FERNDALE-F, LLC",1FMCU9MN9PUA51457,7/20/2023,4,34502.67,2023,FORD,ESCAPE
7/24/2023,AE,AEABRH,160221,1,FSLP,"FERNDALE-F, LLC",1FMCU9MN9PUA70364,7/20/2023,4,34574.86,2023,FORD,ESCAPE
7/24/2023,AE,AEABRH,160221,1,FSLP,"FERNDALE-F, LLC",1FMCU9NA3PUA71053,7/20/2023,4,38717.67,2023,FORD,ESCAPE
7/24/2023,AE,AEABRH,160221,1,FSLP,"FERNDALE-F, LLC",1FMCU9NA4PUA71661,7/20/2023,4,39182.67,2023,FORD,ESCAPE
7/24/2023,AE,AEABRH,160221,1,FSLP,"FERNDALE-F, LLC",1FMCU9NA5PUA10707,6/20/2023,34,37218.67,2023,FORD,ESCAPE
7/24/2023,AE,AEABRH,160221,1,FSLP,"FERNDALE-F, LLC",1FMCU9NA7PUA69211,7/20/2023,4,38252.67,2023,FORD,ESCAPE
7/24/2023,AE,AEABRH,160221,1,FSLP,"FERNDALE-F, LLC",1FMCU9PA1PUA10751,5/31/2023,54,39881.67,2023,FORD,ESCAPE
7/24/2023,AE,AEABRH,160221,1,FSLP,"FERNDALE-F, LLC",1FMCU9PA3PUA12422,6/26/2023,28,39881.67,2023,FORD,ESCAPE
7/24/2023,AE,AEABRH,160221,1,FSLP,"FERNDALE-F, LLC",1FMCU9PA5PUA10851,6/20/2023,34,40816.67,2023,FORD,ESCAPE
7/24/2023,AE,AEABRH,160221,1,FSLP,"FERNDALE-F, LLC",1FMJK2A8XPEA44885,7/17/2023,7,80418.3,2023,FORD,EXPEDITION
7/24/2023,AE,AEABRH,160221,1,FSLP,"FERNDALE-F, LLC",1FMJK2A81PEA48923,7/20/2023,4,81198.3,2023,FORD,EXPEDITION
7/24/2023,AE,AEABRH,160221,1,FSLP,"FERNDALE-F, LLC",1FMSK8DH2PGA73143,7/20/2023,4,45513.08,2023,FORD,EXPLORER
7/24/2023,AE,AEABRH,160221,1,FSLP,"FERNDALE-F, LLC",1FMSK8DH4PGA42198,7/17/2023,7,40797.69,2023,FORD,EXPLORER
7/24/2023,AE,AEABRH,160221,1,FSLP,"FERNDALE-F, LLC",1FMSK8DH6PGA85750,6/19/2023,35,40921.08,2023,FORD,EXPLORER
7/24/2023,AE,AEABRH,160221,1,FSLP,"FERNDALE-F, LLC",1FMSK8DH7PGB09411,7/17/2023,7,46409.69,2023,FORD,EXPLORER
7/24/2023,AE,AEABRH,160221,1,FSLP,"FERNDALE-F, LLC",1FMSK8DH8PGA92957,7/17/2023,7,44625.08,2023,FORD,EXPLORER
7/24/2023,AE,AEABRH,160221,1,FSLP,"FERNDALE-F, LLC",1FMSK8DH8PGB33992,7/20/2023,4,48749.69,2023,FORD,EXPLORER
7/24/2023,AE,AEABRH,160221,1,FSLP,"FERNDALE-F, LLC",1FMSK8DHXPGA47860,5/25/2023,60,44399.08,2023,FORD,EXPLORER
7/24/2023,AE,AEABRH,160221,1,FSLP,"FERNDALE-F, LLC",1FMSK8DHXPGA82818,5/25/2023,60,48091.69,2023,FORD,EXPLORER
7/24/2023,AE,AEABRH,160221,1,FSLP,"FERNDALE-F, LLC",1FMSK8DHXPGA96654,7/17/2023,7,43655.69,2023,FORD,EXPLORER
7/24/2023,AE,AEABRH,160221,1,FSLP,"FERNDALE-F, LLC",1FTEW1EP7PFC19691,7/17/2023,7,56837.26,2023,FORD,F-150
7/24/2023,AE,AEABRH,160221,1,FSLP,"FERNDALE-F, LLC",1FTEX1EP1PKE34990,6/20/2023,34,46987.73,2023,FORD,F-150
7/24/2023,AE,AEABRH,160221,1,FSLP,"FERNDALE-F, LLC",1FTEX1EP1PKE50039,6/20/2023,34,47191.73,2023,FORD,F-150
7/24/2023,AE,AEABRH,160221,1,FSLP,"FERNDALE-F, LLC",1FTEX1EP8PKE63631,6/26/2023,28,49390.36,2023,FORD,F-150
7/24/2023,AE,AEABRH,160221,1,FSLP,"FERNDALE-F, LLC",1FTEX1EP9PKE36390,7/20/2023,4,47165.73,2023,FORD,F-150
7/24/2023,AE,AEABRH,160221,1,FSLP,"FERNDALE-F, LLC",1FTFW1E8XPFA69332,6/26/2023,28,58813.72,2023,FORD,F-150
7/24/2023,AE,AEABRH,160221,1,FSLP,"FERNDALE-F, LLC",1FTFW1E8XPFA71288,6/20/2023,34,56363.32,2023,FORD,F-150
7/24/2023,AE,AEABRH,160221,1,FSLP,"FERNDALE-F, LLC",1FTFW1E82PKE59543,6/26/2023,28,60560.26,2023,FORD,F-150
7/24/2023,AE,AEABRH,160221,1,FSLP,"FERNDALE-F, LLC",1FTFW1E83PKE59499,6/20/2023,34,59899.26,2023,FORD,F-150
7/24/2023,AE,AEABRH,160221,1,FSLP,"FERNDALE-F, LLC",1FTFW1E85PFA69867,6/26/2023,28,57385.32,2023,FORD,F-150
7/24/2023,AE,AEABRH,160221,1,FSLP,"FERNDALE-F, LLC",1FTFW1E86PFA68680,6/20/2023,34,58140.72,2023,FORD,F-150
7/24/2023,AE,AEABRH,160221,1,FSLP,"FERNDALE-F, LLC",1FTFW1ED3PFB31733,7/17/2023,7,68625.92,2023,FORD,F-150
7/24/2023,AE,AEABRH,160221,1,FSLP,"FERNDALE-F, LLC",1FTFW1ED7PFB63763,6/15/2023,39,60008.81,2023,FORD,F-150
7/24/2023,AE,AEABRH,160221,1,FSLP,"FERNDALE-F, LLC",1FTFW1ED8PFB30951,7/20/2023,4,68816.92,2023,FORD,F-150
7/24/2023,AE,AEABRH,160221,1,FSLP,"FERNDALE-F, LLC",1FTFW1EDXPFA31791,6/15/2023,39,65288.12,2023,FORD,F-150
7/24/2023,AE,AEABRH,160221,1,FSLP,"FERNDALE-F, LLC",2FMPK4AP3PBA53825,6/26/2023,28,46944.69,2023,FORD,EDGE
7/24/2023,AE,AEABRH,160221,1,FSLP,"FERNDALE-F, LLC",2FMPK4APXPBA54387,6/26/2023,28,46543.69,2023,FORD,EDGE
7/24/2023,AE,AEABRH,160221,1,FSLP,"FERNDALE-F, LLC",2FMPK4J91PBA43912,6/26/2023,28,42810.69,2023,FORD,EDGE
7/24/2023,AE,AEABRH,160221,1,FSLP,"FERNDALE-F, LLC",2FMPK4J92PBA49542,7/17/2023,7,39650.69,2023,FORD,EDGE
7/24/2023,AE,AEABRH,160221,1,FSLP,"FERNDALE-F, LLC",2FMPK4J94PBA49994,7/20/2023,4,42221.69,2023,FORD,EDGE
7/24/2023,AE,AEABRH,160221,1,FSLP,"FERNDALE-F, LLC",2FMPK4J96PBA43548,5/31/2023,54,44869.69,2023,FORD,EDGE
7/24/2023,AE,AEABRH,160221,1,FSLP,"FERNDALE-F, LLC",2FMPK4J96PBA52928,7/20/2023,4,43588.69,2023,FORD,EDGE
7/24/2023,AE,AEABRH,160221,1,FSLP,"FERNDALE-F, LLC",2FMPK4J99PBA42622,7/20/2023,4,41555.69,2023,FORD,EDGE
7/24/2023,AE,AEABRH,160221,1,FSLP,"FERNDALE-F, LLC",2FMPK4K96PBA54466,7/20/2023,4,46366.69,2023,FORD,EDGE
7/24/2023,AE,AEABRH,160221,1,FSLP,"FERNDALE-F, LLC",3FMCR9B60PRD38089,5/31/2023,54,34046.67,2023,FORD,BRONCO SPORT
7/24/2023,AE,AEABRH,160221,1,FSLP,"FERNDALE-F, LLC",3FMCR9B69PRD43730,5/31/2023,54,36505.44,2023,FORD,BRONCO SPORT
7/24/2023,AE,AEABRH,160221,1,MPG,"FERNDALE-F, LLC",1FM5K8FW2PNA01315,4/10/2023,105,57076.92,2023,FORD,EXPLORER
7/24/2023,AE,AEABRH,160221,1,MPG,"FERNDALE-F, LLC",1FM5K8FW9PNA04230,5/30/2023,55,57223.92,2023,FORD,EXPLORER
7/24/2023,AE,AEABRH,160221,1,MPG,"FERNDALE-F, LLC",1FM5K8GC0PGA16176,4/6/2023,109,58945.92,2023,FORD,EXPLORER
7/24/2023,AE,AEABRH,160221,1,MPG,"FERNDALE-F, LLC",1FM5K8GC0PGA29669,3/13/2023,133,59310.92,2023,FORD,EXPLORER
7/24/2023,AE,AEABRH,160221,1,MPG,"FERNDALE-F, LLC",1FM5K8GC0PGA29705,5/11/2023,74,59410.92,2023,FORD,EXPLORER
7/24/2023,AE,AEABRH,160221,1,MPG,"FERNDALE-F, LLC",1FM5K8GC0PGA61683,6/9/2023,45,58941.72,2023,FORD,EXPLORER
7/24/2023,AE,AEABRH,160221,1,MPG,"FERNDALE-F, LLC",1FM5K8HC2PGA66463,4/3/2023,112,58667.72,2023,FORD,EXPLORER
7/24/2023,AE,AEABRH,160221,1,MPG,"FERNDALE-F, LLC",1FMCU9GN2PUA24175,6/23/2023,31,31818.67,2023,FORD,ESCAPE
7/24/2023,AE,AEABRH,160221,1,MPG,"FERNDALE-F, LLC",1FMCU9GN3PUA14903,7/10/2023,14,32753.67,2023,FORD,ESCAPE
7/24/2023,AE,AEABRH,160221,1,MPG,"FERNDALE-F, LLC",1FMCU9MN8PUA09331,6/23/2023,31,32002.44,2023,FORD,ESCAPE
7/24/2023,AE,AEABRH,160221,1,MPG,"FERNDALE-F, LLC",1FMCU9NA7PUA10658,6/23/2023,31,36750.44,2023,FORD,ESCAPE
7/24/2023,AE,AEABRH,160221,1,MPG,"FERNDALE-F, LLC",1FMCU9PA7PUA12505,6/29/2023,25,39881.67,2023,FORD,ESCAPE
7/24/2023,AE,AEABRH,160221,1,MPG,"FERNDALE-F, LLC",1FMSK8DH0PGA27620,6/13/2023,41,46263.69,2023,FORD,EXPLORER
7/24/2023,AE,AEABRH,160221,1,MPG,"FERNDALE-F, LLC",1FMSK8DH7PGA84350,6/23/2023,31,41433.08,2023,FORD,EXPLORER
7/24/2023,AE,AEABRH,160221,1,MPG,"FERNDALE-F, LLC",1FMSK8DH8PGA84342,7/10/2023,14,48091.69,2023,FORD,EXPLORER
7/24/2023,AE,AEABRH,160221,1,MPG,"FERNDALE-F, LLC",1FMSK8FH0PGA53650,4/13/2023,102,53846.08,2023,FORD,EXPLORER
7/24/2023,AE,AEABRH,160221,1,MPG,"FERNDALE-F, LLC",1FMSK8FH9PGA78420,5/18/2023,67,51746.08,2023,FORD,EXPLORER
7/24/2023,AE,AEABRH,160221,1,MPG,"FERNDALE-F, LLC",1FTEW1EP1PFB07341,6/23/2023,31,48327.32,2023,FORD,F-150
7/24/2023,AE,AEABRH,160221,1,MPG,"FERNDALE-F, LLC",1FTEW1EP2PFB00754,5/11/2023,74,49025.32,2023,FORD,F-150
7/24/2023,AE,AEABRH,160221,1,MPG,"FERNDALE-F, LLC",1FTEW1EP5PFA19568,2/10/2023,164,54316.52,2023,FORD,F-150
7/24/2023,AE,AEABRH,160221,1,MPG,"FERNDALE-F, LLC",1FTEW1EP7PKD56234,5/11/2023,74,55772.32,2023,FORD,F-150
7/24/2023,AE,AEABRH,160221,1,MPG,"FERNDALE-F, LLC",1FTEW1EP9PFA20495,4/7/2023,108,59393.52,2023,FORD,F-150
7/24/2023,AE,AEABRH,160221,1,MPG,"FERNDALE-F, LLC",1FTEX1EP0PKE50100,7/17/2023,7,51870.73,2023,FORD,F-150
7/24/2023,AE,AEABRH,160221,1,MPG,"FERNDALE-F, LLC",1FTEX1EP3PFB58577,5/30/2023,55,53450.36,2023,FORD,F-150
7/24/2023,AE,AEABRH,160221,1,MPG,"FERNDALE-F, LLC",1FTEX1EP4PFB00719,4/13/2023,102,48070.52,2023,FORD,F-150
7/24/2023,AE,AEABRH,160221,1,MPG,"FERNDALE-F, LLC",1FTEX1EP4PKE00350,6/29/2023,25,53881.36,2023,FORD,F-150
7/24/2023,AE,AEABRH,160221,1,MPG,"FERNDALE-F, LLC",1FTEX1EP7PKD48986,4/13/2023,102,52735.96,2023,FORD,F-150
7/24/2023,AE,AEABRH,160221,1,MPG,"FERNDALE-F, LLC",1FTEX1EP7PKD98917,6/20/2023,34,53220.52,2023,FORD,F-150
7/24/2023,AE,AEABRH,160221,1,MPG,"FERNDALE-F, LLC",1FTEX1EPXPKD99091,6/9/2023,45,56239.36,2023,FORD,F-150
7/24/2023,AE,AEABRH,160221,1,MPG,"FERNDALE-F, LLC",1FTFW1E8XPFA68505,7/17/2023,7,58321.52,2023,FORD,F-150
7/24/2023,AE,AEABRH,160221,1,MPG,"FERNDALE-F, LLC",1FTFW1E8XPKE60200,7/21/2023,3,60308.26,2023,FORD,F-150
7/24/2023,AE,AEABRH,160221,1,MPG,"FERNDALE-F, LLC",1FTFW1E50PFA69135,6/23/2023,31,57290.52,2023,FORD,F-150
7/24/2023,AE,AEABRH,160221,1,MPG,"FERNDALE-F, LLC",1FTFW1E50PKD40444,5/11/2023,74,56617.72,2023,FORD,F-150
7/24/2023,AE,AEABRH,160221,1,MPG,"FERNDALE-F, LLC",1FTFW1E51PKD10594,3/13/2023,133,59429.72,2023,FORD,F-150
7/24/2023,AE,AEABRH,160221,1,MPG,"FERNDALE-F, LLC",1FTFW1E53PFA72045,4/11/2023,104,56537.52,2023,FORD,F-150
7/24/2023,AE,AEABRH,160221,1,MPG,"FERNDALE-F, LLC",1FTFW1E53PKD38574,5/18/2023,67,56517.32,2023,FORD,F-150
7/24/2023,AE,AEABRH,160221,1,MPG,"FERNDALE-F, LLC",1FTFW1E55PFA72287,5/1/2023,84,57995.72,2023,FORD,F-150
7/24/2023,AE,AEABRH,160221,1,MPG,"FERNDALE-F, LLC",1FTFW1E82PFA68658,5/25/2023,60,58971.32,2023,FORD,F-150
7/24/2023,AE,AEABRH,160221,1,MPG,"FERNDALE-F, LLC",1FTFW1E82PFA69258,5/16/2023,69,57680.72,2023,FORD,F-150
7/24/2023,AE,AEABRH,160221,1,MPG,"FERNDALE-F, LLC",1FTFW1E82PKD42612,6/23/2023,31,57808.72,2023,FORD,F-150
7/24/2023,AE,AEABRH,160221,1,MPG,"FERNDALE-F, LLC",1FTFW1E83PFA72802,6/6/2023,48,59726.52,2023,FORD,F-150
7/24/2023,AE,AEABRH,160221,1,MPG,"FERNDALE-F, LLC",1FTFW1E84PFB39228,6/9/2023,45,65934.32,2023,FORD,F-150
7/24/2023,AE,AEABRH,160221,1,MPG,"FERNDALE-F, LLC",1FTFW1E86PFA69506,6/23/2023,31,59212.52,2023,FORD,F-150
7/24/2023,AE,AEABRH,160221,1,MPG,"FERNDALE-F, LLC",1FTFW1E87PFA56103,3/22/2023,124,57577.52,2023,FORD,F-150
7/24/2023,AE,AEABRH,160221,1,MPG,"FERNDALE-F, LLC",1FTFW1E87PFA66811,4/3/2023,112,58042.52,2023,FORD,F-150
7/24/2023,AE,AEABRH,160221,1,MPG,"FERNDALE-F, LLC",1FTFW1E87PFA70440,5/17/2023,68,55735.52,2023,FORD,F-150
7/24/2023,AE,AEABRH,160221,1,MPG,"FERNDALE-F, LLC",1FTFW1E87PFA71751,5/2/2023,83,56795.52,2023,FORD,F-150
7/24/2023,AE,AEABRH,160221,1,MPG,"FERNDALE-F, LLC",1FTFW1E88PFA69975,6/23/2023,31,59531.52,2023,FORD,F-150
7/24/2023,AE,AEABRH,160221,1,MPG,"FERNDALE-F, LLC",1FTFW1E89PFA66339,7/21/2023,3,58582.72,2023,FORD,F-150
7/24/2023,AE,AEABRH,160221,1,MPG,"FERNDALE-F, LLC",1FTFW1E89PFA69516,3/23/2023,123,58657.52,2023,FORD,F-150
7/24/2023,AE,AEABRH,160221,1,MPG,"FERNDALE-F, LLC",1FTFW1ED3PFA12015,5/25/2023,60,53983.12,2023,FORD,F-150
7/24/2023,AE,AEABRH,160221,1,MPG,"FERNDALE-F, LLC",1FTFW1ED3PFA69654,5/4/2023,81,61275.92,2023,FORD,F-150
7/24/2023,AE,AEABRH,160221,1,MPG,"FERNDALE-F, LLC",1FTFW1ED4PFB38366,5/18/2023,67,66846.92,2023,FORD,F-150
7/24/2023,AE,AEABRH,160221,1,MPG,"FERNDALE-F, LLC",2FMPK4J97PBA43591,7/21/2023,3,44869.69,2023,FORD,EDGE
7/24/2023,AE,AEABRH,160221,1,NEW,"FERNDALE-F, LLC",1FM5K8GC0PGA15710,5/9/2023,76,58945.92,2023,FORD,EXPLORER
7/24/2023,AE,AEABRH,160221,1,NEW,"FERNDALE-F, LLC",1FM5K8GC0PGA61831,5/22/2023,63,59688.72,2023,FORD,EXPLORER
7/24/2023,AE,AEABRH,160221,1,NEW,"FERNDALE-F, LLC",1FM5K8GC0PGA72179,5/31/2023,54,58941.72,2023,FORD,EXPLORER
7/24/2023,AE,AEABRH,160221,1,NEW,"FERNDALE-F, LLC",1FM5K8GC1PGA78069,5/9/2023,76,60064.72,2023,FORD,EXPLORER
7/24/2023,AE,AEABRH,160221,1,NEW,"FERNDALE-F, LLC",1FM5K8HW4PNA04245,4/20/2023,95,58287.92,2023,FORD,EXPLORER
7/24/2023,AE,AEABRH,160221,1,NEW,"FERNDALE-F, LLC",1FMCU9GN6PUA40105,7/23/2023,1,35385.67,2023,FORD,ESCAPE
7/24/2023,AE,AEABRH,160221,1,NEW,"FERNDALE-F, LLC",1FMJK1M87PEA25295,6/13/2023,41,90454.6,2023,FORD,EXPEDITION
7/24/2023,AE,AEABRH,160221,1,NEW,"FERNDALE-F, LLC",1FMJK2A80PEA04816,6/16/2023,38,77795.6,2023,FORD,EXPEDITION
7/24/2023,AE,AEABRH,160221,1,NEW,"FERNDALE-F, LLC",1FMJK2A86PEA25296,7/22/2023,2,74737.6,2023,FORD,EXPEDITION
7/24/2023,AE,AEABRH,160221,1,NEW,"FERNDALE-F, LLC",1FMJU1M88PEA25297,6/13/2023,41,86262,2023,FORD,EXPEDITION
7/24/2023,AE,AEABRH,160221,1,NEW,"FERNDALE-F, LLC",1FMJU1RG4PEA33672,6/15/2023,39,80866,2023,FORD,EXPEDITION
7/24/2023,AE,AEABRH,160221,1,NEW,"FERNDALE-F, LLC",1FMJU1RG8PEA33674,7/5/2023,19,80260,2023,FORD,EXPEDITION
7/24/2023,AE,AEABRH,160221,1,NEW,"FERNDALE-F, LLC",1FMSK8DH0PGA85470,7/11/2023,13,40921.08,2023,FORD,EXPLORER
7/24/2023,AE,AEABRH,160221,1,NEW,"FERNDALE-F, LLC",1FMSK8DH2PGA83686,7/2/2023,22,44437.08,2023,FORD,EXPLORER
7/24/2023,AE,AEABRH,160221,1,NEW,"FERNDALE-F, LLC",1FMSK8DH3PGA82739,7/12/2023,12,40921.08,2023,FORD,EXPLORER
7/24/2023,AE,AEABRH,160221,1,NEW,"FERNDALE-F, LLC",1FMSK8DH5PGA27337,7/19/2023,5,45516.69,2023,FORD,EXPLORER
7/24/2023,AE,AEABRH,160221,1,NEW,"FERNDALE-F, LLC",1FMSK8DH5PGA27533,7/6/2023,18,45513.08,2023,FORD,EXPLORER
7/24/2023,AE,AEABRH,160221,1,NEW,"FERNDALE-F, LLC",1FMSK8DH7PGA55317,7/2/2023,22,48041.08,2023,FORD,EXPLORER
7/24/2023,AE,AEABRH,160221,1,NEW,"FERNDALE-F, LLC",1FMSK8JH7PGA65639,6/6/2023,48,52087.08,2023,FORD,EXPLORER
7/24/2023,AE,AEABRH,160221,1,NEW,"FERNDALE-F, LLC",1FTEW1E8XPFB42176,7/5/2023,19,71503.52,2023,FORD,F-150
7/24/2023,AE,AEABRH,160221,1,NEW,"FERNDALE-F, LLC",1FTEW1EP0PFB26463,6/19/2023,35,55617.32,2023,FORD,F-150
7/24/2023,AE,AEABRH,160221,1,NEW,"FERNDALE-F, LLC",1FTEW1EP4PFA81933,5/23/2023,62,56481.32,2023,FORD,F-150
7/24/2023,AE,AEABRH,160221,1,NEW,"FERNDALE-F, LLC",1FTEW1EP6PFA79939,5/1/2023,84,49485.32,2023,FORD,F-150
7/24/2023,AE,AEABRH,160221,1,NEW,"FERNDALE-F, LLC",1FTEW1EP6PFA98197,5/7/2023,78,49229.32,2023,FORD,F-150
7/24/2023,AE,AEABRH,160221,1,NEW,"FERNDALE-F, LLC",1FTEX1EP8PFB59305,7/6/2023,18,46155.52,2023,FORD,F-150
7/24/2023,AE,AEABRH,160221,1,NEW,"FERNDALE-F, LLC",1FTEX1EPXPFB58995,7/2/2023,22,49203.36,2023,FORD,F-150
7/24/2023,AE,AEABRH,160221,1,NEW,"FERNDALE-F, LLC",1FTFW1E8XPFB36642,6/18/2023,36,66472.52,2023,FORD,F-150
7/24/2023,AE,AEABRH,160221,1,NEW,"FERNDALE-F, LLC",1FTFW1E59PKD39762,7/8/2023,16,56712.32,2023,FORD,F-150
7/24/2023,AE,AEABRH,160221,1,NEW,"FERNDALE-F, LLC",1FTFW1E81PFA66884,5/31/2023,54,56808.72,2023,FORD,F-150
7/24/2023,AE,AEABRH,160221,1,NEW,"FERNDALE-F, LLC",1FTFW1E82PFA70300,5/2/2023,83,57228.52,2023,FORD,F-150
7/24/2023,AE,AEABRH,160221,1,NEW,"FERNDALE-F, LLC",1FTFW1E83PFA68281,4/5/2023,110,56853.72,2023,FORD,F-150
7/24/2023,AE,AEABRH,160221,1,NEW,"FERNDALE-F, LLC",1FTFW1E85PFA70047,5/2/2023,83,58569.52,2023,FORD,F-150
7/24/2023,AE,AEABRH,160221,1,NEW,"FERNDALE-F, LLC",1FTFW1E89PFA68091,4/27/2023,88,56846.52,2023,FORD,F-150
7/24/2023,AE,AEABRH,160221,1,NEW,"FERNDALE-F, LLC",1FTFW1ED4PFB32082,6/11/2023,43,67074.92,2023,FORD,F-150
7/24/2023,AE,AEABRH,160221,1,NEW,"FERNDALE-F, LLC",1FTFW1ED5PFA70658,4/19/2023,96,61357.92,2023,FORD,F-150
7/24/2023,AE,AEABRH,160221,1,NEW,"FERNDALE-F, LLC",1FTFW1ED5PFB40532,7/5/2023,19,65758.92,2023,FORD,F-150
7/24/2023,AE,AEABRH,160221,1,NEW,"FERNDALE-F, LLC",1FTFW1RG0PFA64562,5/17/2023,68,76688.52,2023,FORD,F-150
7/24/2023,AE,AEABRH,160221,1,NEW,"FERNDALE-F, LLC",3FMCR9C6XPRD25560,7/20/2023,4,36631.44,2023,FORD,BRONCO SPORT
7/24/2023,AE,AEABRH,160221,1,NEW,"FERNDALE-F, LLC",3FMCR9C62PRD22183,7/2/2023,22,36669.44,2023,FORD,BRONCO SPORT
7/24/2023,AE,AEABRH,160221,1,NEW,"FERNDALE-F, LLC",3FMCR9C65PRD50950,7/2/2023,22,36161.44,2023,FORD,BRONCO SPORT
7/24/2023,AE,AEABRH,160221,1,NEW,"FERNDALE-F, LLC",3FMCR9C67PRD54899,7/5/2023,19,38468.44,2023,FORD,BRONCO SPORT
7/24/2023,AE,AEABRH,160221,1,PANW,"FERNDALE-F, LLC",1FMCU0MZ4PUA67452,6/28/2023,26,34506.67,2023,FORD,ESCAPE
7/24/2023,AE,AEABRH,160221,1,PANW,"FERNDALE-F, LLC",1FMCU9GN3PUA60909,6/21/2023,33,34351.67,2023,FORD,ESCAPE
7/24/2023,AE,AEABRH,160221,1,PANW,"FERNDALE-F, LLC",1FMCU9MN0PUA68907,7/20/2023,4,34574.86,2023,FORD,ESCAPE
7/24/2023,AE,AEABRH,160221,1,PANW,"FERNDALE-F, LLC",1FMCU9MN2PUA70822,7/20/2023,4,34574.86,2023,FORD,ESCAPE
7/24/2023,AE,AEABRH,160221,1,PANW,"FERNDALE-F, LLC",1FMCU9MN3PUA69968,7/22/2023,2,35039.86,2023,FORD,ESCAPE
7/24/2023,AE,AEABRH,160221,1,PANW,"FERNDALE-F, LLC",1FMCU9MN5PUA71351,7/22/2023,2,34574.86,2023,FORD,ESCAPE
7/24/2023,AE,AEABRH,160221,1,PANW,"FERNDALE-F, LLC",1FMCU9MN6PUA30453,6/5/2023,49,34272.67,2023,FORD,ESCAPE
7/24/2023,AE,AEABRH,160221,1,PANW,"FERNDALE-F, LLC",1FMCU9MN9PUA69005,7/22/2023,2,34574.86,2023,FORD,ESCAPE
7/24/2023,AE,AEABRH,160221,1,PANW,"FERNDALE-F, LLC",1FMCU9NA8PUA13133,6/5/2023,49,38153.67,2023,FORD,ESCAPE
7/24/2023,AE,AEABRH,160221,1,PANW,"FERNDALE-F, LLC",1FMCU9PA4PUA68952,7/14/2023,10,42028.67,2023,FORD,ESCAPE
7/24/2023,AE,AEABRH,160221,1,PANW,"FERNDALE-F, LLC",1FMCU9PA8PUA69473,7/18/2023,6,42028.67,2023,FORD,ESCAPE
7/24/2023,AE,AEABRH,160221,1,PANW,"FERNDALE-F, LLC",1FMCU9PA8PUA69893,7/19/2023,5,39881.67,2023,FORD,ESCAPE
7/24/2023,AE,AEABRH,160221,1,PANW,"FERNDALE-F, LLC",1FMDE5CP5PLB55625,6/22/2023,32,53571.2,2023,FORD,BRONCO
7/24/2023,AE,AEABRH,160221,1,PANW,"FERNDALE-F, LLC",1FMEE5BP8PLB56628,7/15/2023,9,53289.2,2023,FORD,BRONCO
7/24/2023,AE,AEABRH,160221,1,PANW,"FERNDALE-F, LLC",1FMEE5DHXPLB63859,7/21/2023,3,51043.2,2023,FORD,BRONCO
7/24/2023,AE,AEABRH,160221,1,PANW,"FERNDALE-F, LLC",1FMEE5DP2PLB55844,7/20/2023,4,52824.2,2023,FORD,BRONCO
7/24/2023,AE,AEABRH,160221,1,PANW,"FERNDALE-F, LLC",1FMEE5DP3PLB40804,7/20/2023,4,65027.2,2023,FORD,BRONCO
7/24/2023,AE,AEABRH,160221,1,PANW,"FERNDALE-F, LLC",1FMEE5DP4PLB63623,7/13/2023,11,56357.2,2023,FORD,BRONCO
7/24/2023,AE,AEABRH,160221,1,PANW,"FERNDALE-F, LLC",1FMEE5DP7PLB47772,7/20/2023,4,62964.2,2023,FORD,BRONCO
7/24/2023,AE,AEABRH,160221,1,PANW,"FERNDALE-F, LLC",1FMEE5DPXPLB65389,7/6/2023,18,65159.2,2023,FORD,BRONCO
7/24/2023,AE,AEABRH,160221,1,PANW,"FERNDALE-F, LLC",1FMJK2A83PEA52147,6/27/2023,27,80418.3,2023,FORD,EXPEDITION
7/24/2023,AE,AEABRH,160221,1,PANW,"FERNDALE-F, LLC",1FMJK2A88PEA44884,6/2/2023,52,80418.3,2023,FORD,EXPEDITION
7/24/2023,AE,AEABRH,160221,1,PANW,"FERNDALE-F, LLC",1FMJU2A85PEA53763,7/20/2023,4,77835.75,2023,FORD,EXPEDITION
7/24/2023,AE,AEABRH,160221,1,PANW,"FERNDALE-F, LLC",1FMJU2A87PEA53764,7/22/2023,2,79395.75,2023,FORD,EXPEDITION
7/24/2023,AE,AEABRH,160221,1,PANW,"FERNDALE-F, LLC",1FMJU2A89PEA53765,6/27/2023,27,77835.75,2023,FORD,EXPEDITION
7/24/2023,AE,AEABRH,160221,1,PANW,"FERNDALE-F, LLC",1FMSK8DH7PGB36396,6/22/2023,32,44487.69,2023,FORD,EXPLORER
7/24/2023,AE,AEABRH,160221,1,PANW,"FERNDALE-F, LLC",1FMSK8DHXPGB31581,6/22/2023,32,48091.69,2023,FORD,EXPLORER
7/24/2023,AE,AEABRH,160221,1,PANW,"FERNDALE-F, LLC",1FT6W1EV9PWG14054,7/20/2023,4,93500,2023,FORD,F-150
7/24/2023,AE,AEABRH,160221,1,PANW,"FERNDALE-F, LLC",1FT8W2BN5PED52364,7/20/2023,4,70023.34,2023,FORD,F-250
7/24/2023,AE,AEABRH,160221,1,PANW,"FERNDALE-F, LLC",1FTER4FH0PLE33035,6/22/2023,32,43236.2,2023,FORD,RANGER
7/24/2023,AE,AEABRH,160221,1,PANW,"FERNDALE-F, LLC",1FTER4FH6PLE32956,7/6/2023,18,42766.2,2023,FORD,RANGER
7/24/2023,AE,AEABRH,160221,1,PANW,"FERNDALE-F, LLC",1FTEW1EP6PFB93665,7/11/2023,13,55095.26,2023,FORD,F-150
7/24/2023,AE,AEABRH,160221,1,PANW,"FERNDALE-F, LLC",1FTEW1EP7PFB94677,5/26/2023,59,58376.26,2023,FORD,F-150
7/24/2023,AE,AEABRH,160221,1,PANW,"FERNDALE-F, LLC",1FTEW1EP7PKE88135,7/18/2023,6,57611.26,2023,FORD,F-150
7/24/2023,AE,AEABRH,160221,1,PANW,"FERNDALE-F, LLC",1FTEX1EP0PKE48265,5/26/2023,59,49053.73,2023,FORD,F-150
7/24/2023,AE,AEABRH,160221,1,PANW,"FERNDALE-F, LLC",1FTEX1EP6PKE55446,6/7/2023,47,46330.73,2023,FORD,F-150
7/24/2023,AE,AEABRH,160221,1,PANW,"FERNDALE-F, LLC",1FTEX1EP7PKE49882,5/26/2023,59,48989.36,2023,FORD,F-150
7/24/2023,AE,AEABRH,160221,1,PANW,"FERNDALE-F, LLC",1FTEX1EP8PKE49079,6/21/2023,33,56718.36,2023,FORD,F-150
7/24/2023,AE,AEABRH,160221,1,PANW,"FERNDALE-F, LLC",1FTFW1E55PKE79985,6/29/2023,25,58665.36,2023,FORD,F-150
7/24/2023,AE,AEABRH,160221,1,PANW,"FERNDALE-F, LLC",1FTFW1E56PKE80708,7/1/2023,23,56391.26,2023,FORD,F-150
7/24/2023,AE,AEABRH,160221,1,PANW,"FERNDALE-F, LLC",1FTFW1E57PKE71158,6/28/2023,26,58948.36,2023,FORD,F-150
7/24/2023,AE,AEABRH,160221,1,PANW,"FERNDALE-F, LLC",1FTFW1E59PFC20098,6/30/2023,24,57565.26,2023,FORD,F-150
7/24/2023,AE,AEABRH,160221,1,PANW,"FERNDALE-F, LLC",1FTFW1E82PFC21426,7/8/2023,16,60076.26,2023,FORD,F-150
7/24/2023,AE,AEABRH,160221,1,PANW,"FERNDALE-F, LLC",1FTFW1E83PKE82152,7/7/2023,17,62330.26,2023,FORD,F-150
7/24/2023,AE,AEABRH,160221,1,PANW,"FERNDALE-F, LLC",1FTFW1E84PFB72584,6/30/2023,24,71815.36,2023,FORD,F-150
7/24/2023,AE,AEABRH,160221,1,PANW,"FERNDALE-F, LLC",1FTFW1E87PKE59621,6/7/2023,47,59324.36,2023,FORD,F-150
7/24/2023,AE,AEABRH,160221,1,PANW,"FERNDALE-F, LLC",1FTFW1E88PFC21396,6/30/2023,24,72372.26,2023,FORD,F-150
7/24/2023,AE,AEABRH,160221,1,PANW,"FERNDALE-F, LLC",1FTFW1E89PKE86948,7/1/2023,23,61214.26,2023,FORD,F-150
7/24/2023,AE,AEABRH,160221,1,PANW,"FERNDALE-F, LLC",1FTFW1ED1PFB75925,6/21/2023,33,81189.81,2023,FORD,F-150
7/24/2023,AE,AEABRH,160221,1,PANW,"FERNDALE-F, LLC",1FTFW1ED2PFB92653,6/21/2023,33,69181.81,2023,FORD,F-150
7/24/2023,AE,AEABRH,160221,1,PANW,"FERNDALE-F, LLC",1FTFW1ED2PFB93799,5/26/2023,59,71643.81,2023,FORD,F-150
7/24/2023,AE,AEABRH,160221,1,PANW,"FERNDALE-F, LLC",1FTFW1ED2PFC26865,7/13/2023,11,68463.81,2023,FORD,F-150
7/24/2023,AE,AEABRH,160221,1,PANW,"FERNDALE-F, LLC",1FTFW1EDXPFC33661,7/20/2023,4,72902.81,2023,FORD,F-150
7/24/2023,AE,AEABRH,160221,1,PANW,"FERNDALE-F, LLC",1FTFW1RJ7PFC34606,7/20/2023,4,103464.36,2023,FORD,F-150
7/24/2023,AE,AEABRH,160221,1,PANW,"FERNDALE-F, LLC",2FMPK4AP0PBA54429,6/17/2023,37,46543.69,2023,FORD,EDGE
7/24/2023,AE,AEABRH,160221,1,PANW,"FERNDALE-F, LLC",2FMPK4J9XPBA43830,5/20/2023,65,42157.69,2023,FORD,EDGE
7/24/2023,AE,AEABRH,160221,1,PANW,"FERNDALE-F, LLC",2FMPK4J9XPBA49823,7/5/2023,19,39650.69,2023,FORD,EDGE
7/24/2023,AE,AEABRH,160221,1,PANW,"FERNDALE-F, LLC",2FMPK4J92PBA53199,7/18/2023,6,42691.69,2023,FORD,EDGE
7/24/2023,AE,AEABRH,160221,1,PANW,"FERNDALE-F, LLC",2FMPK4J95PBA43928,5/20/2023,65,44869.69,2023,FORD,EDGE
7/24/2023,AE,AEABRH,160221,1,PANW,"FERNDALE-F, LLC",2FMPK4J95PBA51219,6/3/2023,51,41154.69,2023,FORD,EDGE
7/24/2023,AE,AEABRH,160221,1,PANW,"FERNDALE-F, LLC",2FMPK4J95PBA53214,6/23/2023,31,42653.69,2023,FORD,EDGE
7/24/2023,AE,AEABRH,160221,1,PANW,"FERNDALE-F, LLC",2FMPK4J96PBA50144,7/5/2023,19,42653.69,2023,FORD,EDGE
7/24/2023,AE,AEABRH,160221,1,PANW,"FERNDALE-F, LLC",2FMPK4J97PBA53229,6/23/2023,31,41812.69,2023,FORD,EDGE
7/24/2023,AE,AEABRH,160221,1,PANW,"FERNDALE-F, LLC",2FMPK4J99PBA52454,7/18/2023,6,42089.69,2023,FORD,EDGE
7/24/2023,AE,AEABRH,160221,1,PANW,"FERNDALE-F, LLC",3FMCR9B6XPRD79538,7/19/2023,5,32096.67,2023,FORD,BRONCO SPORT
7/24/2023,AE,AEABRH,160221,1,PANW,"FERNDALE-F, LLC",3FMCR9B63PRD61950,7/18/2023,6,33419.67,2023,FORD,BRONCO SPORT
7/24/2023,AE,AEABRH,160221,1,PANW,"FERNDALE-F, LLC",3FMCR9B65PRD81388,7/19/2023,5,32246.67,2023,FORD,BRONCO SPORT
7/24/2023,AE,AEABRH,160221,1,PANW,"FERNDALE-F, LLC",3FMCR9B67PRD89265,7/19/2023,5,32490.67,2023,FORD,BRONCO SPORT
7/24/2023,AE,AEABRH,160221,1,PANW,"FERNDALE-F, LLC",3FMCR9C61PRD41114,5/12/2023,73,36014.67,2023,FORD,BRONCO SPORT
7/24/2023,AE,AEABRH,160221,1,PANW,"FERNDALE-F, LLC",3FMCR9C62PRD66314,7/13/2023,11,36014.67,2023,FORD,BRONCO SPORT
7/24/2023,AE,AEABRH,160221,1,PANW,"FERNDALE-F, LLC",3FMCR9C62PRD68306,6/30/2023,24,36325.67,2023,FORD,BRONCO SPORT
7/24/2023,AE,AEABRH,160221,1,PANW,"FERNDALE-F, LLC",3FMCR9C63PRD63874,7/13/2023,11,36137.67,2023,FORD,BRONCO SPORT
7/24/2023,AE,AEABRH,160221,1,PANW,"FERNDALE-F, LLC",3FMCR9C64PRD67691,6/30/2023,24,36667.67,2023,FORD,BRONCO SPORT
7/24/2023,AE,AEABRH,160221,1,PANW,"FERNDALE-F, LLC",3FMCR9C67PRD80726,6/30/2023,24,38927.67,2023,FORD,BRONCO SPORT
7/24/2023,AE,AEABRH,160221,1,PANW,"FERNDALE-F, LLC",3FMTK3SS2PMA31096,5/26/2023,59,56600,2023,FORD,MUSTANG MACH-E
7/24/2023,AE,AEABRH,160221,1,PANW,"FERNDALE-F, LLC",3FMTK3SS8PMA27439,5/12/2023,73,56930,2023,FORD,MUSTANG MACH-E
7/24/2023,AE,AEABRH,160221,1,PANW,"FERNDALE-F, LLC",3FMTK3SSXPMA18886,6/12/2023,42,55805,2023,FORD,MUSTANG MACH-E
7/24/2023,AE,AEABRH,160221,1,PANW,"FERNDALE-F, LLC",3FTTW8E30PRA37167,6/20/2023,34,24970.8,2023,FORD,MAVERICK
7/24/2023,AE,AEABRH,160221,1,PANW,"FERNDALE-F, LLC",3FTTW8F93PRA59103,7/13/2023,11,26462.18,2023,FORD,MAVERICK
7/24/2023,AE,AEABRH,160221,1,PANW,"FERNDALE-F, LLC",3FTTW8F96PRA56874,7/19/2023,5,37720.18,2023,FORD,MAVERICK
7/24/2023,AE,AEABRH,160221,1,PANW,"FERNDALE-F, LLC",3FTTW8G92PRA60550,7/20/2023,4,32610.18,2023,FORD,MAVERICK
7/24/2023,AE,AEABRJ,160223,1,FSLP,"WATERFORD-F, LLC",1FM5K8GC2PGA16065,1/20/2023,185,59592.92,2023,FORD,EXPLORER
7/24/2023,AE,AEABRJ,160223,1,FSLP,"WATERFORD-F, LLC",1FM5K8HC6PGA28394,4/13/2023,102,59602.72,2023,FORD,EXPLORER
7/24/2023,AE,AEABRJ,160223,1,FSLP,"WATERFORD-F, LLC",1FMCU9GN0PUA04801,7/20/2023,4,31818.67,2023,FORD,ESCAPE
7/24/2023,AE,AEABRJ,160223,1,FSLP,"WATERFORD-F, LLC",1FMCU9GN0PUA50533,6/29/2023,25,34036.67,2023,FORD,ESCAPE
7/24/2023,AE,AEABRJ,160223,1,FSLP,"WATERFORD-F, LLC",1FMCU9GN0PUA51553,6/19/2023,35,31818.67,2023,FORD,ESCAPE
7/24/2023,AE,AEABRJ,160223,1,FSLP,"WATERFORD-F, LLC",1FMCU9GN1PUA54509,6/29/2023,25,31818.67,2023,FORD,ESCAPE
7/24/2023,AE,AEABRJ,160223,1,FSLP,"WATERFORD-F, LLC",1FMCU9GN3PUA06221,6/28/2023,26,32283.67,2023,FORD,ESCAPE
7/24/2023,AE,AEABRJ,160223,1,FSLP,"WATERFORD-F, LLC",1FMCU9GN3PUA46590,6/30/2023,24,34501.67,2023,FORD,ESCAPE
7/24/2023,AE,AEABRJ,160223,1,FSLP,"WATERFORD-F, LLC",1FMCU9GN5PUA01571,5/12/2023,73,31818.67,2023,FORD,ESCAPE
7/24/2023,AE,AEABRJ,160223,1,FSLP,"WATERFORD-F, LLC",1FMCU9GN5PUA51788,7/20/2023,4,32753.67,2023,FORD,ESCAPE
7/24/2023,AE,AEABRJ,160223,1,FSLP,"WATERFORD-F, LLC",1FMCU9GN6PUA50441,6/19/2023,35,36470.67,2023,FORD,ESCAPE
7/24/2023,AE,AEABRJ,160223,1,FSLP,"WATERFORD-F, LLC",1FMCU9GN6PUA52013,6/20/2023,34,34821.67,2023,FORD,ESCAPE
7/24/2023,AE,AEABRJ,160223,1,FSLP,"WATERFORD-F, LLC",1FMCU9GN7PUA47239,7/13/2023,11,34036.67,2023,FORD,ESCAPE
7/24/2023,AE,AEABRJ,160223,1,FSLP,"WATERFORD-F, LLC",1FMCU9GN8PUA02987,7/19/2023,5,32433.67,2023,FORD,ESCAPE
7/24/2023,AE,AEABRJ,160223,1,FSLP,"WATERFORD-F, LLC",1FMCU9GN9PUA05705,7/20/2023,4,32433.67,2023,FORD,ESCAPE
7/24/2023,AE,AEABRJ,160223,1,FSLP,"WATERFORD-F, LLC",1FMCU9GNXPUA03901,6/28/2023,26,31968.67,2023,FORD,ESCAPE
7/24/2023,AE,AEABRJ,160223,1,FSLP,"WATERFORD-F, LLC",1FMCU9GNXPUA51172,6/26/2023,28,34036.67,2023,FORD,ESCAPE
7/24/2023,AE,AEABRJ,160223,1,FSLP,"WATERFORD-F, LLC",1FMCU9MN1PUA53087,6/28/2023,26,33003.67,2023,FORD,ESCAPE
7/24/2023,AE,AEABRJ,160223,1,FSLP,"WATERFORD-F, LLC",1FMCU9MN5PUA53349,6/29/2023,25,33003.67,2023,FORD,ESCAPE
7/24/2023,AE,AEABRJ,160223,1,FSLP,"WATERFORD-F, LLC",1FMCU9MN7PUA47309,6/7/2023,47,34126.67,2023,FORD,ESCAPE
7/24/2023,AE,AEABRJ,160223,1,FSLP,"WATERFORD-F, LLC",1FMCU9MN9PUA51474,6/30/2023,24,33003.67,2023,FORD,ESCAPE
7/24/2023,AE,AEABRJ,160223,1,FSLP,"WATERFORD-F, LLC",1FMCU9NA1PUA10736,7/20/2023,4,37218.67,2023,FORD,ESCAPE
7/24/2023,AE,AEABRJ,160223,1,FSLP,"WATERFORD-F, LLC",1FMCU9NZ5PUA48072,7/5/2023,19,39334.67,2023,FORD,ESCAPE
7/24/2023,AE,AEABRJ,160223,1,FSLP,"WATERFORD-F, LLC",1FMCU9PA4PUA10596,7/19/2023,5,38269.67,2023,FORD,ESCAPE
7/24/2023,AE,AEABRJ,160223,1,FSLP,"WATERFORD-F, LLC",1FMSK8DH0PGB09444,5/19/2023,66,47494.69,2023,FORD,EXPLORER
7/24/2023,AE,AEABRJ,160223,1,FSLP,"WATERFORD-F, LLC",1FMSK8DH0PGB32397,6/30/2023,24,45563.69,2023,FORD,EXPLORER
7/24/2023,AE,AEABRJ,160223,1,FSLP,"WATERFORD-F, LLC",1FMSK8DH0PGB35378,6/9/2023,45,45948.69,2023,FORD,EXPLORER
7/24/2023,AE,AEABRJ,160223,1,FSLP,"WATERFORD-F, LLC",1FMSK8DH2PGB35026,7/5/2023,19,46174.69,2023,FORD,EXPLORER
7/24/2023,AE,AEABRJ,160223,1,FSLP,"WATERFORD-F, LLC",1FMSK8DH2PGB35298,6/26/2023,28,46644.69,2023,FORD,EXPLORER
7/24/2023,AE,AEABRJ,160223,1,FSLP,"WATERFORD-F, LLC",1FMSK8DH3PGB32166,7/20/2023,4,45563.69,2023,FORD,EXPLORER
7/24/2023,AE,AEABRJ,160223,1,FSLP,"WATERFORD-F, LLC",1FMSK8DH7PGB35023,7/13/2023,11,46042.69,2023,FORD,EXPLORER
7/24/2023,AE,AEABRJ,160223,1,FSLP,"WATERFORD-F, LLC",1FMSK8DH7PGB35278,7/13/2023,11,47302.69,2023,FORD,EXPLORER
7/24/2023,AE,AEABRJ,160223,1,FSLP,"WATERFORD-F, LLC",1FMSK8DH9PGB00872,6/6/2023,48,45475.08,2023,FORD,EXPLORER
7/24/2023,AE,AEABRJ,160223,1,FSLP,"WATERFORD-F, LLC",1FTEW1EP0PFA76745,3/3/2023,143,55554.52,2023,FORD,F-150
7/24/2023,AE,AEABRJ,160223,1,FSLP,"WATERFORD-F, LLC",1FTEW1EP0PFB93953,7/20/2023,4,55095.26,2023,FORD,F-150
7/24/2023,AE,AEABRJ,160223,1,FSLP,"WATERFORD-F, LLC",1FTEW1EP0PFB94617,7/20/2023,4,56577.36,2023,FORD,F-150
7/24/2023,AE,AEABRJ,160223,1,FSLP,"WATERFORD-F, LLC",1FTEW1EP0PFC22660,7/20/2023,4,55300.26,2023,FORD,F-150
7/24/2023,AE,AEABRJ,160223,1,FSLP,"WATERFORD-F, LLC",1FTEW1EP1PFB07632,6/30/2023,24,48824.32,2023,FORD,F-150
7/24/2023,AE,AEABRJ,160223,1,FSLP,"WATERFORD-F, LLC",1FTEW1EP1PFB07727,6/30/2023,24,48824.32,2023,FORD,F-150
7/24/2023,AE,AEABRJ,160223,1,FSLP,"WATERFORD-F, LLC",1FTEW1EP1PFB07775,6/30/2023,24,48824.32,2023,FORD,F-150
7/24/2023,AE,AEABRJ,160223,1,FSLP,"WATERFORD-F, LLC",1FTEW1EP1PFB08599,6/30/2023,24,48824.32,2023,FORD,F-150
7/24/2023,AE,AEABRJ,160223,1,FSLP,"WATERFORD-F, LLC",1FTEW1EP1PFB94285,6/30/2023,24,48606.26,2023,FORD,F-150
7/24/2023,AE,AEABRJ,160223,1,FSLP,"WATERFORD-F, LLC",1FTEW1EP1PKE83352,7/20/2023,4,58228.36,2023,FORD,F-150
7/24/2023,AE,AEABRJ,160223,1,FSLP,"WATERFORD-F, LLC",1FTEW1EP2PFB93162,6/30/2023,24,55823.26,2023,FORD,F-150
7/24/2023,AE,AEABRJ,160223,1,FSLP,"WATERFORD-F, LLC",1FTEW1EP2PFB95106,7/20/2023,4,54713.26,2023,FORD,F-150
7/24/2023,AE,AEABRJ,160223,1,FSLP,"WATERFORD-F, LLC",1FTEW1EP2PKD98682,5/17/2023,68,55772.32,2023,FORD,F-150
7/24/2023,AE,AEABRJ,160223,1,FSLP,"WATERFORD-F, LLC",1FTEW1EP3PFB92053,6/30/2023,24,55504.26,2023,FORD,F-150
7/24/2023,AE,AEABRJ,160223,1,FSLP,"WATERFORD-F, LLC",1FTEW1EP3PFB94546,6/28/2023,26,57864.26,2023,FORD,F-150
7/24/2023,AE,AEABRJ,160223,1,FSLP,"WATERFORD-F, LLC",1FTEW1EP3PKD77596,6/30/2023,24,48824.32,2023,FORD,F-150
7/24/2023,AE,AEABRJ,160223,1,FSLP,"WATERFORD-F, LLC",1FTEW1EP4PFB00769,6/30/2023,24,50054.32,2023,FORD,F-150
7/24/2023,AE,AEABRJ,160223,1,FSLP,"WATERFORD-F, LLC",1FTEW1EP4PFC17154,6/29/2023,25,59002.36,2023,FORD,F-150
7/24/2023,AE,AEABRJ,160223,1,FSLP,"WATERFORD-F, LLC",1FTEW1EP5PFA98630,6/30/2023,24,48765.52,2023,FORD,F-150
7/24/2023,AE,AEABRJ,160223,1,FSLP,"WATERFORD-F, LLC",1FTEW1EP5PKE67168,6/20/2023,34,58566.26,2023,FORD,F-150
7/24/2023,AE,AEABRJ,160223,1,FSLP,"WATERFORD-F, LLC",1FTEW1EP6PFB91804,7/20/2023,4,57292.26,2023,FORD,F-150
7/24/2023,AE,AEABRJ,160223,1,FSLP,"WATERFORD-F, LLC",1FTEW1EP6PFC04051,6/20/2023,34,58809.26,2023,FORD,F-150
7/24/2023,AE,AEABRJ,160223,1,FSLP,"WATERFORD-F, LLC",1FTEW1EP6PFC17138,7/19/2023,5,55854.26,2023,FORD,F-150
7/24/2023,AE,AEABRJ,160223,1,FSLP,"WATERFORD-F, LLC",1FTEW1EP6PFC17866,6/29/2023,25,57726.26,2023,FORD,F-150
7/24/2023,AE,AEABRJ,160223,1,FSLP,"WATERFORD-F, LLC",1FTEW1EP7PFB93321,7/20/2023,4,57890.26,2023,FORD,F-150
7/24/2023,AE,AEABRJ,160223,1,FSLP,"WATERFORD-F, LLC",1FTEW1EP7PFB93335,6/28/2023,26,55899.36,2023,FORD,F-150
7/24/2023,AE,AEABRJ,160223,1,FSLP,"WATERFORD-F, LLC",1FTEW1EP7PKE67558,6/30/2023,24,55884.36,2023,FORD,F-150
7/24/2023,AE,AEABRJ,160223,1,FSLP,"WATERFORD-F, LLC",1FTEW1EP8PFB94901,6/30/2023,24,56456.26,2023,FORD,F-150
7/24/2023,AE,AEABRJ,160223,1,FSLP,"WATERFORD-F, LLC",1FTEW1EP8PFC18467,7/20/2023,4,56844.36,2023,FORD,F-150
7/24/2023,AE,AEABRJ,160223,1,FSLP,"WATERFORD-F, LLC",1FTEW1EP8PFC20767,7/20/2023,4,59908.36,2023,FORD,F-150
7/24/2023,AE,AEABRJ,160223,1,FSLP,"WATERFORD-F, LLC",1FTEW1EP9PFB93756,6/20/2023,34,55095.26,2023,FORD,F-150
7/24/2023,AE,AEABRJ,160223,1,FSLP,"WATERFORD-F, LLC",1FTEW1EP9PFB94387,6/20/2023,34,54776.26,2023,FORD,F-150
7/24/2023,AE,AEABRJ,160223,1,FSLP,"WATERFORD-F, LLC",1FTEW1EP9PFC19336,6/29/2023,25,55940.36,2023,FORD,F-150
7/24/2023,AE,AEABRJ,160223,1,FSLP,"WATERFORD-F, LLC",1FTEW1EP9PKE05692,5/1/2023,84,58020.32,2023,FORD,F-150
7/24/2023,AE,AEABRJ,160223,1,FSLP,"WATERFORD-F, LLC",1FTEW1EPXPFB92938,6/20/2023,34,56456.26,2023,FORD,F-150
7/24/2023,AE,AEABRJ,160223,1,FSLP,"WATERFORD-F, LLC",1FTEW1EPXPFB93278,6/28/2023,26,55823.26,2023,FORD,F-150
7/24/2023,AE,AEABRJ,160223,1,FSLP,"WATERFORD-F, LLC",1FTEW1EPXPFC02576,6/28/2023,26,56137.26,2023,FORD,F-150
7/24/2023,AE,AEABRJ,160223,1,FSLP,"WATERFORD-F, LLC",1FTEW1EPXPKE66808,7/20/2023,4,59336.26,2023,FORD,F-150
7/24/2023,AE,AEABRJ,160223,1,FSLP,"WATERFORD-F, LLC",1FTEW1EPXPKE84337,7/20/2023,4,57168.36,2023,FORD,F-150
7/24/2023,AE,AEABRJ,160223,1,FSLP,"WATERFORD-F, LLC",1FTFW1E5XPKE53222,6/30/2023,24,58259.36,2023,FORD,F-150
7/24/2023,AE,AEABRJ,160223,1,FSLP,"WATERFORD-F, LLC",1FTFW1E8XPKE62755,7/20/2023,4,62362.36,2023,FORD,F-150
7/24/2023,AE,AEABRJ,160223,1,FSLP,"WATERFORD-F, LLC",1FTFW1E50PFB90831,6/30/2023,24,58615.36,2023,FORD,F-150
7/24/2023,AE,AEABRJ,160223,1,FSLP,"WATERFORD-F, LLC",1FTFW1E52PKD42213,5/12/2023,73,59107.52,2023,FORD,F-150
7/24/2023,AE,AEABRJ,160223,1,FSLP,"WATERFORD-F, LLC",1FTFW1E52PKE50122,6/30/2023,24,60248.36,2023,FORD,F-150
7/24/2023,AE,AEABRJ,160223,1,FSLP,"WATERFORD-F, LLC",1FTFW1E52PKE54171,6/20/2023,34,58921.36,2023,FORD,F-150
7/24/2023,AE,AEABRJ,160223,1,FSLP,"WATERFORD-F, LLC",1FTFW1E52PKE62934,6/20/2023,34,60716.36,2023,FORD,F-150
7/24/2023,AE,AEABRJ,160223,1,FSLP,"WATERFORD-F, LLC",1FTFW1E59PKE48996,6/30/2023,24,63182.36,2023,FORD,F-150
7/24/2023,AE,AEABRJ,160223,1,FSLP,"WATERFORD-F, LLC",1FTFW1E80PKE63705,6/20/2023,34,60972.36,2023,FORD,F-150
7/24/2023,AE,AEABRJ,160223,1,FSLP,"WATERFORD-F, LLC",1FTFW1E80PKE67396,6/30/2023,24,64556.36,2023,FORD,F-150
7/24/2023,AE,AEABRJ,160223,1,FSLP,"WATERFORD-F, LLC",1FTFW1E81PFC23569,7/20/2023,4,59206.36,2023,FORD,F-150
7/24/2023,AE,AEABRJ,160223,1,FSLP,"WATERFORD-F, LLC",1FTFW1E81PKE63695,6/30/2023,24,60878.26,2023,FORD,F-150
7/24/2023,AE,AEABRJ,160223,1,FSLP,"WATERFORD-F, LLC",1FTFW1E83PFC01721,6/20/2023,34,61741.36,2023,FORD,F-150
7/24/2023,AE,AEABRJ,160223,1,FSLP,"WATERFORD-F, LLC",1FTFW1E84PKE63156,6/20/2023,34,62223.26,2023,FORD,F-150
7/24/2023,AE,AEABRJ,160223,1,FSLP,"WATERFORD-F, LLC",1FTFW1E85PFA71134,3/31/2023,115,57235.72,2023,FORD,F-150
7/24/2023,AE,AEABRJ,160223,1,FSLP,"WATERFORD-F, LLC",1FTFW1E85PKE82959,7/19/2023,5,59728.36,2023,FORD,F-150
7/24/2023,AE,AEABRJ,160223,1,FSLP,"WATERFORD-F, LLC",1FTFW1E87PKE62907,7/20/2023,4,63694.36,2023,FORD,F-150
7/24/2023,AE,AEABRJ,160223,1,FSLP,"WATERFORD-F, LLC",1FTFW1E87PKE67122,6/30/2023,24,63274.36,2023,FORD,F-150
7/24/2023,AE,AEABRJ,160223,1,FSLP,"WATERFORD-F, LLC",1FTFW1E88PKE63838,6/28/2023,26,64733.36,2023,FORD,F-150
7/24/2023,AE,AEABRJ,160223,1,FSLP,"WATERFORD-F, LLC",1FTFW1E89PKE63850,7/20/2023,4,58992.26,2023,FORD,F-150
7/24/2023,AE,AEABRJ,160223,1,FSLP,"WATERFORD-F, LLC",1FTFW1ED1PFB94619,7/20/2023,4,71361.81,2023,FORD,F-150
7/24/2023,AE,AEABRJ,160223,1,FSLP,"WATERFORD-F, LLC",1FTFW1ED9PFB63490,7/20/2023,4,57714.81,2023,FORD,F-150
7/24/2023,AE,AEABRJ,160223,1,FSLP,"WATERFORD-F, LLC",2FMPK4J9XPBA48509,7/7/2023,17,43895.69,2023,FORD,EDGE
7/24/2023,AE,AEABRJ,160223,1,FSLP,"WATERFORD-F, LLC",2FMPK4J97PBA33269,6/23/2023,31,43986.08,2023,FORD,EDGE
7/24/2023,AE,AEABRJ,160223,1,FSLP,"WATERFORD-F, LLC",2FMPK4J99PBA48386,6/29/2023,25,42340.69,2023,FORD,EDGE
7/24/2023,AE,AEABRJ,160223,1,FSLP,"WATERFORD-F, LLC",3FMCR9B64PRD67398,7/10/2023,14,32246.67,2023,FORD,BRONCO SPORT
7/24/2023,AE,AEABRJ,160223,1,MPG,"WATERFORD-F, LLC",1FM5K8GC6PGA29644,3/2/2023,144,59410.92,2023,FORD,EXPLORER
7/24/2023,AE,AEABRJ,160223,1,MPG,"WATERFORD-F, LLC",1FM5K8GC7PGA71305,5/15/2023,70,58941.72,2023,FORD,EXPLORER
7/24/2023,AE,AEABRJ,160223,1,MPG,"WATERFORD-F, LLC",1FM5K8GCXPGA61657,5/9/2023,76,58941.72,2023,FORD,EXPLORER
7/24/2023,AE,AEABRJ,160223,1,MPG,"WATERFORD-F, LLC",1FM5K8HC1PGA40761,4/5/2023,110,59602.72,2023,FORD,EXPLORER
7/24/2023,AE,AEABRJ,160223,1,MPG,"WATERFORD-F, LLC",1FMCU0GN1PUA04060,6/10/2023,44,30820.67,2023,FORD,ESCAPE
7/24/2023,AE,AEABRJ,160223,1,MPG,"WATERFORD-F, LLC",1FMCU9GN2PUA46631,7/22/2023,2,34036.67,2023,FORD,ESCAPE
7/24/2023,AE,AEABRJ,160223,1,MPG,"WATERFORD-F, LLC",1FMCU9GN3PUA01407,6/28/2023,26,31818.67,2023,FORD,ESCAPE
7/24/2023,AE,AEABRJ,160223,1,MPG,"WATERFORD-F, LLC",1FMCU9GN6PUA03698,6/29/2023,25,32006.67,2023,FORD,ESCAPE
7/24/2023,AE,AEABRJ,160223,1,MPG,"WATERFORD-F, LLC",1FMCU9GN6PUA24373,6/12/2023,42,32753.67,2023,FORD,ESCAPE
7/24/2023,AE,AEABRJ,160223,1,MPG,"WATERFORD-F, LLC",1FMCU9GN7PUA17089,6/21/2023,33,34033.44,2023,FORD,ESCAPE
7/24/2023,AE,AEABRJ,160223,1,MPG,"WATERFORD-F, LLC",1FMCU9GN9PUA47176,7/12/2023,12,34036.67,2023,FORD,ESCAPE
7/24/2023,AE,AEABRJ,160223,1,MPG,"WATERFORD-F, LLC",1FMCU9GN9PUA53690,7/12/2023,12,33886.67,2023,FORD,ESCAPE
7/24/2023,AE,AEABRJ,160223,1,MPG,"WATERFORD-F, LLC",1FMCU9GNXPUA14364,7/7/2023,17,32753.67,2023,FORD,ESCAPE
7/24/2023,AE,AEABRJ,160223,1,MPG,"WATERFORD-F, LLC",1FMCU9GNXPUA51558,7/22/2023,2,31818.67,2023,FORD,ESCAPE
7/24/2023,AE,AEABRJ,160223,1,MPG,"WATERFORD-F, LLC",1FMCU9JA6PUA09376,6/12/2023,42,39579.67,2023,FORD,ESCAPE
7/24/2023,AE,AEABRJ,160223,1,MPG,"WATERFORD-F, LLC",1FMCU9JA8PUA10559,6/23/2023,31,40326.67,2023,FORD,ESCAPE
7/24/2023,AE,AEABRJ,160223,1,MPG,"WATERFORD-F, LLC",1FMCU9NA1PUA37550,6/8/2023,46,37218.67,2023,FORD,ESCAPE
7/24/2023,AE,AEABRJ,160223,1,MPG,"WATERFORD-F, LLC",1FMCU9PA6PUA09935,6/22/2023,32,39204.67,2023,FORD,ESCAPE
7/24/2023,AE,AEABRJ,160223,1,MPG,"WATERFORD-F, LLC",1FMJK1M86PEA30097,7/21/2023,3,88017.3,2023,FORD,EXPEDITION
7/24/2023,AE,AEABRJ,160223,1,MPG,"WATERFORD-F, LLC",1FMSK8DH1NGC20811,4/28/2023,87,50115.36,2022,FORD,EXPLORER
7/24/2023,AE,AEABRJ,160223,1,MPG,"WATERFORD-F, LLC",1FMSK8DH1PGB09436,6/7/2023,47,47071.69,2023,FORD,EXPLORER
7/24/2023,AE,AEABRJ,160223,1,MPG,"WATERFORD-F, LLC",1FMSK8DH3PGA26168,6/1/2023,53,44402.69,2023,FORD,EXPLORER
7/24/2023,AE,AEABRJ,160223,1,MPG,"WATERFORD-F, LLC",1FMSK8DH4PGA95046,5/22/2023,63,48276.08,2023,FORD,EXPLORER
7/24/2023,AE,AEABRJ,160223,1,MPG,"WATERFORD-F, LLC",1FMSK8FH8PGA91238,5/4/2023,81,52446.08,2023,FORD,EXPLORER
7/24/2023,AE,AEABRJ,160223,1,MPG,"WATERFORD-F, LLC",1FTBW9CK9NKA00390,12/15/2022,221,61175,2022,FORD,TRANSIT
7/24/2023,AE,AEABRJ,160223,1,MPG,"WATERFORD-F, LLC",1FTEW1EP0PFB94004,7/18/2023,6,54713.26,2023,FORD,F-150
7/24/2023,AE,AEABRJ,160223,1,MPG,"WATERFORD-F, LLC",1FTEW1EP0PFB94911,7/17/2023,7,59234.26,2023,FORD,F-150
7/24/2023,AE,AEABRJ,160223,1,MPG,"WATERFORD-F, LLC",1FTEW1EP1PFB92701,7/17/2023,7,55273.26,2023,FORD,F-150
7/24/2023,AE,AEABRJ,160223,1,MPG,"WATERFORD-F, LLC",1FTEW1EP1PKE20946,7/10/2023,14,55660.52,2023,FORD,F-150
7/24/2023,AE,AEABRJ,160223,1,MPG,"WATERFORD-F, LLC",1FTEW1EP3NKD92192,11/1/2022,265,55365.42,2022,FORD,F-150
7/24/2023,AE,AEABRJ,160223,1,MPG,"WATERFORD-F, LLC",1FTEW1EP3PFB87712,6/20/2023,34,54776.26,2023,FORD,F-150
7/24/2023,AE,AEABRJ,160223,1,MPG,"WATERFORD-F, LLC",1FTEW1EP3PFB94045,6/20/2023,34,55823.26,2023,FORD,F-150
7/24/2023,AE,AEABRJ,160223,1,MPG,"WATERFORD-F, LLC",1FTEW1EP3PFB94255,7/10/2023,14,48647.26,2023,FORD,F-150
7/24/2023,AE,AEABRJ,160223,1,MPG,"WATERFORD-F, LLC",1FTEW1EP3PKE06336,7/7/2023,17,55926.32,2023,FORD,F-150
7/24/2023,AE,AEABRJ,160223,1,MPG,"WATERFORD-F, LLC",1FTEW1EP4PFB91834,7/17/2023,7,56137.26,2023,FORD,F-150
7/24/2023,AE,AEABRJ,160223,1,MPG,"WATERFORD-F, LLC",1FTEW1EP5PFB93267,7/22/2023,2,48556.26,2023,FORD,F-150
7/24/2023,AE,AEABRJ,160223,1,MPG,"WATERFORD-F, LLC",1FTEW1EP5PFB93365,7/17/2023,7,56634.26,2023,FORD,F-150
7/24/2023,AE,AEABRJ,160223,1,MPG,"WATERFORD-F, LLC",1FTEW1EP5PKE55313,7/17/2023,7,57298.26,2023,FORD,F-150
7/24/2023,AE,AEABRJ,160223,1,MPG,"WATERFORD-F, LLC",1FTEW1EP5PKE56607,6/22/2023,32,56860.26,2023,FORD,F-150
7/24/2023,AE,AEABRJ,160223,1,MPG,"WATERFORD-F, LLC",1FTEW1EP6PFB00031,5/22/2023,63,55891.32,2023,FORD,F-150
7/24/2023,AE,AEABRJ,160223,1,MPG,"WATERFORD-F, LLC",1FTEW1EP7PFB88264,7/7/2023,17,54143.26,2023,FORD,F-150
7/24/2023,AE,AEABRJ,160223,1,MPG,"WATERFORD-F, LLC",1FTEW1EP7PFB93724,6/23/2023,31,55095.26,2023,FORD,F-150
7/24/2023,AE,AEABRJ,160223,1,MPG,"WATERFORD-F, LLC",1FTEW1EP8PFB93490,7/18/2023,6,54462.26,2023,FORD,F-150
7/24/2023,AE,AEABRJ,160223,1,MPG,"WATERFORD-F, LLC",1FTEW1EP8PKE56147,7/10/2023,14,57184.26,2023,FORD,F-150
7/24/2023,AE,AEABRJ,160223,1,MPG,"WATERFORD-F, LLC",1FTEW1EP9PFC17831,7/22/2023,2,58005.36,2023,FORD,F-150
7/24/2023,AE,AEABRJ,160223,1,MPG,"WATERFORD-F, LLC",1FTEW1EPXPFB92759,7/18/2023,6,54776.26,2023,FORD,F-150
7/24/2023,AE,AEABRJ,160223,1,MPG,"WATERFORD-F, LLC",1FTEW1EPXPKE20959,7/18/2023,6,54565.32,2023,FORD,F-150
7/24/2023,AE,AEABRJ,160223,1,MPG,"WATERFORD-F, LLC",1FTEW1EPXPKE55503,6/20/2023,34,56301.26,2023,FORD,F-150
7/24/2023,AE,AEABRJ,160223,1,MPG,"WATERFORD-F, LLC",1FTEX1EP6PKE55785,7/22/2023,2,46736.73,2023,FORD,F-150
7/24/2023,AE,AEABRJ,160223,1,MPG,"WATERFORD-F, LLC",1FTFW1E8XPFA67595,3/31/2023,115,59212.52,2023,FORD,F-150
7/24/2023,AE,AEABRJ,160223,1,MPG,"WATERFORD-F, LLC",1FTFW1E8XPFA68195,3/18/2023,128,58657.52,2023,FORD,F-150
7/24/2023,AE,AEABRJ,160223,1,MPG,"WATERFORD-F, LLC",1FTFW1E8XPKD37495,2/20/2023,154,58421.52,2023,FORD,F-150
7/24/2023,AE,AEABRJ,160223,1,MPG,"WATERFORD-F, LLC",1FTFW1E50PFB94104,7/7/2023,17,56568.26,2023,FORD,F-150
7/24/2023,AE,AEABRJ,160223,1,MPG,"WATERFORD-F, LLC",1FTFW1E52PFB94072,6/29/2023,25,58887.36,2023,FORD,F-150
7/24/2023,AE,AEABRJ,160223,1,MPG,"WATERFORD-F, LLC",1FTFW1E53PFB86689,6/24/2023,30,60848.36,2023,FORD,F-150
7/24/2023,AE,AEABRJ,160223,1,MPG,"WATERFORD-F, LLC",1FTFW1E55PFB91876,7/22/2023,2,59057.36,2023,FORD,F-150
7/24/2023,AE,AEABRJ,160223,1,MPG,"WATERFORD-F, LLC",1FTFW1E58PKE48844,6/7/2023,47,60863.36,2023,FORD,F-150
7/24/2023,AE,AEABRJ,160223,1,MPG,"WATERFORD-F, LLC",1FTFW1E58PKE54725,7/7/2023,17,61212.36,2023,FORD,F-150
7/24/2023,AE,AEABRJ,160223,1,MPG,"WATERFORD-F, LLC",1FTFW1E59PFB87510,6/30/2023,24,60773.36,2023,FORD,F-150
7/24/2023,AE,AEABRJ,160223,1,MPG,"WATERFORD-F, LLC",1FTFW1E80PFA70490,6/20/2023,34,59652.72,2023,FORD,F-150
7/24/2023,AE,AEABRJ,160223,1,MPG,"WATERFORD-F, LLC",1FTFW1E80PKD40468,1/23/2023,182,58848.52,2023,FORD,F-150
7/24/2023,AE,AEABRJ,160223,1,MPG,"WATERFORD-F, LLC",1FTFW1E81PFA70157,4/20/2023,95,59847.72,2023,FORD,F-150
7/24/2023,AE,AEABRJ,160223,1,MPG,"WATERFORD-F, LLC",1FTFW1E81PKD41001,3/2/2023,144,58328.72,2023,FORD,F-150
7/24/2023,AE,AEABRJ,160223,1,MPG,"WATERFORD-F, LLC",1FTFW1E81PKE62272,7/22/2023,2,64202.36,2023,FORD,F-150
7/24/2023,AE,AEABRJ,160223,1,MPG,"WATERFORD-F, LLC",1FTFW1E82PFA71219,4/26/2023,89,59292.72,2023,FORD,F-150
7/24/2023,AE,AEABRJ,160223,1,MPG,"WATERFORD-F, LLC",1FTFW1E83PFA69172,6/20/2023,34,58218.52,2023,FORD,F-150
7/24/2023,AE,AEABRJ,160223,1,MPG,"WATERFORD-F, LLC",1FTFW1E84PFA70170,5/9/2023,76,59090.52,2023,FORD,F-150
7/24/2023,AE,AEABRJ,160223,1,MPG,"WATERFORD-F, LLC",1FTFW1E84PFA70492,3/28/2023,118,60079.72,2023,FORD,F-150
7/24/2023,AE,AEABRJ,160223,1,MPG,"WATERFORD-F, LLC",1FTFW1E84PFA72257,2/27/2023,147,59388.72,2023,FORD,F-150
7/24/2023,AE,AEABRJ,160223,1,MPG,"WATERFORD-F, LLC",1FTFW1E84PKD37458,2/23/2023,151,58909.72,2023,FORD,F-150
7/24/2023,AE,AEABRJ,160223,1,MPG,"WATERFORD-F, LLC",1FTFW1E84PKD42241,2/24/2023,150,58513.72,2023,FORD,F-150
7/24/2023,AE,AEABRJ,160223,1,MPG,"WATERFORD-F, LLC",1FTFW1E85PFA70291,3/13/2023,133,58847.32,2023,FORD,F-150
7/24/2023,AE,AEABRJ,160223,1,MPG,"WATERFORD-F, LLC",1FTFW1E85PKD41292,2/24/2023,150,58755.72,2023,FORD,F-150
7/24/2023,AE,AEABRJ,160223,1,MPG,"WATERFORD-F, LLC",1FTFW1E86PFA70168,4/4/2023,111,58386.32,2023,FORD,F-150
7/24/2023,AE,AEABRJ,160223,1,MPG,"WATERFORD-F, LLC",1FTFW1E86PFA70798,4/17/2023,98,57564.52,2023,FORD,F-150
7/24/2023,AE,AEABRJ,160223,1,MPG,"WATERFORD-F, LLC",1FTFW1E86PKD38014,4/8/2023,107,57577.72,2023,FORD,F-150
7/24/2023,AE,AEABRJ,160223,1,MPG,"WATERFORD-F, LLC",1FTFW1E87PFA70793,3/28/2023,118,59464.72,2023,FORD,F-150
7/24/2023,AE,AEABRJ,160223,1,MPG,"WATERFORD-F, LLC",1FTFW1E87PKE67282,7/7/2023,17,61700.36,2023,FORD,F-150
7/24/2023,AE,AEABRJ,160223,1,MPG,"WATERFORD-F, LLC",1FTFW1E88PFA66185,5/9/2023,76,59305.72,2023,FORD,F-150
7/24/2023,AE,AEABRJ,160223,1,MPG,"WATERFORD-F, LLC",1FTFW1E88PFA68230,4/7/2023,108,58657.52,2023,FORD,F-150
7/24/2023,AE,AEABRJ,160223,1,MPG,"WATERFORD-F, LLC",1FTFW1E88PFB77884,7/13/2023,11,61643.36,2023,FORD,F-150
7/24/2023,AE,AEABRJ,160223,1,MPG,"WATERFORD-F, LLC",1FTFW1E88PKD40279,3/1/2023,145,58961.72,2023,FORD,F-150
7/24/2023,AE,AEABRJ,160223,1,MPG,"WATERFORD-F, LLC",1FTFW1E89PFA69564,4/26/2023,89,59097.72,2023,FORD,F-150
7/24/2023,AE,AEABRJ,160223,1,MPG,"WATERFORD-F, LLC",1FTFW1E89PFA70228,4/19/2023,96,59840.52,2023,FORD,F-150
7/24/2023,AE,AEABRJ,160223,1,MPG,"WATERFORD-F, LLC",1FTFW1E89PKD37651,1/23/2023,182,58751.52,2023,FORD,F-150
7/24/2023,AE,AEABRJ,160223,1,MPG,"WATERFORD-F, LLC",1FTFW1E89PKD39934,3/1/2023,145,58315.52,2023,FORD,F-150
7/24/2023,AE,AEABRJ,160223,1,MPG,"WATERFORD-F, LLC",1FTFW1ED1PFB39118,5/22/2023,63,59992.92,2023,FORD,F-150
7/24/2023,AE,AEABRJ,160223,1,MPG,"WATERFORD-F, LLC",2FMPK4AP1PBA46923,7/13/2023,11,53566.69,2023,FORD,EDGE
7/24/2023,AE,AEABRJ,160223,1,MPG,"WATERFORD-F, LLC",3FMCR9B67PRD40339,6/7/2023,47,34001.44,2023,FORD,BRONCO SPORT
7/24/2023,AE,AEABRJ,160223,1,MPG,"WATERFORD-F, LLC",3FMCR9C63PRD13086,5/4/2023,81,37381.84,2023,FORD,BRONCO SPORT
7/24/2023,AE,AEABRJ,160223,1,MPG,"WATERFORD-F, LLC",3FMCR9C69PRD02772,5/5/2023,80,36032.84,2023,FORD,BRONCO SPORT
7/24/2023,AE,AEABRJ,160223,1,NEW,"WATERFORD-F, LLC",1FATP8FF2P5100154,3/6/2023,140,52450.32,2023,FORD,MUSTANG
7/24/2023,AE,AEABRJ,160223,1,NEW,"WATERFORD-F, LLC",1FD0W5HN9PEC03537,6/19/2023,35,60786.8,2023,FORD,F-550
7/24/2023,AE,AEABRJ,160223,1,NEW,"WATERFORD-F, LLC",1FD0W5HT1PEC55078,7/6/2023,18,69869.6,2023,FORD,F-550
7/24/2023,AE,AEABRJ,160223,1,NEW,"WATERFORD-F, LLC",1FD0X5GT6PEC03539,6/13/2023,41,64437.6,2023,FORD,F-550
7/24/2023,AE,AEABRJ,160223,1,NEW,"WATERFORD-F, LLC",1FD0X5HT4PEC03540,6/15/2023,39,73451.6,2023,FORD,F-550
7/24/2023,AE,AEABRJ,160223,1,NEW,"WATERFORD-F, LLC",1FDFF6LT2PDA00470,6/18/2023,36,65154.9,2023,FORD,F600
7/24/2023,AE,AEABRJ,160223,1,NEW,"WATERFORD-F, LLC",1FDFF6LT4PDA00471,6/10/2023,44,65154.9,2023,FORD,F600
7/24/2023,AE,AEABRJ,160223,1,NEW,"WATERFORD-F, LLC",1FDFF6LT6PDA00469,6/10/2023,44,65154.9,2023,FORD,F600
7/24/2023,AE,AEABRJ,160223,1,NEW,"WATERFORD-F, LLC",1FDFF6LT8PDA00473,6/10/2023,44,65154.9,2023,FORD,F600
7/24/2023,AE,AEABRJ,160223,1,NEW,"WATERFORD-F, LLC",1FDUF5GN2PEC03527,5/30/2023,55,51721.8,2023,FORD,F-550
7/24/2023,AE,AEABRJ,160223,1,NEW,"WATERFORD-F, LLC",1FDUF5GT0PEC03525,6/13/2023,41,68508.68,2023,FORD,F-550
7/24/2023,AE,AEABRJ,160223,1,NEW,"WATERFORD-F, LLC",1FDUF5HN1PEC03534,6/3/2023,51,57026.8,2023,FORD,F-550
7/24/2023,AE,AEABRJ,160223,1,NEW,"WATERFORD-F, LLC",1FDUF5HT5PEC03535,6/28/2023,26,64935.6,2023,FORD,F-550
7/24/2023,AE,AEABRJ,160223,1,NEW,"WATERFORD-F, LLC",1FDUF5HT6PEC03530,7/16/2023,8,66479.6,2023,FORD,F-550
7/24/2023,AE,AEABRJ,160223,1,NEW,"WATERFORD-F, LLC",1FDUF5HTXPEC03532,7/20/2023,4,66479.6,2023,FORD,F-550
7/24/2023,AE,AEABRJ,160223,1,NEW,"WATERFORD-F, LLC",1FM5K8HC5NGB95746,3/8/2023,138,58131.24,2022,FORD,EXPLORER
7/24/2023,AE,AEABRJ,160223,1,NEW,"WATERFORD-F, LLC",1FM5K8HC6PGA15418,5/30/2023,55,58337.92,2023,FORD,EXPLORER
7/24/2023,AE,AEABRJ,160223,1,NEW,"WATERFORD-F, LLC",1FM5K8HC9PGA47196,3/14/2023,132,58930.72,2023,FORD,EXPLORER
7/24/2023,AE,AEABRJ,160223,1,NEW,"WATERFORD-F, LLC",1FM5K8LC8NGC20663,3/8/2023,138,56568.24,2022,FORD,EXPLORER
7/24/2023,AE,AEABRJ,160223,1,NEW,"WATERFORD-F, LLC",1FMCU0GN4PUA02030,6/14/2023,40,29402.44,2023,FORD,ESCAPE
7/24/2023,AE,AEABRJ,160223,1,NEW,"WATERFORD-F, LLC",1FMCU9GN2PUA16528,6/25/2023,29,34033.44,2023,FORD,ESCAPE
7/24/2023,AE,AEABRJ,160223,1,NEW,"WATERFORD-F, LLC",1FMCU9GN2PUA18649,6/20/2023,34,32750.44,2023,FORD,ESCAPE
7/24/2023,AE,AEABRJ,160223,1,NEW,"WATERFORD-F, LLC",1FMCU9GN2PUA27951,7/24/2023,0,35385.67,2023,FORD,ESCAPE
7/24/2023,AE,AEABRJ,160223,1,NEW,"WATERFORD-F, LLC",1FMCU9GN4PUA05322,7/19/2023,5,34036.67,2023,FORD,ESCAPE
7/24/2023,AE,AEABRJ,160223,1,NEW,"WATERFORD-F, LLC",1FMCU9GN4PUA23223,6/21/2023,33,33883.44,2023,FORD,ESCAPE
7/24/2023,AE,AEABRJ,160223,1,NEW,"WATERFORD-F, LLC",1FMCU9GNXPUA16700,7/18/2023,6,31815.44,2023,FORD,ESCAPE
7/24/2023,AE,AEABRJ,160223,1,NEW,"WATERFORD-F, LLC",1FMCU9GNXPUA16728,7/18/2023,6,32900.44,2023,FORD,ESCAPE
7/24/2023,AE,AEABRJ,160223,1,NEW,"WATERFORD-F, LLC",1FMCU9H99NUB64870,3/31/2023,115,39068.73,2022,FORD,ESCAPE
7/24/2023,AE,AEABRJ,160223,1,NEW,"WATERFORD-F, LLC",1FMCU9JA1PUA22116,7/17/2023,7,37987.44,2023,FORD,ESCAPE
7/24/2023,AE,AEABRJ,160223,1,NEW,"WATERFORD-F, LLC",1FMEE5BP8PLB17442,7/15/2023,9,47066.4,2023,FORD,BRONCO
7/24/2023,AE,AEABRJ,160223,1,NEW,"WATERFORD-F, LLC",1FMJU1J83PEA25647,7/10/2023,14,63979,2023,FORD,EXPEDITION
7/24/2023,AE,AEABRJ,160223,1,NEW,"WATERFORD-F, LLC",1FMJU1RG4PEA39763,7/19/2023,5,79855.75,2023,FORD,EXPEDITION
7/24/2023,AE,AEABRJ,160223,1,NEW,"WATERFORD-F, LLC",1FMJU1RT5NEA16647,6/11/2022,408,77625,2022,FORD,EXPEDITION
7/24/2023,AE,AEABRJ,160223,1,NEW,"WATERFORD-F, LLC",1FMSK8DH2PGB01989,6/26/2023,28,47590.08,2023,FORD,EXPLORER
7/24/2023,AE,AEABRJ,160223,1,NEW,"WATERFORD-F, LLC",1FMSK8DH4PGA93975,6/16/2023,38,45506.08,2023,FORD,EXPLORER
7/24/2023,AE,AEABRJ,160223,1,NEW,"WATERFORD-F, LLC",1FMSK8DH9PGA47106,3/14/2023,132,49908.88,2023,FORD,EXPLORER
7/24/2023,AE,AEABRJ,160223,1,NEW,"WATERFORD-F, LLC",1FMSK8JH9NGC48036,3/14/2023,132,51456.88,2022,FORD,EXPLORER
7/24/2023,AE,AEABRJ,160223,1,NEW,"WATERFORD-F, LLC",1FT7W2BT1PEC16565,6/20/2023,34,60405.48,2023,FORD,F-250
7/24/2023,AE,AEABRJ,160223,1,NEW,"WATERFORD-F, LLC",1FT7W2BT3PEC16566,6/19/2023,35,60405.48,2023,FORD,F-250
7/24/2023,AE,AEABRJ,160223,1,NEW,"WATERFORD-F, LLC",1FT7W2BTXPEC16564,6/25/2023,29,60406.92,2023,FORD,F-250
7/24/2023,AE,AEABRJ,160223,1,NEW,"WATERFORD-F, LLC",1FT8W3BT5PEC22461,6/29/2023,25,81501.86,2023,FORD,F-350
7/24/2023,AE,AEABRJ,160223,1,NEW,"WATERFORD-F, LLC",1FT8X2BA0PEC16573,6/11/2023,43,55519.88,2023,FORD,F-250
7/24/2023,AE,AEABRJ,160223,1,NEW,"WATERFORD-F, LLC",1FT8X2BA2PEC16574,6/13/2023,41,55519.88,2023,FORD,F-250
7/24/2023,AE,AEABRJ,160223,1,NEW,"WATERFORD-F, LLC",1FT8X2BA4PEC16575,6/15/2023,39,55519.88,2023,FORD,F-250
7/24/2023,AE,AEABRJ,160223,1,NEW,"WATERFORD-F, LLC",1FT8X2BA7PEC16568,6/13/2023,41,55519.88,2023,FORD,F-250
7/24/2023,AE,AEABRJ,160223,1,NEW,"WATERFORD-F, LLC",1FT8X2BA7PEC16571,6/11/2023,43,55519.88,2023,FORD,F-250
7/24/2023,AE,AEABRJ,160223,1,NEW,"WATERFORD-F, LLC",1FT8X2BA8PEC16577,6/13/2023,41,55519.88,2023,FORD,F-250
7/24/2023,AE,AEABRJ,160223,1,NEW,"WATERFORD-F, LLC",1FT8X3BA2PEC41402,6/3/2023,51,51658.88,2023,FORD,F-350
7/24/2023,AE,AEABRJ,160223,1,NEW,"WATERFORD-F, LLC",1FTBW3XK0NKA46813,7/1/2022,388,60585,2022,FORD,TRANSIT
7/24/2023,AE,AEABRJ,160223,1,NEW,"WATERFORD-F, LLC",1FTEW1EP1PFB27282,6/17/2023,37,54411.32,2023,FORD,F-150
7/24/2023,AE,AEABRJ,160223,1,NEW,"WATERFORD-F, LLC",1FTEW1EP2PFA19432,2/20/2023,154,62016.52,2023,FORD,F-150
7/24/2023,AE,AEABRJ,160223,1,NEW,"WATERFORD-F, LLC",1FTEW1EP2PFB30031,6/6/2023,48,54565.32,2023,FORD,F-150
7/24/2023,AE,AEABRJ,160223,1,NEW,"WATERFORD-F, LLC",1FTEW1EP4PFB08578,6/5/2023,49,48824.32,2023,FORD,F-150
7/24/2023,AE,AEABRJ,160223,1,NEW,"WATERFORD-F, LLC",1FTEW1EP4PFB32475,6/17/2023,37,57251.52,2023,FORD,F-150
7/24/2023,AE,AEABRJ,160223,1,NEW,"WATERFORD-F, LLC",1FTEW1EP4PKD98313,6/4/2023,50,57842.32,2023,FORD,F-150
7/24/2023,AE,AEABRJ,160223,1,NEW,"WATERFORD-F, LLC",1FTEW1EP4PKE25025,7/20/2023,4,54262.26,2023,FORD,F-150
7/24/2023,AE,AEABRJ,160223,1,NEW,"WATERFORD-F, LLC",1FTEW1EP5PFA20395,1/28/2023,177,57306.52,2023,FORD,F-150
7/24/2023,AE,AEABRJ,160223,1,NEW,"WATERFORD-F, LLC",1FTEW1EP5PFB06306,5/21/2023,64,48824.32,2023,FORD,F-150
7/24/2023,AE,AEABRJ,160223,1,NEW,"WATERFORD-F, LLC",1FTEW1EP6PFA08210,2/20/2023,154,51095.52,2023,FORD,F-150
7/24/2023,AE,AEABRJ,160223,1,NEW,"WATERFORD-F, LLC",1FTEW1EP6PFB30629,6/21/2023,33,54246.32,2023,FORD,F-150
7/24/2023,AE,AEABRJ,160223,1,NEW,"WATERFORD-F, LLC",1FTEW1EP7PFB06839,6/1/2023,53,48824.32,2023,FORD,F-150
7/24/2023,AE,AEABRJ,160223,1,NEW,"WATERFORD-F, LLC",1FTEW1EP8PKD90294,6/8/2023,46,55917.32,2023,FORD,F-150
7/24/2023,AE,AEABRJ,160223,1,NEW,"WATERFORD-F, LLC",1FTEW1EP9PFB08947,5/2/2023,83,48824.32,2023,FORD,F-150
7/24/2023,AE,AEABRJ,160223,1,NEW,"WATERFORD-F, LLC",1FTEW1EP9PKD98629,6/5/2023,49,59584.32,2023,FORD,F-150
7/24/2023,AE,AEABRJ,160223,1,NEW,"WATERFORD-F, LLC",1FTEW1EP9PKE06258,6/4/2023,50,54966.32,2023,FORD,F-150
7/24/2023,AE,AEABRJ,160223,1,NEW,"WATERFORD-F, LLC",1FTEW1EPXPKD06654,2/15/2023,159,49092.72,2023,FORD,F-150
7/24/2023,AE,AEABRJ,160223,1,NEW,"WATERFORD-F, LLC",1FTFW1E50PFA69958,6/5/2023,49,59266.52,2023,FORD,F-150
7/24/2023,AE,AEABRJ,160223,1,NEW,"WATERFORD-F, LLC",1FTFW1E55PFA65937,5/21/2023,64,57039.52,2023,FORD,F-150
7/24/2023,AE,AEABRJ,160223,1,NEW,"WATERFORD-F, LLC",1FTFW1E57PFA69634,4/6/2023,109,56961.52,2023,FORD,F-150
7/24/2023,AE,AEABRJ,160223,1,NEW,"WATERFORD-F, LLC",1FTFW1E58PFA69268,4/6/2023,109,57039.52,2023,FORD,F-150
7/24/2023,AE,AEABRJ,160223,1,NEW,"WATERFORD-F, LLC",1FTFW1E81PFA65959,4/6/2023,109,57007.72,2023,FORD,F-150
7/24/2023,AE,AEABRJ,160223,1,NEW,"WATERFORD-F, LLC",1FTFW1E81PKD83362,7/2/2023,22,56023.32,2023,FORD,F-150
7/24/2023,AE,AEABRJ,160223,1,NEW,"WATERFORD-F, LLC",1FTFW1E82PFA69390,5/8/2023,77,60274.72,2023,FORD,F-150
7/24/2023,AE,AEABRJ,160223,1,NEW,"WATERFORD-F, LLC",1FTFW1E85PFA68377,5/7/2023,78,57228.52,2023,FORD,F-150
7/24/2023,AE,AEABRJ,160223,1,NEW,"WATERFORD-F, LLC",1FTFW1E85PKE06710,6/26/2023,28,61327.52,2023,FORD,F-150
7/24/2023,AE,AEABRJ,160223,1,NEW,"WATERFORD-F, LLC",1FTFW1E86PFA68596,4/27/2023,88,59370.72,2023,FORD,F-150
7/24/2023,AE,AEABRJ,160223,1,NEW,"WATERFORD-F, LLC",1FTFW1ED3PFB48032,7/19/2023,5,75582.92,2023,FORD,F-150
7/24/2023,AE,AEABRJ,160223,1,NEW,"WATERFORD-F, LLC",1FTFW1ED9PFB30151,7/24/2023,0,67861.92,2023,FORD,F-150
7/24/2023,AE,AEABRJ,160223,1,NEW,"WATERFORD-F, LLC",1FTRF3A62NEG45723,3/1/2023,145,46325.16,2022,FORD,F-350
7/24/2023,AE,AEABRJ,160223,1,NEW,"WATERFORD-F, LLC",1FTRF3A67NEG45720,3/1/2023,145,46325.16,2022,FORD,F-350
7/24/2023,AE,AEABRJ,160223,1,NEW,"WATERFORD-F, LLC",1FTRF3A69NEG45721,3/4/2023,142,46325.16,2022,FORD,F-350
7/24/2023,AE,AEABRJ,160223,1,NEW,"WATERFORD-F, LLC",1FTRF3BN2NEG32069,3/14/2023,132,51531.68,2022,FORD,F-350
7/24/2023,AE,AEABRJ,160223,1,NEW,"WATERFORD-F, LLC",1FTRF3BN2NEG32072,3/13/2023,133,51349.68,2022,FORD,F-350
7/24/2023,AE,AEABRJ,160223,1,NEW,"WATERFORD-F, LLC",1FTRF3BN4PEC60866,6/28/2023,26,55376.88,2023,FORD,F-350
7/24/2023,AE,AEABRJ,160223,1,NEW,"WATERFORD-F, LLC",1FTRF3BN6PEC60867,6/20/2023,34,55376.88,2023,FORD,F-350
7/24/2023,AE,AEABRJ,160223,1,NEW,"WATERFORD-F, LLC",1FTRF3BN8PEC60868,7/23/2023,1,55376.88,2023,FORD,F-350
7/24/2023,AE,AEABRJ,160223,1,NEW,"WATERFORD-F, LLC",1FTRF3BN9NEG32070,3/13/2023,133,51531.68,2022,FORD,F-350
7/24/2023,AE,AEABRJ,160223,1,NEW,"WATERFORD-F, LLC",2FMPK4J94PBA33262,7/17/2023,7,42251.69,2023,FORD,EDGE
7/24/2023,AE,AEABRJ,160223,1,NEW,"WATERFORD-F, LLC",3FMCR9C60PRD47468,6/18/2023,36,36293.44,2023,FORD,BRONCO SPORT
7/24/2023,AE,AEABRJ,160223,1,NEW,"WATERFORD-F, LLC",3FMCR9C61PRD53067,6/26/2023,28,36105.44,2023,FORD,BRONCO SPORT
7/24/2023,AE,AEABRJ,160223,1,NEW,"WATERFORD-F, LLC",3FMCR9C62PRD51604,6/26/2023,28,36228.44,2023,FORD,BRONCO SPORT
7/24/2023,AE,AEABRJ,160223,1,NEW,"WATERFORD-F, LLC",3FMCR9C63PRD52504,6/26/2023,28,36255.44,2023,FORD,BRONCO SPORT
7/24/2023,AE,AEABRJ,160223,1,NEW,"WATERFORD-F, LLC",3FMCR9C67PRD53638,6/26/2023,28,36378.44,2023,FORD,BRONCO SPORT
7/24/2023,AE,AEABRJ,160223,1,NEW,"WATERFORD-F, LLC",3FMCR9C68PRD52840,6/26/2023,28,36255.44,2023,FORD,BRONCO SPORT
7/24/2023,AE,AEABRJ,160223,1,NEW,"WATERFORD-F, LLC",3FMCR9C69PRD47050,6/15/2023,39,36293.44,2023,FORD,BRONCO SPORT
7/24/2023,AE,AEABRJ,160223,1,NEW,"WATERFORD-F, LLC",3FMCR9C69PRD50434,7/6/2023,18,36416.44,2023,FORD,BRONCO SPORT
7/24/2023,AE,AEABRJ,160223,1,NEW,"WATERFORD-F, LLC",3FMTK1SS7PMA18686,7/2/2023,22,51045,2023,FORD,MUSTANG MACH-E
7/24/2023,AE,AEABRJ,160223,1,PANW,"WATERFORD-F, LLC",1FD0W5HT9PEC03536,5/16/2023,69,71217.6,2023,FORD,F-550
7/24/2023,AE,AEABRJ,160223,1,PANW,"WATERFORD-F, LLC",1FD0X5HN1PED48259,7/22/2023,2,58567.4,2023,FORD,F-550
7/24/2023,AE,AEABRJ,160223,1,PANW,"WATERFORD-F, LLC",1FMCU0GN2PUA36922,5/31/2023,54,30132.67,2023,FORD,ESCAPE
7/24/2023,AE,AEABRJ,160223,1,PANW,"WATERFORD-F, LLC",1FMCU0GNXPUA06101,5/30/2023,55,30820.67,2023,FORD,ESCAPE
7/24/2023,AE,AEABRJ,160223,1,PANW,"WATERFORD-F, LLC",1FMCU0MZXPUA39963,6/5/2023,49,34506.67,2023,FORD,ESCAPE
7/24/2023,AE,AEABRJ,160223,1,PANW,"WATERFORD-F, LLC",1FMCU9GN0PUA50502,5/31/2023,54,34036.67,2023,FORD,ESCAPE
7/24/2023,AE,AEABRJ,160223,1,PANW,"WATERFORD-F, LLC",1FMCU9GN2PUA03455,6/5/2023,49,31818.67,2023,FORD,ESCAPE
7/24/2023,AE,AEABRJ,160223,1,PANW,"WATERFORD-F, LLC",1FMCU9GN2PUA47651,5/25/2023,60,34036.67,2023,FORD,ESCAPE
7/24/2023,AE,AEABRJ,160223,1,PANW,"WATERFORD-F, LLC",1FMCU9GN3PUA50803,6/2/2023,52,33467.67,2023,FORD,ESCAPE
7/24/2023,AE,AEABRJ,160223,1,PANW,"WATERFORD-F, LLC",1FMCU9GN6PUA50715,5/31/2023,54,34036.67,2023,FORD,ESCAPE
7/24/2023,AE,AEABRJ,160223,1,PANW,"WATERFORD-F, LLC",1FMCU9GN6PUA54084,6/27/2023,27,33886.67,2023,FORD,ESCAPE
7/24/2023,AE,AEABRJ,160223,1,PANW,"WATERFORD-F, LLC",1FMCU9GN7PUA47158,6/2/2023,52,34036.67,2023,FORD,ESCAPE
7/24/2023,AE,AEABRJ,160223,1,PANW,"WATERFORD-F, LLC",1FMCU9GN7PUA50643,5/31/2023,54,34036.67,2023,FORD,ESCAPE
7/24/2023,AE,AEABRJ,160223,1,PANW,"WATERFORD-F, LLC",1FMCU9MN7PUA52347,6/21/2023,33,610,2023,FORD,ESCAPE
7/24/2023,AE,AEABRJ,160223,1,PANW,"WATERFORD-F, LLC",1FMCU9NZ3PUA17919,5/15/2023,70,35665.44,2023,FORD,ESCAPE
7/24/2023,AE,AEABRJ,160223,1,PANW,"WATERFORD-F, LLC",1FMCU9PA4PUA13126,6/5/2023,49,38269.67,2023,FORD,ESCAPE
7/24/2023,AE,AEABRJ,160223,1,PANW,"WATERFORD-F, LLC",1FMCU9PZ1PUA09718,5/15/2023,70,42924.44,2023,FORD,ESCAPE
7/24/2023,AE,AEABRJ,160223,1,PANW,"WATERFORD-F, LLC",1FMDE5AH1PLB77455,7/19/2023,5,43265.2,2023,FORD,BRONCO
7/24/2023,AE,AEABRJ,160223,1,PANW,"WATERFORD-F, LLC",1FMDE5AH4PLB56616,7/1/2023,23,42483.2,2023,FORD,BRONCO
7/24/2023,AE,AEABRJ,160223,1,PANW,"WATERFORD-F, LLC",1FMDE5CP4PLB55907,6/16/2023,38,63246.2,2023,FORD,BRONCO
7/24/2023,AE,AEABRJ,160223,1,PANW,"WATERFORD-F, LLC",1FMDE5DH8PLB63984,7/13/2023,11,55252.2,2023,FORD,BRONCO
7/24/2023,AE,AEABRJ,160223,1,PANW,"WATERFORD-F, LLC",1FMEE5BP3PLB54592,6/20/2023,34,46896.2,2023,FORD,BRONCO
7/24/2023,AE,AEABRJ,160223,1,PANW,"WATERFORD-F, LLC",1FMEE5BP5PLB55291,7/20/2023,4,56939.2,2023,FORD,BRONCO
7/24/2023,AE,AEABRJ,160223,1,PANW,"WATERFORD-F, LLC",1FMEE5BP8PLB64308,7/18/2023,6,44162.2,2023,FORD,BRONCO
7/24/2023,AE,AEABRJ,160223,1,PANW,"WATERFORD-F, LLC",1FMEE5DP0PLB54725,7/13/2023,11,62588.2,2023,FORD,BRONCO
7/24/2023,AE,AEABRJ,160223,1,PANW,"WATERFORD-F, LLC",1FMEE5DP0PLB65921,7/8/2023,16,55580.2,2023,FORD,BRONCO
7/24/2023,AE,AEABRJ,160223,1,PANW,"WATERFORD-F, LLC",1FMEE5DP0PLB67314,7/1/2023,23,57404.2,2023,FORD,BRONCO
7/24/2023,AE,AEABRJ,160223,1,PANW,"WATERFORD-F, LLC",1FMEE5DP1PLB56225,6/30/2023,24,59284.2,2023,FORD,BRONCO
7/24/2023,AE,AEABRJ,160223,1,PANW,"WATERFORD-F, LLC",1FMEE5DP3PLB53407,6/20/2023,34,62494.2,2023,FORD,BRONCO
7/24/2023,AE,AEABRJ,160223,1,PANW,"WATERFORD-F, LLC",1FMEE5DP3PLB76248,7/21/2023,3,64892.76,2023,FORD,BRONCO
7/24/2023,AE,AEABRJ,160223,1,PANW,"WATERFORD-F, LLC",1FMEE5DP5PLB56678,6/30/2023,24,59966.2,2023,FORD,BRONCO
7/24/2023,AE,AEABRJ,160223,1,PANW,"WATERFORD-F, LLC",1FMEE5DP5PLB68703,7/5/2023,19,62122.2,2023,FORD,BRONCO
7/24/2023,AE,AEABRJ,160223,1,PANW,"WATERFORD-F, LLC",1FMEE5DP6PLB55216,6/30/2023,24,61569.2,2023,FORD,BRONCO
7/24/2023,AE,AEABRJ,160223,1,PANW,"WATERFORD-F, LLC",1FMEE5DP6PLB61971,7/13/2023,11,65586.2,2023,FORD,BRONCO
7/24/2023,AE,AEABRJ,160223,1,PANW,"WATERFORD-F, LLC",1FMEE5DP7PLB61915,7/13/2023,11,66517.2,2023,FORD,BRONCO
7/24/2023,AE,AEABRJ,160223,1,PANW,"WATERFORD-F, LLC",1FMEE5DP7PLB68458,7/15/2023,9,60397.2,2023,FORD,BRONCO
7/24/2023,AE,AEABRJ,160223,1,PANW,"WATERFORD-F, LLC",1FMEE5DP9PLB59700,7/1/2023,23,63904.2,2023,FORD,BRONCO
7/24/2023,AE,AEABRJ,160223,1,PANW,"WATERFORD-F, LLC",1FMEE5DPXPLB56918,7/13/2023,11,62404.2,2023,FORD,BRONCO
7/24/2023,AE,AEABRJ,160223,1,PANW,"WATERFORD-F, LLC",1FMEE5JR5PLB42799,7/3/2023,21,90625.2,2023,FORD,BRONCO
7/24/2023,AE,AEABRJ,160223,1,PANW,"WATERFORD-F, LLC",1FMJK2A81PEA49991,6/15/2023,39,76222.3,2023,FORD,EXPEDITION
7/24/2023,AE,AEABRJ,160223,1,PANW,"WATERFORD-F, LLC",1FMJK2A84PEA54618,7/22/2023,2,80070.3,2023,FORD,EXPEDITION
7/24/2023,AE,AEABRJ,160223,1,PANW,"WATERFORD-F, LLC",1FMJK2A85PEA58256,7/21/2023,3,80258.3,2023,FORD,EXPEDITION
7/24/2023,AE,AEABRJ,160223,1,PANW,"WATERFORD-F, LLC",1FMJK2A86PEA54619,7/22/2023,2,81061.3,2023,FORD,EXPEDITION
7/24/2023,AE,AEABRJ,160223,1,PANW,"WATERFORD-F, LLC",1FMJK2A87PEA54578,7/22/2023,2,76969.3,2023,FORD,EXPEDITION
7/24/2023,AE,AEABRJ,160223,1,PANW,"WATERFORD-F, LLC",1FMJK2AG0PEA49990,6/28/2023,26,85918.3,2023,FORD,EXPEDITION
7/24/2023,AE,AEABRJ,160223,1,PANW,"WATERFORD-F, LLC",1FMSK8DH0PGB53816,7/22/2023,2,40374.69,2023,FORD,EXPLORER
7/24/2023,AE,AEABRJ,160223,1,PANW,"WATERFORD-F, LLC",1FMSK8DH2PGB09848,6/14/2023,40,45014.69,2023,FORD,EXPLORER
7/24/2023,AE,AEABRJ,160223,1,PANW,"WATERFORD-F, LLC",1FMSK8DH2PGB35155,6/16/2023,38,46456.69,2023,FORD,EXPLORER
7/24/2023,AE,AEABRJ,160223,1,PANW,"WATERFORD-F, LLC",1FMSK8DH4PGB35111,6/9/2023,45,48237.69,2023,FORD,EXPLORER
7/24/2023,AE,AEABRJ,160223,1,PANW,"WATERFORD-F, LLC",1FMSK8DH5PGB30306,6/16/2023,38,48749.69,2023,FORD,EXPLORER
7/24/2023,AE,AEABRJ,160223,1,PANW,"WATERFORD-F, LLC",1FMSK8DH5PGB34193,7/6/2023,18,49496.69,2023,FORD,EXPLORER
7/24/2023,AE,AEABRJ,160223,1,PANW,"WATERFORD-F, LLC",1FMSK8DH7PGB34129,7/22/2023,2,46221.69,2023,FORD,EXPLORER
7/24/2023,AE,AEABRJ,160223,1,PANW,"WATERFORD-F, LLC",1FMSK8DH8PGB31420,6/30/2023,24,45563.69,2023,FORD,EXPLORER
7/24/2023,AE,AEABRJ,160223,1,PANW,"WATERFORD-F, LLC",1FT6W1EV5PWG16609,7/20/2023,4,94550,2023,FORD,F-150
7/24/2023,AE,AEABRJ,160223,1,PANW,"WATERFORD-F, LLC",1FT6W1EV6PWG14304,7/20/2023,4,95345,2023,FORD,F-150
7/24/2023,AE,AEABRJ,160223,1,PANW,"WATERFORD-F, LLC",1FT6W1EV9PWG17326,7/20/2023,4,94550,2023,FORD,F-150
7/24/2023,AE,AEABRJ,160223,1,PANW,"WATERFORD-F, LLC",1FT8W2BN0PED50120,7/20/2023,4,68781.34,2023,FORD,F-250
7/24/2023,AE,AEABRJ,160223,1,PANW,"WATERFORD-F, LLC",1FT8W2BN2PED48613,7/20/2023,4,63764.34,2023,FORD,F-250
7/24/2023,AE,AEABRJ,160223,1,PANW,"WATERFORD-F, LLC",1FT8W2BN9PED46616,7/21/2023,3,63764.34,2023,FORD,F-250
7/24/2023,AE,AEABRJ,160223,1,PANW,"WATERFORD-F, LLC",1FT8W2BT3PED41247,7/20/2023,4,74945.3,2023,FORD,F-250
7/24/2023,AE,AEABRJ,160223,1,PANW,"WATERFORD-F, LLC",1FT8W3BA5PED40413,6/27/2023,27,58894.08,2023,FORD,F-350
7/24/2023,AE,AEABRJ,160223,1,PANW,"WATERFORD-F, LLC",1FT8W3BN0PED42024,7/18/2023,6,62992.48,2023,FORD,F-350
7/24/2023,AE,AEABRJ,160223,1,PANW,"WATERFORD-F, LLC",1FT8W3BN2PED41229,6/29/2023,25,59742.48,2023,FORD,F-350
7/24/2023,AE,AEABRJ,160223,1,PANW,"WATERFORD-F, LLC",1FT8W3BN2PED41313,7/14/2023,10,65982.48,2023,FORD,F-350
7/24/2023,AE,AEABRJ,160223,1,PANW,"WATERFORD-F, LLC",1FT8W3BN3PED41224,7/14/2023,10,59742.48,2023,FORD,F-350
7/24/2023,AE,AEABRJ,160223,1,PANW,"WATERFORD-F, LLC",1FT8W3BN4PED41183,7/13/2023,11,59742.48,2023,FORD,F-350
7/24/2023,AE,AEABRJ,160223,1,PANW,"WATERFORD-F, LLC",1FT8W3BN5PED41208,7/14/2023,10,59742.48,2023,FORD,F-350
7/24/2023,AE,AEABRJ,160223,1,PANW,"WATERFORD-F, LLC",1FT8W3BN5PED41225,7/19/2023,5,65016.34,2023,FORD,F-350
7/24/2023,AE,AEABRJ,160223,1,PANW,"WATERFORD-F, LLC",1FT8W3BN7PED41212,7/21/2023,3,59745.84,2023,FORD,F-350
7/24/2023,AE,AEABRJ,160223,1,PANW,"WATERFORD-F, LLC",1FT8W3BNXPED41205,6/29/2023,25,59742.48,2023,FORD,F-350
7/24/2023,AE,AEABRJ,160223,1,PANW,"WATERFORD-F, LLC",1FT8W3BNXPED41270,7/15/2023,9,59742.48,2023,FORD,F-350
7/24/2023,AE,AEABRJ,160223,1,PANW,"WATERFORD-F, LLC",1FT8W3BT0PED46816,7/22/2023,2,78782.3,2023,FORD,F-350
7/24/2023,AE,AEABRJ,160223,1,PANW,"WATERFORD-F, LLC",1FT8W3BT2PED41262,7/3/2023,21,72925.6,2023,FORD,F-350
7/24/2023,AE,AEABRJ,160223,1,PANW,"WATERFORD-F, LLC",1FT8X2BA1PED40416,7/13/2023,11,56906.08,2023,FORD,F-250
7/24/2023,AE,AEABRJ,160223,1,PANW,"WATERFORD-F, LLC",1FT8X2BA3PED40417,7/18/2023,6,56510.08,2023,FORD,F-250
7/24/2023,AE,AEABRJ,160223,1,PANW,"WATERFORD-F, LLC",1FT8X2BA8PED40414,7/20/2023,4,56906.08,2023,FORD,F-250
7/24/2023,AE,AEABRJ,160223,1,PANW,"WATERFORD-F, LLC",1FT8X2BAXPED40415,6/29/2023,25,56510.08,2023,FORD,F-250
7/24/2023,AE,AEABRJ,160223,1,PANW,"WATERFORD-F, LLC",1FT8X2BN4PED41658,7/1/2023,23,56539.34,2023,FORD,F-250
7/24/2023,AE,AEABRJ,160223,1,PANW,"WATERFORD-F, LLC",1FT8X2BN4PED41711,7/1/2023,23,56539.34,2023,FORD,F-250
7/24/2023,AE,AEABRJ,160223,1,PANW,"WATERFORD-F, LLC",1FT8X2BN8PED41257,7/19/2023,5,56539.34,2023,FORD,F-250
7/24/2023,AE,AEABRJ,160223,1,PANW,"WATERFORD-F, LLC",1FT8X3BM4PED42998,7/3/2023,21,67438.05,2023,FORD,F-350
7/24/2023,AE,AEABRJ,160223,1,PANW,"WATERFORD-F, LLC",1FTBR1C86PKB19627,7/7/2023,17,48425.75,2023,FORD,TRANSIT
7/24/2023,AE,AEABRJ,160223,1,PANW,"WATERFORD-F, LLC",1FTBR1C87PKB10452,6/6/2023,48,48425.75,2023,FORD,TRANSIT
7/24/2023,AE,AEABRJ,160223,1,PANW,"WATERFORD-F, LLC",1FTBR1C88PKB10315,6/20/2023,34,48425.75,2023,FORD,TRANSIT
7/24/2023,AE,AEABRJ,160223,1,PANW,"WATERFORD-F, LLC",1FTBR1C89PKB19749,6/20/2023,34,48425.75,2023,FORD,TRANSIT
7/24/2023,AE,AEABRJ,160223,1,PANW,"WATERFORD-F, LLC",1FTBW9C81PKB42739,7/24/2023,0,50859.75,2023,FORD,TRANSIT
7/24/2023,AE,AEABRJ,160223,1,PANW,"WATERFORD-F, LLC",1FTER4FH0PLE32564,7/3/2023,21,39339.2,2023,FORD,RANGER
7/24/2023,AE,AEABRJ,160223,1,PANW,"WATERFORD-F, LLC",1FTER4FH4PLE31384,7/5/2023,19,41910.2,2023,FORD,RANGER
7/24/2023,AE,AEABRJ,160223,1,PANW,"WATERFORD-F, LLC",1FTEW1E89PFB73449,5/19/2023,66,68214.36,2023,FORD,F-150
7/24/2023,AE,AEABRJ,160223,1,PANW,"WATERFORD-F, LLC",1FTEW1E89PFC18454,7/6/2023,18,63552.36,2023,FORD,F-150
7/24/2023,AE,AEABRJ,160223,1,PANW,"WATERFORD-F, LLC",1FTEW1EP0PFA42546,7/3/2023,21,56719.52,2023,FORD,F-150
7/24/2023,AE,AEABRJ,160223,1,PANW,"WATERFORD-F, LLC",1FTEW1EP0PKE81785,7/10/2023,14,53720.26,2023,FORD,F-150
7/24/2023,AE,AEABRJ,160223,1,PANW,"WATERFORD-F, LLC",1FTEW1EP1PFB93573,6/16/2023,38,54776.26,2023,FORD,F-150
7/24/2023,AE,AEABRJ,160223,1,PANW,"WATERFORD-F, LLC",1FTEW1EP1PFB94190,6/13/2023,41,57697.26,2023,FORD,F-150
7/24/2023,AE,AEABRJ,160223,1,PANW,"WATERFORD-F, LLC",1FTEW1EP1PFC28628,7/21/2023,3,57120.08,2023,FORD,F-150
7/24/2023,AE,AEABRJ,160223,1,PANW,"WATERFORD-F, LLC",1FTEW1EP2PFB92920,6/14/2023,40,56263.36,2023,FORD,F-150
7/24/2023,AE,AEABRJ,160223,1,PANW,"WATERFORD-F, LLC",1FTEW1EP2PKE78600,7/22/2023,2,59023.36,2023,FORD,F-150
7/24/2023,AE,AEABRJ,160223,1,PANW,"WATERFORD-F, LLC",1FTEW1EP3PFC15914,6/28/2023,26,57225.36,2023,FORD,F-150
7/24/2023,AE,AEABRJ,160223,1,PANW,"WATERFORD-F, LLC",1FTEW1EP3PFC28579,7/21/2023,3,57738.88,2023,FORD,F-150
7/24/2023,AE,AEABRJ,160223,1,PANW,"WATERFORD-F, LLC",1FTEW1EP4PFB94023,6/16/2023,38,56137.26,2023,FORD,F-150
7/24/2023,AE,AEABRJ,160223,1,PANW,"WATERFORD-F, LLC",1FTEW1EP4PFC26498,7/20/2023,4,55823.26,2023,FORD,F-150
7/24/2023,AE,AEABRJ,160223,1,PANW,"WATERFORD-F, LLC",1FTEW1EP4PFC28817,7/20/2023,4,58307.08,2023,FORD,F-150
7/24/2023,AE,AEABRJ,160223,1,PANW,"WATERFORD-F, LLC",1FTEW1EP4PKE54945,5/31/2023,54,61087.26,2023,FORD,F-150
7/24/2023,AE,AEABRJ,160223,1,PANW,"WATERFORD-F, LLC",1FTEW1EP4PKE56646,5/31/2023,54,57662.26,2023,FORD,F-150
7/24/2023,AE,AEABRJ,160223,1,PANW,"WATERFORD-F, LLC",1FTEW1EP5PFB94175,6/13/2023,41,54954.26,2023,FORD,F-150
7/24/2023,AE,AEABRJ,160223,1,PANW,"WATERFORD-F, LLC",1FTEW1EP5PKE30072,6/5/2023,49,65141.26,2023,FORD,F-150
7/24/2023,AE,AEABRJ,160223,1,PANW,"WATERFORD-F, LLC",1FTEW1EP6PFB78261,7/14/2023,10,54143.26,2023,FORD,F-150
7/24/2023,AE,AEABRJ,160223,1,PANW,"WATERFORD-F, LLC",1FTEW1EP6PFB93925,6/13/2023,41,790,2023,FORD,F-150
7/24/2023,AE,AEABRJ,160223,1,PANW,"WATERFORD-F, LLC",1FTEW1EP7PFB92637,6/13/2023,41,56896.36,2023,FORD,F-150
7/24/2023,AE,AEABRJ,160223,1,PANW,"WATERFORD-F, LLC",1FTEW1EP7PKE80486,6/30/2023,24,55483.36,2023,FORD,F-150
7/24/2023,AE,AEABRJ,160223,1,PANW,"WATERFORD-F, LLC",1FTEW1EP8PFB62269,6/28/2023,26,55623.26,2023,FORD,F-150
7/24/2023,AE,AEABRJ,160223,1,PANW,"WATERFORD-F, LLC",1FTEW1EP8PFB92551,6/16/2023,38,56659.26,2023,FORD,F-150
7/24/2023,AE,AEABRJ,160223,1,PANW,"WATERFORD-F, LLC",1FTEW1EP8PFB93778,6/13/2023,41,49053.26,2023,FORD,F-150
7/24/2023,AE,AEABRJ,160223,1,PANW,"WATERFORD-F, LLC",1FTEW1EP8PFC27489,7/21/2023,3,59193.88,2023,FORD,F-150
7/24/2023,AE,AEABRJ,160223,1,PANW,"WATERFORD-F, LLC",1FTEW1EP8PFC28920,7/20/2023,4,58039.88,2023,FORD,F-150
7/24/2023,AE,AEABRJ,160223,1,PANW,"WATERFORD-F, LLC",1FTEW1EP9PFB93496,6/14/2023,40,56074.26,2023,FORD,F-150
7/24/2023,AE,AEABRJ,160223,1,PANW,"WATERFORD-F, LLC",1FTEW1EPXPFB92812,6/13/2023,41,57719.26,2023,FORD,F-150
7/24/2023,AE,AEABRJ,160223,1,PANW,"WATERFORD-F, LLC",1FTEW1EPXPFB94589,6/14/2023,40,57011.26,2023,FORD,F-150
7/24/2023,AE,AEABRJ,160223,1,PANW,"WATERFORD-F, LLC",1FTEW1EPXPFC16915,7/7/2023,17,56213.36,2023,FORD,F-150
7/24/2023,AE,AEABRJ,160223,1,PANW,"WATERFORD-F, LLC",1FTEW1EPXPKE43948,6/8/2023,46,56659.26,2023,FORD,F-150
7/24/2023,AE,AEABRJ,160223,1,PANW,"WATERFORD-F, LLC",1FTEX1EP3PKE76576,7/6/2023,18,55264.36,2023,FORD,F-150
7/24/2023,AE,AEABRJ,160223,1,PANW,"WATERFORD-F, LLC",1FTFW1E5XPFB74300,5/22/2023,63,69319.36,2023,FORD,F-150
7/24/2023,AE,AEABRJ,160223,1,PANW,"WATERFORD-F, LLC",1FTFW1E5XPKE79772,7/22/2023,2,61157.36,2023,FORD,F-150
7/24/2023,AE,AEABRJ,160223,1,PANW,"WATERFORD-F, LLC",1FTFW1E8XPFB96310,6/14/2023,40,71595.36,2023,FORD,F-150
7/24/2023,AE,AEABRJ,160223,1,PANW,"WATERFORD-F, LLC",1FTFW1E53PFC28570,7/21/2023,3,68033.88,2023,FORD,F-150
7/24/2023,AE,AEABRJ,160223,1,PANW,"WATERFORD-F, LLC",1FTFW1E58PFC27169,7/21/2023,3,59519.08,2023,FORD,F-150
7/24/2023,AE,AEABRJ,160223,1,PANW,"WATERFORD-F, LLC",1FTFW1E59PFB72067,5/23/2023,62,69243.36,2023,FORD,F-150
7/24/2023,AE,AEABRJ,160223,1,PANW,"WATERFORD-F, LLC",1FTFW1E80PFC11218,6/28/2023,26,68091.36,2023,FORD,F-150
7/24/2023,AE,AEABRJ,160223,1,PANW,"WATERFORD-F, LLC",1FTFW1E81PFC21711,7/7/2023,17,60817.36,2023,FORD,F-150
7/24/2023,AE,AEABRJ,160223,1,PANW,"WATERFORD-F, LLC",1FTFW1E82PFC15190,7/7/2023,17,69589.36,2023,FORD,F-150
7/24/2023,AE,AEABRJ,160223,1,PANW,"WATERFORD-F, LLC",1FTFW1E83PFB63021,5/19/2023,66,74514.36,2023,FORD,F-150
7/24/2023,AE,AEABRJ,160223,1,PANW,"WATERFORD-F, LLC",1FTFW1E83PFC16316,7/7/2023,17,67610.26,2023,FORD,F-150
7/24/2023,AE,AEABRJ,160223,1,PANW,"WATERFORD-F, LLC",1FTFW1E83PFC23475,7/18/2023,6,69083.36,2023,FORD,F-150
7/24/2023,AE,AEABRJ,160223,1,PANW,"WATERFORD-F, LLC",1FTFW1E83PKE68171,6/8/2023,46,67217.36,2023,FORD,F-150
7/24/2023,AE,AEABRJ,160223,1,PANW,"WATERFORD-F, LLC",1FTFW1E84PFB57132,7/18/2023,6,73018.36,2023,FORD,F-150
7/24/2023,AE,AEABRJ,160223,1,PANW,"WATERFORD-F, LLC",1FTFW1E85PFC01736,6/14/2023,40,72142.26,2023,FORD,F-150
7/24/2023,AE,AEABRJ,160223,1,PANW,"WATERFORD-F, LLC",1FTFW1E85PKE82217,7/14/2023,10,61706.36,2023,FORD,F-150
7/24/2023,AE,AEABRJ,160223,1,PANW,"WATERFORD-F, LLC",1FTFW1E86PFB99737,6/27/2023,27,68978.36,2023,FORD,F-150
7/24/2023,AE,AEABRJ,160223,1,PANW,"WATERFORD-F, LLC",1FTFW1E86PFC33210,7/18/2023,6,52591.36,2023,FORD,F-150
7/24/2023,AE,AEABRJ,160223,1,PANW,"WATERFORD-F, LLC",1FTFW1E86PKE86471,7/14/2023,10,58174.26,2023,FORD,F-150
7/24/2023,AE,AEABRJ,160223,1,PANW,"WATERFORD-F, LLC",1FTFW1E87PFC03536,6/27/2023,27,68855.36,2023,FORD,F-150
7/24/2023,AE,AEABRJ,160223,1,PANW,"WATERFORD-F, LLC",1FTFW1E88PFC11032,7/24/2023,0,73006.26,2023,FORD,F-150
7/24/2023,AE,AEABRJ,160223,1,PANW,"WATERFORD-F, LLC",1FTFW1E88PFC16084,7/18/2023,6,67432.26,2023,FORD,F-150
7/24/2023,AE,AEABRJ,160223,1,PANW,"WATERFORD-F, LLC",1FTFW1E88PFC19664,7/6/2023,18,73387.36,2023,FORD,F-150
7/24/2023,AE,AEABRJ,160223,1,PANW,"WATERFORD-F, LLC",1FTFW1E89PFC20919,7/7/2023,17,73159.36,2023,FORD,F-150
7/24/2023,AE,AEABRJ,160223,1,PANW,"WATERFORD-F, LLC",1FTFW1ED0PFB93946,5/24/2023,61,72991.81,2023,FORD,F-150
7/24/2023,AE,AEABRJ,160223,1,PANW,"WATERFORD-F, LLC",1FTFW1ED1PFB63211,6/12/2023,42,60502.81,2023,FORD,F-150
7/24/2023,AE,AEABRJ,160223,1,PANW,"WATERFORD-F, LLC",1FTFW1ED1PFB93924,6/3/2023,51,74121.81,2023,FORD,F-150
7/24/2023,AE,AEABRJ,160223,1,PANW,"WATERFORD-F, LLC",1FTFW1ED1PFC45102,7/21/2023,3,69883.98,2023,FORD,F-150
7/24/2023,AE,AEABRJ,160223,1,PANW,"WATERFORD-F, LLC",1FTFW1ED3PFB64568,7/14/2023,10,62805.81,2023,FORD,F-150
7/24/2023,AE,AEABRJ,160223,1,PANW,"WATERFORD-F, LLC",1FTFW1ED3PFB93679,5/24/2023,61,72900.81,2023,FORD,F-150
7/24/2023,AE,AEABRJ,160223,1,PANW,"WATERFORD-F, LLC",1FTFW1ED4PFC03202,7/12/2023,12,71680.81,2023,FORD,F-150
7/24/2023,AE,AEABRJ,160223,1,PANW,"WATERFORD-F, LLC",1FTFW1ED4PFC03913,6/14/2023,40,73835.81,2023,FORD,F-150
7/24/2023,AE,AEABRJ,160223,1,PANW,"WATERFORD-F, LLC",1FTFW1ED5PFC21546,7/7/2023,17,76042.81,2023,FORD,F-150
7/24/2023,AE,AEABRJ,160223,1,PANW,"WATERFORD-F, LLC",1FTFW1ED5PFC23457,7/18/2023,6,68480.81,2023,FORD,F-150
7/24/2023,AE,AEABRJ,160223,1,PANW,"WATERFORD-F, LLC",1FTFW1ED6PFC03962,6/9/2023,45,72003.81,2023,FORD,F-150
7/24/2023,AE,AEABRJ,160223,1,PANW,"WATERFORD-F, LLC",1FTFW1ED6PFC10832,6/23/2023,31,81189.81,2023,FORD,F-150
7/24/2023,AE,AEABRJ,160223,1,PANW,"WATERFORD-F, LLC",1FTFW1ED7PFC32970,7/18/2023,6,72571.81,2023,FORD,F-150
7/24/2023,AE,AEABRJ,160223,1,PANW,"WATERFORD-F, LLC",1FTFW1ED9PFB57463,6/21/2023,33,60429.81,2023,FORD,F-150
7/24/2023,AE,AEABRJ,160223,1,PANW,"WATERFORD-F, LLC",1FTFW1EDXPFB94179,6/21/2023,33,73637.81,2023,FORD,F-150
7/24/2023,AE,AEABRJ,160223,1,PANW,"WATERFORD-F, LLC",1FTFX1E55PKE77120,7/22/2023,2,47542.34,2023,FORD,F-150
7/24/2023,AE,AEABRJ,160223,1,PANW,"WATERFORD-F, LLC",1FTRF2BA1PED40410,6/27/2023,27,51944.08,2023,FORD,F-250
7/24/2023,AE,AEABRJ,160223,1,PANW,"WATERFORD-F, LLC",1FTRF2BA3PED40411,6/27/2023,27,53228.08,2023,FORD,F-250
7/24/2023,AE,AEABRJ,160223,1,PANW,"WATERFORD-F, LLC",1FTRF2BA5PED40412,6/27/2023,27,52787.08,2023,FORD,F-250
7/24/2023,AE,AEABRJ,160223,1,PANW,"WATERFORD-F, LLC",1FTRF3BN3PED42295,6/30/2023,24,52610.34,2023,FORD,F-350
7/24/2023,AE,AEABRJ,160223,1,PANW,"WATERFORD-F, LLC",2FMPK4J91PBA48768,6/2/2023,52,42378.69,2023,FORD,EDGE
7/24/2023,AE,AEABRJ,160223,1,PANW,"WATERFORD-F, LLC",2FMPK4J93PBA46522,6/23/2023,31,42678.69,2023,FORD,EDGE
7/24/2023,AE,AEABRJ,160223,1,PANW,"WATERFORD-F, LLC",2FMPK4J94PBA48473,6/17/2023,37,39586.69,2023,FORD,EDGE
7/24/2023,AE,AEABRJ,160223,1,PANW,"WATERFORD-F, LLC",2FMPK4J95PBA47624,5/18/2023,67,43078.69,2023,FORD,EDGE
7/24/2023,AE,AEABRJ,160223,1,PANW,"WATERFORD-F, LLC",2FMPK4J95PBA48708,6/24/2023,30,43834.69,2023,FORD,EDGE
7/24/2023,AE,AEABRJ,160223,1,PANW,"WATERFORD-F, LLC",2FMPK4J95PBA48787,6/24/2023,30,43463.69,2023,FORD,EDGE
7/24/2023,AE,AEABRJ,160223,1,PANW,"WATERFORD-F, LLC",2FMPK4J95PBA52984,7/14/2023,10,40329.69,2023,FORD,EDGE
7/24/2023,AE,AEABRJ,160223,1,PANW,"WATERFORD-F, LLC",2FMPK4J98PBA47942,6/23/2023,31,43895.69,2023,FORD,EDGE
7/24/2023,AE,AEABRJ,160223,1,PANW,"WATERFORD-F, LLC",2FMPK4J98PBA48489,6/23/2023,31,43834.69,2023,FORD,EDGE
7/24/2023,AE,AEABRJ,160223,1,PANW,"WATERFORD-F, LLC",3FMCR9B6XPRD63890,6/27/2023,27,32246.67,2023,FORD,BRONCO SPORT
7/24/2023,AE,AEABRJ,160223,1,PANW,"WATERFORD-F, LLC",3FMCR9B6XPRD82388,7/24/2023,0,33863.67,2023,FORD,BRONCO SPORT
7/24/2023,AE,AEABRJ,160223,1,PANW,"WATERFORD-F, LLC",3FMCR9B6XPRD86828,7/15/2023,9,34051.67,2023,FORD,BRONCO SPORT
7/24/2023,AE,AEABRJ,160223,1,PANW,"WATERFORD-F, LLC",3FMCR9B61PRD62286,7/24/2023,0,33387.67,2023,FORD,BRONCO SPORT
7/24/2023,AE,AEABRJ,160223,1,PANW,"WATERFORD-F, LLC",3FMCR9B62PRD62961,7/5/2023,19,32096.67,2023,FORD,BRONCO SPORT
7/24/2023,AE,AEABRJ,160223,1,PANW,"WATERFORD-F, LLC",3FMCR9B62PRD63558,7/8/2023,16,32561.67,2023,FORD,BRONCO SPORT
7/24/2023,AE,AEABRJ,160223,1,PANW,"WATERFORD-F, LLC",3FMCR9B62PRD85527,7/24/2023,0,34948.67,2023,FORD,BRONCO SPORT
7/24/2023,AE,AEABRJ,160223,1,PANW,"WATERFORD-F, LLC",3FMCR9B63PRD65951,7/5/2023,19,32246.67,2023,FORD,BRONCO SPORT
7/24/2023,AE,AEABRJ,160223,1,PANW,"WATERFORD-F, LLC",3FMCR9B64PRD83455,7/19/2023,5,34013.67,2023,FORD,BRONCO SPORT
7/24/2023,AE,AEABRJ,160223,1,PANW,"WATERFORD-F, LLC",3FMCR9B64PRE00724,7/24/2023,0,34516.67,2023,FORD,BRONCO SPORT
7/24/2023,AE,AEABRJ,160223,1,PANW,"WATERFORD-F, LLC",3FMCR9B66PRD80945,7/8/2023,16,35080.67,2023,FORD,BRONCO SPORT
7/24/2023,AE,AEABRJ,160223,1,PANW,"WATERFORD-F, LLC",3FMCR9B66PRD83649,7/5/2023,19,32490.67,2023,FORD,BRONCO SPORT
7/24/2023,AE,AEABRJ,160223,1,PANW,"WATERFORD-F, LLC",3FMCR9B66PRD86213,7/21/2023,3,34219.67,2023,FORD,BRONCO SPORT
7/24/2023,AE,AEABRJ,160223,1,PANW,"WATERFORD-F, LLC",3FMCR9B67PRD86513,7/8/2023,16,34013.67,2023,FORD,BRONCO SPORT
7/24/2023,AE,AEABRJ,160223,1,PANW,"WATERFORD-F, LLC",3FMCR9C6XPRD82874,7/24/2023,0,38806.67,2023,FORD,BRONCO SPORT
7/24/2023,AE,AEABRJ,160223,1,PANW,"WATERFORD-F, LLC",3FMCR9C60PRD81779,7/19/2023,5,38683.67,2023,FORD,BRONCO SPORT
7/24/2023,AE,AEABRJ,160223,1,PANW,"WATERFORD-F, LLC",3FMCR9C60PRD82835,7/21/2023,3,39148.67,2023,FORD,BRONCO SPORT
7/24/2023,AE,AEABRJ,160223,1,PANW,"WATERFORD-F, LLC",3FMCR9C61PRD61881,7/5/2023,19,37099.67,2023,FORD,BRONCO SPORT
7/24/2023,AE,AEABRJ,160223,1,PANW,"WATERFORD-F, LLC",3FMCR9C64PRD63074,7/5/2023,19,36634.67,2023,FORD,BRONCO SPORT
7/24/2023,AE,AEABRJ,160223,1,PANW,"WATERFORD-F, LLC",3FMCR9C64PRD86726,7/15/2023,9,39004.67,2023,FORD,BRONCO SPORT
7/24/2023,AE,AEABRJ,160223,1,PANW,"WATERFORD-F, LLC",3FMCR9C65PRD43951,6/20/2023,34,40502.67,2023,FORD,BRONCO SPORT
7/24/2023,AE,AEABRJ,160223,1,PANW,"WATERFORD-F, LLC",3FMCR9C65PRD65268,7/5/2023,19,36484.67,2023,FORD,BRONCO SPORT
7/24/2023,AE,AEABRJ,160223,1,PANW,"WATERFORD-F, LLC",3FMCR9C65PRD82913,7/19/2023,5,38656.67,2023,FORD,BRONCO SPORT
7/24/2023,AE,AEABRJ,160223,1,PANW,"WATERFORD-F, LLC",3FMCR9C65PRD88839,7/21/2023,3,39627.67,2023,FORD,BRONCO SPORT
7/24/2023,AE,AEABRJ,160223,1,PANW,"WATERFORD-F, LLC",3FMCR9C65PRD89232,7/12/2023,12,38806.67,2023,FORD,BRONCO SPORT
7/24/2023,AE,AEABRJ,160223,1,PANW,"WATERFORD-F, LLC",3FMCR9C66PRD64145,7/5/2023,19,36757.67,2023,FORD,BRONCO SPORT
7/24/2023,AE,AEABRJ,160223,1,PANW,"WATERFORD-F, LLC",3FMCR9C66PRD67286,7/3/2023,21,36484.67,2023,FORD,BRONCO SPORT
7/24/2023,AE,AEABRJ,160223,1,PANW,"WATERFORD-F, LLC",3FMCR9C66PRD67918,7/7/2023,17,37222.67,2023,FORD,BRONCO SPORT
7/24/2023,AE,AEABRJ,160223,1,PANW,"WATERFORD-F, LLC",3FMCR9C66PRD80734,7/12/2023,12,38419.67,2023,FORD,BRONCO SPORT
7/24/2023,AE,AEABRJ,160223,1,PANW,"WATERFORD-F, LLC",3FMCR9C66PRD81964,7/24/2023,0,39768.67,2023,FORD,BRONCO SPORT
7/24/2023,AE,AEABRJ,160223,1,PANW,"WATERFORD-F, LLC",3FMCR9C66PRD83567,7/24/2023,0,39891.67,2023,FORD,BRONCO SPORT
7/24/2023,AE,AEABRJ,160223,1,PANW,"WATERFORD-F, LLC",3FMCR9C66PRD84198,7/24/2023,0,38867.67,2023,FORD,BRONCO SPORT
7/24/2023,AE,AEABRJ,160223,1,PANW,"WATERFORD-F, LLC",3FMCR9C66PRD86100,7/15/2023,9,38533.67,2023,FORD,BRONCO SPORT
7/24/2023,AE,AEABRJ,160223,1,PANW,"WATERFORD-F, LLC",3FMCR9C67PRD48004,5/16/2023,69,36108.67,2023,FORD,BRONCO SPORT
7/24/2023,AE,AEABRJ,160223,1,PANW,"WATERFORD-F, LLC",3FMCR9C67PRD62002,7/5/2023,19,36757.67,2023,FORD,BRONCO SPORT
7/24/2023,AE,AEABRJ,160223,1,PANW,"WATERFORD-F, LLC",3FMCR9C68PRD87880,7/15/2023,9,38877.67,2023,FORD,BRONCO SPORT
7/24/2023,AE,AEABRJ,160223,1,PANW,"WATERFORD-F, LLC",3FMCR9C69PRD64723,7/5/2023,19,36634.67,2023,FORD,BRONCO SPORT
7/24/2023,AE,AEABRJ,160223,1,PANW,"WATERFORD-F, LLC",3FMCR9C69PRD86091,7/5/2023,19,38854.67,2023,FORD,BRONCO SPORT
7/24/2023,AE,AEABRJ,160223,1,PANW,"WATERFORD-F, LLC",3FMCR9G64PRD38203,5/11/2023,74,34694.44,2023,FORD,BRONCO SPORT
7/24/2023,AE,AEABRJ,160223,1,PANW,"WATERFORD-F, LLC",3FMCR9G67PRD87489,7/15/2023,9,36329.67,2023,FORD,BRONCO SPORT
7/24/2023,AE,AEABRJ,160223,1,PANW,"WATERFORD-F, LLC",3FMCR9G69PRD87428,7/15/2023,9,35658.67,2023,FORD,BRONCO SPORT
7/24/2023,AE,AEABRJ,160223,1,PANW,"WATERFORD-F, LLC",3FMCR9G69PRD87431,7/15/2023,9,35781.67,2023,FORD,BRONCO SPORT
7/24/2023,AE,AEABRJ,160223,1,PANW,"WATERFORD-F, LLC",3FMTK4SX9PMA38161,7/12/2023,12,73640,2023,FORD,MUSTANG MACH-E
7/24/2023,AE,AEABRJ,160223,1,PANW,"WATERFORD-F, LLC",3FTTW8E30PRA55748,7/19/2023,5,27764.65,2023,FORD,MAVERICK
7/24/2023,AE,AEABRJ,160223,1,PANW,"WATERFORD-F, LLC",3FTTW8E31PRA55693,7/21/2023,3,28565.65,2023,FORD,MAVERICK
7/24/2023,AE,AEABRJ,160223,1,PANW,"WATERFORD-F, LLC",3FTTW8E32PRA54083,7/19/2023,5,30824.65,2023,FORD,MAVERICK
7/24/2023,AE,AEABRJ,160223,1,PANW,"WATERFORD-F, LLC",3FTTW8E35PRA54045,7/21/2023,3,33157.65,2023,FORD,MAVERICK
7/24/2023,AE,AEABRJ,160223,1,PANW,"WATERFORD-F, LLC",3FTTW8E39PRA54050,7/21/2023,3,33384.65,2023,FORD,MAVERICK
7/24/2023,AE,AEABRJ,160223,1,PANW,"WATERFORD-F, LLC",3FTTW8F9XPRA44582,7/1/2023,23,30207.18,2023,FORD,MAVERICK
7/24/2023,AE,AEABRJ,160223,1,PANW,"WATERFORD-F, LLC",3FTTW8F9XPRA56246,7/19/2023,5,26923.18,2023,FORD,MAVERICK
7/24/2023,AE,AEABRJ,160223,1,PANW,"WATERFORD-F, LLC",3FTTW8F90PRA36331,5/11/2023,74,31073.76,2023,FORD,MAVERICK
7/24/2023,AE,AEABRJ,160223,1,PANW,"WATERFORD-F, LLC",3FTTW8F98PRA54074,7/21/2023,3,31077.18,2023,FORD,MAVERICK
7/24/2023,AE,AEABRJ,160223,1,PANW,"WATERFORD-F, LLC",3FTTW8F98PRA56004,7/15/2023,9,35692.18,2023,FORD,MAVERICK
7/24/2023,AE,AEABRJ,160223,1,PANW,"WATERFORD-F, LLC",3FTTW8F98PRA57394,7/21/2023,3,31262.18,2023,FORD,MAVERICK
7/24/2023,AE,AEABRJ,160223,1,PANW,"WATERFORD-F, LLC",NM0LE7S25P1554531,6/29/2023,25,35840.65,2023,FORD,TRANSIT CONNECT
7/24/2023,AE,AEABRJ,160223,1,PANW,"WATERFORD-F, LLC",NM0LS7S21P1553353,6/29/2023,25,37595.65,2023,FORD,TRANSIT CONNECT
7/24/2023,AE,AEABRJ,160223,1,PANW,"WATERFORD-F, LLC",NM0LS7S29P1553438,6/29/2023,25,37595.65,2023,FORD,TRANSIT CONNECT
7/24/2023,AE,AEABRK,160225,1,FLT,"STERLING HEIGHTS-F, LLC",1F66F5KN0P0A03007,5/14/2023,71,36082.6,2023,FORD,F59
7/24/2023,AE,AEABRK,160225,1,FLT,"STERLING HEIGHTS-F, LLC",1F66F5KN0P0A03038,5/27/2023,58,36082.6,2023,FORD,F59
7/24/2023,AE,AEABRK,160225,1,FLT,"STERLING HEIGHTS-F, LLC",1F66F5KN0P0A03041,5/24/2023,61,36082.6,2023,FORD,F59
7/24/2023,AE,AEABRK,160225,1,FLT,"STERLING HEIGHTS-F, LLC",1F66F5KN0P0A03055,5/27/2023,58,36082.6,2023,FORD,F59
7/24/2023,AE,AEABRK,160225,1,FLT,"STERLING HEIGHTS-F, LLC",1F66F5KN0P0A03105,5/27/2023,58,36082.6,2023,FORD,F59
7/24/2023,AE,AEABRK,160225,1,FLT,"STERLING HEIGHTS-F, LLC",1F66F5KN0P0A03122,5/27/2023,58,36082.6,2023,FORD,F59
7/24/2023,AE,AEABRK,160225,1,FLT,"STERLING HEIGHTS-F, LLC",1F66F5KN0P0A03136,5/27/2023,58,36082.6,2023,FORD,F59
7/24/2023,AE,AEABRK,160225,1,FLT,"STERLING HEIGHTS-F, LLC",1F66F5KN0P0A05100,5/27/2023,58,36082.6,2023,FORD,F59
7/24/2023,AE,AEABRK,160225,1,FLT,"STERLING HEIGHTS-F, LLC",1F66F5KN0P0A05114,7/4/2023,20,36082.6,2023,FORD,F59
7/24/2023,AE,AEABRK,160225,1,FLT,"STERLING HEIGHTS-F, LLC",1F66F5KN0P0A05128,5/27/2023,58,36082.6,2023,FORD,F59
7/24/2023,AE,AEABRK,160225,1,FLT,"STERLING HEIGHTS-F, LLC",1F66F5KN0P0A05131,5/27/2023,58,36082.6,2023,FORD,F59
7/24/2023,AE,AEABRK,160225,1,FLT,"STERLING HEIGHTS-F, LLC",1F66F5KN0P0A05162,6/12/2023,42,36017.6,2023,FORD,F59
7/24/2023,AE,AEABRK,160225,1,FLT,"STERLING HEIGHTS-F, LLC",1F66F5KN0P0A05193,6/11/2023,43,36017.6,2023,FORD,F59
7/24/2023,AE,AEABRK,160225,1,FLT,"STERLING HEIGHTS-F, LLC",1F66F5KN0P0A05209,6/12/2023,42,36017.6,2023,FORD,F59
7/24/2023,AE,AEABRK,160225,1,FLT,"STERLING HEIGHTS-F, LLC",1F66F5KN0P0A05212,6/11/2023,43,36017.6,2023,FORD,F59
7/24/2023,AE,AEABRK,160225,1,FLT,"STERLING HEIGHTS-F, LLC",1F66F5KN0P0A05226,6/12/2023,42,36017.6,2023,FORD,F59
7/24/2023,AE,AEABRK,160225,1,FLT,"STERLING HEIGHTS-F, LLC",1F66F5KN1P0A03016,5/27/2023,58,36082.6,2023,FORD,F59
7/24/2023,AE,AEABRK,160225,1,FLT,"STERLING HEIGHTS-F, LLC",1F66F5KN1P0A03033,5/24/2023,61,36082.6,2023,FORD,F59
7/24/2023,AE,AEABRK,160225,1,FLT,"STERLING HEIGHTS-F, LLC",1F66F5KN1P0A03047,5/25/2023,60,36082.6,2023,FORD,F59
7/24/2023,AE,AEABRK,160225,1,FLT,"STERLING HEIGHTS-F, LLC",1F66F5KN1P0A03050,7/4/2023,20,36082.6,2023,FORD,F59
7/24/2023,AE,AEABRK,160225,1,FLT,"STERLING HEIGHTS-F, LLC",1F66F5KN1P0A03064,5/24/2023,61,36082.6,2023,FORD,F59
7/24/2023,AE,AEABRK,160225,1,FLT,"STERLING HEIGHTS-F, LLC",1F66F5KN1P0A03095,5/27/2023,58,36082.6,2023,FORD,F59
7/24/2023,AE,AEABRK,160225,1,FLT,"STERLING HEIGHTS-F, LLC",1F66F5KN1P0A03100,5/27/2023,58,36082.6,2023,FORD,F59
7/24/2023,AE,AEABRK,160225,1,FLT,"STERLING HEIGHTS-F, LLC",1F66F5KN1P0A03128,5/27/2023,58,36082.6,2023,FORD,F59
7/24/2023,AE,AEABRK,160225,1,FLT,"STERLING HEIGHTS-F, LLC",1F66F5KN1P0A03131,5/25/2023,60,36082.6,2023,FORD,F59
7/24/2023,AE,AEABRK,160225,1,FLT,"STERLING HEIGHTS-F, LLC",1F66F5KN1P0A05106,5/25/2023,60,36082.6,2023,FORD,F59
7/24/2023,AE,AEABRK,160225,1,FLT,"STERLING HEIGHTS-F, LLC",1F66F5KN1P0A05123,5/27/2023,58,36082.6,2023,FORD,F59
7/24/2023,AE,AEABRK,160225,1,FLT,"STERLING HEIGHTS-F, LLC",1F66F5KN1P0A05154,6/12/2023,42,36017.6,2023,FORD,F59
7/24/2023,AE,AEABRK,160225,1,FLT,"STERLING HEIGHTS-F, LLC",1F66F5KN1P0A05199,6/11/2023,43,36017.6,2023,FORD,F59
7/24/2023,AE,AEABRK,160225,1,FLT,"STERLING HEIGHTS-F, LLC",1F66F5KN1P0A05204,6/11/2023,43,36017.6,2023,FORD,F59
7/24/2023,AE,AEABRK,160225,1,FLT,"STERLING HEIGHTS-F, LLC",1F66F5KN1P0A05218,6/11/2023,43,36017.6,2023,FORD,F59
7/24/2023,AE,AEABRK,160225,1,FLT,"STERLING HEIGHTS-F, LLC",1F66F5KN1P0A05221,6/13/2023,41,36017.6,2023,FORD,F59
7/24/2023,AE,AEABRK,160225,1,FLT,"STERLING HEIGHTS-F, LLC",1F66F5KN1P0A05235,6/13/2023,41,36017.6,2023,FORD,F59
7/24/2023,AE,AEABRK,160225,1,FLT,"STERLING HEIGHTS-F, LLC",1F66F5KN2P0A03008,5/14/2023,71,36082.6,2023,FORD,F59
7/24/2023,AE,AEABRK,160225,1,FLT,"STERLING HEIGHTS-F, LLC",1F66F5KN2P0A03011,5/25/2023,60,36082.6,2023,FORD,F59
7/24/2023,AE,AEABRK,160225,1,FLT,"STERLING HEIGHTS-F, LLC",1F66F5KN2P0A03039,5/24/2023,61,36082.6,2023,FORD,F59
7/24/2023,AE,AEABRK,160225,1,FLT,"STERLING HEIGHTS-F, LLC",1F66F5KN2P0A03042,5/24/2023,61,36082.6,2023,FORD,F59
7/24/2023,AE,AEABRK,160225,1,FLT,"STERLING HEIGHTS-F, LLC",1F66F5KN2P0A03056,5/25/2023,60,36082.6,2023,FORD,F59
7/24/2023,AE,AEABRK,160225,1,FLT,"STERLING HEIGHTS-F, LLC",1F66F5KN2P0A03090,5/27/2023,58,36082.6,2023,FORD,F59
7/24/2023,AE,AEABRK,160225,1,FLT,"STERLING HEIGHTS-F, LLC",1F66F5KN2P0A03106,5/27/2023,58,36082.6,2023,FORD,F59
7/24/2023,AE,AEABRK,160225,1,FLT,"STERLING HEIGHTS-F, LLC",1F66F5KN2P0A03137,5/27/2023,58,36082.6,2023,FORD,F59
7/24/2023,AE,AEABRK,160225,1,FLT,"STERLING HEIGHTS-F, LLC",1F66F5KN2P0A03140,5/27/2023,58,36082.6,2023,FORD,F59
7/24/2023,AE,AEABRK,160225,1,FLT,"STERLING HEIGHTS-F, LLC",1F66F5KN2P0A05101,5/27/2023,58,36082.6,2023,FORD,F59
7/24/2023,AE,AEABRK,160225,1,FLT,"STERLING HEIGHTS-F, LLC",1F66F5KN2P0A05115,7/4/2023,20,36082.6,2023,FORD,F59
7/24/2023,AE,AEABRK,160225,1,FLT,"STERLING HEIGHTS-F, LLC",1F66F5KN2P0A05129,5/27/2023,58,36082.6,2023,FORD,F59
7/24/2023,AE,AEABRK,160225,1,FLT,"STERLING HEIGHTS-F, LLC",1F66F5KN2P0A05163,6/12/2023,42,36017.6,2023,FORD,F59
7/24/2023,AE,AEABRK,160225,1,FLT,"STERLING HEIGHTS-F, LLC",1F66F5KN2P0A05227,6/11/2023,43,36017.6,2023,FORD,F59
7/24/2023,AE,AEABRK,160225,1,FLT,"STERLING HEIGHTS-F, LLC",1F66F5KN2P0A05230,6/11/2023,43,36017.6,2023,FORD,F59
7/24/2023,AE,AEABRK,160225,1,FLT,"STERLING HEIGHTS-F, LLC",1F66F5KN3P0A02997,5/27/2023,58,36082.6,2023,FORD,F59
7/24/2023,AE,AEABRK,160225,1,FLT,"STERLING HEIGHTS-F, LLC",1F66F5KN3P0A03003,5/14/2023,71,36082.6,2023,FORD,F59
7/24/2023,AE,AEABRK,160225,1,FLT,"STERLING HEIGHTS-F, LLC",1F66F5KN3P0A03034,5/27/2023,58,36082.6,2023,FORD,F59
7/24/2023,AE,AEABRK,160225,1,FLT,"STERLING HEIGHTS-F, LLC",1F66F5KN3P0A03048,5/27/2023,58,36082.6,2023,FORD,F59
7/24/2023,AE,AEABRK,160225,1,FLT,"STERLING HEIGHTS-F, LLC",1F66F5KN3P0A03051,5/27/2023,58,36082.6,2023,FORD,F59
7/24/2023,AE,AEABRK,160225,1,FLT,"STERLING HEIGHTS-F, LLC",1F66F5KN3P0A03065,5/27/2023,58,36082.6,2023,FORD,F59
7/24/2023,AE,AEABRK,160225,1,FLT,"STERLING HEIGHTS-F, LLC",1F66F5KN3P0A03096,7/2/2023,22,36082.6,2023,FORD,F59
7/24/2023,AE,AEABRK,160225,1,FLT,"STERLING HEIGHTS-F, LLC",1F66F5KN3P0A03132,7/2/2023,22,36082.6,2023,FORD,F59
7/24/2023,AE,AEABRK,160225,1,FLT,"STERLING HEIGHTS-F, LLC",1F66F5KN3P0A05107,7/10/2023,14,36082.6,2023,FORD,F59
7/24/2023,AE,AEABRK,160225,1,FLT,"STERLING HEIGHTS-F, LLC",1F66F5KN3P0A05110,7/3/2023,21,36082.6,2023,FORD,F59
7/24/2023,AE,AEABRK,160225,1,FLT,"STERLING HEIGHTS-F, LLC",1F66F5KN3P0A05124,7/2/2023,22,36082.6,2023,FORD,F59
7/24/2023,AE,AEABRK,160225,1,FLT,"STERLING HEIGHTS-F, LLC",1F66F5KN3P0A05155,6/11/2023,43,36017.6,2023,FORD,F59
7/24/2023,AE,AEABRK,160225,1,FLT,"STERLING HEIGHTS-F, LLC",1F66F5KN3P0A05205,6/12/2023,42,36017.6,2023,FORD,F59
7/24/2023,AE,AEABRK,160225,1,FLT,"STERLING HEIGHTS-F, LLC",1F66F5KN3P0A05219,6/11/2023,43,36017.6,2023,FORD,F59
7/24/2023,AE,AEABRK,160225,1,FLT,"STERLING HEIGHTS-F, LLC",1F66F5KN3P0A05253,7/4/2023,20,37384.6,2023,FORD,F59
7/24/2023,AE,AEABRK,160225,1,FLT,"STERLING HEIGHTS-F, LLC",1F66F5KN4P0A03009,5/14/2023,71,36082.6,2023,FORD,F59
7/24/2023,AE,AEABRK,160225,1,FLT,"STERLING HEIGHTS-F, LLC",1F66F5KN4P0A03043,7/3/2023,21,36082.6,2023,FORD,F59
7/24/2023,AE,AEABRK,160225,1,FLT,"STERLING HEIGHTS-F, LLC",1F66F5KN4P0A03057,5/27/2023,58,36082.6,2023,FORD,F59
7/24/2023,AE,AEABRK,160225,1,FLT,"STERLING HEIGHTS-F, LLC",1F66F5KN4P0A03060,5/24/2023,61,36082.6,2023,FORD,F59
7/24/2023,AE,AEABRK,160225,1,FLT,"STERLING HEIGHTS-F, LLC",1F66F5KN4P0A03091,7/4/2023,20,36082.6,2023,FORD,F59
7/24/2023,AE,AEABRK,160225,1,FLT,"STERLING HEIGHTS-F, LLC",1F66F5KN4P0A03141,7/3/2023,21,36082.6,2023,FORD,F59
7/24/2023,AE,AEABRK,160225,1,FLT,"STERLING HEIGHTS-F, LLC",1F66F5KN4P0A05097,7/2/2023,22,36082.6,2023,FORD,F59
7/24/2023,AE,AEABRK,160225,1,FLT,"STERLING HEIGHTS-F, LLC",1F66F5KN4P0A05102,7/2/2023,22,36082.6,2023,FORD,F59
7/24/2023,AE,AEABRK,160225,1,FLT,"STERLING HEIGHTS-F, LLC",1F66F5KN4P0A05116,7/4/2023,20,36082.6,2023,FORD,F59
7/24/2023,AE,AEABRK,160225,1,FLT,"STERLING HEIGHTS-F, LLC",1F66F5KN4P0A05200,6/12/2023,42,36017.6,2023,FORD,F59
7/24/2023,AE,AEABRK,160225,1,FLT,"STERLING HEIGHTS-F, LLC",1F66F5KN4P0A05228,6/12/2023,42,36017.6,2023,FORD,F59
7/24/2023,AE,AEABRK,160225,1,FLT,"STERLING HEIGHTS-F, LLC",1F66F5KN5N0A10404,8/29/2022,329,34485.35,2022,FORD,F59
7/24/2023,AE,AEABRK,160225,1,FLT,"STERLING HEIGHTS-F, LLC",1F66F5KN5P0A03004,5/14/2023,71,36082.6,2023,FORD,F59
7/24/2023,AE,AEABRK,160225,1,FLT,"STERLING HEIGHTS-F, LLC",1F66F5KN5P0A03018,7/4/2023,20,36082.6,2023,FORD,F59
7/24/2023,AE,AEABRK,160225,1,FLT,"STERLING HEIGHTS-F, LLC",1F66F5KN5P0A03049,5/24/2023,61,36082.6,2023,FORD,F59
7/24/2023,AE,AEABRK,160225,1,FLT,"STERLING HEIGHTS-F, LLC",1F66F5KN5P0A03066,7/4/2023,20,36082.6,2023,FORD,F59
7/24/2023,AE,AEABRK,160225,1,FLT,"STERLING HEIGHTS-F, LLC",1F66F5KN5P0A03116,7/13/2023,11,36082.6,2023,FORD,F59
7/24/2023,AE,AEABRK,160225,1,FLT,"STERLING HEIGHTS-F, LLC",1F66F5KN5P0A05108,7/13/2023,11,36082.6,2023,FORD,F59
7/24/2023,AE,AEABRK,160225,1,FLT,"STERLING HEIGHTS-F, LLC",1F66F5KN5P0A05111,7/13/2023,11,36082.6,2023,FORD,F59
7/24/2023,AE,AEABRK,160225,1,FLT,"STERLING HEIGHTS-F, LLC",1F66F5KN5P0A05223,6/12/2023,42,36017.6,2023,FORD,F59
7/24/2023,AE,AEABRK,160225,1,FLT,"STERLING HEIGHTS-F, LLC",1F66F5KN6P0A03030,7/13/2023,11,36082.6,2023,FORD,F59
7/24/2023,AE,AEABRK,160225,1,FLT,"STERLING HEIGHTS-F, LLC",1F66F5KN6P0A03044,5/24/2023,61,36082.6,2023,FORD,F59
7/24/2023,AE,AEABRK,160225,1,FLT,"STERLING HEIGHTS-F, LLC",1F66F5KN6P0A03058,5/24/2023,61,36082.6,2023,FORD,F59
7/24/2023,AE,AEABRK,160225,1,FLT,"STERLING HEIGHTS-F, LLC",1F66F5KN6P0A03061,5/24/2023,61,36082.6,2023,FORD,F59
7/24/2023,AE,AEABRK,160225,1,FLT,"STERLING HEIGHTS-F, LLC",1F66F5KN6P0A03092,7/13/2023,11,36082.6,2023,FORD,F59
7/24/2023,AE,AEABRK,160225,1,FLT,"STERLING HEIGHTS-F, LLC",1F66F5KN6P0A03125,7/10/2023,14,36082.6,2023,FORD,F59
7/24/2023,AE,AEABRK,160225,1,FLT,"STERLING HEIGHTS-F, LLC",1F66F5KN6P0A03142,7/4/2023,20,36082.6,2023,FORD,F59
7/24/2023,AE,AEABRK,160225,1,FLT,"STERLING HEIGHTS-F, LLC",1F66F5KN6P0A05117,7/10/2023,14,36017.6,2023,FORD,F59
7/24/2023,AE,AEABRK,160225,1,FLT,"STERLING HEIGHTS-F, LLC",1F66F5KN6P0A05120,6/13/2023,41,36017.6,2023,FORD,F59
7/24/2023,AE,AEABRK,160225,1,FLT,"STERLING HEIGHTS-F, LLC",1F66F5KN6P0A05165,6/12/2023,42,36017.6,2023,FORD,F59
7/24/2023,AE,AEABRK,160225,1,FLT,"STERLING HEIGHTS-F, LLC",1F66F5KN6P0A05196,6/12/2023,42,36017.6,2023,FORD,F59
7/24/2023,AE,AEABRK,160225,1,FLT,"STERLING HEIGHTS-F, LLC",1F66F5KN6P0A05201,6/11/2023,43,36017.6,2023,FORD,F59
7/24/2023,AE,AEABRK,160225,1,FLT,"STERLING HEIGHTS-F, LLC",1F66F5KN6P0A05215,6/11/2023,43,36017.6,2023,FORD,F59
7/24/2023,AE,AEABRK,160225,1,FLT,"STERLING HEIGHTS-F, LLC",1F66F5KN6P0A05229,6/12/2023,42,36017.6,2023,FORD,F59
7/24/2023,AE,AEABRK,160225,1,FLT,"STERLING HEIGHTS-F, LLC",1F66F5KN7P0A02999,5/14/2023,71,36082.6,2023,FORD,F59
7/24/2023,AE,AEABRK,160225,1,FLT,"STERLING HEIGHTS-F, LLC",1F66F5KN7P0A03019,5/14/2023,71,36082.6,2023,FORD,F59
7/24/2023,AE,AEABRK,160225,1,FLT,"STERLING HEIGHTS-F, LLC",1F66F5KN7P0A03036,7/10/2023,14,36082.6,2023,FORD,F59
7/24/2023,AE,AEABRK,160225,1,FLT,"STERLING HEIGHTS-F, LLC",1F66F5KN7P0A03053,7/3/2023,21,36082.6,2023,FORD,F59
7/24/2023,AE,AEABRK,160225,1,FLT,"STERLING HEIGHTS-F, LLC",1F66F5KN7P0A03134,7/10/2023,14,36082.6,2023,FORD,F59
7/24/2023,AE,AEABRK,160225,1,FLT,"STERLING HEIGHTS-F, LLC",1F66F5KN7P0A05126,6/12/2023,42,36017.6,2023,FORD,F59
7/24/2023,AE,AEABRK,160225,1,FLT,"STERLING HEIGHTS-F, LLC",1F66F5KN7P0A05157,6/11/2023,43,36017.6,2023,FORD,F59
7/24/2023,AE,AEABRK,160225,1,FLT,"STERLING HEIGHTS-F, LLC",1F66F5KN7P0A05207,6/12/2023,42,36017.6,2023,FORD,F59
7/24/2023,AE,AEABRK,160225,1,FLT,"STERLING HEIGHTS-F, LLC",1F66F5KN7P0A05210,6/12/2023,42,36017.6,2023,FORD,F59
7/24/2023,AE,AEABRK,160225,1,FLT,"STERLING HEIGHTS-F, LLC",1F66F5KN7P0A05224,6/12/2023,42,36017.6,2023,FORD,F59
7/24/2023,AE,AEABRK,160225,1,FLT,"STERLING HEIGHTS-F, LLC",1F66F5KN8P0A03014,5/14/2023,71,36082.6,2023,FORD,F59
7/24/2023,AE,AEABRK,160225,1,FLT,"STERLING HEIGHTS-F, LLC",1F66F5KN8P0A03126,7/4/2023,20,36082.6,2023,FORD,F59
7/24/2023,AE,AEABRK,160225,1,FLT,"STERLING HEIGHTS-F, LLC",1F66F5KN8P0A05118,6/12/2023,42,36017.6,2023,FORD,F59
7/24/2023,AE,AEABRK,160225,1,FLT,"STERLING HEIGHTS-F, LLC",1F66F5KN8P0A05202,6/12/2023,42,36017.6,2023,FORD,F59
7/24/2023,AE,AEABRK,160225,1,FLT,"STERLING HEIGHTS-F, LLC",1F66F5KN8P0A05216,6/12/2023,42,36017.6,2023,FORD,F59
7/24/2023,AE,AEABRK,160225,1,FLT,"STERLING HEIGHTS-F, LLC",1F66F5KN8P0A05233,6/11/2023,43,36017.6,2023,FORD,F59
7/24/2023,AE,AEABRK,160225,1,FLT,"STERLING HEIGHTS-F, LLC",1F66F5KN9P0A03006,5/14/2023,71,36082.6,2023,FORD,F59
7/24/2023,AE,AEABRK,160225,1,FLT,"STERLING HEIGHTS-F, LLC",1F66F5KN9P0A03023,7/3/2023,21,36082.6,2023,FORD,F59
7/24/2023,AE,AEABRK,160225,1,FLT,"STERLING HEIGHTS-F, LLC",1F66F5KN9P0A03037,7/4/2023,20,36082.6,2023,FORD,F59
7/24/2023,AE,AEABRK,160225,1,FLT,"STERLING HEIGHTS-F, LLC",1F66F5KN9P0A03121,7/4/2023,20,36082.6,2023,FORD,F59
7/24/2023,AE,AEABRK,160225,1,FLT,"STERLING HEIGHTS-F, LLC",1F66F5KN9P0A05130,6/11/2023,43,36017.6,2023,FORD,F59
7/24/2023,AE,AEABRK,160225,1,FLT,"STERLING HEIGHTS-F, LLC",1F66F5KN9P0A05192,6/12/2023,42,36017.6,2023,FORD,F59
7/24/2023,AE,AEABRK,160225,1,FLT,"STERLING HEIGHTS-F, LLC",1F66F5KN9P0A05225,6/11/2023,43,36017.6,2023,FORD,F59
7/24/2023,AE,AEABRK,160225,1,FLT,"STERLING HEIGHTS-F, LLC",1F66F5KN9P0A05256,7/4/2023,20,37384.6,2023,FORD,F59
7/24/2023,AE,AEABRK,160225,1,FLT,"STERLING HEIGHTS-F, LLC",1F66F5KNXP0A03015,5/14/2023,71,36082.6,2023,FORD,F59
7/24/2023,AE,AEABRK,160225,1,FLT,"STERLING HEIGHTS-F, LLC",1F66F5KNXP0A03127,7/24/2023,0,36082.6,2023,FORD,F59
7/24/2023,AE,AEABRK,160225,1,FLT,"STERLING HEIGHTS-F, LLC",1F66F5KNXP0A03130,7/4/2023,20,36082.6,2023,FORD,F59
7/24/2023,AE,AEABRK,160225,1,FLT,"STERLING HEIGHTS-F, LLC",1F66F5KNXP0A05119,6/11/2023,43,36017.6,2023,FORD,F59
7/24/2023,AE,AEABRK,160225,1,FLT,"STERLING HEIGHTS-F, LLC",1F66F5KNXP0A05122,6/11/2023,43,36017.6,2023,FORD,F59
7/24/2023,AE,AEABRK,160225,1,FLT,"STERLING HEIGHTS-F, LLC",1F66F5KNXP0A05153,6/14/2023,40,36017.6,2023,FORD,F59
7/24/2023,AE,AEABRK,160225,1,FLT,"STERLING HEIGHTS-F, LLC",1F66F5KNXP0A05198,6/11/2023,43,36017.6,2023,FORD,F59
7/24/2023,AE,AEABRK,160225,1,FLT,"STERLING HEIGHTS-F, LLC",1F66F5KNXP0A05203,7/24/2023,0,37384.6,2023,FORD,F59
7/24/2023,AE,AEABRK,160225,1,FLT,"STERLING HEIGHTS-F, LLC",1F66F5KNXP0A05217,7/4/2023,20,37384.6,2023,FORD,F59
7/24/2023,AE,AEABRK,160225,1,FLT,"STERLING HEIGHTS-F, LLC",1FBAX2C81NKA69650,4/27/2023,88,40618.35,2022,FORD,TRANSIT
7/24/2023,AE,AEABRK,160225,1,FLT,"STERLING HEIGHTS-F, LLC",1FDAX2C8XPKA89230,7/16/2023,8,45718.92,2023,FORD,TRANSIT
7/24/2023,AE,AEABRK,160225,1,FLT,"STERLING HEIGHTS-F, LLC",1FDAX2C80PKA89091,7/10/2023,14,45718.92,2023,FORD,TRANSIT
7/24/2023,AE,AEABRK,160225,1,FLT,"STERLING HEIGHTS-F, LLC",1FDAX2C80PKA90323,6/29/2023,25,45718.92,2023,FORD,TRANSIT
7/24/2023,AE,AEABRK,160225,1,FLT,"STERLING HEIGHTS-F, LLC",1FDAX2C81PKA89049,7/17/2023,7,45718.92,2023,FORD,TRANSIT
7/24/2023,AE,AEABRK,160225,1,FLT,"STERLING HEIGHTS-F, LLC",1FDAX2C81PKA89116,7/17/2023,7,45718.92,2023,FORD,TRANSIT
7/24/2023,AE,AEABRK,160225,1,FLT,"STERLING HEIGHTS-F, LLC",1FDAX2C81PKA89195,7/17/2023,7,45718.92,2023,FORD,TRANSIT
7/24/2023,AE,AEABRK,160225,1,FLT,"STERLING HEIGHTS-F, LLC",1FDAX2C82PKA89156,7/16/2023,8,45718.92,2023,FORD,TRANSIT
7/24/2023,AE,AEABRK,160225,1,FLT,"STERLING HEIGHTS-F, LLC",1FDAX2C82PKA89660,7/4/2023,20,45718.92,2023,FORD,TRANSIT
7/24/2023,AE,AEABRK,160225,1,FLT,"STERLING HEIGHTS-F, LLC",1FDAX2C82PKA99203,7/23/2023,1,45720.06,2023,FORD,TRANSIT
7/24/2023,AE,AEABRK,160225,1,FLT,"STERLING HEIGHTS-F, LLC",1FDAX2C82PKA99346,7/23/2023,1,45718.92,2023,FORD,TRANSIT
7/24/2023,AE,AEABRK,160225,1,FLT,"STERLING HEIGHTS-F, LLC",1FDAX2C83PKA99131,7/20/2023,4,45718.92,2023,FORD,TRANSIT
7/24/2023,AE,AEABRK,160225,1,FLT,"STERLING HEIGHTS-F, LLC",1FDAX2C83PKA99159,7/23/2023,1,45720.06,2023,FORD,TRANSIT
7/24/2023,AE,AEABRK,160225,1,FLT,"STERLING HEIGHTS-F, LLC",1FDAX2C84PKA86128,7/4/2023,20,45718.92,2023,FORD,TRANSIT
7/24/2023,AE,AEABRK,160225,1,FLT,"STERLING HEIGHTS-F, LLC",1FDAX2C84PKA89188,7/17/2023,7,45718.92,2023,FORD,TRANSIT
7/24/2023,AE,AEABRK,160225,1,FLT,"STERLING HEIGHTS-F, LLC",1FDAX2C84PKA89370,7/16/2023,8,45718.92,2023,FORD,TRANSIT
7/24/2023,AE,AEABRK,160225,1,FLT,"STERLING HEIGHTS-F, LLC",1FDAX2C84PKA89434,7/4/2023,20,45718.92,2023,FORD,TRANSIT
7/24/2023,AE,AEABRK,160225,1,FLT,"STERLING HEIGHTS-F, LLC",1FDAX2C84PKA90289,7/18/2023,6,45718.92,2023,FORD,TRANSIT
7/24/2023,AE,AEABRK,160225,1,FLT,"STERLING HEIGHTS-F, LLC",1FDAX2C87PKA89167,7/17/2023,7,45718.92,2023,FORD,TRANSIT
7/24/2023,AE,AEABRK,160225,1,FLT,"STERLING HEIGHTS-F, LLC",1FDAX2C88PKA89243,7/20/2023,4,45718.92,2023,FORD,TRANSIT
7/24/2023,AE,AEABRK,160225,1,FLT,"STERLING HEIGHTS-F, LLC",1FDAX2C89PKA89655,7/18/2023,6,45718.92,2023,FORD,TRANSIT
7/24/2023,AE,AEABRK,160225,1,FLT,"STERLING HEIGHTS-F, LLC",1FDAX2C89PKA90322,7/17/2023,7,45718.92,2023,FORD,TRANSIT
7/24/2023,AE,AEABRK,160225,1,FLT,"STERLING HEIGHTS-F, LLC",1FDAX2C89PKA96055,7/19/2023,5,46256.92,2023,FORD,TRANSIT
7/24/2023,AE,AEABRK,160225,1,FLT,"STERLING HEIGHTS-F, LLC",1FDVU4X88PKA84768,7/16/2023,8,47242.92,2023,FORD,TRANSIT
7/24/2023,AE,AEABRK,160225,1,FLT,"STERLING HEIGHTS-F, LLC",1FTBR2C81PKA70035,7/10/2023,14,45634.06,2023,FORD,TRANSIT
7/24/2023,AE,AEABRK,160225,1,FLT,"STERLING HEIGHTS-F, LLC",1FTRS4X82PKA89833,6/22/2023,32,47747.92,2023,FORD,TRANSIT
7/24/2023,AE,AEABRK,160225,1,FLT,"STERLING HEIGHTS-F, LLC",1FTYE1C8XPKA88940,7/17/2023,7,42706.92,2023,FORD,TRANSIT
7/24/2023,AE,AEABRK,160225,1,FLT,"STERLING HEIGHTS-F, LLC",1FTYE1C8XPKA90283,7/18/2023,6,42706.92,2023,FORD,TRANSIT
7/24/2023,AE,AEABRK,160225,1,FLT,"STERLING HEIGHTS-F, LLC",1FTYE1C80PKA80376,7/13/2023,11,40585.06,2023,FORD,TRANSIT
7/24/2023,AE,AEABRK,160225,1,FLT,"STERLING HEIGHTS-F, LLC",1FTYE1C82PKA81691,7/13/2023,11,46164.06,2023,FORD,TRANSIT
7/24/2023,AE,AEABRK,160225,1,FLT,"STERLING HEIGHTS-F, LLC",1FTYE1C83PKA82140,7/13/2023,11,46164.06,2023,FORD,TRANSIT
7/24/2023,AE,AEABRK,160225,1,FLT,"STERLING HEIGHTS-F, LLC",1FTYE1C86PKA88854,7/17/2023,7,42706.92,2023,FORD,TRANSIT
7/24/2023,AE,AEABRK,160225,1,FLT,"STERLING HEIGHTS-F, LLC",1FTYE1C87PKA84165,7/13/2023,11,45777.06,2023,FORD,TRANSIT
7/24/2023,AE,AEABRK,160225,1,FLT,"STERLING HEIGHTS-F, LLC",1FTYE2C8XPKA73084,7/10/2023,14,46538.06,2023,FORD,TRANSIT
7/24/2023,AE,AEABRK,160225,1,FLT,"STERLING HEIGHTS-F, LLC",1FTYE2C83PKA86100,7/17/2023,7,46601.92,2023,FORD,TRANSIT
7/24/2023,AE,AEABRK,160225,1,FLT,"STERLING HEIGHTS-F, LLC",1FTYE2C83PKA86145,7/17/2023,7,44475.92,2023,FORD,TRANSIT
7/24/2023,AE,AEABRK,160225,1,FLT,"STERLING HEIGHTS-F, LLC",1FTYE2C86PKA73499,7/11/2023,13,46538.06,2023,FORD,TRANSIT
7/24/2023,AE,AEABRK,160225,1,FLT,"STERLING HEIGHTS-F, LLC",1FTYE2Y80PKA84393,6/22/2023,32,43966.92,2023,FORD,TRANSIT
7/24/2023,AE,AEABRK,160225,1,FSLP,"STERLING HEIGHTS-F, LLC",1FMCU9NAXPUA04420,7/13/2023,11,38646.84,2023,FORD,ESCAPE
7/24/2023,AE,AEABRK,160225,1,FSLP,"STERLING HEIGHTS-F, LLC",1FMJK1M86PEA25515,6/26/2023,28,88011.6,2023,FORD,EXPEDITION
7/24/2023,AE,AEABRK,160225,1,FSLP,"STERLING HEIGHTS-F, LLC",1FMJK1M89PEA25511,6/26/2023,28,88246.6,2023,FORD,EXPEDITION
7/24/2023,AE,AEABRK,160225,1,FSLP,"STERLING HEIGHTS-F, LLC",1FMJK2AG1PEA25522,6/12/2023,42,87686.6,2023,FORD,EXPEDITION
7/24/2023,AE,AEABRK,160225,1,FSLP,"STERLING HEIGHTS-F, LLC",1FMJK2AG3PEA25523,7/20/2023,4,87663.6,2023,FORD,EXPEDITION
7/24/2023,AE,AEABRK,160225,1,FSLP,"STERLING HEIGHTS-F, LLC",1FT8W2BT4PED07818,6/26/2023,28,75924.3,2023,FORD,F-250
7/24/2023,AE,AEABRK,160225,1,FSLP,"STERLING HEIGHTS-F, LLC",1FTFW1E86PFB67709,7/20/2023,4,69765.26,2023,FORD,F-150
7/24/2023,AE,AEABRK,160225,1,FSLP,"STERLING HEIGHTS-F, LLC",1FTFW1E89PKD83061,7/20/2023,4,67918.32,2023,FORD,F-150
7/24/2023,AE,AEABRK,160225,1,FSLP,"STERLING HEIGHTS-F, LLC",1FTFW1ED2PFC17731,6/26/2023,28,74924.81,2023,FORD,F-150
7/24/2023,AE,AEABRK,160225,1,FSLP,"STERLING HEIGHTS-F, LLC",3FMCR9B60PRD24936,5/31/2023,54,32818.44,2023,FORD,BRONCO SPORT
7/24/2023,AE,AEABRK,160225,1,MPG,"STERLING HEIGHTS-F, LLC",1FA6P8TH5P5102113,6/27/2023,27,40329.32,2023,FORD,MUSTANG
7/24/2023,AE,AEABRK,160225,1,MPG,"STERLING HEIGHTS-F, LLC",1FM5K8HC3NGC50906,6/19/2023,35,59052.92,2022,FORD,EXPLORER
7/24/2023,AE,AEABRK,160225,1,MPG,"STERLING HEIGHTS-F, LLC",1FM5K8HC4PGA49549,5/18/2023,67,59405.72,2023,FORD,EXPLORER
7/24/2023,AE,AEABRK,160225,1,MPG,"STERLING HEIGHTS-F, LLC",1FMJK1JT8NEA47876,4/10/2023,105,67870.2,2022,FORD,EXPEDITION
7/24/2023,AE,AEABRK,160225,1,MPG,"STERLING HEIGHTS-F, LLC",1FMJK1M8XPEA25517,5/8/2023,77,90821.6,2023,FORD,EXPEDITION
7/24/2023,AE,AEABRK,160225,1,MPG,"STERLING HEIGHTS-F, LLC",1FMJK1M80PEA25512,7/5/2023,19,89181.6,2023,FORD,EXPEDITION
7/24/2023,AE,AEABRK,160225,1,MPG,"STERLING HEIGHTS-F, LLC",1FMJK1M82PEA25513,6/29/2023,25,88476.6,2023,FORD,EXPEDITION
7/24/2023,AE,AEABRK,160225,1,MPG,"STERLING HEIGHTS-F, LLC",1FMJK1M87PEA25510,7/12/2023,12,88082.6,2023,FORD,EXPEDITION
7/24/2023,AE,AEABRK,160225,1,MPG,"STERLING HEIGHTS-F, LLC",1FMSK8JH2NGC42000,6/19/2023,35,51611.88,2022,FORD,EXPLORER
7/24/2023,AE,AEABRK,160225,1,MPG,"STERLING HEIGHTS-F, LLC",1FMSK8JH7NGC24964,5/11/2023,74,51921.88,2022,FORD,EXPLORER
7/24/2023,AE,AEABRK,160225,1,MPG,"STERLING HEIGHTS-F, LLC",1FTEW1EP0PFA22829,3/10/2023,136,57189.52,2023,FORD,F-150
7/24/2023,AE,AEABRK,160225,1,MPG,"STERLING HEIGHTS-F, LLC",1FTEW1EP0PFA40232,3/10/2023,136,57185.52,2023,FORD,F-150
7/24/2023,AE,AEABRK,160225,1,MPG,"STERLING HEIGHTS-F, LLC",1FTEW1EP0PKD19638,7/1/2023,23,55536.52,2023,FORD,F-150
7/24/2023,AE,AEABRK,160225,1,MPG,"STERLING HEIGHTS-F, LLC",1FTEW1EP1NKF07663,5/8/2023,77,54302.52,2022,FORD,F-150
7/24/2023,AE,AEABRK,160225,1,MPG,"STERLING HEIGHTS-F, LLC",1FTEW1EPXPFA23339,2/9/2023,165,62418.52,2023,FORD,F-150
7/24/2023,AE,AEABRK,160225,1,MPG,"STERLING HEIGHTS-F, LLC",1FTEX1EP1PKD54962,6/14/2023,40,46087.36,2023,FORD,F-150
7/24/2023,AE,AEABRK,160225,1,MPG,"STERLING HEIGHTS-F, LLC",1FTEX1EP3PKD88580,6/8/2023,46,48061.36,2023,FORD,F-150
7/24/2023,AE,AEABRK,160225,1,MPG,"STERLING HEIGHTS-F, LLC",1FTEX1EP7PKD77601,6/26/2023,28,45910.36,2023,FORD,F-150
7/24/2023,AE,AEABRK,160225,1,MPG,"STERLING HEIGHTS-F, LLC",1FTFW1E8XNKF20196,6/19/2023,35,58162.52,2022,FORD,F-150
7/24/2023,AE,AEABRK,160225,1,MPG,"STERLING HEIGHTS-F, LLC",1FTFW1E8XPFA22625,3/10/2023,136,58471.72,2023,FORD,F-150
7/24/2023,AE,AEABRK,160225,1,MPG,"STERLING HEIGHTS-F, LLC",1FTFW1E52NFC39590,3/27/2023,119,58494.84,2022,FORD,F-150
7/24/2023,AE,AEABRK,160225,1,MPG,"STERLING HEIGHTS-F, LLC",1FTFW1E52NKF19887,2/13/2023,161,58022.72,2022,FORD,F-150
7/24/2023,AE,AEABRK,160225,1,MPG,"STERLING HEIGHTS-F, LLC",1FTFW1E54NKF19695,2/13/2023,161,57307.52,2022,FORD,F-150
7/24/2023,AE,AEABRK,160225,1,MPG,"STERLING HEIGHTS-F, LLC",1FTFW1E56NKE78311,12/13/2022,223,60645.84,2022,FORD,F-150
7/24/2023,AE,AEABRK,160225,1,MPG,"STERLING HEIGHTS-F, LLC",1FTFW1E57NKF16080,11/26/2022,240,57558.52,2022,FORD,F-150
7/24/2023,AE,AEABRK,160225,1,MPG,"STERLING HEIGHTS-F, LLC",1FTFW1E57NKF17519,4/20/2023,95,59017.72,2022,FORD,F-150
7/24/2023,AE,AEABRK,160225,1,MPG,"STERLING HEIGHTS-F, LLC",1FTFW1E80NKF07635,6/19/2023,35,57510.52,2022,FORD,F-150
7/24/2023,AE,AEABRK,160225,1,MPG,"STERLING HEIGHTS-F, LLC",1FTFW1E81NKF16330,3/13/2023,133,56866.52,2022,FORD,F-150
7/24/2023,AE,AEABRK,160225,1,MPG,"STERLING HEIGHTS-F, LLC",1FTFW1E82NFC12531,12/17/2022,219,59329.84,2022,FORD,F-150
7/24/2023,AE,AEABRK,160225,1,MPG,"STERLING HEIGHTS-F, LLC",1FTFW1E82PFA06550,2/27/2023,147,57983.52,2023,FORD,F-150
7/24/2023,AE,AEABRK,160225,1,MPG,"STERLING HEIGHTS-F, LLC",1FTFW1E83NFC39754,3/20/2023,126,57545.44,2022,FORD,F-150
7/24/2023,AE,AEABRK,160225,1,MPG,"STERLING HEIGHTS-F, LLC",1FTFW1E83NKF19293,2/24/2023,150,59055.52,2022,FORD,F-150
7/24/2023,AE,AEABRK,160225,1,MPG,"STERLING HEIGHTS-F, LLC",1FTFW1E83PFA40738,3/30/2023,116,60639.72,2023,FORD,F-150
7/24/2023,AE,AEABRK,160225,1,MPG,"STERLING HEIGHTS-F, LLC",1FTFW1E84NFC12367,2/9/2023,165,59178.84,2022,FORD,F-150
7/24/2023,AE,AEABRK,160225,1,MPG,"STERLING HEIGHTS-F, LLC",1FTFW1E85NFC11681,10/25/2022,272,57521.84,2022,FORD,F-150
7/24/2023,AE,AEABRK,160225,1,MPG,"STERLING HEIGHTS-F, LLC",1FTFW1E85NKE69240,1/12/2023,193,59576.44,2022,FORD,F-150
7/24/2023,AE,AEABRK,160225,1,MPG,"STERLING HEIGHTS-F, LLC",1FTFW1E85NKE74955,1/16/2023,189,58455.44,2022,FORD,F-150
7/24/2023,AE,AEABRK,160225,1,MPG,"STERLING HEIGHTS-F, LLC",1FTFW1E85NKE77757,6/19/2023,35,58846.84,2022,FORD,F-150
7/24/2023,AE,AEABRK,160225,1,MPG,"STERLING HEIGHTS-F, LLC",1FTFW1E86NKF14606,3/13/2023,133,59827.72,2022,FORD,F-150
7/24/2023,AE,AEABRK,160225,1,MPG,"STERLING HEIGHTS-F, LLC",1FTFW1E86PFA55749,6/29/2023,25,60046.52,2023,FORD,F-150
7/24/2023,AE,AEABRK,160225,1,MPG,"STERLING HEIGHTS-F, LLC",1FTFW1E87NKF20012,6/19/2023,35,58674.52,2022,FORD,F-150
7/24/2023,AE,AEABRK,160225,1,MPG,"STERLING HEIGHTS-F, LLC",1FTFW1E89PFA40985,6/29/2023,25,56159.52,2023,FORD,F-150
7/24/2023,AE,AEABRK,160225,1,MPG,"STERLING HEIGHTS-F, LLC",1FTFW1E89PFA50366,6/29/2023,25,59275.52,2023,FORD,F-150
7/24/2023,AE,AEABRK,160225,1,MPG,"STERLING HEIGHTS-F, LLC",1FTRF3BN8NEE79925,3/25/2023,121,51999.78,2022,FORD,F-350
7/24/2023,AE,AEABRK,160225,1,MPG,"STERLING HEIGHTS-F, LLC",3FMTK4SX9PMA12367,5/5/2023,80,77275,2023,FORD,MUSTANG MACH-E
7/24/2023,AE,AEABRK,160225,1,NEW,"STERLING HEIGHTS-F, LLC",1FDUF5GNXPEC03517,6/28/2023,26,52007.8,2023,FORD,F-550
7/24/2023,AE,AEABRK,160225,1,NEW,"STERLING HEIGHTS-F, LLC",1FDWE3FN0RDD15723,6/28/2023,26,38564.06,2024,FORD,E-350
7/24/2023,AE,AEABRK,160225,1,NEW,"STERLING HEIGHTS-F, LLC",1FM5K8GC1NGC35645,4/12/2023,103,56946.92,2022,FORD,EXPLORER
7/24/2023,AE,AEABRK,160225,1,NEW,"STERLING HEIGHTS-F, LLC",1FM5K8GC5PGA29652,4/10/2023,105,59410.92,2023,FORD,EXPLORER
7/24/2023,AE,AEABRK,160225,1,NEW,"STERLING HEIGHTS-F, LLC",1FM5K8GC6PGA71599,5/28/2023,57,58941.72,2023,FORD,EXPLORER
7/24/2023,AE,AEABRK,160225,1,NEW,"STERLING HEIGHTS-F, LLC",1FM5K8GC6PGA71683,5/28/2023,57,58941.72,2023,FORD,EXPLORER
7/24/2023,AE,AEABRK,160225,1,NEW,"STERLING HEIGHTS-F, LLC",1FM5K8GC6PGA72221,5/28/2023,57,58941.72,2023,FORD,EXPLORER
7/24/2023,AE,AEABRK,160225,1,NEW,"STERLING HEIGHTS-F, LLC",1FM5K8GC6PGA72283,5/28/2023,57,58941.72,2023,FORD,EXPLORER
7/24/2023,AE,AEABRK,160225,1,NEW,"STERLING HEIGHTS-F, LLC",1FM5K8GC7PGA71028,5/31/2023,54,58941.72,2023,FORD,EXPLORER
7/24/2023,AE,AEABRK,160225,1,NEW,"STERLING HEIGHTS-F, LLC",1FM5K8GC9PGA61763,5/16/2023,69,58941.72,2023,FORD,EXPLORER
7/24/2023,AE,AEABRK,160225,1,NEW,"STERLING HEIGHTS-F, LLC",1FM5K8GC9PGA61830,5/23/2023,62,58941.72,2023,FORD,EXPLORER
7/24/2023,AE,AEABRK,160225,1,NEW,"STERLING HEIGHTS-F, LLC",1FM5K8GCXPGA08229,5/15/2023,70,56237.92,2023,FORD,EXPLORER
7/24/2023,AE,AEABRK,160225,1,NEW,"STERLING HEIGHTS-F, LLC",1FM5K8HC0PGA50830,5/23/2023,62,59079.72,2023,FORD,EXPLORER
7/24/2023,AE,AEABRK,160225,1,NEW,"STERLING HEIGHTS-F, LLC",1FM5K8HC1PGA49461,5/17/2023,68,59085.72,2023,FORD,EXPLORER
7/24/2023,AE,AEABRK,160225,1,NEW,"STERLING HEIGHTS-F, LLC",1FM5K8HC5PGA29293,6/8/2023,46,59602.72,2023,FORD,EXPLORER
7/24/2023,AE,AEABRK,160225,1,NEW,"STERLING HEIGHTS-F, LLC",1FM5K8HC6PGA28184,5/23/2023,62,59602.72,2023,FORD,EXPLORER
7/24/2023,AE,AEABRK,160225,1,NEW,"STERLING HEIGHTS-F, LLC",1FM5K8HC6PGA92659,5/31/2023,54,59132.72,2023,FORD,EXPLORER
7/24/2023,AE,AEABRK,160225,1,NEW,"STERLING HEIGHTS-F, LLC",1FMCU0GNXPUA01531,7/17/2023,7,32723.44,2023,FORD,ESCAPE
7/24/2023,AE,AEABRK,160225,1,NEW,"STERLING HEIGHTS-F, LLC",1FMCU0MN2PUA30946,7/2/2023,22,31623.44,2023,FORD,ESCAPE
7/24/2023,AE,AEABRK,160225,1,NEW,"STERLING HEIGHTS-F, LLC",1FMCU9G60NUB83721,2/2/2023,172,31798.84,2022,FORD,ESCAPE
7/24/2023,AE,AEABRK,160225,1,NEW,"STERLING HEIGHTS-F, LLC",1FMCU9NZ3PUA31402,7/20/2023,4,36068.44,2023,FORD,ESCAPE
7/24/2023,AE,AEABRK,160225,1,NEW,"STERLING HEIGHTS-F, LLC",1FMCU9PA7PUA01603,7/19/2023,5,40745.84,2023,FORD,ESCAPE
7/24/2023,AE,AEABRK,160225,1,NEW,"STERLING HEIGHTS-F, LLC",1FMJK1M84PEA25514,6/6/2023,48,87823.6,2023,FORD,EXPEDITION
7/24/2023,AE,AEABRK,160225,1,NEW,"STERLING HEIGHTS-F, LLC",1FMJK2A85PEA37181,6/27/2023,27,80959.6,2023,FORD,EXPEDITION
7/24/2023,AE,AEABRK,160225,1,NEW,"STERLING HEIGHTS-F, LLC",1FMJK2AG9PEA25526,6/28/2023,26,88292.6,2023,FORD,EXPEDITION
7/24/2023,AE,AEABRK,160225,1,NEW,"STERLING HEIGHTS-F, LLC",1FMJU1M8XPEA25527,5/25/2023,60,84927,2023,FORD,EXPEDITION
7/24/2023,AE,AEABRK,160225,1,NEW,"STERLING HEIGHTS-F, LLC",1FMJU1M8XPEA25530,5/15/2023,70,85327,2023,FORD,EXPEDITION
7/24/2023,AE,AEABRK,160225,1,NEW,"STERLING HEIGHTS-F, LLC",1FMJU1P87PEA25531,5/16/2023,69,83797,2023,FORD,EXPEDITION
7/24/2023,AE,AEABRK,160225,1,NEW,"STERLING HEIGHTS-F, LLC",1FMJU1RG3PEA25532,5/16/2023,69,79851,2023,FORD,EXPEDITION
7/24/2023,AE,AEABRK,160225,1,NEW,"STERLING HEIGHTS-F, LLC",1FMJU2A82PEA25533,6/27/2023,27,70718,2023,FORD,EXPEDITION
7/24/2023,AE,AEABRK,160225,1,NEW,"STERLING HEIGHTS-F, LLC",1FMJU2A87PEA25298,6/15/2023,39,68739,2023,FORD,EXPEDITION
7/24/2023,AE,AEABRK,160225,1,NEW,"STERLING HEIGHTS-F, LLC",1FMSK8DH1PGA49660,5/18/2023,67,45544.88,2023,FORD,EXPLORER
7/24/2023,AE,AEABRK,160225,1,NEW,"STERLING HEIGHTS-F, LLC",1FMSK8DH9PGA54962,7/8/2023,16,44652.08,2023,FORD,EXPLORER
7/24/2023,AE,AEABRK,160225,1,NEW,"STERLING HEIGHTS-F, LLC",1FMSK8FH9PGA08111,4/17/2023,98,49121.88,2023,FORD,EXPLORER
7/24/2023,AE,AEABRK,160225,1,NEW,"STERLING HEIGHTS-F, LLC",1FMSK8JH8PGA21424,3/6/2023,140,51164.88,2023,FORD,EXPLORER
7/24/2023,AE,AEABRK,160225,1,NEW,"STERLING HEIGHTS-F, LLC",1FTEW1EP3PKD53329,5/1/2023,84,54080.32,2023,FORD,F-150
7/24/2023,AE,AEABRK,160225,1,NEW,"STERLING HEIGHTS-F, LLC",1FTEX1EP3PFA98493,5/13/2023,72,53297.36,2023,FORD,F-150
7/24/2023,AE,AEABRK,160225,1,NEW,"STERLING HEIGHTS-F, LLC",1FTEX1EP4PFB20226,5/22/2023,63,47998.36,2023,FORD,F-150
7/24/2023,AE,AEABRK,160225,1,NEW,"STERLING HEIGHTS-F, LLC",1FTEX1EP4PKD87664,5/23/2023,62,47460.36,2023,FORD,F-150
7/24/2023,AE,AEABRK,160225,1,NEW,"STERLING HEIGHTS-F, LLC",1FTEX1EP4PKD88460,5/23/2023,62,47998.36,2023,FORD,F-150
7/24/2023,AE,AEABRK,160225,1,NEW,"STERLING HEIGHTS-F, LLC",1FTEX1EP7PKD76691,7/12/2023,12,46011.36,2023,FORD,F-150
7/24/2023,AE,AEABRK,160225,1,NEW,"STERLING HEIGHTS-F, LLC",1FTEX1EP8PKE19807,7/9/2023,15,46238.52,2023,FORD,F-150
7/24/2023,AE,AEABRK,160225,1,NEW,"STERLING HEIGHTS-F, LLC",1FTEX1EP9PKD76692,7/15/2023,9,46931.36,2023,FORD,F-150
7/24/2023,AE,AEABRK,160225,1,NEW,"STERLING HEIGHTS-F, LLC",1FTEX1EPXPFA85322,5/25/2023,60,50996.36,2023,FORD,F-150
7/24/2023,AE,AEABRK,160225,1,NEW,"STERLING HEIGHTS-F, LLC",1FTEX1EPXPKD76992,7/6/2023,18,47200.36,2023,FORD,F-150
7/24/2023,AE,AEABRK,160225,1,NEW,"STERLING HEIGHTS-F, LLC",1FTFW1E51PKE28497,7/12/2023,12,57248.52,2023,FORD,F-150
7/24/2023,AE,AEABRK,160225,1,NEW,"STERLING HEIGHTS-F, LLC",1FTFW1E55NKE76484,2/20/2023,154,56493.84,2022,FORD,F-150
7/24/2023,AE,AEABRK,160225,1,NEW,"STERLING HEIGHTS-F, LLC",1FTFW1E81PFB59243,7/3/2023,21,57986.32,2023,FORD,F-150
7/24/2023,AE,AEABRK,160225,1,NEW,"STERLING HEIGHTS-F, LLC",1FTFW1E85NFC11907,1/19/2023,186,61876.84,2022,FORD,F-150
7/24/2023,AE,AEABRK,160225,1,NEW,"STERLING HEIGHTS-F, LLC",1FTFW1E85PFA41504,3/19/2023,127,66375.52,2023,FORD,F-150
7/24/2023,AE,AEABRK,160225,1,NEW,"STERLING HEIGHTS-F, LLC",1FTFW1E85PFA52079,4/13/2023,102,73238.72,2023,FORD,F-150
7/24/2023,AE,AEABRK,160225,1,NEW,"STERLING HEIGHTS-F, LLC",1FTFW1ED0NFB51662,3/22/2023,124,70847.64,2022,FORD,F-150
7/24/2023,AE,AEABRK,160225,1,NEW,"STERLING HEIGHTS-F, LLC",1FTFW1ED9PFB13933,6/5/2023,49,80892.92,2023,FORD,F-150
7/24/2023,AE,AEABRK,160225,1,NEW,"STERLING HEIGHTS-F, LLC",1FTFW1ED9PFB30151,6/12/2023,42,1138,2023,FORD,F-150
7/24/2023,AE,AEABRK,160225,1,NEW,"STERLING HEIGHTS-F, LLC",2FMPK4AP3PBA15415,6/9/2023,45,46553.08,2023,FORD,EDGE
7/24/2023,AE,AEABRK,160225,1,NEW,"STERLING HEIGHTS-F, LLC",3FMCR9C6XPRD53715,6/27/2023,27,36134.44,2023,FORD,BRONCO SPORT
7/24/2023,AE,AEABRK,160225,1,NEW,"STERLING HEIGHTS-F, LLC",3FMCR9C60PRD24594,6/27/2023,27,39321.44,2023,FORD,BRONCO SPORT
7/24/2023,AE,AEABRK,160225,1,NEW,"STERLING HEIGHTS-F, LLC",3FMCR9C62PRD13256,4/30/2023,85,37381.84,2023,FORD,BRONCO SPORT
7/24/2023,AE,AEABRK,160225,1,NEW,"STERLING HEIGHTS-F, LLC",3FMCR9C62PRD47343,6/27/2023,27,37613.44,2023,FORD,BRONCO SPORT
7/24/2023,AE,AEABRK,160225,1,NEW,"STERLING HEIGHTS-F, LLC",3FMCR9C62PRD48802,6/21/2023,33,36134.44,2023,FORD,BRONCO SPORT
7/24/2023,AE,AEABRK,160225,1,NEW,"STERLING HEIGHTS-F, LLC",3FMCR9C62PRD49206,6/5/2023,49,38394.44,2023,FORD,BRONCO SPORT
7/24/2023,AE,AEABRK,160225,1,NEW,"STERLING HEIGHTS-F, LLC",3FMCR9C63PRD43348,7/19/2023,5,37360.44,2023,FORD,BRONCO SPORT
7/24/2023,AE,AEABRK,160225,1,NEW,"STERLING HEIGHTS-F, LLC",3FMCR9C64PRD52883,6/27/2023,27,36217.44,2023,FORD,BRONCO SPORT
7/24/2023,AE,AEABRK,160225,1,NEW,"STERLING HEIGHTS-F, LLC",3FMCR9C65PRD50558,6/21/2023,33,36852.44,2023,FORD,BRONCO SPORT
7/24/2023,AE,AEABRK,160225,1,NEW,"STERLING HEIGHTS-F, LLC",3FMCR9C66PRD51184,6/21/2023,33,36011.44,2023,FORD,BRONCO SPORT
7/24/2023,AE,AEABRK,160225,1,NEW,"STERLING HEIGHTS-F, LLC",3FMCR9C67PRD53896,6/21/2023,33,36011.44,2023,FORD,BRONCO SPORT
7/24/2023,AE,AEABRK,160225,1,NEW,"STERLING HEIGHTS-F, LLC",3FMCR9C68PRD02584,6/12/2023,42,36325.84,2023,FORD,BRONCO SPORT
7/24/2023,AE,AEABRK,160225,1,NEW,"STERLING HEIGHTS-F, LLC",3FMTK1SS0PMA13121,7/12/2023,12,51100,2023,FORD,MUSTANG MACH-E
7/24/2023,AE,AEABRK,160225,1,NEW,"STERLING HEIGHTS-F, LLC",3FMTK1SS1PMA09126,4/17/2023,98,50545,2023,FORD,MUSTANG MACH-E
7/24/2023,AE,AEABRK,160225,1,NEW,"STERLING HEIGHTS-F, LLC",3FMTK1SS7PMA17487,7/20/2023,4,51300,2023,FORD,MUSTANG MACH-E
7/24/2023,AE,AEABRK,160225,1,NEW,"STERLING HEIGHTS-F, LLC",3FMTK3SSXPMA19276,7/9/2023,15,56045,2023,FORD,MUSTANG MACH-E
7/24/2023,AE,AEABRK,160225,1,PAFL,"STERLING HEIGHTS-F, LLC",1F66F5KN0P0A03010,6/13/2023,41,36082.6,2023,FORD,F59
7/24/2023,AE,AEABRK,160225,1,PAFL,"STERLING HEIGHTS-F, LLC",1F66F5KN0P0A03024,6/13/2023,41,36082.6,2023,FORD,F59
7/24/2023,AE,AEABRK,160225,1,PAFL,"STERLING HEIGHTS-F, LLC",1F66F5KN0P0A03119,5/11/2023,74,36082.6,2023,FORD,F59
7/24/2023,AE,AEABRK,160225,1,PAFL,"STERLING HEIGHTS-F, LLC",1F66F5KN0P0A05159,7/8/2023,16,36017.6,2023,FORD,F59
7/24/2023,AE,AEABRK,160225,1,PAFL,"STERLING HEIGHTS-F, LLC",1F66F5KN0P0A05243,7/14/2023,10,37384.6,2023,FORD,F59
7/24/2023,AE,AEABRK,160225,1,PAFL,"STERLING HEIGHTS-F, LLC",1F66F5KN1P0A02996,6/14/2023,40,36082.6,2023,FORD,F59
7/24/2023,AE,AEABRK,160225,1,PAFL,"STERLING HEIGHTS-F, LLC",1F66F5KN1P0A03002,6/13/2023,41,36082.6,2023,FORD,F59
7/24/2023,AE,AEABRK,160225,1,PAFL,"STERLING HEIGHTS-F, LLC",1F66F5KN1P0A03114,5/11/2023,74,36082.6,2023,FORD,F59
7/24/2023,AE,AEABRK,160225,1,PAFL,"STERLING HEIGHTS-F, LLC",1F66F5KN1P0A05249,5/11/2023,74,37384.6,2023,FORD,F59
7/24/2023,AE,AEABRK,160225,1,PAFL,"STERLING HEIGHTS-F, LLC",1F66F5KN1P0A05252,7/7/2023,17,37384.6,2023,FORD,F59
7/24/2023,AE,AEABRK,160225,1,PAFL,"STERLING HEIGHTS-F, LLC",1F66F5KN2P0A03025,6/13/2023,41,36082.6,2023,FORD,F59
7/24/2023,AE,AEABRK,160225,1,PAFL,"STERLING HEIGHTS-F, LLC",1F66F5KN2P0A03123,5/11/2023,74,36082.6,2023,FORD,F59
7/24/2023,AE,AEABRK,160225,1,PAFL,"STERLING HEIGHTS-F, LLC",1F66F5KN2P0A05194,7/14/2023,10,36017.6,2023,FORD,F59
7/24/2023,AE,AEABRK,160225,1,PAFL,"STERLING HEIGHTS-F, LLC",1F66F5KN2P0A05213,7/18/2023,6,36017.6,2023,FORD,F59
7/24/2023,AE,AEABRK,160225,1,PAFL,"STERLING HEIGHTS-F, LLC",1F66F5KN2P0A05244,7/20/2023,4,37384.6,2023,FORD,F59
7/24/2023,AE,AEABRK,160225,1,PAFL,"STERLING HEIGHTS-F, LLC",1F66F5KN3P0A03017,6/14/2023,40,36082.6,2023,FORD,F59
7/24/2023,AE,AEABRK,160225,1,PAFL,"STERLING HEIGHTS-F, LLC",1F66F5KN3P0A03020,6/13/2023,41,36082.6,2023,FORD,F59
7/24/2023,AE,AEABRK,160225,1,PAFL,"STERLING HEIGHTS-F, LLC",1F66F5KN3P0A03101,7/1/2023,23,36082.6,2023,FORD,F59
7/24/2023,AE,AEABRK,160225,1,PAFL,"STERLING HEIGHTS-F, LLC",1F66F5KN3P0A03115,6/26/2023,28,36082.6,2023,FORD,F59
7/24/2023,AE,AEABRK,160225,1,PAFL,"STERLING HEIGHTS-F, LLC",1F66F5KN3P0A03129,6/26/2023,28,36082.6,2023,FORD,F59
7/24/2023,AE,AEABRK,160225,1,PAFL,"STERLING HEIGHTS-F, LLC",1F66F5KN3P0A05222,7/18/2023,6,36017.6,2023,FORD,F59
7/24/2023,AE,AEABRK,160225,1,PAFL,"STERLING HEIGHTS-F, LLC",1F66F5KN3P0A05236,7/7/2023,17,36017.6,2023,FORD,F59
7/24/2023,AE,AEABRK,160225,1,PAFL,"STERLING HEIGHTS-F, LLC",1F66F5KN4P0A03012,6/14/2023,40,36082.6,2023,FORD,F59
7/24/2023,AE,AEABRK,160225,1,PAFL,"STERLING HEIGHTS-F, LLC",1F66F5KN4P0A03107,6/30/2023,24,36082.6,2023,FORD,F59
7/24/2023,AE,AEABRK,160225,1,PAFL,"STERLING HEIGHTS-F, LLC",1F66F5KN4P0A03110,6/26/2023,28,36082.6,2023,FORD,F59
7/24/2023,AE,AEABRK,160225,1,PAFL,"STERLING HEIGHTS-F, LLC",1F66F5KN4P0A03124,6/26/2023,28,36082.6,2023,FORD,F59
7/24/2023,AE,AEABRK,160225,1,PAFL,"STERLING HEIGHTS-F, LLC",1F66F5KN4P0A03138,5/11/2023,74,36082.6,2023,FORD,F59
7/24/2023,AE,AEABRK,160225,1,PAFL,"STERLING HEIGHTS-F, LLC",1F66F5KN4P0A05150,7/15/2023,9,36017.6,2023,FORD,F59
7/24/2023,AE,AEABRK,160225,1,PAFL,"STERLING HEIGHTS-F, LLC",1F66F5KN4P0A05164,7/14/2023,10,36017.6,2023,FORD,F59
7/24/2023,AE,AEABRK,160225,1,PAFL,"STERLING HEIGHTS-F, LLC",1F66F5KN4P0A05195,7/11/2023,13,36017.6,2023,FORD,F59
7/24/2023,AE,AEABRK,160225,1,PAFL,"STERLING HEIGHTS-F, LLC",1F66F5KN4P0A05214,7/14/2023,10,36017.6,2023,FORD,F59
7/24/2023,AE,AEABRK,160225,1,PAFL,"STERLING HEIGHTS-F, LLC",1F66F5KN4P0A05231,7/14/2023,10,36017.6,2023,FORD,F59
7/24/2023,AE,AEABRK,160225,1,PAFL,"STERLING HEIGHTS-F, LLC",1F66F5KN4P0A05245,7/6/2023,18,37384.6,2023,FORD,F59
7/24/2023,AE,AEABRK,160225,1,PAFL,"STERLING HEIGHTS-F, LLC",1F66F5KN5P0A02998,6/13/2023,41,36082.6,2023,FORD,F59
7/24/2023,AE,AEABRK,160225,1,PAFL,"STERLING HEIGHTS-F, LLC",1F66F5KN5P0A03021,6/13/2023,41,36082.6,2023,FORD,F59
7/24/2023,AE,AEABRK,160225,1,PAFL,"STERLING HEIGHTS-F, LLC",1F66F5KN5P0A03035,6/20/2023,34,36082.6,2023,FORD,F59
7/24/2023,AE,AEABRK,160225,1,PAFL,"STERLING HEIGHTS-F, LLC",1F66F5KN5P0A03052,6/20/2023,34,36082.6,2023,FORD,F59
7/24/2023,AE,AEABRK,160225,1,PAFL,"STERLING HEIGHTS-F, LLC",1F66F5KN5P0A03097,6/26/2023,28,36082.6,2023,FORD,F59
7/24/2023,AE,AEABRK,160225,1,PAFL,"STERLING HEIGHTS-F, LLC",1F66F5KN5P0A03102,6/26/2023,28,36082.6,2023,FORD,F59
7/24/2023,AE,AEABRK,160225,1,PAFL,"STERLING HEIGHTS-F, LLC",1F66F5KN5P0A03133,6/28/2023,26,36082.6,2023,FORD,F59
7/24/2023,AE,AEABRK,160225,1,PAFL,"STERLING HEIGHTS-F, LLC",1F66F5KN5P0A05125,5/11/2023,74,36082.6,2023,FORD,F59
7/24/2023,AE,AEABRK,160225,1,PAFL,"STERLING HEIGHTS-F, LLC",1F66F5KN5P0A05156,7/18/2023,6,36017.6,2023,FORD,F59
7/24/2023,AE,AEABRK,160225,1,PAFL,"STERLING HEIGHTS-F, LLC",1F66F5KN5P0A05206,7/1/2023,23,36017.6,2023,FORD,F59
7/24/2023,AE,AEABRK,160225,1,PAFL,"STERLING HEIGHTS-F, LLC",1F66F5KN5P0A05237,7/8/2023,16,37384.6,2023,FORD,F59
7/24/2023,AE,AEABRK,160225,1,PAFL,"STERLING HEIGHTS-F, LLC",1F66F5KN5P0A05240,7/6/2023,18,37384.6,2023,FORD,F59
7/24/2023,AE,AEABRK,160225,1,PAFL,"STERLING HEIGHTS-F, LLC",1F66F5KN5P0A05254,7/14/2023,10,37384.6,2023,FORD,F59
7/24/2023,AE,AEABRK,160225,1,PAFL,"STERLING HEIGHTS-F, LLC",1F66F5KN6P0A03013,6/13/2023,41,36082.6,2023,FORD,F59
7/24/2023,AE,AEABRK,160225,1,PAFL,"STERLING HEIGHTS-F, LLC",1F66F5KN6P0A03089,5/11/2023,74,36082.6,2023,FORD,F59
7/24/2023,AE,AEABRK,160225,1,PAFL,"STERLING HEIGHTS-F, LLC",1F66F5KN6P0A03108,6/26/2023,28,36082.6,2023,FORD,F59
7/24/2023,AE,AEABRK,160225,1,PAFL,"STERLING HEIGHTS-F, LLC",1F66F5KN6P0A03111,6/26/2023,28,36082.6,2023,FORD,F59
7/24/2023,AE,AEABRK,160225,1,PAFL,"STERLING HEIGHTS-F, LLC",1F66F5KN6P0A03139,5/11/2023,74,36082.6,2023,FORD,F59
7/24/2023,AE,AEABRK,160225,1,PAFL,"STERLING HEIGHTS-F, LLC",1F66F5KN6P0A05098,6/26/2023,28,36082.6,2023,FORD,F59
7/24/2023,AE,AEABRK,160225,1,PAFL,"STERLING HEIGHTS-F, LLC",1F66F5KN6P0A05103,6/26/2023,28,36082.6,2023,FORD,F59
7/24/2023,AE,AEABRK,160225,1,PAFL,"STERLING HEIGHTS-F, LLC",1F66F5KN6P0A05151,7/14/2023,10,36017.6,2023,FORD,F59
7/24/2023,AE,AEABRK,160225,1,PAFL,"STERLING HEIGHTS-F, LLC",1F66F5KN6P0A05232,7/8/2023,16,36017.6,2023,FORD,F59
7/24/2023,AE,AEABRK,160225,1,PAFL,"STERLING HEIGHTS-F, LLC",1F66F5KN6P0A05246,7/15/2023,9,37384.6,2023,FORD,F59
7/24/2023,AE,AEABRK,160225,1,PAFL,"STERLING HEIGHTS-F, LLC",1F66F5KN7P0A03005,6/16/2023,38,36082.6,2023,FORD,F59
7/24/2023,AE,AEABRK,160225,1,PAFL,"STERLING HEIGHTS-F, LLC",1F66F5KN7P0A03022,6/14/2023,40,36082.6,2023,FORD,F59
7/24/2023,AE,AEABRK,160225,1,PAFL,"STERLING HEIGHTS-F, LLC",1F66F5KN7P0A03098,5/11/2023,74,36082.6,2023,FORD,F59
7/24/2023,AE,AEABRK,160225,1,PAFL,"STERLING HEIGHTS-F, LLC",1F66F5KN7P0A03103,7/5/2023,19,36082.6,2023,FORD,F59
7/24/2023,AE,AEABRK,160225,1,PAFL,"STERLING HEIGHTS-F, LLC",1F66F5KN7P0A03117,6/26/2023,28,36082.6,2023,FORD,F59
7/24/2023,AE,AEABRK,160225,1,PAFL,"STERLING HEIGHTS-F, LLC",1F66F5KN7P0A03120,5/11/2023,74,36082.6,2023,FORD,F59
7/24/2023,AE,AEABRK,160225,1,PAFL,"STERLING HEIGHTS-F, LLC",1F66F5KN7P0A05109,7/3/2023,21,36017.6,2023,FORD,F59
7/24/2023,AE,AEABRK,160225,1,PAFL,"STERLING HEIGHTS-F, LLC",1F66F5KN7P0A05112,7/3/2023,21,36017.6,2023,FORD,F59
7/24/2023,AE,AEABRK,160225,1,PAFL,"STERLING HEIGHTS-F, LLC",1F66F5KN7P0A05160,7/14/2023,10,36017.6,2023,FORD,F59
7/24/2023,AE,AEABRK,160225,1,PAFL,"STERLING HEIGHTS-F, LLC",1F66F5KN7P0A05238,7/22/2023,2,37384.6,2023,FORD,F59
7/24/2023,AE,AEABRK,160225,1,PAFL,"STERLING HEIGHTS-F, LLC",1F66F5KN7P0A05241,7/22/2023,2,37384.6,2023,FORD,F59
7/24/2023,AE,AEABRK,160225,1,PAFL,"STERLING HEIGHTS-F, LLC",1F66F5KN7P0A05255,7/15/2023,9,37384.6,2023,FORD,F59
7/24/2023,AE,AEABRK,160225,1,PAFL,"STERLING HEIGHTS-F, LLC",1F66F5KN8P0A03000,6/16/2023,38,36082.6,2023,FORD,F59
7/24/2023,AE,AEABRK,160225,1,PAFL,"STERLING HEIGHTS-F, LLC",1F66F5KN8P0A03031,7/6/2023,18,36082.6,2023,FORD,F59
7/24/2023,AE,AEABRK,160225,1,PAFL,"STERLING HEIGHTS-F, LLC",1F66F5KN8P0A03045,5/11/2023,74,36082.6,2023,FORD,F59
7/24/2023,AE,AEABRK,160225,1,PAFL,"STERLING HEIGHTS-F, LLC",1F66F5KN8P0A03059,6/23/2023,31,36082.6,2023,FORD,F59
7/24/2023,AE,AEABRK,160225,1,PAFL,"STERLING HEIGHTS-F, LLC",1F66F5KN8P0A03062,6/23/2023,31,36082.6,2023,FORD,F59
7/24/2023,AE,AEABRK,160225,1,PAFL,"STERLING HEIGHTS-F, LLC",1F66F5KN8P0A03093,5/11/2023,74,36082.6,2023,FORD,F59
7/24/2023,AE,AEABRK,160225,1,PAFL,"STERLING HEIGHTS-F, LLC",1F66F5KN8P0A03109,5/11/2023,74,36082.6,2023,FORD,F59
7/24/2023,AE,AEABRK,160225,1,PAFL,"STERLING HEIGHTS-F, LLC",1F66F5KN8P0A03112,5/11/2023,74,36082.6,2023,FORD,F59
7/24/2023,AE,AEABRK,160225,1,PAFL,"STERLING HEIGHTS-F, LLC",1F66F5KN8P0A03143,5/11/2023,74,36082.6,2023,FORD,F59
7/24/2023,AE,AEABRK,160225,1,PAFL,"STERLING HEIGHTS-F, LLC",1F66F5KN8P0A05099,7/3/2023,21,36017.6,2023,FORD,F59
7/24/2023,AE,AEABRK,160225,1,PAFL,"STERLING HEIGHTS-F, LLC",1F66F5KN8P0A05104,7/19/2023,5,36017.6,2023,FORD,F59
7/24/2023,AE,AEABRK,160225,1,PAFL,"STERLING HEIGHTS-F, LLC",1F66F5KN8P0A05121,7/3/2023,21,36017.6,2023,FORD,F59
7/24/2023,AE,AEABRK,160225,1,PAFL,"STERLING HEIGHTS-F, LLC",1F66F5KN8P0A05149,7/18/2023,6,36017.6,2023,FORD,F59
7/24/2023,AE,AEABRK,160225,1,PAFL,"STERLING HEIGHTS-F, LLC",1F66F5KN8P0A05152,7/14/2023,10,36017.6,2023,FORD,F59
7/24/2023,AE,AEABRK,160225,1,PAFL,"STERLING HEIGHTS-F, LLC",1F66F5KN8P0A05197,7/6/2023,18,36017.6,2023,FORD,F59
7/24/2023,AE,AEABRK,160225,1,PAFL,"STERLING HEIGHTS-F, LLC",1F66F5KN8P0A05247,7/22/2023,2,37384.6,2023,FORD,F59
7/24/2023,AE,AEABRK,160225,1,PAFL,"STERLING HEIGHTS-F, LLC",1F66F5KN8P0A05250,7/22/2023,2,37384.6,2023,FORD,F59
7/24/2023,AE,AEABRK,160225,1,PAFL,"STERLING HEIGHTS-F, LLC",1F66F5KN9P0A03040,6/20/2023,34,36082.6,2023,FORD,F59
7/24/2023,AE,AEABRK,160225,1,PAFL,"STERLING HEIGHTS-F, LLC",1F66F5KN9P0A03099,6/26/2023,28,36082.6,2023,FORD,F59
7/24/2023,AE,AEABRK,160225,1,PAFL,"STERLING HEIGHTS-F, LLC",1F66F5KN9P0A03104,7/1/2023,23,36082.6,2023,FORD,F59
7/24/2023,AE,AEABRK,160225,1,PAFL,"STERLING HEIGHTS-F, LLC",1F66F5KN9P0A03118,6/26/2023,28,36082.6,2023,FORD,F59
7/24/2023,AE,AEABRK,160225,1,PAFL,"STERLING HEIGHTS-F, LLC",1F66F5KN9P0A03135,6/26/2023,28,36082.6,2023,FORD,F59
7/24/2023,AE,AEABRK,160225,1,PAFL,"STERLING HEIGHTS-F, LLC",1F66F5KN9P0A05113,7/3/2023,21,36017.6,2023,FORD,F59
7/24/2023,AE,AEABRK,160225,1,PAFL,"STERLING HEIGHTS-F, LLC",1F66F5KN9P0A05127,7/15/2023,9,36017.6,2023,FORD,F59
7/24/2023,AE,AEABRK,160225,1,PAFL,"STERLING HEIGHTS-F, LLC",1F66F5KN9P0A05158,7/14/2023,10,36017.6,2023,FORD,F59
7/24/2023,AE,AEABRK,160225,1,PAFL,"STERLING HEIGHTS-F, LLC",1F66F5KN9P0A05161,7/5/2023,19,36017.6,2023,FORD,F59
7/24/2023,AE,AEABRK,160225,1,PAFL,"STERLING HEIGHTS-F, LLC",1F66F5KN9P0A05208,7/18/2023,6,36017.6,2023,FORD,F59
7/24/2023,AE,AEABRK,160225,1,PAFL,"STERLING HEIGHTS-F, LLC",1F66F5KN9P0A05211,7/1/2023,23,36017.6,2023,FORD,F59
7/24/2023,AE,AEABRK,160225,1,PAFL,"STERLING HEIGHTS-F, LLC",1F66F5KN9P0A05239,7/14/2023,10,37384.6,2023,FORD,F59
7/24/2023,AE,AEABRK,160225,1,PAFL,"STERLING HEIGHTS-F, LLC",1F66F5KN9P0A05242,7/8/2023,16,37384.6,2023,FORD,F59
7/24/2023,AE,AEABRK,160225,1,PAFL,"STERLING HEIGHTS-F, LLC",1F66F5KNXP0A03001,6/14/2023,40,36082.6,2023,FORD,F59
7/24/2023,AE,AEABRK,160225,1,PAFL,"STERLING HEIGHTS-F, LLC",1F66F5KNXP0A03029,6/20/2023,34,36082.6,2023,FORD,F59
7/24/2023,AE,AEABRK,160225,1,PAFL,"STERLING HEIGHTS-F, LLC",1F66F5KNXP0A03032,6/20/2023,34,36082.6,2023,FORD,F59
7/24/2023,AE,AEABRK,160225,1,PAFL,"STERLING HEIGHTS-F, LLC",1F66F5KNXP0A03046,6/20/2023,34,36082.6,2023,FORD,F59
7/24/2023,AE,AEABRK,160225,1,PAFL,"STERLING HEIGHTS-F, LLC",1F66F5KNXP0A03063,6/21/2023,33,36082.6,2023,FORD,F59
7/24/2023,AE,AEABRK,160225,1,PAFL,"STERLING HEIGHTS-F, LLC",1F66F5KNXP0A03094,6/26/2023,28,36082.6,2023,FORD,F59
7/24/2023,AE,AEABRK,160225,1,PAFL,"STERLING HEIGHTS-F, LLC",1F66F5KNXP0A03113,6/26/2023,28,36082.6,2023,FORD,F59
7/24/2023,AE,AEABRK,160225,1,PAFL,"STERLING HEIGHTS-F, LLC",1F66F5KNXP0A05105,7/3/2023,21,36017.6,2023,FORD,F59
7/24/2023,AE,AEABRK,160225,1,PAFL,"STERLING HEIGHTS-F, LLC",1F66F5KNXP0A05220,7/6/2023,18,37384.6,2023,FORD,F59
7/24/2023,AE,AEABRK,160225,1,PAFL,"STERLING HEIGHTS-F, LLC",1F66F5KNXP0A05234,7/7/2023,17,37384.6,2023,FORD,F59
7/24/2023,AE,AEABRK,160225,1,PAFL,"STERLING HEIGHTS-F, LLC",1F66F5KNXP0A05248,7/5/2023,19,37384.6,2023,FORD,F59
7/24/2023,AE,AEABRK,160225,1,PAFL,"STERLING HEIGHTS-F, LLC",1F66F5KNXP0A05251,7/22/2023,2,37384.6,2023,FORD,F59
7/24/2023,AE,AEABRK,160225,1,PAFL,"STERLING HEIGHTS-F, LLC",1FBAX2C82PKA70776,7/18/2023,6,49689.48,2023,FORD,TRANSIT
7/24/2023,AE,AEABRK,160225,1,PAFL,"STERLING HEIGHTS-F, LLC",1FBAX2C82PKB19989,6/8/2023,46,50843.06,2023,FORD,TRANSIT
7/24/2023,AE,AEABRK,160225,1,PAFL,"STERLING HEIGHTS-F, LLC",1FBAX2C84PKB45378,7/22/2023,2,48303.48,2023,FORD,TRANSIT
7/24/2023,AE,AEABRK,160225,1,PAFL,"STERLING HEIGHTS-F, LLC",1FBAX2C85PKB20862,6/8/2023,46,49303.06,2023,FORD,TRANSIT
7/24/2023,AE,AEABRK,160225,1,PAFL,"STERLING HEIGHTS-F, LLC",1FBAX2C87PKB20622,7/11/2023,13,50843.06,2023,FORD,TRANSIT
7/24/2023,AE,AEABRK,160225,1,PAFL,"STERLING HEIGHTS-F, LLC",1FBAX2C89PKB20668,6/16/2023,38,49303.06,2023,FORD,TRANSIT
7/24/2023,AE,AEABRK,160225,1,PAFL,"STERLING HEIGHTS-F, LLC",1FBAX2C89PKB20914,6/8/2023,46,49303.06,2023,FORD,TRANSIT
7/24/2023,AE,AEABRK,160225,1,PAFL,"STERLING HEIGHTS-F, LLC",1FBVU4X8XPKB01143,7/1/2023,23,51664.48,2023,FORD,TRANSIT
7/24/2023,AE,AEABRK,160225,1,PAFL,"STERLING HEIGHTS-F, LLC",1FBVU4X8XPKB29556,6/28/2023,26,51841.06,2023,FORD,TRANSIT
7/24/2023,AE,AEABRK,160225,1,PAFL,"STERLING HEIGHTS-F, LLC",1FBVU4X8XPKB39505,7/20/2023,4,51841.06,2023,FORD,TRANSIT
7/24/2023,AE,AEABRK,160225,1,PAFL,"STERLING HEIGHTS-F, LLC",1FBVU4X80PKB30215,7/12/2023,12,51841.06,2023,FORD,TRANSIT
7/24/2023,AE,AEABRK,160225,1,PAFL,"STERLING HEIGHTS-F, LLC",1FBVU4X80PKB38637,7/15/2023,9,50841.48,2023,FORD,TRANSIT
7/24/2023,AE,AEABRK,160225,1,PAFL,"STERLING HEIGHTS-F, LLC",1FBVU4X80PKB39089,7/12/2023,12,48881.06,2023,FORD,TRANSIT
7/24/2023,AE,AEABRK,160225,1,PAFL,"STERLING HEIGHTS-F, LLC",1FBVU4X81PKB01211,7/1/2023,23,51664.48,2023,FORD,TRANSIT
7/24/2023,AE,AEABRK,160225,1,PAFL,"STERLING HEIGHTS-F, LLC",1FBVU4X81PKB26173,6/20/2023,34,51841.06,2023,FORD,TRANSIT
7/24/2023,AE,AEABRK,160225,1,PAFL,"STERLING HEIGHTS-F, LLC",1FBVU4X82PKB01038,7/1/2023,23,51664.48,2023,FORD,TRANSIT
7/24/2023,AE,AEABRK,160225,1,PAFL,"STERLING HEIGHTS-F, LLC",1FBVU4X82PKB01234,7/1/2023,23,51664.48,2023,FORD,TRANSIT
7/24/2023,AE,AEABRK,160225,1,PAFL,"STERLING HEIGHTS-F, LLC",1FBVU4X82PKB31169,7/12/2023,12,51841.06,2023,FORD,TRANSIT
7/24/2023,AE,AEABRK,160225,1,PAFL,"STERLING HEIGHTS-F, LLC",1FBVU4X83PKB01159,7/1/2023,23,51664.48,2023,FORD,TRANSIT
7/24/2023,AE,AEABRK,160225,1,PAFL,"STERLING HEIGHTS-F, LLC",1FBVU4X85PKB30694,6/20/2023,34,51841.06,2023,FORD,TRANSIT
7/24/2023,AE,AEABRK,160225,1,PAFL,"STERLING HEIGHTS-F, LLC",1FBVU4X86PKB28369,7/1/2023,23,51841.06,2023,FORD,TRANSIT
7/24/2023,AE,AEABRK,160225,1,PAFL,"STERLING HEIGHTS-F, LLC",1FBVU4X88PKB39146,7/12/2023,12,48881.06,2023,FORD,TRANSIT
7/24/2023,AE,AEABRK,160225,1,PAFL,"STERLING HEIGHTS-F, LLC",1FDAX2C8XPKA99059,6/8/2023,46,45720.06,2023,FORD,TRANSIT
7/24/2023,AE,AEABRK,160225,1,PAFL,"STERLING HEIGHTS-F, LLC",1FDAX2C8XPKB25451,7/14/2023,10,46446.06,2023,FORD,TRANSIT
7/24/2023,AE,AEABRK,160225,1,PAFL,"STERLING HEIGHTS-F, LLC",1FDAX2C80PKB25538,7/14/2023,10,46258.06,2023,FORD,TRANSIT
7/24/2023,AE,AEABRK,160225,1,PAFL,"STERLING HEIGHTS-F, LLC",1FDAX2C81PKA90301,6/7/2023,47,45718.92,2023,FORD,TRANSIT
7/24/2023,AE,AEABRK,160225,1,PAFL,"STERLING HEIGHTS-F, LLC",1FDAX2C82PKB25492,7/14/2023,10,46258.06,2023,FORD,TRANSIT
7/24/2023,AE,AEABRK,160225,1,PAFL,"STERLING HEIGHTS-F, LLC",1FDAX2C83PKB25372,7/14/2023,10,46258.06,2023,FORD,TRANSIT
7/24/2023,AE,AEABRK,160225,1,PAFL,"STERLING HEIGHTS-F, LLC",1FDAX2C83PKB25548,7/14/2023,10,46258.06,2023,FORD,TRANSIT
7/24/2023,AE,AEABRK,160225,1,PAFL,"STERLING HEIGHTS-F, LLC",1FDAX2C84PKB25624,7/14/2023,10,46446.06,2023,FORD,TRANSIT
7/24/2023,AE,AEABRK,160225,1,PAFL,"STERLING HEIGHTS-F, LLC",1FDAX2C84PKB27597,7/14/2023,10,46258.06,2023,FORD,TRANSIT
7/24/2023,AE,AEABRK,160225,1,PAFL,"STERLING HEIGHTS-F, LLC",1FDAX2C85PKB25485,7/14/2023,10,46446.06,2023,FORD,TRANSIT
7/24/2023,AE,AEABRK,160225,1,PAFL,"STERLING HEIGHTS-F, LLC",1FDAX2C87PKA99195,6/2/2023,52,45718.92,2023,FORD,TRANSIT
7/24/2023,AE,AEABRK,160225,1,PAFL,"STERLING HEIGHTS-F, LLC",1FDAX2C87PKB25259,7/14/2023,10,46258.06,2023,FORD,TRANSIT
7/24/2023,AE,AEABRK,160225,1,PAFL,"STERLING HEIGHTS-F, LLC",1FDAX2C87PKB25391,7/14/2023,10,46258.06,2023,FORD,TRANSIT
7/24/2023,AE,AEABRK,160225,1,PAFL,"STERLING HEIGHTS-F, LLC",1FDAX2C87PKB27495,7/14/2023,10,46258.06,2023,FORD,TRANSIT
7/24/2023,AE,AEABRK,160225,1,PAFL,"STERLING HEIGHTS-F, LLC",1FDAX2C88PKA99139,6/7/2023,47,45720.06,2023,FORD,TRANSIT
7/24/2023,AE,AEABRK,160225,1,PAFL,"STERLING HEIGHTS-F, LLC",1FDEE3FN5RDD22534,7/18/2023,6,35912.48,2024,FORD,E-350
7/24/2023,AE,AEABRK,160225,1,PAFL,"STERLING HEIGHTS-F, LLC",1FDEE3FN9RDD00052,7/8/2023,16,34926.48,2024,FORD,E-350
7/24/2023,AE,AEABRK,160225,1,PAFL,"STERLING HEIGHTS-F, LLC",1FDEU6PG3PKA98371,5/31/2023,54,41597.04,2023,FORD,TRANSIT
7/24/2023,AE,AEABRK,160225,1,PAFL,"STERLING HEIGHTS-F, LLC",1FDEU6PG3PKB23964,6/22/2023,32,41597.04,2023,FORD,TRANSIT
7/24/2023,AE,AEABRK,160225,1,PAFL,"STERLING HEIGHTS-F, LLC",1FDEU6PG4PKB24430,6/24/2023,30,41597.04,2023,FORD,TRANSIT
7/24/2023,AE,AEABRK,160225,1,PAFL,"STERLING HEIGHTS-F, LLC",1FDEU6PG5PKA98355,5/31/2023,54,41597.04,2023,FORD,TRANSIT
7/24/2023,AE,AEABRK,160225,1,PAFL,"STERLING HEIGHTS-F, LLC",1FDEU6PG7PKB23899,6/24/2023,30,41597.04,2023,FORD,TRANSIT
7/24/2023,AE,AEABRK,160225,1,PAFL,"STERLING HEIGHTS-F, LLC",1FDEU6PG7PKB24017,6/22/2023,32,41597.04,2023,FORD,TRANSIT
7/24/2023,AE,AEABRK,160225,1,PAFL,"STERLING HEIGHTS-F, LLC",1FDFE4FN0RDD12908,6/10/2023,44,37442.06,2024,FORD,E-450
7/24/2023,AE,AEABRK,160225,1,PAFL,"STERLING HEIGHTS-F, LLC",1FDFE4FN0RDD12911,6/10/2023,44,37442.06,2024,FORD,E-450
7/24/2023,AE,AEABRK,160225,1,PAFL,"STERLING HEIGHTS-F, LLC",1FDFE4FN0RDD17686,5/26/2023,59,37120.06,2024,FORD,E-450
7/24/2023,AE,AEABRK,160225,1,PAFL,"STERLING HEIGHTS-F, LLC",1FDFE4FN0RDD22564,7/18/2023,6,37120.48,2024,FORD,E-450
7/24/2023,AE,AEABRK,160225,1,PAFL,"STERLING HEIGHTS-F, LLC",1FDFE4FN0RDD23391,7/7/2023,17,37120.48,2024,FORD,E-450
7/24/2023,AE,AEABRK,160225,1,PAFL,"STERLING HEIGHTS-F, LLC",1FDFE4FN1RDD17762,7/18/2023,6,37209.48,2024,FORD,E-450
7/24/2023,AE,AEABRK,160225,1,PAFL,"STERLING HEIGHTS-F, LLC",1FDFE4FN1RDD22542,7/18/2023,6,37120.48,2024,FORD,E-450
7/24/2023,AE,AEABRK,160225,1,PAFL,"STERLING HEIGHTS-F, LLC",1FDFE4FN1RDD22623,7/18/2023,6,37120.48,2024,FORD,E-450
7/24/2023,AE,AEABRK,160225,1,PAFL,"STERLING HEIGHTS-F, LLC",1FDFE4FN1RDD22735,6/10/2023,44,37516.06,2024,FORD,E-450
7/24/2023,AE,AEABRK,160225,1,PAFL,"STERLING HEIGHTS-F, LLC",1FDFE4FN1RDD23495,7/13/2023,11,37516.48,2024,FORD,E-450
7/24/2023,AE,AEABRK,160225,1,PAFL,"STERLING HEIGHTS-F, LLC",1FDFE4FN2RDD12909,6/10/2023,44,37442.06,2024,FORD,E-450
7/24/2023,AE,AEABRK,160225,1,PAFL,"STERLING HEIGHTS-F, LLC",1FDFE4FN2RDD16958,7/8/2023,16,37209.48,2024,FORD,E-450
7/24/2023,AE,AEABRK,160225,1,PAFL,"STERLING HEIGHTS-F, LLC",1FDFE4FN2RDD17060,7/8/2023,16,37209.48,2024,FORD,E-450
7/24/2023,AE,AEABRK,160225,1,PAFL,"STERLING HEIGHTS-F, LLC",1FDFE4FN2RDD20380,6/14/2023,40,37120.06,2024,FORD,E-450
7/24/2023,AE,AEABRK,160225,1,PAFL,"STERLING HEIGHTS-F, LLC",1FDFE4FN2RDD22601,7/7/2023,17,37120.48,2024,FORD,E-450
7/24/2023,AE,AEABRK,160225,1,PAFL,"STERLING HEIGHTS-F, LLC",1FDFE4FN2RDD22730,6/5/2023,49,37516.06,2024,FORD,E-450
7/24/2023,AE,AEABRK,160225,1,PAFL,"STERLING HEIGHTS-F, LLC",1FDFE4FN2RDD23456,7/7/2023,17,37120.48,2024,FORD,E-450
7/24/2023,AE,AEABRK,160225,1,PAFL,"STERLING HEIGHTS-F, LLC",1FDFE4FN2RDD23490,7/13/2023,11,37516.48,2024,FORD,E-450
7/24/2023,AE,AEABRK,160225,1,PAFL,"STERLING HEIGHTS-F, LLC",1FDFE4FN3RDD20372,6/14/2023,40,37120.06,2024,FORD,E-450
7/24/2023,AE,AEABRK,160225,1,PAFL,"STERLING HEIGHTS-F, LLC",1FDFE4FN3RDD20386,6/14/2023,40,37120.06,2024,FORD,E-450
7/24/2023,AE,AEABRK,160225,1,PAFL,"STERLING HEIGHTS-F, LLC",1FDFE4FN3RDD22543,7/18/2023,6,37120.48,2024,FORD,E-450
7/24/2023,AE,AEABRK,160225,1,PAFL,"STERLING HEIGHTS-F, LLC",1FDFE4FN3RDD22560,7/18/2023,6,37120.48,2024,FORD,E-450
7/24/2023,AE,AEABRK,160225,1,PAFL,"STERLING HEIGHTS-F, LLC",1FDFE4FN3RDD22574,7/18/2023,6,37120.48,2024,FORD,E-450
7/24/2023,AE,AEABRK,160225,1,PAFL,"STERLING HEIGHTS-F, LLC",1FDFE4FN3RDD22736,6/10/2023,44,37516.06,2024,FORD,E-450
7/24/2023,AE,AEABRK,160225,1,PAFL,"STERLING HEIGHTS-F, LLC",1FDFE4FN3RDD23367,7/18/2023,6,37120.48,2024,FORD,E-450
7/24/2023,AE,AEABRK,160225,1,PAFL,"STERLING HEIGHTS-F, LLC",1FDFE4FN3RDD23496,7/13/2023,11,37516.48,2024,FORD,E-450
7/24/2023,AE,AEABRK,160225,1,PAFL,"STERLING HEIGHTS-F, LLC",1FDFE4FN4RDD16945,5/26/2023,59,36894.06,2024,FORD,E-450
7/24/2023,AE,AEABRK,160225,1,PAFL,"STERLING HEIGHTS-F, LLC",1FDFE4FN4RDD17061,7/8/2023,16,37209.48,2024,FORD,E-450
7/24/2023,AE,AEABRK,160225,1,PAFL,"STERLING HEIGHTS-F, LLC",1FDFE4FN4RDD20364,6/14/2023,40,37120.06,2024,FORD,E-450
7/24/2023,AE,AEABRK,160225,1,PAFL,"STERLING HEIGHTS-F, LLC",1FDFE4FN4RDD22552,7/18/2023,6,37120.48,2024,FORD,E-450
7/24/2023,AE,AEABRK,160225,1,PAFL,"STERLING HEIGHTS-F, LLC",1FDFE4FN4RDD22566,7/18/2023,6,37120.48,2024,FORD,E-450
7/24/2023,AE,AEABRK,160225,1,PAFL,"STERLING HEIGHTS-F, LLC",1FDFE4FN4RDD22616,7/18/2023,6,37120.48,2024,FORD,E-450
7/24/2023,AE,AEABRK,160225,1,PAFL,"STERLING HEIGHTS-F, LLC",1FDFE4FN4RDD22728,6/5/2023,49,37516.06,2024,FORD,E-450
7/24/2023,AE,AEABRK,160225,1,PAFL,"STERLING HEIGHTS-F, LLC",1FDFE4FN4RDD22731,6/6/2023,48,37516.06,2024,FORD,E-450
7/24/2023,AE,AEABRK,160225,1,PAFL,"STERLING HEIGHTS-F, LLC",1FDFE4FN4RDD23328,7/18/2023,6,37120.48,2024,FORD,E-450
7/24/2023,AE,AEABRK,160225,1,PAFL,"STERLING HEIGHTS-F, LLC",1FDFE4FN4RDD23345,7/18/2023,6,37120.48,2024,FORD,E-450
7/24/2023,AE,AEABRK,160225,1,PAFL,"STERLING HEIGHTS-F, LLC",1FDFE4FN4RDD23491,6/5/2023,49,37516.06,2024,FORD,E-450
7/24/2023,AE,AEABRK,160225,1,PAFL,"STERLING HEIGHTS-F, LLC",1FDFE4FN5RDD12905,7/8/2023,16,37442.48,2024,FORD,E-450
7/24/2023,AE,AEABRK,160225,1,PAFL,"STERLING HEIGHTS-F, LLC",1FDFE4FN5RDD17697,5/26/2023,59,37120.06,2024,FORD,E-450
7/24/2023,AE,AEABRK,160225,1,PAFL,"STERLING HEIGHTS-F, LLC",1FDFE4FN5RDD22575,7/18/2023,6,37120.48,2024,FORD,E-450
7/24/2023,AE,AEABRK,160225,1,PAFL,"STERLING HEIGHTS-F, LLC",1FDFE4FN5RDD22737,7/13/2023,11,37516.48,2024,FORD,E-450
7/24/2023,AE,AEABRK,160225,1,PAFL,"STERLING HEIGHTS-F, LLC",1FDFE4FN5RDD22740,6/6/2023,48,37516.06,2024,FORD,E-450
7/24/2023,AE,AEABRK,160225,1,PAFL,"STERLING HEIGHTS-F, LLC",1FDFE4FN5RDD23340,7/18/2023,6,37120.48,2024,FORD,E-450
7/24/2023,AE,AEABRK,160225,1,PAFL,"STERLING HEIGHTS-F, LLC",1FDFE4FN5RDD23399,6/14/2023,40,37120.06,2024,FORD,E-450
7/24/2023,AE,AEABRK,160225,1,PAFL,"STERLING HEIGHTS-F, LLC",1FDFE4FN6RDD17059,7/8/2023,16,37209.48,2024,FORD,E-450
7/24/2023,AE,AEABRK,160225,1,PAFL,"STERLING HEIGHTS-F, LLC",1FDFE4FN6RDD22553,6/14/2023,40,37120.06,2024,FORD,E-450
7/24/2023,AE,AEABRK,160225,1,PAFL,"STERLING HEIGHTS-F, LLC",1FDFE4FN6RDD22634,7/18/2023,6,37120.48,2024,FORD,E-450
7/24/2023,AE,AEABRK,160225,1,PAFL,"STERLING HEIGHTS-F, LLC",1FDFE4FN6RDD22729,6/9/2023,45,37516.06,2024,FORD,E-450
7/24/2023,AE,AEABRK,160225,1,PAFL,"STERLING HEIGHTS-F, LLC",1FDFE4FN6RDD22732,6/9/2023,45,37516.06,2024,FORD,E-450
7/24/2023,AE,AEABRK,160225,1,PAFL,"STERLING HEIGHTS-F, LLC",1FDFE4FN6RDD23380,7/18/2023,6,37120.48,2024,FORD,E-450
7/24/2023,AE,AEABRK,160225,1,PAFL,"STERLING HEIGHTS-F, LLC",1FDFE4FN6RDD23489,7/13/2023,11,37516.48,2024,FORD,E-450
7/24/2023,AE,AEABRK,160225,1,PAFL,"STERLING HEIGHTS-F, LLC",1FDFE4FN6RDD23492,7/13/2023,11,37516.48,2024,FORD,E-450
7/24/2023,AE,AEABRK,160225,1,PAFL,"STERLING HEIGHTS-F, LLC",1FDFE4FN6RDD26098,7/13/2023,11,37516.48,2024,FORD,E-450
7/24/2023,AE,AEABRK,160225,1,PAFL,"STERLING HEIGHTS-F, LLC",1FDFE4FN6RDD26893,7/22/2023,2,38209.48,2024,FORD,E-450
7/24/2023,AE,AEABRK,160225,1,PAFL,"STERLING HEIGHTS-F, LLC",1FDFE4FN7RDD12906,6/10/2023,44,37442.06,2024,FORD,E-450
7/24/2023,AE,AEABRK,160225,1,PAFL,"STERLING HEIGHTS-F, LLC",1FDFE4FN7RDD17748,7/18/2023,6,37209.48,2024,FORD,E-450
7/24/2023,AE,AEABRK,160225,1,PAFL,"STERLING HEIGHTS-F, LLC",1FDFE4FN7RDD22545,7/18/2023,6,37120.48,2024,FORD,E-450
7/24/2023,AE,AEABRK,160225,1,PAFL,"STERLING HEIGHTS-F, LLC",1FDFE4FN7RDD22593,7/18/2023,6,37120.48,2024,FORD,E-450
7/24/2023,AE,AEABRK,160225,1,PAFL,"STERLING HEIGHTS-F, LLC",1FDFE4FN7RDD22738,7/13/2023,11,37516.48,2024,FORD,E-450
7/24/2023,AE,AEABRK,160225,1,PAFL,"STERLING HEIGHTS-F, LLC",1FDFE4FN7RDD22741,6/9/2023,45,37516.06,2024,FORD,E-450
7/24/2023,AE,AEABRK,160225,1,PAFL,"STERLING HEIGHTS-F, LLC",1FDFE4FN7RDD23386,7/18/2023,6,37120.48,2024,FORD,E-450
7/24/2023,AE,AEABRK,160225,1,PAFL,"STERLING HEIGHTS-F, LLC",1FDFE4FN7RDD23498,7/13/2023,11,37516.48,2024,FORD,E-450
7/24/2023,AE,AEABRK,160225,1,PAFL,"STERLING HEIGHTS-F, LLC",1FDFE4FN8RDD12901,6/10/2023,44,37442.06,2024,FORD,E-450
7/24/2023,AE,AEABRK,160225,1,PAFL,"STERLING HEIGHTS-F, LLC",1FDFE4FN8RDD13403,6/10/2023,44,37209.06,2024,FORD,E-450
7/24/2023,AE,AEABRK,160225,1,PAFL,"STERLING HEIGHTS-F, LLC",1FDFE4FN8RDD22568,7/18/2023,6,37120.48,2024,FORD,E-450
7/24/2023,AE,AEABRK,160225,1,PAFL,"STERLING HEIGHTS-F, LLC",1FDFE4FN8RDD22635,7/18/2023,6,37120.48,2024,FORD,E-450
7/24/2023,AE,AEABRK,160225,1,PAFL,"STERLING HEIGHTS-F, LLC",1FDFE4FN8RDD22733,6/10/2023,44,37516.06,2024,FORD,E-450
7/24/2023,AE,AEABRK,160225,1,PAFL,"STERLING HEIGHTS-F, LLC",1FDFE4FN8RDD23350,7/18/2023,6,37120.48,2024,FORD,E-450
7/24/2023,AE,AEABRK,160225,1,PAFL,"STERLING HEIGHTS-F, LLC",1FDFE4FN8RDD23381,7/18/2023,6,37120.48,2024,FORD,E-450
7/24/2023,AE,AEABRK,160225,1,PAFL,"STERLING HEIGHTS-F, LLC",1FDFE4FN8RDD23493,7/13/2023,11,37516.48,2024,FORD,E-450
7/24/2023,AE,AEABRK,160225,1,PAFL,"STERLING HEIGHTS-F, LLC",1FDFE4FN8RDD26863,7/24/2023,0,38209.48,2024,FORD,E-450
7/24/2023,AE,AEABRK,160225,1,PAFL,"STERLING HEIGHTS-F, LLC",1FDFE4FN9RDD12907,6/10/2023,44,37442.06,2024,FORD,E-450
7/24/2023,AE,AEABRK,160225,1,PAFL,"STERLING HEIGHTS-F, LLC",1FDFE4FN9RDD12910,6/10/2023,44,37442.06,2024,FORD,E-450
7/24/2023,AE,AEABRK,160225,1,PAFL,"STERLING HEIGHTS-F, LLC",1FDFE4FN9RDD16939,5/26/2023,59,36894.06,2024,FORD,E-450
7/24/2023,AE,AEABRK,160225,1,PAFL,"STERLING HEIGHTS-F, LLC",1FDFE4FN9RDD22580,7/7/2023,17,37120.48,2024,FORD,E-450
7/24/2023,AE,AEABRK,160225,1,PAFL,"STERLING HEIGHTS-F, LLC",1FDFE4FN9RDD22739,6/9/2023,45,37516.06,2024,FORD,E-450
7/24/2023,AE,AEABRK,160225,1,PAFL,"STERLING HEIGHTS-F, LLC",1FDFE4FN9RDD23311,7/18/2023,6,37120.48,2024,FORD,E-450
7/24/2023,AE,AEABRK,160225,1,PAFL,"STERLING HEIGHTS-F, LLC",1FDFE4FN9RDD23325,7/18/2023,6,37120.48,2024,FORD,E-450
7/24/2023,AE,AEABRK,160225,1,PAFL,"STERLING HEIGHTS-F, LLC",1FDFE4FN9RDD23342,7/7/2023,17,37120.48,2024,FORD,E-450
7/24/2023,AE,AEABRK,160225,1,PAFL,"STERLING HEIGHTS-F, LLC",1FDFE4FN9RDD23356,7/18/2023,6,37120.48,2024,FORD,E-450
7/24/2023,AE,AEABRK,160225,1,PAFL,"STERLING HEIGHTS-F, LLC",1FDFE4FN9RDD23499,7/13/2023,11,37516.48,2024,FORD,E-450
7/24/2023,AE,AEABRK,160225,1,PAFL,"STERLING HEIGHTS-F, LLC",1FDFE4FN9RDD25916,7/21/2023,3,38209.48,2024,FORD,E-450
7/24/2023,AE,AEABRK,160225,1,PAFL,"STERLING HEIGHTS-F, LLC",1FDFE4FNXRDD17730,7/18/2023,6,37209.48,2024,FORD,E-450
7/24/2023,AE,AEABRK,160225,1,PAFL,"STERLING HEIGHTS-F, LLC",1FDFE4FNXRDD18361,5/26/2023,59,37120.06,2024,FORD,E-450
7/24/2023,AE,AEABRK,160225,1,PAFL,"STERLING HEIGHTS-F, LLC",1FDFE4FNXRDD22541,7/18/2023,6,37120.48,2024,FORD,E-450
7/24/2023,AE,AEABRK,160225,1,PAFL,"STERLING HEIGHTS-F, LLC",1FDFE4FNXRDD22605,7/7/2023,17,37120.48,2024,FORD,E-450
7/24/2023,AE,AEABRK,160225,1,PAFL,"STERLING HEIGHTS-F, LLC",1FDFE4FNXRDD22619,7/18/2023,6,37120.48,2024,FORD,E-450
7/24/2023,AE,AEABRK,160225,1,PAFL,"STERLING HEIGHTS-F, LLC",1FDFE4FNXRDD22734,7/13/2023,11,37516.48,2024,FORD,E-450
7/24/2023,AE,AEABRK,160225,1,PAFL,"STERLING HEIGHTS-F, LLC",1FDFE4FNXRDD23317,7/18/2023,6,37120.48,2024,FORD,E-450
7/24/2023,AE,AEABRK,160225,1,PAFL,"STERLING HEIGHTS-F, LLC",1FDFE4FNXRDD23320,7/18/2023,6,37120.48,2024,FORD,E-450
7/24/2023,AE,AEABRK,160225,1,PAFL,"STERLING HEIGHTS-F, LLC",1FDFE4FNXRDD23432,7/18/2023,6,37120.48,2024,FORD,E-450
7/24/2023,AE,AEABRK,160225,1,PAFL,"STERLING HEIGHTS-F, LLC",1FDFE4FNXRDD23494,7/13/2023,11,37516.48,2024,FORD,E-450
7/24/2023,AE,AEABRK,160225,1,PAFL,"STERLING HEIGHTS-F, LLC",1FDUF4GT7PDA11230,7/21/2023,3,58091.7,2023,FORD,F-450
7/24/2023,AE,AEABRK,160225,1,PAFL,"STERLING HEIGHTS-F, LLC",1FDUF4GT7PDA11972,7/21/2023,3,58091.7,2023,FORD,F-450
7/24/2023,AE,AEABRK,160225,1,PAFL,"STERLING HEIGHTS-F, LLC",1FDVU4X8XPKB24297,7/22/2023,2,50720.06,2023,FORD,TRANSIT
7/24/2023,AE,AEABRK,160225,1,PAFL,"STERLING HEIGHTS-F, LLC",1FDVU4X8XPKB24414,7/14/2023,10,50720.06,2023,FORD,TRANSIT
7/24/2023,AE,AEABRK,160225,1,PAFL,"STERLING HEIGHTS-F, LLC",1FDVU4X80PKA86952,6/23/2023,31,47342.92,2023,FORD,TRANSIT
7/24/2023,AE,AEABRK,160225,1,PAFL,"STERLING HEIGHTS-F, LLC",1FDVU4X80PKB24292,7/14/2023,10,50720.06,2023,FORD,TRANSIT
7/24/2023,AE,AEABRK,160225,1,PAFL,"STERLING HEIGHTS-F, LLC",1FDVU4X80PKB24339,7/14/2023,10,50720.06,2023,FORD,TRANSIT
7/24/2023,AE,AEABRK,160225,1,PAFL,"STERLING HEIGHTS-F, LLC",1FDVU4X80PKB24583,7/22/2023,2,50720.06,2023,FORD,TRANSIT
7/24/2023,AE,AEABRK,160225,1,PAFL,"STERLING HEIGHTS-F, LLC",1FDVU4X80PKB25149,7/14/2023,10,50720.06,2023,FORD,TRANSIT
7/24/2023,AE,AEABRK,160225,1,PAFL,"STERLING HEIGHTS-F, LLC",1FDVU4X80PKB26334,7/14/2023,10,50720.06,2023,FORD,TRANSIT
7/24/2023,AE,AEABRK,160225,1,PAFL,"STERLING HEIGHTS-F, LLC",1FDVU4X80PKB32070,7/22/2023,2,50720.06,2023,FORD,TRANSIT
7/24/2023,AE,AEABRK,160225,1,PAFL,"STERLING HEIGHTS-F, LLC",1FDVU4X80PKB32179,7/22/2023,2,50720.06,2023,FORD,TRANSIT
7/24/2023,AE,AEABRK,160225,1,PAFL,"STERLING HEIGHTS-F, LLC",1FDVU4X80PKB32487,7/22/2023,2,48036.06,2023,FORD,TRANSIT
7/24/2023,AE,AEABRK,160225,1,PAFL,"STERLING HEIGHTS-F, LLC",1FDVU4X80PKB35857,7/22/2023,2,51073.06,2023,FORD,TRANSIT
7/24/2023,AE,AEABRK,160225,1,PAFL,"STERLING HEIGHTS-F, LLC",1FDVU4X81PKB24267,7/14/2023,10,50720.06,2023,FORD,TRANSIT
7/24/2023,AE,AEABRK,160225,1,PAFL,"STERLING HEIGHTS-F, LLC",1FDVU4X81PKB24317,6/28/2023,26,50720.06,2023,FORD,TRANSIT
7/24/2023,AE,AEABRK,160225,1,PAFL,"STERLING HEIGHTS-F, LLC",1FDVU4X81PKB24611,7/14/2023,10,50720.06,2023,FORD,TRANSIT
7/24/2023,AE,AEABRK,160225,1,PAFL,"STERLING HEIGHTS-F, LLC",1FDVU4X81PKB24625,7/14/2023,10,50720.06,2023,FORD,TRANSIT
7/24/2023,AE,AEABRK,160225,1,PAFL,"STERLING HEIGHTS-F, LLC",1FDVU4X81PKB25077,7/14/2023,10,50720.06,2023,FORD,TRANSIT
7/24/2023,AE,AEABRK,160225,1,PAFL,"STERLING HEIGHTS-F, LLC",1FDVU4X81PKB33633,7/22/2023,2,48215.06,2023,FORD,TRANSIT
7/24/2023,AE,AEABRK,160225,1,PAFL,"STERLING HEIGHTS-F, LLC",1FDVU4X82PKB24245,7/14/2023,10,50720.06,2023,FORD,TRANSIT
7/24/2023,AE,AEABRK,160225,1,PAFL,"STERLING HEIGHTS-F, LLC",1FDVU4X82PKB25041,7/14/2023,10,50720.06,2023,FORD,TRANSIT
7/24/2023,AE,AEABRK,160225,1,PAFL,"STERLING HEIGHTS-F, LLC",1FDVU4X82PKB31941,7/22/2023,2,50720.06,2023,FORD,TRANSIT
7/24/2023,AE,AEABRK,160225,1,PAFL,"STERLING HEIGHTS-F, LLC",1FDVU4X82PKB32040,7/22/2023,2,50720.06,2023,FORD,TRANSIT
7/24/2023,AE,AEABRK,160225,1,PAFL,"STERLING HEIGHTS-F, LLC",1FDVU4X82PKB32104,7/22/2023,2,50720.06,2023,FORD,TRANSIT
7/24/2023,AE,AEABRK,160225,1,PAFL,"STERLING HEIGHTS-F, LLC",1FDVU4X83PKB24349,7/14/2023,10,50720.06,2023,FORD,TRANSIT
7/24/2023,AE,AEABRK,160225,1,PAFL,"STERLING HEIGHTS-F, LLC",1FDVU4X83PKB25095,7/22/2023,2,50720.06,2023,FORD,TRANSIT
7/24/2023,AE,AEABRK,160225,1,PAFL,"STERLING HEIGHTS-F, LLC",1FDVU4X83PKB26182,7/22/2023,2,50720.06,2023,FORD,TRANSIT
7/24/2023,AE,AEABRK,160225,1,PAFL,"STERLING HEIGHTS-F, LLC",1FDVU4X83PKB31995,7/22/2023,2,50720.06,2023,FORD,TRANSIT
7/24/2023,AE,AEABRK,160225,1,PAFL,"STERLING HEIGHTS-F, LLC",1FDVU4X83PKB32483,7/22/2023,2,48036.06,2023,FORD,TRANSIT
7/24/2023,AE,AEABRK,160225,1,PAFL,"STERLING HEIGHTS-F, LLC",1FDVU4X83PKB32600,7/22/2023,2,48036.06,2023,FORD,TRANSIT
7/24/2023,AE,AEABRK,160225,1,PAFL,"STERLING HEIGHTS-F, LLC",1FDVU4X83PKB36145,7/22/2023,2,51073.06,2023,FORD,TRANSIT
7/24/2023,AE,AEABRK,160225,1,PAFL,"STERLING HEIGHTS-F, LLC",1FDVU4X84PKB24344,7/22/2023,2,50720.06,2023,FORD,TRANSIT
7/24/2023,AE,AEABRK,160225,1,PAFL,"STERLING HEIGHTS-F, LLC",1FDVU4X84PKB31875,7/22/2023,2,50720.06,2023,FORD,TRANSIT
7/24/2023,AE,AEABRK,160225,1,PAFL,"STERLING HEIGHTS-F, LLC",1FDVU4X84PKB32251,7/22/2023,2,48215.06,2023,FORD,TRANSIT
7/24/2023,AE,AEABRK,160225,1,PAFL,"STERLING HEIGHTS-F, LLC",1FDVU4X84PKB33321,7/22/2023,2,48215.06,2023,FORD,TRANSIT
7/24/2023,AE,AEABRK,160225,1,PAFL,"STERLING HEIGHTS-F, LLC",1FDVU4X85PKB13014,6/16/2023,38,48815.06,2023,FORD,TRANSIT
7/24/2023,AE,AEABRK,160225,1,PAFL,"STERLING HEIGHTS-F, LLC",1FDVU4X85PKB24255,7/14/2023,10,50720.06,2023,FORD,TRANSIT
7/24/2023,AE,AEABRK,160225,1,PAFL,"STERLING HEIGHTS-F, LLC",1FDVU4X85PKB24577,7/22/2023,2,50720.06,2023,FORD,TRANSIT
7/24/2023,AE,AEABRK,160225,1,PAFL,"STERLING HEIGHTS-F, LLC",1FDVU4X85PKB31867,7/22/2023,2,50720.06,2023,FORD,TRANSIT
7/24/2023,AE,AEABRK,160225,1,PAFL,"STERLING HEIGHTS-F, LLC",1FDVU4X85PKB32095,7/22/2023,2,50720.06,2023,FORD,TRANSIT
7/24/2023,AE,AEABRK,160225,1,PAFL,"STERLING HEIGHTS-F, LLC",1FDVU4X85PKB32128,7/22/2023,2,50720.06,2023,FORD,TRANSIT
7/24/2023,AE,AEABRK,160225,1,PAFL,"STERLING HEIGHTS-F, LLC",1FDVU4X85PKB32162,7/22/2023,2,50720.06,2023,FORD,TRANSIT
7/24/2023,AE,AEABRK,160225,1,PAFL,"STERLING HEIGHTS-F, LLC",1FDVU4X85PKB32193,7/22/2023,2,50720.06,2023,FORD,TRANSIT
7/24/2023,AE,AEABRK,160225,1,PAFL,"STERLING HEIGHTS-F, LLC",1FDVU4X86PKB24250,7/22/2023,2,50720.06,2023,FORD,TRANSIT
7/24/2023,AE,AEABRK,160225,1,PAFL,"STERLING HEIGHTS-F, LLC",1FDVU4X86PKB24331,7/22/2023,2,50720.06,2023,FORD,TRANSIT
7/24/2023,AE,AEABRK,160225,1,PAFL,"STERLING HEIGHTS-F, LLC",1FDVU4X86PKB24409,7/14/2023,10,50720.06,2023,FORD,TRANSIT
7/24/2023,AE,AEABRK,160225,1,PAFL,"STERLING HEIGHTS-F, LLC",1FDVU4X86PKB25107,7/14/2023,10,50720.06,2023,FORD,TRANSIT
7/24/2023,AE,AEABRK,160225,1,PAFL,"STERLING HEIGHTS-F, LLC",1FDVU4X86PKB25155,7/22/2023,2,50720.06,2023,FORD,TRANSIT
7/24/2023,AE,AEABRK,160225,1,PAFL,"STERLING HEIGHTS-F, LLC",1FDVU4X86PKB32025,7/22/2023,2,50720.06,2023,FORD,TRANSIT
7/24/2023,AE,AEABRK,160225,1,PAFL,"STERLING HEIGHTS-F, LLC",1FDVU4X87PKB24595,7/14/2023,10,50720.06,2023,FORD,TRANSIT
7/24/2023,AE,AEABRK,160225,1,PAFL,"STERLING HEIGHTS-F, LLC",1FDVU4X87PKB26203,7/22/2023,2,50720.06,2023,FORD,TRANSIT
7/24/2023,AE,AEABRK,160225,1,PAFL,"STERLING HEIGHTS-F, LLC",1FDVU4X87PKB33068,7/22/2023,2,48215.06,2023,FORD,TRANSIT
7/24/2023,AE,AEABRK,160225,1,PAFL,"STERLING HEIGHTS-F, LLC",1FDVU4X87PKB35841,7/22/2023,2,51073.06,2023,FORD,TRANSIT
7/24/2023,AE,AEABRK,160225,1,PAFL,"STERLING HEIGHTS-F, LLC",1FDVU4X88PKB24444,7/22/2023,2,50720.06,2023,FORD,TRANSIT
7/24/2023,AE,AEABRK,160225,1,PAFL,"STERLING HEIGHTS-F, LLC",1FDVU4X88PKB24475,7/22/2023,2,50720.06,2023,FORD,TRANSIT
7/24/2023,AE,AEABRK,160225,1,PAFL,"STERLING HEIGHTS-F, LLC",1FDVU4X88PKB26307,7/22/2023,2,50720.06,2023,FORD,TRANSIT
7/24/2023,AE,AEABRK,160225,1,PAFL,"STERLING HEIGHTS-F, LLC",1FDVU4X88PKB32060,7/22/2023,2,50720.06,2023,FORD,TRANSIT
7/24/2023,AE,AEABRK,160225,1,PAFL,"STERLING HEIGHTS-F, LLC",1FDVU4X88PKB32138,7/22/2023,2,50720.06,2023,FORD,TRANSIT
7/24/2023,AE,AEABRK,160225,1,PAFL,"STERLING HEIGHTS-F, LLC",1FDVU4X88PKB32186,7/22/2023,2,50720.06,2023,FORD,TRANSIT
7/24/2023,AE,AEABRK,160225,1,PAFL,"STERLING HEIGHTS-F, LLC",1FDVU4X89PKB24551,7/22/2023,2,50720.06,2023,FORD,TRANSIT
7/24/2023,AE,AEABRK,160225,1,PAFL,"STERLING HEIGHTS-F, LLC",1FDVU4X89PKB26283,7/14/2023,10,50720.06,2023,FORD,TRANSIT
7/24/2023,AE,AEABRK,160225,1,PAFL,"STERLING HEIGHTS-F, LLC",1FDVU4X89PKB36019,7/22/2023,2,51073.06,2023,FORD,TRANSIT
7/24/2023,AE,AEABRK,160225,1,PAFL,"STERLING HEIGHTS-F, LLC",1FDVU4XG1PKB27709,7/24/2023,0,50460.04,2023,FORD,TRANSIT
7/24/2023,AE,AEABRK,160225,1,PAFL,"STERLING HEIGHTS-F, LLC",1FDVU4XG5PKB25445,7/14/2023,10,50460.04,2023,FORD,TRANSIT
7/24/2023,AE,AEABRK,160225,1,PAFL,"STERLING HEIGHTS-F, LLC",1FDVU4XG5PKB27647,7/14/2023,10,50460.04,2023,FORD,TRANSIT
7/24/2023,AE,AEABRK,160225,1,PAFL,"STERLING HEIGHTS-F, LLC",1FDVU4XG7PKB27486,7/14/2023,10,50460.04,2023,FORD,TRANSIT
7/24/2023,AE,AEABRK,160225,1,PAFL,"STERLING HEIGHTS-F, LLC",1FDVU4XG8PKB00331,7/1/2023,23,53073.32,2023,FORD,TRANSIT
7/24/2023,AE,AEABRK,160225,1,PAFL,"STERLING HEIGHTS-F, LLC",1FDVU4XG8PKB25343,7/14/2023,10,50460.04,2023,FORD,TRANSIT
7/24/2023,AE,AEABRK,160225,1,PAFL,"STERLING HEIGHTS-F, LLC",1FDVU4XG8PKB27464,7/14/2023,10,50460.04,2023,FORD,TRANSIT
7/24/2023,AE,AEABRK,160225,1,PAFL,"STERLING HEIGHTS-F, LLC",1FDVU5XG0PKB35788,7/22/2023,2,57621.04,2023,FORD,TRANSIT
7/24/2023,AE,AEABRK,160225,1,PAFL,"STERLING HEIGHTS-F, LLC",1FDVU5XG2PKA97898,6/30/2023,24,55219.04,2023,FORD,TRANSIT
7/24/2023,AE,AEABRK,160225,1,PAFL,"STERLING HEIGHTS-F, LLC",1FDVU5XG6PKA97502,6/30/2023,24,55219.04,2023,FORD,TRANSIT
7/24/2023,AE,AEABRK,160225,1,PAFL,"STERLING HEIGHTS-F, LLC",1FDVU5XG8PKA96688,7/1/2023,23,55050.32,2023,FORD,TRANSIT
7/24/2023,AE,AEABRK,160225,1,PAFL,"STERLING HEIGHTS-F, LLC",1FDXE4FN6RDD17017,7/18/2023,6,37203.48,2024,FORD,E-450
7/24/2023,AE,AEABRK,160225,1,PAFL,"STERLING HEIGHTS-F, LLC",1FT8X3BA4PED41128,7/14/2023,10,49163.08,2023,FORD,F-350
7/24/2023,AE,AEABRK,160225,1,PAFL,"STERLING HEIGHTS-F, LLC",1FTBW3X8XPKB27583,7/14/2023,10,46871.06,2023,FORD,TRANSIT
7/24/2023,AE,AEABRK,160225,1,PAFL,"STERLING HEIGHTS-F, LLC",1FTBW3X82PKB26332,7/14/2023,10,46871.06,2023,FORD,TRANSIT
7/24/2023,AE,AEABRK,160225,1,PAFL,"STERLING HEIGHTS-F, LLC",1FTBW3X83PKB25349,7/22/2023,2,46871.06,2023,FORD,TRANSIT
7/24/2023,AE,AEABRK,160225,1,PAFL,"STERLING HEIGHTS-F, LLC",1FTBW3X84PKB27840,7/22/2023,2,46871.06,2023,FORD,TRANSIT
7/24/2023,AE,AEABRK,160225,1,PAFL,"STERLING HEIGHTS-F, LLC",1FTBW3X85PKB25434,7/22/2023,2,46871.06,2023,FORD,TRANSIT
7/24/2023,AE,AEABRK,160225,1,PAFL,"STERLING HEIGHTS-F, LLC",1FTBW3X85PKB25594,7/14/2023,10,46871.06,2023,FORD,TRANSIT
7/24/2023,AE,AEABRK,160225,1,PAFL,"STERLING HEIGHTS-F, LLC",1FTBW3X88PKB25444,7/22/2023,2,46871.06,2023,FORD,TRANSIT
7/24/2023,AE,AEABRK,160225,1,PAFL,"STERLING HEIGHTS-F, LLC",1FTBW3X88PKB25556,7/22/2023,2,46871.06,2023,FORD,TRANSIT
7/24/2023,AE,AEABRK,160225,1,PAFL,"STERLING HEIGHTS-F, LLC",1FTBW3XK5PKA60340,7/18/2023,6,53131.95,2023,FORD,TRANSIT
7/24/2023,AE,AEABRK,160225,1,PAFL,"STERLING HEIGHTS-F, LLC",1FTYE1Y86PKA89057,5/13/2023,72,40008.92,2023,FORD,TRANSIT
7/24/2023,AE,AEABRK,160225,1,PANW,"STERLING HEIGHTS-F, LLC",1FMCU0E12PUA67720,7/19/2023,5,40427.12,2023,FORD,ESCAPE
7/24/2023,AE,AEABRK,160225,1,PANW,"STERLING HEIGHTS-F, LLC",1FMCU0E17PUA67650,7/18/2023,6,44686.12,2023,FORD,ESCAPE
7/24/2023,AE,AEABRK,160225,1,PANW,"STERLING HEIGHTS-F, LLC",1FMCU0GN1PUA44140,6/1/2023,53,31676.67,2023,FORD,ESCAPE
7/24/2023,AE,AEABRK,160225,1,PANW,"STERLING HEIGHTS-F, LLC",1FMCU0GN2PUA68348,7/19/2023,5,30670.67,2023,FORD,ESCAPE
7/24/2023,AE,AEABRK,160225,1,PANW,"STERLING HEIGHTS-F, LLC",1FMCU0GN7PUA12194,6/27/2023,27,32432.67,2023,FORD,ESCAPE
7/24/2023,AE,AEABRK,160225,1,PANW,"STERLING HEIGHTS-F, LLC",1FMCU0MZ1PUA68350,7/19/2023,5,34506.67,2023,FORD,ESCAPE
7/24/2023,AE,AEABRK,160225,1,PANW,"STERLING HEIGHTS-F, LLC",1FMCU9GN1PUA53912,6/6/2023,48,674,2023,FORD,ESCAPE
7/24/2023,AE,AEABRK,160225,1,PANW,"STERLING HEIGHTS-F, LLC",1FMCU9GN2PUA52574,7/24/2023,0,33886.67,2023,FORD,ESCAPE
7/24/2023,AE,AEABRK,160225,1,PANW,"STERLING HEIGHTS-F, LLC",1FMCU9GN4PUA53368,6/27/2023,27,31818.67,2023,FORD,ESCAPE
7/24/2023,AE,AEABRK,160225,1,PANW,"STERLING HEIGHTS-F, LLC",1FMCU9GN5PUA50771,7/14/2023,10,34714.67,2023,FORD,ESCAPE
7/24/2023,AE,AEABRK,160225,1,PANW,"STERLING HEIGHTS-F, LLC",1FMCU9GN9PUA37649,6/29/2023,25,31889.67,2023,FORD,ESCAPE
7/24/2023,AE,AEABRK,160225,1,PANW,"STERLING HEIGHTS-F, LLC",1FMCU9GN9PUA50269,6/22/2023,32,33782.67,2023,FORD,ESCAPE
7/24/2023,AE,AEABRK,160225,1,PANW,"STERLING HEIGHTS-F, LLC",1FMCU9GNXPUA54489,6/24/2023,30,32753.67,2023,FORD,ESCAPE
7/24/2023,AE,AEABRK,160225,1,PANW,"STERLING HEIGHTS-F, LLC",1FMCU9JA2PUA03719,5/24/2023,61,38422.67,2023,FORD,ESCAPE
7/24/2023,AE,AEABRK,160225,1,PANW,"STERLING HEIGHTS-F, LLC",1FMCU9JA9PUA66672,6/27/2023,27,40890.67,2023,FORD,ESCAPE
7/24/2023,AE,AEABRK,160225,1,PANW,"STERLING HEIGHTS-F, LLC",1FMCU9NA7PUA68432,7/19/2023,5,33961.67,2023,FORD,ESCAPE
7/24/2023,AE,AEABRK,160225,1,PANW,"STERLING HEIGHTS-F, LLC",1FMCU9NZ0PUA41014,6/30/2023,24,36702.67,2023,FORD,ESCAPE
7/24/2023,AE,AEABRK,160225,1,PANW,"STERLING HEIGHTS-F, LLC",1FMCU9NZ9PUA18072,5/22/2023,63,38678.44,2023,FORD,ESCAPE
7/24/2023,AE,AEABRK,160225,1,PANW,"STERLING HEIGHTS-F, LLC",1FMCU9PA1PUA66379,6/27/2023,27,41751.67,2023,FORD,ESCAPE
7/24/2023,AE,AEABRK,160225,1,PANW,"STERLING HEIGHTS-F, LLC",1FMCU9PA6PUA66796,6/28/2023,26,42028.67,2023,FORD,ESCAPE
7/24/2023,AE,AEABRK,160225,1,PANW,"STERLING HEIGHTS-F, LLC",1FMDE5BH1PLB51081,5/15/2023,70,52198.4,2023,FORD,BRONCO
7/24/2023,AE,AEABRK,160225,1,PANW,"STERLING HEIGHTS-F, LLC",1FMDE5BH1PLB62503,7/7/2023,17,47565.2,2023,FORD,BRONCO
7/24/2023,AE,AEABRK,160225,1,PANW,"STERLING HEIGHTS-F, LLC",1FMDE5BH4PLB62768,7/6/2023,18,46802.2,2023,FORD,BRONCO
7/24/2023,AE,AEABRK,160225,1,PANW,"STERLING HEIGHTS-F, LLC",1FMDE5BH6PLB63825,7/6/2023,18,49252.2,2023,FORD,BRONCO
7/24/2023,AE,AEABRK,160225,1,PANW,"STERLING HEIGHTS-F, LLC",1FMDE5BH7PLB64451,7/6/2023,18,43556.2,2023,FORD,BRONCO
7/24/2023,AE,AEABRK,160225,1,PANW,"STERLING HEIGHTS-F, LLC",1FMDE5CH7PLB64576,7/19/2023,5,49767.2,2023,FORD,BRONCO
7/24/2023,AE,AEABRK,160225,1,PANW,"STERLING HEIGHTS-F, LLC",1FMDE5CP9PLB63629,7/7/2023,17,55576.2,2023,FORD,BRONCO
7/24/2023,AE,AEABRK,160225,1,PANW,"STERLING HEIGHTS-F, LLC",1FMDE5DH0PLB74834,7/22/2023,2,58525.2,2023,FORD,BRONCO
7/24/2023,AE,AEABRK,160225,1,PANW,"STERLING HEIGHTS-F, LLC",1FMDE5DH3PLB49135,7/7/2023,17,55726.2,2023,FORD,BRONCO
7/24/2023,AE,AEABRK,160225,1,PANW,"STERLING HEIGHTS-F, LLC",1FMEE5BP2PLB70668,7/22/2023,2,54482.2,2023,FORD,BRONCO
7/24/2023,AE,AEABRK,160225,1,PANW,"STERLING HEIGHTS-F, LLC",1FMEE5BP3PLB49781,7/15/2023,9,51599.76,2023,FORD,BRONCO
7/24/2023,AE,AEABRK,160225,1,PANW,"STERLING HEIGHTS-F, LLC",1FMEE5BP7PLB61853,7/6/2023,18,51409.2,2023,FORD,BRONCO
7/24/2023,AE,AEABRK,160225,1,PANW,"STERLING HEIGHTS-F, LLC",1FMEE5BPXPLB49695,7/14/2023,10,54533.2,2023,FORD,BRONCO
7/24/2023,AE,AEABRK,160225,1,PANW,"STERLING HEIGHTS-F, LLC",1FMEE5DH2PLB64536,7/14/2023,10,51602.2,2023,FORD,BRONCO
7/24/2023,AE,AEABRK,160225,1,PANW,"STERLING HEIGHTS-F, LLC",1FMEE5DP0PLB62243,7/5/2023,19,67070.2,2023,FORD,BRONCO
7/24/2023,AE,AEABRK,160225,1,PANW,"STERLING HEIGHTS-F, LLC",1FMEE5DP0PLB62761,7/14/2023,10,64535.2,2023,FORD,BRONCO
7/24/2023,AE,AEABRK,160225,1,PANW,"STERLING HEIGHTS-F, LLC",1FMEE5DP0PLB64333,7/5/2023,19,58246.2,2023,FORD,BRONCO
7/24/2023,AE,AEABRK,160225,1,PANW,"STERLING HEIGHTS-F, LLC",1FMEE5DP1PLB49646,7/14/2023,10,59688.2,2023,FORD,BRONCO
7/24/2023,AE,AEABRK,160225,1,PANW,"STERLING HEIGHTS-F, LLC",1FMEE5DP3PLB61037,6/24/2023,30,65444.2,2023,FORD,BRONCO
7/24/2023,AE,AEABRK,160225,1,PANW,"STERLING HEIGHTS-F, LLC",1FMEE5DP5PLB63047,7/5/2023,19,64506.2,2023,FORD,BRONCO
7/24/2023,AE,AEABRK,160225,1,PANW,"STERLING HEIGHTS-F, LLC",1FMEE5DP6PLB64367,7/11/2023,13,65590.2,2023,FORD,BRONCO
7/24/2023,AE,AEABRK,160225,1,PANW,"STERLING HEIGHTS-F, LLC",1FMEE5DP8PLB16594,7/22/2023,2,58477.4,2023,FORD,BRONCO
7/24/2023,AE,AEABRK,160225,1,PANW,"STERLING HEIGHTS-F, LLC",1FMEE5JR7PLB14096,6/8/2023,46,91610.2,2023,FORD,BRONCO
7/24/2023,AE,AEABRK,160225,1,PANW,"STERLING HEIGHTS-F, LLC",1FMJK2A82PEA54567,7/21/2023,3,76781.3,2023,FORD,EXPEDITION
7/24/2023,AE,AEABRK,160225,1,PANW,"STERLING HEIGHTS-F, LLC",1FMJK2AG3PEA39762,5/13/2023,72,86893.3,2023,FORD,EXPEDITION
7/24/2023,AE,AEABRK,160225,1,PANW,"STERLING HEIGHTS-F, LLC",1FMJK2AG7PEA25525,5/12/2023,73,87827.6,2023,FORD,EXPEDITION
7/24/2023,AE,AEABRK,160225,1,PANW,"STERLING HEIGHTS-F, LLC",1FMJU1M81PEA44905,6/20/2023,34,88214.75,2023,FORD,EXPEDITION
7/24/2023,AE,AEABRK,160225,1,PANW,"STERLING HEIGHTS-F, LLC",1FMSK8DH2PGB07338,7/11/2023,13,44635.69,2023,FORD,EXPLORER
7/24/2023,AE,AEABRK,160225,1,PANW,"STERLING HEIGHTS-F, LLC",1FMSK8DH2PGB40291,7/24/2023,0,44754.69,2023,FORD,EXPLORER
7/24/2023,AE,AEABRK,160225,1,PANW,"STERLING HEIGHTS-F, LLC",1FMSK8DH3PGB33592,7/1/2023,23,45563.69,2023,FORD,EXPLORER
7/24/2023,AE,AEABRK,160225,1,PANW,"STERLING HEIGHTS-F, LLC",1FMSK8DH8PGB32244,6/21/2023,33,985,2023,FORD,EXPLORER
7/24/2023,AE,AEABRK,160225,1,PANW,"STERLING HEIGHTS-F, LLC",1FMSK8DH9PGB31278,6/28/2023,26,46221.69,2023,FORD,EXPLORER
7/24/2023,AE,AEABRK,160225,1,PANW,"STERLING HEIGHTS-F, LLC",1FMSK8DH9PGB31300,6/28/2023,26,46221.69,2023,FORD,EXPLORER
7/24/2023,AE,AEABRK,160225,1,PANW,"STERLING HEIGHTS-F, LLC",1FMSK8DHXPGB33816,7/22/2023,2,46221.69,2023,FORD,EXPLORER
7/24/2023,AE,AEABRK,160225,1,PANW,"STERLING HEIGHTS-F, LLC",1FT6W1EV6PWG11211,7/20/2023,4,81480,2023,FORD,F-150
7/24/2023,AE,AEABRK,160225,1,PANW,"STERLING HEIGHTS-F, LLC",1FT6W1EV9PWG17410,7/20/2023,4,93500,2023,FORD,F-150
7/24/2023,AE,AEABRK,160225,1,PANW,"STERLING HEIGHTS-F, LLC",1FT8W2BA2PED39388,6/30/2023,24,57321.08,2023,FORD,F-250
7/24/2023,AE,AEABRK,160225,1,PANW,"STERLING HEIGHTS-F, LLC",1FT8W2BA3PED39271,6/27/2023,27,56966.08,2023,FORD,F-250
7/24/2023,AE,AEABRK,160225,1,PANW,"STERLING HEIGHTS-F, LLC",1FT8W2BA5PED39708,7/6/2023,18,57321.08,2023,FORD,F-250
7/24/2023,AE,AEABRK,160225,1,PANW,"STERLING HEIGHTS-F, LLC",1FT8W2BM8PEC22456,6/20/2023,34,85657.3,2023,FORD,F-250
7/24/2023,AE,AEABRK,160225,1,PANW,"STERLING HEIGHTS-F, LLC",1FT8W2BT0PEC98423,6/20/2023,34,71792.3,2023,FORD,F-250
7/24/2023,AE,AEABRK,160225,1,PANW,"STERLING HEIGHTS-F, LLC",1FT8W2BT9PEC98422,5/19/2023,66,72643.3,2023,FORD,F-250
7/24/2023,AE,AEABRK,160225,1,PANW,"STERLING HEIGHTS-F, LLC",1FT8W4DM9PEC22457,6/27/2023,27,85964.92,2023,FORD,F-450
7/24/2023,AE,AEABRK,160225,1,PANW,"STERLING HEIGHTS-F, LLC",1FT8X3BA0PED39781,7/6/2023,18,55953.08,2023,FORD,F-350
7/24/2023,AE,AEABRK,160225,1,PANW,"STERLING HEIGHTS-F, LLC",1FT8X3BA5PED40019,7/6/2023,18,55793.08,2023,FORD,F-350
7/24/2023,AE,AEABRK,160225,1,PANW,"STERLING HEIGHTS-F, LLC",1FTBW1XK3PKA41399,6/3/2023,51,61075,2023,FORD,TRANSIT
7/24/2023,AE,AEABRK,160225,1,PANW,"STERLING HEIGHTS-F, LLC",1FTBW3XG3PKB24497,7/12/2023,12,55168.81,2023,FORD,TRANSIT
7/24/2023,AE,AEABRK,160225,1,PANW,"STERLING HEIGHTS-F, LLC",1FTBW3XK0PKA92631,6/3/2023,51,60980,2023,FORD,TRANSIT
7/24/2023,AE,AEABRK,160225,1,PANW,"STERLING HEIGHTS-F, LLC",1FTBW3XK3PKB07025,6/3/2023,51,60205,2023,FORD,TRANSIT
7/24/2023,AE,AEABRK,160225,1,PANW,"STERLING HEIGHTS-F, LLC",1FTBW3XK7PKA91685,6/3/2023,51,60760,2023,FORD,TRANSIT
7/24/2023,AE,AEABRK,160225,1,PANW,"STERLING HEIGHTS-F, LLC",1FTBW9CK5PKB34350,6/30/2023,24,56755,2023,FORD,TRANSIT
7/24/2023,AE,AEABRK,160225,1,PANW,"STERLING HEIGHTS-F, LLC",1FTER1FH6PLE31661,6/23/2023,31,32296.2,2023,FORD,RANGER
7/24/2023,AE,AEABRK,160225,1,PANW,"STERLING HEIGHTS-F, LLC",1FTER1FH7PLE31667,6/23/2023,31,32296.2,2023,FORD,RANGER
7/24/2023,AE,AEABRK,160225,1,PANW,"STERLING HEIGHTS-F, LLC",1FTER1FHXPLE31565,7/6/2023,18,39182.2,2023,FORD,RANGER
7/24/2023,AE,AEABRK,160225,1,PANW,"STERLING HEIGHTS-F, LLC",1FTER4FH4PLE31627,6/15/2023,39,40360.2,2023,FORD,RANGER
7/24/2023,AE,AEABRK,160225,1,PANW,"STERLING HEIGHTS-F, LLC",1FTER4FH5PLE31569,6/23/2023,31,43160.2,2023,FORD,RANGER
7/24/2023,AE,AEABRK,160225,1,PANW,"STERLING HEIGHTS-F, LLC",1FTER4FH8PLE33719,7/6/2023,18,39710.2,2023,FORD,RANGER
7/24/2023,AE,AEABRK,160225,1,PANW,"STERLING HEIGHTS-F, LLC",1FTER4FH9PLE32823,7/5/2023,19,38361.2,2023,FORD,RANGER
7/24/2023,AE,AEABRK,160225,1,PANW,"STERLING HEIGHTS-F, LLC",1FTER4FH9PLE34135,7/6/2023,18,40730.2,2023,FORD,RANGER
7/24/2023,AE,AEABRK,160225,1,PANW,"STERLING HEIGHTS-F, LLC",1FTEW1E83PFB83815,5/24/2023,61,66736.36,2023,FORD,F-150
7/24/2023,AE,AEABRK,160225,1,PANW,"STERLING HEIGHTS-F, LLC",1FTEW1E83PFC17865,7/11/2023,13,64126.36,2023,FORD,F-150
7/24/2023,AE,AEABRK,160225,1,PANW,"STERLING HEIGHTS-F, LLC",1FTEW1EP0PKE91474,7/21/2023,3,56321.08,2023,FORD,F-150
7/24/2023,AE,AEABRK,160225,1,PANW,"STERLING HEIGHTS-F, LLC",1FTEW1EP0PKF03137,7/14/2023,10,57354.08,2023,FORD,F-150
7/24/2023,AE,AEABRK,160225,1,PANW,"STERLING HEIGHTS-F, LLC",1FTEW1EP1PFC26166,7/8/2023,16,57452.26,2023,FORD,F-150
7/24/2023,AE,AEABRK,160225,1,PANW,"STERLING HEIGHTS-F, LLC",1FTEW1EP2PFC24247,7/7/2023,17,57605.26,2023,FORD,F-150
7/24/2023,AE,AEABRK,160225,1,PANW,"STERLING HEIGHTS-F, LLC",1FTEW1EP3PKE84132,7/21/2023,3,56039.36,2023,FORD,F-150
7/24/2023,AE,AEABRK,160225,1,PANW,"STERLING HEIGHTS-F, LLC",1FTEW1EP4PFB66688,7/7/2023,17,57781.26,2023,FORD,F-150
7/24/2023,AE,AEABRK,160225,1,PANW,"STERLING HEIGHTS-F, LLC",1FTEW1EP4PFC19809,7/11/2023,13,56988.26,2023,FORD,F-150
7/24/2023,AE,AEABRK,160225,1,PANW,"STERLING HEIGHTS-F, LLC",1FTEW1EP5PFC24307,7/7/2023,17,65100.26,2023,FORD,F-150
7/24/2023,AE,AEABRK,160225,1,PANW,"STERLING HEIGHTS-F, LLC",1FTEW1EP6PFB93925,7/24/2023,0,56647.26,2023,FORD,F-150
7/24/2023,AE,AEABRK,160225,1,PANW,"STERLING HEIGHTS-F, LLC",1FTEW1EP7PFC24275,7/11/2023,13,55990.26,2023,FORD,F-150
7/24/2023,AE,AEABRK,160225,1,PANW,"STERLING HEIGHTS-F, LLC",1FTEW1EP8PKD17510,7/17/2023,7,58626.72,2023,FORD,F-150
7/24/2023,AE,AEABRK,160225,1,PANW,"STERLING HEIGHTS-F, LLC",1FTEW1EP9PFB92896,7/10/2023,14,58404.26,2023,FORD,F-150
7/24/2023,AE,AEABRK,160225,1,PANW,"STERLING HEIGHTS-F, LLC",1FTEW1EP9PFC24505,7/14/2023,10,58606.26,2023,FORD,F-150
7/24/2023,AE,AEABRK,160225,1,PANW,"STERLING HEIGHTS-F, LLC",1FTEW1EP9PKE84619,7/12/2023,12,58667.26,2023,FORD,F-150
7/24/2023,AE,AEABRK,160225,1,PANW,"STERLING HEIGHTS-F, LLC",1FTEW1EPXPFA57216,5/16/2023,69,62876.52,2023,FORD,F-150
7/24/2023,AE,AEABRK,160225,1,PANW,"STERLING HEIGHTS-F, LLC",1FTEW1EPXPFC24769,7/7/2023,17,58612.26,2023,FORD,F-150
7/24/2023,AE,AEABRK,160225,1,PANW,"STERLING HEIGHTS-F, LLC",1FTEW1EPXPFC24917,7/11/2023,13,58956.36,2023,FORD,F-150
7/24/2023,AE,AEABRK,160225,1,PANW,"STERLING HEIGHTS-F, LLC",1FTEX1EP8PKE71440,6/28/2023,26,48408.73,2023,FORD,F-150
7/24/2023,AE,AEABRK,160225,1,PANW,"STERLING HEIGHTS-F, LLC",1FTEX1EP9PKE54758,6/2/2023,52,47428.73,2023,FORD,F-150
7/24/2023,AE,AEABRK,160225,1,PANW,"STERLING HEIGHTS-F, LLC",1FTFW1E5XPKE78279,7/13/2023,11,56794.26,2023,FORD,F-150
7/24/2023,AE,AEABRK,160225,1,PANW,"STERLING HEIGHTS-F, LLC",1FTFW1E8XPFB69219,5/19/2023,66,63571.26,2023,FORD,F-150
7/24/2023,AE,AEABRK,160225,1,PANW,"STERLING HEIGHTS-F, LLC",1FTFW1E8XPFB91060,6/6/2023,48,59042.36,2023,FORD,F-150
7/24/2023,AE,AEABRK,160225,1,PANW,"STERLING HEIGHTS-F, LLC",1FTFW1E8XPFC17351,6/29/2023,25,71607.36,2023,FORD,F-150
7/24/2023,AE,AEABRK,160225,1,PANW,"STERLING HEIGHTS-F, LLC",1FTFW1E52PFB75988,5/13/2023,72,55677.26,2023,FORD,F-150
7/24/2023,AE,AEABRK,160225,1,PANW,"STERLING HEIGHTS-F, LLC",1FTFW1E52PKE94296,7/20/2023,4,61216.26,2023,FORD,F-150
7/24/2023,AE,AEABRK,160225,1,PANW,"STERLING HEIGHTS-F, LLC",1FTFW1E55PFB99427,6/6/2023,48,61477.36,2023,FORD,F-150
7/24/2023,AE,AEABRK,160225,1,PANW,"STERLING HEIGHTS-F, LLC",1FTFW1E80PFC10067,6/23/2023,31,66236.26,2023,FORD,F-150
7/24/2023,AE,AEABRK,160225,1,PANW,"STERLING HEIGHTS-F, LLC",1FTFW1E80PKE58696,6/13/2023,41,64971.26,2023,FORD,F-150
7/24/2023,AE,AEABRK,160225,1,PANW,"STERLING HEIGHTS-F, LLC",1FTFW1E81PFC09803,6/23/2023,31,66439.26,2023,FORD,F-150
7/24/2023,AE,AEABRK,160225,1,PANW,"STERLING HEIGHTS-F, LLC",1FTFW1E81PKE80674,6/29/2023,25,66617.26,2023,FORD,F-150
7/24/2023,AE,AEABRK,160225,1,PANW,"STERLING HEIGHTS-F, LLC",1FTFW1E81PKE94185,7/14/2023,10,59636.36,2023,FORD,F-150
7/24/2023,AE,AEABRK,160225,1,PANW,"STERLING HEIGHTS-F, LLC",1FTFW1E82PFC02200,6/6/2023,48,71486.26,2023,FORD,F-150
7/24/2023,AE,AEABRK,160225,1,PANW,"STERLING HEIGHTS-F, LLC",1FTFW1E82PFC08434,7/7/2023,17,66601.26,2023,FORD,F-150
7/24/2023,AE,AEABRK,160225,1,PANW,"STERLING HEIGHTS-F, LLC",1FTFW1E82PFC20728,7/18/2023,6,70841.36,2023,FORD,F-150
7/24/2023,AE,AEABRK,160225,1,PANW,"STERLING HEIGHTS-F, LLC",1FTFW1E82PKE83213,7/14/2023,10,63220.88,2023,FORD,F-150
7/24/2023,AE,AEABRK,160225,1,PANW,"STERLING HEIGHTS-F, LLC",1FTFW1E83PFC19278,7/11/2023,13,73347.26,2023,FORD,F-150
7/24/2023,AE,AEABRK,160225,1,PANW,"STERLING HEIGHTS-F, LLC",1FTFW1E83PKE84533,7/7/2023,17,59532.36,2023,FORD,F-150
7/24/2023,AE,AEABRK,160225,1,PANW,"STERLING HEIGHTS-F, LLC",1FTFW1E84PFC20987,7/1/2023,23,58450.26,2023,FORD,F-150
7/24/2023,AE,AEABRK,160225,1,PANW,"STERLING HEIGHTS-F, LLC",1FTFW1E85PFC18116,6/27/2023,27,71804.26,2023,FORD,F-150
7/24/2023,AE,AEABRK,160225,1,PANW,"STERLING HEIGHTS-F, LLC",1FTFW1E85PFC19458,7/7/2023,17,69803.26,2023,FORD,F-150
7/24/2023,AE,AEABRK,160225,1,PANW,"STERLING HEIGHTS-F, LLC",1FTFW1E85PKE94304,7/20/2023,4,65861.08,2023,FORD,F-150
7/24/2023,AE,AEABRK,160225,1,PANW,"STERLING HEIGHTS-F, LLC",1FTFW1E85PKE98031,7/14/2023,10,58268.08,2023,FORD,F-150
7/24/2023,AE,AEABRK,160225,1,PANW,"STERLING HEIGHTS-F, LLC",1FTFW1E86PFC26113,7/18/2023,6,71426.36,2023,FORD,F-150
7/24/2023,AE,AEABRK,160225,1,PANW,"STERLING HEIGHTS-F, LLC",1FTFW1E86PFC27777,7/22/2023,2,68231.36,2023,FORD,F-150
7/24/2023,AE,AEABRK,160225,1,PANW,"STERLING HEIGHTS-F, LLC",1FTFW1E86PKE97700,7/21/2023,3,62948.88,2023,FORD,F-150
7/24/2023,AE,AEABRK,160225,1,PANW,"STERLING HEIGHTS-F, LLC",1FTFW1E87PFC27514,7/22/2023,2,65854.26,2023,FORD,F-150
7/24/2023,AE,AEABRK,160225,1,PANW,"STERLING HEIGHTS-F, LLC",1FTFW1E87PKE98192,7/21/2023,3,57690.26,2023,FORD,F-150
7/24/2023,AE,AEABRK,160225,1,PANW,"STERLING HEIGHTS-F, LLC",1FTFW1E88PFC31958,7/19/2023,5,59536.26,2023,FORD,F-150
7/24/2023,AE,AEABRK,160225,1,PANW,"STERLING HEIGHTS-F, LLC",1FTFW1E89PFC20516,7/1/2023,23,69539.26,2023,FORD,F-150
7/24/2023,AE,AEABRK,160225,1,PANW,"STERLING HEIGHTS-F, LLC",1FTFW1E89PFC20726,7/6/2023,18,59978.36,2023,FORD,F-150
7/24/2023,AE,AEABRK,160225,1,PANW,"STERLING HEIGHTS-F, LLC",1FTFW1E89PKE65310,6/10/2023,44,68702.26,2023,FORD,F-150
7/24/2023,AE,AEABRK,160225,1,PANW,"STERLING HEIGHTS-F, LLC",1FTFW1E89PKE92426,7/20/2023,4,63331.88,2023,FORD,F-150
7/24/2023,AE,AEABRK,160225,1,PANW,"STERLING HEIGHTS-F, LLC",1FTFW1ED1PFC19471,7/7/2023,17,81258.81,2023,FORD,F-150
7/24/2023,AE,AEABRK,160225,1,PANW,"STERLING HEIGHTS-F, LLC",1FTFW1ED2PFB63265,7/7/2023,17,70015.81,2023,FORD,F-150
7/24/2023,AE,AEABRK,160225,1,PANW,"STERLING HEIGHTS-F, LLC",1FTFW1ED2PFC16742,6/16/2023,38,75305.81,2023,FORD,F-150
7/24/2023,AE,AEABRK,160225,1,PANW,"STERLING HEIGHTS-F, LLC",1FTFW1ED2PFC17700,7/7/2023,17,76439.81,2023,FORD,F-150
7/24/2023,AE,AEABRK,160225,1,PANW,"STERLING HEIGHTS-F, LLC",1FTFW1ED2PFC20841,7/7/2023,17,80534.81,2023,FORD,F-150
7/24/2023,AE,AEABRK,160225,1,PANW,"STERLING HEIGHTS-F, LLC",1FTFW1ED2PFC26770,7/8/2023,16,73056.81,2023,FORD,F-150
7/24/2023,AE,AEABRK,160225,1,PANW,"STERLING HEIGHTS-F, LLC",1FTFW1ED2PFC26879,7/22/2023,2,70404.81,2023,FORD,F-150
7/24/2023,AE,AEABRK,160225,1,PANW,"STERLING HEIGHTS-F, LLC",1FTFW1ED3PFB93861,6/6/2023,48,67766.81,2023,FORD,F-150
7/24/2023,AE,AEABRK,160225,1,PANW,"STERLING HEIGHTS-F, LLC",1FTFW1ED3PFB98817,6/9/2023,45,67713.81,2023,FORD,F-150
7/24/2023,AE,AEABRK,160225,1,PANW,"STERLING HEIGHTS-F, LLC",1FTFW1ED3PFC17219,6/23/2023,31,74781.81,2023,FORD,F-150
7/24/2023,AE,AEABRK,160225,1,PANW,"STERLING HEIGHTS-F, LLC",1FTFW1ED3PFC20198,7/11/2023,13,80534.81,2023,FORD,F-150
7/24/2023,AE,AEABRK,160225,1,PANW,"STERLING HEIGHTS-F, LLC",1FTFW1ED3PFC21044,7/1/2023,23,71744.81,2023,FORD,F-150
7/24/2023,AE,AEABRK,160225,1,PANW,"STERLING HEIGHTS-F, LLC",1FTFW1ED4PFB61663,7/7/2023,17,69716.81,2023,FORD,F-150
7/24/2023,AE,AEABRK,160225,1,PANW,"STERLING HEIGHTS-F, LLC",1FTFW1ED4PFC16208,6/29/2023,25,75569.81,2023,FORD,F-150
7/24/2023,AE,AEABRK,160225,1,PANW,"STERLING HEIGHTS-F, LLC",1FTFW1ED4PFC18217,6/23/2023,31,75305.81,2023,FORD,F-150
7/24/2023,AE,AEABRK,160225,1,PANW,"STERLING HEIGHTS-F, LLC",1FTFW1ED5PFC18582,6/24/2023,30,75687.81,2023,FORD,F-150
7/24/2023,AE,AEABRK,160225,1,PANW,"STERLING HEIGHTS-F, LLC",1FTFW1ED5PFC22891,7/19/2023,5,69661.81,2023,FORD,F-150
7/24/2023,AE,AEABRK,160225,1,PANW,"STERLING HEIGHTS-F, LLC",1FTFW1ED5PFC26293,7/1/2023,23,70584.81,2023,FORD,F-150
7/24/2023,AE,AEABRK,160225,1,PANW,"STERLING HEIGHTS-F, LLC",1FTFW1ED5PFC26827,7/19/2023,5,72540.81,2023,FORD,F-150
7/24/2023,AE,AEABRK,160225,1,PANW,"STERLING HEIGHTS-F, LLC",1FTFW1ED6PFB93501,6/9/2023,45,68427.81,2023,FORD,F-150
7/24/2023,AE,AEABRK,160225,1,PANW,"STERLING HEIGHTS-F, LLC",1FTFW1ED7PFC15862,6/29/2023,25,69637.81,2023,FORD,F-150
7/24/2023,AE,AEABRK,160225,1,PANW,"STERLING HEIGHTS-F, LLC",1FTFW1ED7PFC19992,7/7/2023,17,81258.81,2023,FORD,F-150
7/24/2023,AE,AEABRK,160225,1,PANW,"STERLING HEIGHTS-F, LLC",1FTFW1ED7PFC20088,7/18/2023,6,80534.81,2023,FORD,F-150
7/24/2023,AE,AEABRK,160225,1,PANW,"STERLING HEIGHTS-F, LLC",1FTFW1ED7PFC23248,7/18/2023,6,71836.81,2023,FORD,F-150
7/24/2023,AE,AEABRK,160225,1,PANW,"STERLING HEIGHTS-F, LLC",1FTFW1ED7PFC26800,7/7/2023,17,70970.81,2023,FORD,F-150
7/24/2023,AE,AEABRK,160225,1,PANW,"STERLING HEIGHTS-F, LLC",1FTFW1ED7PFC39613,7/22/2023,2,69246.81,2023,FORD,F-150
7/24/2023,AE,AEABRK,160225,1,PANW,"STERLING HEIGHTS-F, LLC",1FTFW1ED8PFC21041,7/7/2023,17,80898.81,2023,FORD,F-150
7/24/2023,AE,AEABRK,160225,1,PANW,"STERLING HEIGHTS-F, LLC",1FTFW1ED8PFC38440,7/22/2023,2,71437.81,2023,FORD,F-150
7/24/2023,AE,AEABRK,160225,1,PANW,"STERLING HEIGHTS-F, LLC",1FTFW1ED9PFC19461,6/29/2023,25,74924.81,2023,FORD,F-150
7/24/2023,AE,AEABRK,160225,1,PANW,"STERLING HEIGHTS-F, LLC",1FTFW1ED9PFC26121,7/18/2023,6,71479.81,2023,FORD,F-150
7/24/2023,AE,AEABRK,160225,1,PANW,"STERLING HEIGHTS-F, LLC",1FTFW1EDXPFB61649,6/28/2023,26,72043.81,2023,FORD,F-150
7/24/2023,AE,AEABRK,160225,1,PANW,"STERLING HEIGHTS-F, LLC",1FTFW1EDXPFC19324,7/1/2023,23,80534.81,2023,FORD,F-150
7/24/2023,AE,AEABRK,160225,1,PANW,"STERLING HEIGHTS-F, LLC",1FTFW1RG1PFB90929,6/23/2023,31,78271.36,2023,FORD,F-150
7/24/2023,AE,AEABRK,160225,1,PANW,"STERLING HEIGHTS-F, LLC",1FTRF3BA0PED43501,7/6/2023,18,49677.08,2023,FORD,F-350
7/24/2023,AE,AEABRK,160225,1,PANW,"STERLING HEIGHTS-F, LLC",1FTRF3BA4PEC98417,5/12/2023,73,53545.34,2023,FORD,F-350
7/24/2023,AE,AEABRK,160225,1,PANW,"STERLING HEIGHTS-F, LLC",1FTRF3BA6PEC98418,5/11/2023,74,53545.34,2023,FORD,F-350
7/24/2023,AE,AEABRK,160225,1,PANW,"STERLING HEIGHTS-F, LLC",1FTRF3BA7PED43348,7/20/2023,4,50128.64,2023,FORD,F-350
7/24/2023,AE,AEABRK,160225,1,PANW,"STERLING HEIGHTS-F, LLC",1FTVW1EL1PWG20683,7/20/2023,4,72450,2023,FORD,F-150
7/24/2023,AE,AEABRK,160225,1,PANW,"STERLING HEIGHTS-F, LLC",1FTVW1EL8PWG07672,7/20/2023,4,75980,2023,FORD,F-150
7/24/2023,AE,AEABRK,160225,1,PANW,"STERLING HEIGHTS-F, LLC",2FMPK4APXPBA58763,6/27/2023,27,53357.69,2023,FORD,EDGE
7/24/2023,AE,AEABRK,160225,1,PANW,"STERLING HEIGHTS-F, LLC",2FMPK4J90PBA55937,7/21/2023,3,42063.69,2023,FORD,EDGE
7/24/2023,AE,AEABRK,160225,1,PANW,"STERLING HEIGHTS-F, LLC",2FMPK4J90PBA58840,7/21/2023,3,42434.69,2023,FORD,EDGE
7/24/2023,AE,AEABRK,160225,1,PANW,"STERLING HEIGHTS-F, LLC",2FMPK4J91PBA55087,7/8/2023,16,40940.69,2023,FORD,EDGE
7/24/2023,AE,AEABRK,160225,1,PANW,"STERLING HEIGHTS-F, LLC",2FMPK4J91PBA55686,7/18/2023,6,42589.69,2023,FORD,EDGE
7/24/2023,AE,AEABRK,160225,1,PANW,"STERLING HEIGHTS-F, LLC",2FMPK4J92PBA54921,7/8/2023,16,40846.69,2023,FORD,EDGE
7/24/2023,AE,AEABRK,160225,1,PANW,"STERLING HEIGHTS-F, LLC",2FMPK4J92PBA55261,7/22/2023,2,39586.69,2023,FORD,EDGE
7/24/2023,AE,AEABRK,160225,1,PANW,"STERLING HEIGHTS-F, LLC",2FMPK4J92PBA56376,7/21/2023,3,40940.69,2023,FORD,EDGE
7/24/2023,AE,AEABRK,160225,1,PANW,"STERLING HEIGHTS-F, LLC",2FMPK4J92PBA56698,7/22/2023,2,40846.69,2023,FORD,EDGE
7/24/2023,AE,AEABRK,160225,1,PANW,"STERLING HEIGHTS-F, LLC",2FMPK4J92PBA56801,7/8/2023,16,41405.69,2023,FORD,EDGE
7/24/2023,AE,AEABRK,160225,1,PANW,"STERLING HEIGHTS-F, LLC",2FMPK4J92PBA56975,7/18/2023,6,42627.69,2023,FORD,EDGE
7/24/2023,AE,AEABRK,160225,1,PANW,"STERLING HEIGHTS-F, LLC",2FMPK4J93PBA54944,7/19/2023,5,40266.69,2023,FORD,EDGE
7/24/2023,AE,AEABRK,160225,1,PANW,"STERLING HEIGHTS-F, LLC",2FMPK4J93PBA56614,7/18/2023,6,42025.69,2023,FORD,EDGE
7/24/2023,AE,AEABRK,160225,1,PANW,"STERLING HEIGHTS-F, LLC",2FMPK4J94PBA55178,7/22/2023,2,41090.69,2023,FORD,EDGE
7/24/2023,AE,AEABRK,160225,1,PANW,"STERLING HEIGHTS-F, LLC",2FMPK4J94PBA55908,7/22/2023,2,40940.69,2023,FORD,EDGE
7/24/2023,AE,AEABRK,160225,1,PANW,"STERLING HEIGHTS-F, LLC",2FMPK4J95PBA55299,7/7/2023,17,42584.69,2023,FORD,EDGE
7/24/2023,AE,AEABRK,160225,1,PANW,"STERLING HEIGHTS-F, LLC",2FMPK4J96PBA54727,7/5/2023,19,42651.69,2023,FORD,EDGE
7/24/2023,AE,AEABRK,160225,1,PANW,"STERLING HEIGHTS-F, LLC",2FMPK4J96PBA55795,7/22/2023,2,39624.69,2023,FORD,EDGE
7/24/2023,AE,AEABRK,160225,1,PANW,"STERLING HEIGHTS-F, LLC",2FMPK4J96PBA55909,7/18/2023,6,40766.69,2023,FORD,EDGE
7/24/2023,AE,AEABRK,160225,1,PANW,"STERLING HEIGHTS-F, LLC",2FMPK4J96PBA59295,7/22/2023,2,41090.69,2023,FORD,EDGE
7/24/2023,AE,AEABRK,160225,1,PANW,"STERLING HEIGHTS-F, LLC",2FMPK4J97PBA55045,7/18/2023,6,41095.69,2023,FORD,EDGE
7/24/2023,AE,AEABRK,160225,1,PANW,"STERLING HEIGHTS-F, LLC",2FMPK4J97PBA55563,7/22/2023,2,40667.69,2023,FORD,EDGE
7/24/2023,AE,AEABRK,160225,1,PANW,"STERLING HEIGHTS-F, LLC",2FMPK4J97PBA57040,6/27/2023,27,42960.69,2023,FORD,EDGE
7/24/2023,AE,AEABRK,160225,1,PANW,"STERLING HEIGHTS-F, LLC",2FMPK4J98PBA55166,6/30/2023,24,41090.69,2023,FORD,EDGE
7/24/2023,AE,AEABRK,160225,1,PANW,"STERLING HEIGHTS-F, LLC",2FMPK4K92PBA56196,6/27/2023,27,50258.69,2023,FORD,EDGE
7/24/2023,AE,AEABRK,160225,1,PANW,"STERLING HEIGHTS-F, LLC",3FMCR9B6XPRD89230,7/11/2023,13,35841.67,2023,FORD,BRONCO SPORT
7/24/2023,AE,AEABRK,160225,1,PANW,"STERLING HEIGHTS-F, LLC",3FMCR9B60PRD86594,7/7/2023,17,32773.67,2023,FORD,BRONCO SPORT
7/24/2023,AE,AEABRK,160225,1,PANW,"STERLING HEIGHTS-F, LLC",3FMCR9B60PRD87471,7/22/2023,2,35879.67,2023,FORD,BRONCO SPORT
7/24/2023,AE,AEABRK,160225,1,PANW,"STERLING HEIGHTS-F, LLC",3FMCR9B62PRD68713,6/27/2023,27,36039.67,2023,FORD,BRONCO SPORT
7/24/2023,AE,AEABRK,160225,1,PANW,"STERLING HEIGHTS-F, LLC",3FMCR9B62PRD89142,7/5/2023,19,32540.67,2023,FORD,BRONCO SPORT
7/24/2023,AE,AEABRK,160225,1,PANW,"STERLING HEIGHTS-F, LLC",3FMCR9B62PRD89450,7/22/2023,2,34372.67,2023,FORD,BRONCO SPORT
7/24/2023,AE,AEABRK,160225,1,PANW,"STERLING HEIGHTS-F, LLC",3FMCR9B63PRD63763,7/22/2023,2,35718.67,2023,FORD,BRONCO SPORT
7/24/2023,AE,AEABRK,160225,1,PANW,"STERLING HEIGHTS-F, LLC",3FMCR9B64PRD84301,7/7/2023,17,32246.67,2023,FORD,BRONCO SPORT
7/24/2023,AE,AEABRK,160225,1,PANW,"STERLING HEIGHTS-F, LLC",3FMCR9B66PRD89483,7/14/2023,10,34334.67,2023,FORD,BRONCO SPORT
7/24/2023,AE,AEABRK,160225,1,PANW,"STERLING HEIGHTS-F, LLC",3FMCR9B67PRD67797,7/1/2023,23,33032.67,2023,FORD,BRONCO SPORT
7/24/2023,AE,AEABRK,160225,1,PANW,"STERLING HEIGHTS-F, LLC",3FMCR9C6XPRD66738,6/7/2023,47,39319.67,2023,FORD,BRONCO SPORT
7/24/2023,AE,AEABRK,160225,1,PANW,"STERLING HEIGHTS-F, LLC",3FMCR9C6XPRD87847,7/14/2023,10,38927.67,2023,FORD,BRONCO SPORT
7/24/2023,AE,AEABRK,160225,1,PANW,"STERLING HEIGHTS-F, LLC",3FMCR9C6XPRD87900,7/22/2023,2,38407.67,2023,FORD,BRONCO SPORT
7/24/2023,AE,AEABRK,160225,1,PANW,"STERLING HEIGHTS-F, LLC",3FMCR9C6XPRD89162,7/11/2023,13,36202.67,2023,FORD,BRONCO SPORT
7/24/2023,AE,AEABRK,160225,1,PANW,"STERLING HEIGHTS-F, LLC",3FMCR9C60PRD86545,7/6/2023,18,36955.67,2023,FORD,BRONCO SPORT
7/24/2023,AE,AEABRK,160225,1,PANW,"STERLING HEIGHTS-F, LLC",3FMCR9C61PRD64411,6/30/2023,24,36458.67,2023,FORD,BRONCO SPORT
7/24/2023,AE,AEABRK,160225,1,PANW,"STERLING HEIGHTS-F, LLC",3FMCR9C62PRD52980,6/17/2023,37,37692.67,2023,FORD,BRONCO SPORT
7/24/2023,AE,AEABRK,160225,1,PANW,"STERLING HEIGHTS-F, LLC",3FMCR9C63PRD63597,6/30/2023,24,36955.67,2023,FORD,BRONCO SPORT
7/24/2023,AE,AEABRK,160225,1,PANW,"STERLING HEIGHTS-F, LLC",3FMCR9C64PRD61941,7/1/2023,23,39260.67,2023,FORD,BRONCO SPORT
7/24/2023,AE,AEABRK,160225,1,PANW,"STERLING HEIGHTS-F, LLC",3FMCR9C64PRD65374,6/7/2023,47,38556.67,2023,FORD,BRONCO SPORT
7/24/2023,AE,AEABRK,160225,1,PANW,"STERLING HEIGHTS-F, LLC",3FMCR9C64PRD68128,6/20/2023,34,39768.67,2023,FORD,BRONCO SPORT
7/24/2023,AE,AEABRK,160225,1,PANW,"STERLING HEIGHTS-F, LLC",3FMCR9C64PRD69652,6/15/2023,39,38533.67,2023,FORD,BRONCO SPORT
7/24/2023,AE,AEABRK,160225,1,PANW,"STERLING HEIGHTS-F, LLC",3FMCR9C64PRD86922,7/14/2023,10,38530.67,2023,FORD,BRONCO SPORT
7/24/2023,AE,AEABRK,160225,1,PANW,"STERLING HEIGHTS-F, LLC",3FMCR9C65PRD89151,7/22/2023,2,39530.67,2023,FORD,BRONCO SPORT
7/24/2023,AE,AEABRK,160225,1,PANW,"STERLING HEIGHTS-F, LLC",3FMCR9C67PRD23359,5/17/2023,68,37843.67,2023,FORD,BRONCO SPORT
7/24/2023,AE,AEABRK,160225,1,PANW,"STERLING HEIGHTS-F, LLC",3FMCR9C67PRD65823,7/5/2023,19,38829.67,2023,FORD,BRONCO SPORT
7/24/2023,AE,AEABRK,160225,1,PANW,"STERLING HEIGHTS-F, LLC",3FMCR9C68PRD47055,5/16/2023,69,37875.67,2023,FORD,BRONCO SPORT
7/24/2023,AE,AEABRK,160225,1,PANW,"STERLING HEIGHTS-F, LLC",3FMCR9C68PRD69069,6/27/2023,27,37099.67,2023,FORD,BRONCO SPORT
7/24/2023,AE,AEABRK,160225,1,PANW,"STERLING HEIGHTS-F, LLC",3FMCR9C68PRD87569,7/11/2023,13,38718.67,2023,FORD,BRONCO SPORT
7/24/2023,AE,AEABRK,160225,1,PANW,"STERLING HEIGHTS-F, LLC",3FMCR9C69PRD26053,5/16/2023,69,38252.67,2023,FORD,BRONCO SPORT
7/24/2023,AE,AEABRK,160225,1,PANW,"STERLING HEIGHTS-F, LLC",3FMCR9C69PRD62423,6/30/2023,24,38877.67,2023,FORD,BRONCO SPORT
7/24/2023,AE,AEABRK,160225,1,PANW,"STERLING HEIGHTS-F, LLC",3FMCR9C69PRD67721,6/20/2023,34,36484.67,2023,FORD,BRONCO SPORT
7/24/2023,AE,AEABRK,160225,1,PANW,"STERLING HEIGHTS-F, LLC",3FMCR9C69PRD72501,6/30/2023,24,38595.67,2023,FORD,BRONCO SPORT
7/24/2023,AE,AEABRK,160225,1,PANW,"STERLING HEIGHTS-F, LLC",3FMCR9D91PRD77684,7/5/2023,19,40499.67,2023,FORD,BRONCO SPORT
7/24/2023,AE,AEABRK,160225,1,PANW,"STERLING HEIGHTS-F, LLC",3FMCR9D93PRD78027,7/22/2023,2,43361.67,2023,FORD,BRONCO SPORT
7/24/2023,AE,AEABRK,160225,1,PANW,"STERLING HEIGHTS-F, LLC",3FMCR9D94PRD74083,7/22/2023,2,39956.67,2023,FORD,BRONCO SPORT
7/24/2023,AE,AEABRK,160225,1,PANW,"STERLING HEIGHTS-F, LLC",3FMCR9D95PRD77302,7/22/2023,2,40238.67,2023,FORD,BRONCO SPORT
7/24/2023,AE,AEABRK,160225,1,PANW,"STERLING HEIGHTS-F, LLC",3FMCR9D97PRD74031,7/11/2023,13,44199.67,2023,FORD,BRONCO SPORT
7/24/2023,AE,AEABRK,160225,1,PANW,"STERLING HEIGHTS-F, LLC",3FMCR9D99PRD77223,6/30/2023,24,39896.67,2023,FORD,BRONCO SPORT
7/24/2023,AE,AEABRK,160225,1,PANW,"STERLING HEIGHTS-F, LLC",3FMCR9H97PRD76758,7/14/2023,10,45438.67,2023,FORD,BRONCO SPORT
7/24/2023,AE,AEABRK,160225,1,PANW,"STERLING HEIGHTS-F, LLC",3FMTK1RM5PMA40256,6/13/2023,41,49705,2023,FORD,MUSTANG MACH-E
7/24/2023,AE,AEABRK,160225,1,PANW,"STERLING HEIGHTS-F, LLC",3FMTK1SS8PMA40079,6/21/2023,33,51840,2023,FORD,MUSTANG MACH-E
7/24/2023,AE,AEABRK,160225,1,PANW,"STERLING HEIGHTS-F, LLC",3FMTK3RM1PMA30741,6/13/2023,41,53045,2023,FORD,MUSTANG MACH-E
7/24/2023,AE,AEABRK,160225,1,PANW,"STERLING HEIGHTS-F, LLC",3FMTK3SS0PMA41111,6/21/2023,33,56540,2023,FORD,MUSTANG MACH-E
7/24/2023,AE,AEABRK,160225,1,PANW,"STERLING HEIGHTS-F, LLC",3FMTK3SSXPMA33002,5/16/2023,69,55805,2023,FORD,MUSTANG MACH-E
7/24/2023,AE,AEABRK,160225,1,PANW,"STERLING HEIGHTS-F, LLC",3FTTW8E34PRA58801,7/22/2023,2,23782.65,2023,FORD,MAVERICK
7/24/2023,AE,AEABRK,160225,1,PANW,"STERLING HEIGHTS-F, LLC",3FTTW8E35PRA55325,7/8/2023,16,26457.65,2023,FORD,MAVERICK
7/24/2023,AE,AEABRK,160225,1,PANW,"STERLING HEIGHTS-F, LLC",3FTTW8E38PRA54346,7/14/2023,10,25997.65,2023,FORD,MAVERICK
7/24/2023,AE,AEABRK,160225,1,PANW,"STERLING HEIGHTS-F, LLC",3FTTW8E38PRA57201,7/14/2023,10,26457.65,2023,FORD,MAVERICK
7/24/2023,AE,AEABRK,160225,1,PANW,"STERLING HEIGHTS-F, LLC",3FTTW8F93PRA57903,7/22/2023,2,26797.18,2023,FORD,MAVERICK
7/24/2023,AE,AEABRK,160225,1,PANW,"STERLING HEIGHTS-F, LLC",3FTTW8F99PRA44184,7/10/2023,14,32364.18,2023,FORD,MAVERICK
7/24/2023,AE,AEABRK,160225,1,PANW,"STERLING HEIGHTS-F, LLC",NM0LS7T27P1555347,7/7/2023,17,41613.65,2023,FORD,TRANSIT CONNECT
7/24/2023,CC,CCABNL,161139,2,FSLP,"TAMPA-F, LLC",1FMCU0GN3PUA62798,7/21/2023,3,29806.67,2023,FORD,ESCAPE
7/24/2023,CC,CCABNL,161139,2,FSLP,"TAMPA-F, LLC",1FMCU0MN2PUA63882,7/13/2023,11,30921.67,2023,FORD,ESCAPE
7/24/2023,CC,CCABNL,161139,2,FSLP,"TAMPA-F, LLC",1FMCU0MN4PUA38319,6/5/2023,49,30992.67,2023,FORD,ESCAPE
7/24/2023,CC,CCABNL,161139,2,FSLP,"TAMPA-F, LLC",1FMCU0MN7PUA62923,7/13/2023,11,30992.67,2023,FORD,ESCAPE
7/24/2023,CC,CCABNL,161139,2,FSLP,"TAMPA-F, LLC",1FMCU0MN9PUA62132,7/13/2023,11,33891.67,2023,FORD,ESCAPE
7/24/2023,CC,CCABNL,161139,2,FSLP,"TAMPA-F, LLC",1FMCU9GN1PUA12213,6/5/2023,49,32753.67,2023,FORD,ESCAPE
7/24/2023,CC,CCABNL,161139,2,FSLP,"TAMPA-F, LLC",1FMCU9NA0PUA67171,7/6/2023,18,37617.67,2023,FORD,ESCAPE
7/24/2023,CC,CCABNL,161139,2,FSLP,"TAMPA-F, LLC",1FMCU9NA5PUA56179,7/6/2023,18,35714.67,2023,FORD,ESCAPE
7/24/2023,CC,CCABNL,161139,2,FSLP,"TAMPA-F, LLC",1FMJK1H82PEA43522,6/9/2023,45,68389.3,2023,FORD,EXPEDITION
7/24/2023,CC,CCABNL,161139,2,FSLP,"TAMPA-F, LLC",1FMJU1H80PEA51919,6/26/2023,28,65538.75,2023,FORD,EXPEDITION
7/24/2023,CC,CCABNL,161139,2,FSLP,"TAMPA-F, LLC",1FMJU1H80PEA53637,6/29/2023,25,66878.75,2023,FORD,EXPEDITION
7/24/2023,CC,CCABNL,161139,2,FSLP,"TAMPA-F, LLC",1FMJU1H81PEA51914,6/30/2023,24,65538.75,2023,FORD,EXPEDITION
7/24/2023,CC,CCABNL,161139,2,FSLP,"TAMPA-F, LLC",1FMJU1H83PEA51915,6/21/2023,33,65538.75,2023,FORD,EXPEDITION
7/24/2023,CC,CCABNL,161139,2,FSLP,"TAMPA-F, LLC",1FMJU1H84PEA56699,6/30/2023,24,66925.75,2023,FORD,EXPEDITION
7/24/2023,CC,CCABNL,161139,2,FSLP,"TAMPA-F, LLC",1FMJU1H85PEA51916,6/26/2023,28,65538.75,2023,FORD,EXPEDITION
7/24/2023,CC,CCABNL,161139,2,FSLP,"TAMPA-F, LLC",1FMJU1H87PEA51917,6/20/2023,34,66473.75,2023,FORD,EXPEDITION
7/24/2023,CC,CCABNL,161139,2,FSLP,"TAMPA-F, LLC",1FMJU1H87PEA51920,6/19/2023,35,65538.75,2023,FORD,EXPEDITION
7/24/2023,CC,CCABNL,161139,2,FSLP,"TAMPA-F, LLC",1FMJU1H89PEA51921,6/26/2023,28,66473.75,2023,FORD,EXPEDITION
7/24/2023,CC,CCABNL,161139,2,FSLP,"TAMPA-F, LLC",1FMJU1RG8PEA43525,6/9/2023,45,80793.75,2023,FORD,EXPEDITION
7/24/2023,CC,CCABNL,161139,2,FSLP,"TAMPA-F, LLC",1FTBW1YK2PKB17127,7/7/2023,17,54495,2023,FORD,TRANSIT
7/24/2023,CC,CCABNL,161139,2,FSLP,"TAMPA-F, LLC",1FTER4EH0PLE32176,7/13/2023,11,34875.2,2023,FORD,RANGER
7/24/2023,CC,CCABNL,161139,2,FSLP,"TAMPA-F, LLC",1FTER4EH7PLE32787,7/13/2023,11,31275.2,2023,FORD,RANGER
7/24/2023,CC,CCABNL,161139,2,FSLP,"TAMPA-F, LLC",1FTER4FH3PLE32784,7/13/2023,11,35605.2,2023,FORD,RANGER
7/24/2023,CC,CCABNL,161139,2,FSLP,"TAMPA-F, LLC",1FTEW1C50PFC00188,6/30/2023,24,52654.36,2023,FORD,F-150
7/24/2023,CC,CCABNL,161139,2,FSLP,"TAMPA-F, LLC",1FTEW1C51PFC00250,6/30/2023,24,54396.36,2023,FORD,F-150
7/24/2023,CC,CCABNL,161139,2,FSLP,"TAMPA-F, LLC",1FTEW1C53PFB61984,5/31/2023,54,55865.36,2023,FORD,F-150
7/24/2023,CC,CCABNL,161139,2,FSLP,"TAMPA-F, LLC",1FTEW1C53PFB62066,5/31/2023,54,55865.36,2023,FORD,F-150
7/24/2023,CC,CCABNL,161139,2,FSLP,"TAMPA-F, LLC",1FTEW1C55PFB62120,6/26/2023,28,51825.26,2023,FORD,F-150
7/24/2023,CC,CCABNL,161139,2,FSLP,"TAMPA-F, LLC",1FTEW1C59PFC00206,7/6/2023,18,52654.36,2023,FORD,F-150
7/24/2023,CC,CCABNL,161139,2,FSLP,"TAMPA-F, LLC",1FTEW1CP0PKE27549,5/31/2023,54,45029.26,2023,FORD,F-150
7/24/2023,CC,CCABNL,161139,2,FSLP,"TAMPA-F, LLC",1FTEW1CP0PKE27969,5/31/2023,54,45029.26,2023,FORD,F-150
7/24/2023,CC,CCABNL,161139,2,FSLP,"TAMPA-F, LLC",1FTEW1CP0PKE28331,5/31/2023,54,45029.26,2023,FORD,F-150
7/24/2023,CC,CCABNL,161139,2,FSLP,"TAMPA-F, LLC",1FTEW1CP0PKE31469,5/15/2023,70,52346.26,2023,FORD,F-150
7/24/2023,CC,CCABNL,161139,2,FSLP,"TAMPA-F, LLC",1FTEW1CP1PKD54403,6/20/2023,34,45024.32,2023,FORD,F-150
7/24/2023,CC,CCABNL,161139,2,FSLP,"TAMPA-F, LLC",1FTEW1CP1PKE04488,5/16/2023,69,52341.32,2023,FORD,F-150
7/24/2023,CC,CCABNL,161139,2,FSLP,"TAMPA-F, LLC",1FTEW1CP1PKE59782,6/20/2023,34,45075.26,2023,FORD,F-150
7/24/2023,CC,CCABNL,161139,2,FSLP,"TAMPA-F, LLC",1FTEW1CP1PKE65436,6/22/2023,32,50877.26,2023,FORD,F-150
7/24/2023,CC,CCABNL,161139,2,FSLP,"TAMPA-F, LLC",1FTEW1CP2PKE32123,5/15/2023,70,45029.26,2023,FORD,F-150
7/24/2023,CC,CCABNL,161139,2,FSLP,"TAMPA-F, LLC",1FTEW1CP2PKE41999,7/6/2023,18,50985.26,2023,FORD,F-150
7/24/2023,CC,CCABNL,161139,2,FSLP,"TAMPA-F, LLC",1FTEW1CP2PKE43087,6/9/2023,45,45029.26,2023,FORD,F-150
7/24/2023,CC,CCABNL,161139,2,FSLP,"TAMPA-F, LLC",1FTEW1CP2PKE70872,7/11/2023,13,45075.26,2023,FORD,F-150
7/24/2023,CC,CCABNL,161139,2,FSLP,"TAMPA-F, LLC",1FTEW1CP3PKD17384,5/25/2023,60,44929.52,2023,FORD,F-150
7/24/2023,CC,CCABNL,161139,2,FSLP,"TAMPA-F, LLC",1FTEW1CP3PKD17790,5/26/2023,59,44929.52,2023,FORD,F-150
7/24/2023,CC,CCABNL,161139,2,FSLP,"TAMPA-F, LLC",1FTEW1CP3PKD63751,5/16/2023,69,45024.32,2023,FORD,F-150
7/24/2023,CC,CCABNL,161139,2,FSLP,"TAMPA-F, LLC",1FTEW1CP3PKE41980,6/21/2023,33,52346.26,2023,FORD,F-150
7/24/2023,CC,CCABNL,161139,2,FSLP,"TAMPA-F, LLC",1FTEW1CP4PKE31829,5/15/2023,70,52346.26,2023,FORD,F-150
7/24/2023,CC,CCABNL,161139,2,FSLP,"TAMPA-F, LLC",1FTEW1CP4PKE42975,6/7/2023,47,45029.26,2023,FORD,F-150
7/24/2023,CC,CCABNL,161139,2,FSLP,"TAMPA-F, LLC",1FTEW1CP4PKE65396,6/26/2023,28,50877.26,2023,FORD,F-150
7/24/2023,CC,CCABNL,161139,2,FSLP,"TAMPA-F, LLC",1FTEW1CP5PFC14914,7/21/2023,3,45075.26,2023,FORD,F-150
7/24/2023,CC,CCABNL,161139,2,FSLP,"TAMPA-F, LLC",1FTEW1CP5PKE31466,5/31/2023,54,45029.26,2023,FORD,F-150
7/24/2023,CC,CCABNL,161139,2,FSLP,"TAMPA-F, LLC",1FTEW1CP5PKE31824,5/31/2023,54,45029.26,2023,FORD,F-150
7/24/2023,CC,CCABNL,161139,2,FSLP,"TAMPA-F, LLC",1FTEW1CP5PKE39230,6/20/2023,34,52346.26,2023,FORD,F-150
7/24/2023,CC,CCABNL,161139,2,FSLP,"TAMPA-F, LLC",1FTEW1CP5PKE65424,6/20/2023,34,50877.26,2023,FORD,F-150
7/24/2023,CC,CCABNL,161139,2,FSLP,"TAMPA-F, LLC",1FTEW1CP5PKE70770,6/30/2023,24,45075.26,2023,FORD,F-150
7/24/2023,CC,CCABNL,161139,2,FSLP,"TAMPA-F, LLC",1FTEW1CP5PKE72325,7/21/2023,3,45075.26,2023,FORD,F-150
7/24/2023,CC,CCABNL,161139,2,FSLP,"TAMPA-F, LLC",1FTEW1CP6PKE41973,6/30/2023,24,50985.26,2023,FORD,F-150
7/24/2023,CC,CCABNL,161139,2,FSLP,"TAMPA-F, LLC",1FTEW1CP6PKE42105,5/31/2023,54,52346.26,2023,FORD,F-150
7/24/2023,CC,CCABNL,161139,2,FSLP,"TAMPA-F, LLC",1FTEW1CP6PKE65416,6/30/2023,24,50877.26,2023,FORD,F-150
7/24/2023,CC,CCABNL,161139,2,FSLP,"TAMPA-F, LLC",1FTEW1CP6PKE65447,6/21/2023,33,50877.26,2023,FORD,F-150
7/24/2023,CC,CCABNL,161139,2,FSLP,"TAMPA-F, LLC",1FTEW1CP6PKE70731,6/30/2023,24,45075.26,2023,FORD,F-150
7/24/2023,CC,CCABNL,161139,2,FSLP,"TAMPA-F, LLC",1FTEW1CP6PKE71961,6/30/2023,24,45075.26,2023,FORD,F-150
7/24/2023,CC,CCABNL,161139,2,FSLP,"TAMPA-F, LLC",1FTEW1CP7PKD54440,5/31/2023,54,45024.32,2023,FORD,F-150
7/24/2023,CC,CCABNL,161139,2,FSLP,"TAMPA-F, LLC",1FTEW1CP7PKE28536,6/21/2023,33,45029.26,2023,FORD,F-150
7/24/2023,CC,CCABNL,161139,2,FSLP,"TAMPA-F, LLC",1FTEW1CP7PKE41674,6/20/2023,34,50985.26,2023,FORD,F-150
7/24/2023,CC,CCABNL,161139,2,FSLP,"TAMPA-F, LLC",1FTEW1CP9PKE43975,6/20/2023,34,45029.26,2023,FORD,F-150
7/24/2023,CC,CCABNL,161139,2,FSLP,"TAMPA-F, LLC",1FTEW1CPXPKE27039,5/31/2023,54,45029.26,2023,FORD,F-150
7/24/2023,CC,CCABNL,161139,2,FSLP,"TAMPA-F, LLC",1FTEW1CPXPKE28451,5/31/2023,54,45029.26,2023,FORD,F-150
7/24/2023,CC,CCABNL,161139,2,FSLP,"TAMPA-F, LLC",1FTFW1E5XPFB91131,6/22/2023,32,60172.36,2023,FORD,F-150
7/24/2023,CC,CCABNL,161139,2,FSLP,"TAMPA-F, LLC",1FTFW1E8XPKE65462,6/29/2023,25,65262.36,2023,FORD,F-150
7/24/2023,CC,CCABNL,161139,2,FSLP,"TAMPA-F, LLC",1FTFW1E51NFC27205,6/30/2023,24,57743.08,2022,FORD,F-150
7/24/2023,CC,CCABNL,161139,2,FSLP,"TAMPA-F, LLC",1FTFW1E52NFC26144,6/30/2023,24,57743.08,2022,FORD,F-150
7/24/2023,CC,CCABNL,161139,2,FSLP,"TAMPA-F, LLC",1FTFW1E52PFB92421,6/30/2023,24,60172.36,2023,FORD,F-150
7/24/2023,CC,CCABNL,161139,2,FSLP,"TAMPA-F, LLC",1FTFW1E56NFB47298,6/30/2023,24,57925.36,2022,FORD,F-150
7/24/2023,CC,CCABNL,161139,2,FSLP,"TAMPA-F, LLC",1FTFW1E56PFB91689,6/20/2023,34,60172.36,2023,FORD,F-150
7/24/2023,CC,CCABNL,161139,2,FSLP,"TAMPA-F, LLC",1FTFW1E56PKE54335,7/21/2023,3,60172.36,2023,FORD,F-150
7/24/2023,CC,CCABNL,161139,2,FSLP,"TAMPA-F, LLC",1FTFW1E57PKE43201,6/7/2023,47,57990.26,2023,FORD,F-150
7/24/2023,CC,CCABNL,161139,2,FSLP,"TAMPA-F, LLC",1FTFW1E58PFB91127,6/21/2023,33,60172.36,2023,FORD,F-150
7/24/2023,CC,CCABNL,161139,2,FSLP,"TAMPA-F, LLC",1FTFW1E80PFC08206,6/30/2023,24,71973.36,2023,FORD,F-150
7/24/2023,CC,CCABNL,161139,2,FSLP,"TAMPA-F, LLC",1FTFW1E80PKE51585,6/9/2023,45,66145.26,2023,FORD,F-150
7/24/2023,CC,CCABNL,161139,2,FSLP,"TAMPA-F, LLC",1FTFW1E81PFB46668,5/25/2023,60,73284.52,2023,FORD,F-150
7/24/2023,CC,CCABNL,161139,2,FSLP,"TAMPA-F, LLC",1FTFW1E81PFB90914,6/30/2023,24,73337.36,2023,FORD,F-150
7/24/2023,CC,CCABNL,161139,2,FSLP,"TAMPA-F, LLC",1FTFW1E81PFB91500,7/13/2023,11,73337.36,2023,FORD,F-150
7/24/2023,CC,CCABNL,161139,2,FSLP,"TAMPA-F, LLC",1FTFW1E81PKE51370,6/19/2023,35,66145.26,2023,FORD,F-150
7/24/2023,CC,CCABNL,161139,2,FSLP,"TAMPA-F, LLC",1FTFW1E81PKE65477,6/30/2023,24,65262.36,2023,FORD,F-150
7/24/2023,CC,CCABNL,161139,2,FSLP,"TAMPA-F, LLC",1FTFW1E82PFC04965,7/6/2023,18,65262.36,2023,FORD,F-150
7/24/2023,CC,CCABNL,161139,2,FSLP,"TAMPA-F, LLC",1FTFW1E83PFB90963,6/30/2023,24,74061.36,2023,FORD,F-150
7/24/2023,CC,CCABNL,161139,2,FSLP,"TAMPA-F, LLC",1FTFW1E84PKE51251,6/21/2023,33,66145.26,2023,FORD,F-150
7/24/2023,CC,CCABNL,161139,2,FSLP,"TAMPA-F, LLC",1FTFW1E85PFB70701,6/26/2023,28,61996.36,2023,FORD,F-150
7/24/2023,CC,CCABNL,161139,2,FSLP,"TAMPA-F, LLC",1FTFW1E85PFB92150,7/14/2023,10,75513.36,2023,FORD,F-150
7/24/2023,CC,CCABNL,161139,2,FSLP,"TAMPA-F, LLC",1FTFW1E85PKE44339,6/19/2023,35,60536.36,2023,FORD,F-150
7/24/2023,CC,CCABNL,161139,2,FSLP,"TAMPA-F, LLC",1FTFW1E86PFB70786,6/26/2023,28,61996.36,2023,FORD,F-150
7/24/2023,CC,CCABNL,161139,2,FSLP,"TAMPA-F, LLC",1FTFW1E86PFB71050,6/30/2023,24,66145.26,2023,FORD,F-150
7/24/2023,CC,CCABNL,161139,2,FSLP,"TAMPA-F, LLC",1FTFW1E87PFB91338,6/29/2023,25,75513.36,2023,FORD,F-150
7/24/2023,CC,CCABNL,161139,2,FSLP,"TAMPA-F, LLC",1FTFW1E87PKE65435,6/20/2023,34,65262.36,2023,FORD,F-150
7/24/2023,CC,CCABNL,161139,2,FSLP,"TAMPA-F, LLC",1FTFW1E88PKE65458,6/30/2023,24,65262.36,2023,FORD,F-150
7/24/2023,CC,CCABNL,161139,2,FSLP,"TAMPA-F, LLC",1FTFW1E89PFB85184,6/30/2023,24,72697.36,2023,FORD,F-150
7/24/2023,CC,CCABNL,161139,2,FSLP,"TAMPA-F, LLC",1FTFW1ED0PFB91128,6/20/2023,34,72904.81,2023,FORD,F-150
7/24/2023,CC,CCABNL,161139,2,FSLP,"TAMPA-F, LLC",1FTFW1ED3PFB99949,6/26/2023,28,80465.81,2023,FORD,F-150
7/24/2023,CC,CCABNL,161139,2,FSLP,"TAMPA-F, LLC",1FTFW1ED6PFB53032,6/5/2023,49,75603.81,2023,FORD,F-150
7/24/2023,CC,CCABNL,161139,2,FSLP,"TAMPA-F, LLC",1FTFW1ED7PFB91479,6/20/2023,34,72382.81,2023,FORD,F-150
7/24/2023,CC,CCABNL,161139,2,FSLP,"TAMPA-F, LLC",1FTFW1ED7PFB92325,6/21/2023,33,71658.81,2023,FORD,F-150
7/24/2023,CC,CCABNL,161139,2,FSLP,"TAMPA-F, LLC",1FTFW1ED7PFB92390,6/26/2023,28,75603.81,2023,FORD,F-150
7/24/2023,CC,CCABNL,161139,2,FSLP,"TAMPA-F, LLC",1FTFW1ED7PFB92681,6/21/2023,33,71658.81,2023,FORD,F-150
7/24/2023,CC,CCABNL,161139,2,FSLP,"TAMPA-F, LLC",1FTFW1ED8PFB91460,6/19/2023,35,77391.81,2023,FORD,F-150
7/24/2023,CC,CCABNL,161139,2,FSLP,"TAMPA-F, LLC",1FTFW1ED8PFB92270,6/21/2023,33,75603.81,2023,FORD,F-150
7/24/2023,CC,CCABNL,161139,2,FSLP,"TAMPA-F, LLC",3FMCR9B60PRD62196,6/30/2023,24,33863.67,2023,FORD,BRONCO SPORT
7/24/2023,CC,CCABNL,161139,2,FSLP,"TAMPA-F, LLC",3FMCR9B60PRD62408,6/30/2023,24,35568.67,2023,FORD,BRONCO SPORT
7/24/2023,CC,CCABNL,161139,2,FSLP,"TAMPA-F, LLC",3FMCR9B61PRD63227,6/22/2023,32,35568.67,2023,FORD,BRONCO SPORT
7/24/2023,CC,CCABNL,161139,2,FSLP,"TAMPA-F, LLC",3FMCR9B61PRD72252,6/19/2023,35,33863.67,2023,FORD,BRONCO SPORT
7/24/2023,CC,CCABNL,161139,2,FSLP,"TAMPA-F, LLC",3FMCR9B62PRD72437,6/19/2023,35,33863.67,2023,FORD,BRONCO SPORT
7/24/2023,CC,CCABNL,161139,2,FSLP,"TAMPA-F, LLC",3FMCR9B62PRD85740,7/21/2023,3,35568.67,2023,FORD,BRONCO SPORT
7/24/2023,CC,CCABNL,161139,2,FSLP,"TAMPA-F, LLC",3FMCR9B64PRD63495,6/30/2023,24,33863.67,2023,FORD,BRONCO SPORT
7/24/2023,CC,CCABNL,161139,2,FSLP,"TAMPA-F, LLC",3FMCR9B64PRD69524,6/22/2023,32,33863.67,2023,FORD,BRONCO SPORT
7/24/2023,CC,CCABNL,161139,2,FSLP,"TAMPA-F, LLC",3FMCR9B64PRD73458,6/19/2023,35,33863.67,2023,FORD,BRONCO SPORT
7/24/2023,CC,CCABNL,161139,2,FSLP,"TAMPA-F, LLC",3FMCR9B65PRD67636,6/21/2023,33,35568.67,2023,FORD,BRONCO SPORT
7/24/2023,CC,CCABNL,161139,2,FSLP,"TAMPA-F, LLC",3FMCR9B69PRD68191,6/22/2023,32,33863.67,2023,FORD,BRONCO SPORT
7/24/2023,CC,CCABNL,161139,2,FSLP,"TAMPA-F, LLC",3FMTK3SU7PMA21990,6/7/2023,47,63045,2023,FORD,MUSTANG MACH-E
7/24/2023,CC,CCABNL,161139,2,FSLP,"TAMPA-F, LLC",3FMTK4SE7PMA38240,7/5/2023,19,66045,2023,FORD,MUSTANG MACH-E
7/24/2023,CC,CCABNL,161139,2,FSLP,"TAMPA-F, LLC",3FMTK4SX7PMA37753,7/5/2023,19,72045,2023,FORD,MUSTANG MACH-E
7/24/2023,CC,CCABNL,161139,2,MPG,"TAMPA-F, LLC",1FM5K8GC9PGA61519,5/17/2023,68,59500.72,2023,FORD,EXPLORER
7/24/2023,CC,CCABNL,161139,2,MPG,"TAMPA-F, LLC",1FMJK1L85PEA43523,7/21/2023,3,86586.3,2023,FORD,EXPEDITION
7/24/2023,CC,CCABNL,161139,2,MPG,"TAMPA-F, LLC",1FMJU1H80PEA08858,5/26/2023,59,66298,2023,FORD,EXPEDITION
7/24/2023,CC,CCABNL,161139,2,MPG,"TAMPA-F, LLC",1FMJU1H83PEA24116,5/5/2023,80,65123,2023,FORD,EXPEDITION
7/24/2023,CC,CCABNL,161139,2,MPG,"TAMPA-F, LLC",1FMJU1H85PEA08855,5/18/2023,67,66298,2023,FORD,EXPEDITION
7/24/2023,CC,CCABNL,161139,2,MPG,"TAMPA-F, LLC",1FMJU1H87PEA24121,5/3/2023,82,65846,2023,FORD,EXPEDITION
7/24/2023,CC,CCABNL,161139,2,MPG,"TAMPA-F, LLC",1FMJU1H87PEA53635,7/21/2023,3,67813.75,2023,FORD,EXPEDITION
7/24/2023,CC,CCABNL,161139,2,MPG,"TAMPA-F, LLC",1FMJU1K84PEA19855,7/21/2023,3,74364,2023,FORD,EXPEDITION
7/24/2023,CC,CCABNL,161139,2,MPG,"TAMPA-F, LLC",1FMJU1K89PEA19852,6/30/2023,24,74989,2023,FORD,EXPEDITION
7/24/2023,CC,CCABNL,161139,2,MPG,"TAMPA-F, LLC",1FMJU1L81PEA24123,6/2/2023,52,81266,2023,FORD,EXPEDITION
7/24/2023,CC,CCABNL,161139,2,MPG,"TAMPA-F, LLC",1FMJU1M89PEA17631,5/18/2023,67,83964,2023,FORD,EXPEDITION
7/24/2023,CC,CCABNL,161139,2,MPG,"TAMPA-F, LLC",1FMSK7DH1PGB00701,7/10/2023,14,43549.69,2023,FORD,EXPLORER
7/24/2023,CC,CCABNL,161139,2,MPG,"TAMPA-F, LLC",1FMSK7DH5PGA89640,4/17/2023,98,46027.08,2023,FORD,EXPLORER
7/24/2023,CC,CCABNL,161139,2,MPG,"TAMPA-F, LLC",1FMSK7DH5PGA94563,6/20/2023,34,41864.08,2023,FORD,EXPLORER
7/24/2023,CC,CCABNL,161139,2,MPG,"TAMPA-F, LLC",1FMSK7DH5PGA95132,6/28/2023,26,45090.69,2023,FORD,EXPLORER
7/24/2023,CC,CCABNL,161139,2,MPG,"TAMPA-F, LLC",1FMSK7FH0PGA88456,5/25/2023,60,51273.08,2023,FORD,EXPLORER
7/24/2023,CC,CCABNL,161139,2,MPG,"TAMPA-F, LLC",1FMSK7FH9PGA92537,5/16/2023,69,50338.08,2023,FORD,EXPLORER
7/24/2023,CC,CCABNL,161139,2,MPG,"TAMPA-F, LLC",1FMSK7KH1PGA92375,5/23/2023,62,47680.08,2023,FORD,EXPLORER
7/24/2023,CC,CCABNL,161139,2,MPG,"TAMPA-F, LLC",1FMSK7KH2PGA51382,4/18/2023,97,47680.08,2023,FORD,EXPLORER
7/24/2023,CC,CCABNL,161139,2,MPG,"TAMPA-F, LLC",1FMSK7KH3PGA95827,5/18/2023,67,47680.08,2023,FORD,EXPLORER
7/24/2023,CC,CCABNL,161139,2,MPG,"TAMPA-F, LLC",1FMSK7KH4PGA52467,5/15/2023,70,47398.08,2023,FORD,EXPLORER
7/24/2023,CC,CCABNL,161139,2,MPG,"TAMPA-F, LLC",1FMSK7KH7PGA48994,5/15/2023,70,46933.08,2023,FORD,EXPLORER
7/24/2023,CC,CCABNL,161139,2,MPG,"TAMPA-F, LLC",1FMSK7KH7PGB00902,4/28/2023,87,47398.08,2023,FORD,EXPLORER
7/24/2023,CC,CCABNL,161139,2,MPG,"TAMPA-F, LLC",1FMSK7KH8PGA96021,5/18/2023,67,46933.08,2023,FORD,EXPLORER
7/24/2023,CC,CCABNL,161139,2,MPG,"TAMPA-F, LLC",1FMSK7KH8PGA98514,5/23/2023,62,46933.08,2023,FORD,EXPLORER
7/24/2023,CC,CCABNL,161139,2,MPG,"TAMPA-F, LLC",1FMSK7KH8PGA98660,5/23/2023,62,46933.08,2023,FORD,EXPLORER
7/24/2023,CC,CCABNL,161139,2,MPG,"TAMPA-F, LLC",1FMSK7KH9PGA96240,5/19/2023,66,46933.08,2023,FORD,EXPLORER
7/24/2023,CC,CCABNL,161139,2,MPG,"TAMPA-F, LLC",1FMSK8JH9PGA97783,5/16/2023,69,48624.08,2023,FORD,EXPLORER
7/24/2023,CC,CCABNL,161139,2,MPG,"TAMPA-F, LLC",1FTER4EH0PLE02756,6/22/2023,32,37690.4,2023,FORD,RANGER
7/24/2023,CC,CCABNL,161139,2,MPG,"TAMPA-F, LLC",1FTEW1C5XPFA28154,4/26/2023,89,55925.72,2023,FORD,F-150
7/24/2023,CC,CCABNL,161139,2,MPG,"TAMPA-F, LLC",1FTEW1C5XPFA78777,6/28/2023,26,55871.72,2023,FORD,F-150
7/24/2023,CC,CCABNL,161139,2,MPG,"TAMPA-F, LLC",1FTEW1C5XPFB01054,5/5/2023,80,55858.52,2023,FORD,F-150
7/24/2023,CC,CCABNL,161139,2,MPG,"TAMPA-F, LLC",1FTEW1C5XPKD26954,3/15/2023,131,55925.72,2023,FORD,F-150
7/24/2023,CC,CCABNL,161139,2,MPG,"TAMPA-F, LLC",1FTEW1C50PFA78836,4/21/2023,94,53969.72,2023,FORD,F-150
7/24/2023,CC,CCABNL,161139,2,MPG,"TAMPA-F, LLC",1FTEW1C51PFA29077,4/21/2023,94,55925.72,2023,FORD,F-150
7/24/2023,CC,CCABNL,161139,2,MPG,"TAMPA-F, LLC",1FTEW1C51PFA29368,3/30/2023,116,55925.72,2023,FORD,F-150
7/24/2023,CC,CCABNL,161139,2,MPG,"TAMPA-F, LLC",1FTEW1C51PFA29631,4/29/2023,86,55925.72,2023,FORD,F-150
7/24/2023,CC,CCABNL,161139,2,MPG,"TAMPA-F, LLC",1FTEW1C51PFA29998,4/21/2023,94,55925.72,2023,FORD,F-150
7/24/2023,CC,CCABNL,161139,2,MPG,"TAMPA-F, LLC",1FTEW1C52PFB61927,6/28/2023,26,55865.36,2023,FORD,F-150
7/24/2023,CC,CCABNL,161139,2,MPG,"TAMPA-F, LLC",1FTEW1C53PFA29727,4/14/2023,101,55925.72,2023,FORD,F-150
7/24/2023,CC,CCABNL,161139,2,MPG,"TAMPA-F, LLC",1FTEW1C53PFB61905,6/20/2023,34,53683.26,2023,FORD,F-150
7/24/2023,CC,CCABNL,161139,2,MPG,"TAMPA-F, LLC",1FTEW1C54PFA27758,1/26/2023,179,55925.72,2023,FORD,F-150
7/24/2023,CC,CCABNL,161139,2,MPG,"TAMPA-F, LLC",1FTEW1C54PFA28716,4/14/2023,101,55925.72,2023,FORD,F-150
7/24/2023,CC,CCABNL,161139,2,MPG,"TAMPA-F, LLC",1FTEW1C54PFA29011,4/26/2023,89,55925.72,2023,FORD,F-150
7/24/2023,CC,CCABNL,161139,2,MPG,"TAMPA-F, LLC",1FTEW1C54PFA29297,4/21/2023,94,55925.72,2023,FORD,F-150
7/24/2023,CC,CCABNL,161139,2,MPG,"TAMPA-F, LLC",1FTEW1C58PKD24457,4/11/2023,104,55925.72,2023,FORD,F-150
7/24/2023,CC,CCABNL,161139,2,MPG,"TAMPA-F, LLC",1FTEW1C59PFA78317,4/17/2023,98,55871.72,2023,FORD,F-150
7/24/2023,CC,CCABNL,161139,2,MPG,"TAMPA-F, LLC",1FTEW1CP0PKD17102,2/14/2023,160,52246.52,2023,FORD,F-150
7/24/2023,CC,CCABNL,161139,2,MPG,"TAMPA-F, LLC",1FTEW1CP0PKD61343,6/9/2023,45,45024.32,2023,FORD,F-150
7/24/2023,CC,CCABNL,161139,2,MPG,"TAMPA-F, LLC",1FTEW1CP0PKD61455,5/15/2023,70,45024.32,2023,FORD,F-150
7/24/2023,CC,CCABNL,161139,2,MPG,"TAMPA-F, LLC",1FTEW1CP0PKE04885,5/25/2023,60,52341.32,2023,FORD,F-150
7/24/2023,CC,CCABNL,161139,2,MPG,"TAMPA-F, LLC",1FTEW1CP0PKE28426,6/12/2023,42,45029.26,2023,FORD,F-150
7/24/2023,CC,CCABNL,161139,2,MPG,"TAMPA-F, LLC",1FTEW1CP0PKE28457,6/13/2023,41,45029.26,2023,FORD,F-150
7/24/2023,CC,CCABNL,161139,2,MPG,"TAMPA-F, LLC",1FTEW1CP0PKE32217,6/7/2023,47,45029.26,2023,FORD,F-150
7/24/2023,CC,CCABNL,161139,2,MPG,"TAMPA-F, LLC",1FTEW1CP0PKE38955,7/21/2023,3,52346.26,2023,FORD,F-150
7/24/2023,CC,CCABNL,161139,2,MPG,"TAMPA-F, LLC",1FTEW1CP1PKD21692,6/26/2023,28,44929.52,2023,FORD,F-150
7/24/2023,CC,CCABNL,161139,2,MPG,"TAMPA-F, LLC",1FTEW1CP1PKD21871,6/21/2023,33,44929.52,2023,FORD,F-150
7/24/2023,CC,CCABNL,161139,2,MPG,"TAMPA-F, LLC",1FTEW1CP1PKD52263,4/26/2023,89,52187.32,2023,FORD,F-150
7/24/2023,CC,CCABNL,161139,2,MPG,"TAMPA-F, LLC",1FTEW1CP1PKD60623,5/19/2023,66,45024.32,2023,FORD,F-150
7/24/2023,CC,CCABNL,161139,2,MPG,"TAMPA-F, LLC",1FTEW1CP1PKD63098,5/9/2023,76,45024.32,2023,FORD,F-150
7/24/2023,CC,CCABNL,161139,2,MPG,"TAMPA-F, LLC",1FTEW1CP1PKE03891,5/30/2023,55,52341.32,2023,FORD,F-150
7/24/2023,CC,CCABNL,161139,2,MPG,"TAMPA-F, LLC",1FTEW1CP1PKE27043,7/5/2023,19,45029.26,2023,FORD,F-150
7/24/2023,CC,CCABNL,161139,2,MPG,"TAMPA-F, LLC",1FTEW1CP1PKE27639,7/10/2023,14,45029.26,2023,FORD,F-150
7/24/2023,CC,CCABNL,161139,2,MPG,"TAMPA-F, LLC",1FTEW1CP1PKE28158,7/10/2023,14,45029.26,2023,FORD,F-150
7/24/2023,CC,CCABNL,161139,2,MPG,"TAMPA-F, LLC",1FTEW1CP1PKE31299,7/11/2023,13,45029.26,2023,FORD,F-150
7/24/2023,CC,CCABNL,161139,2,MPG,"TAMPA-F, LLC",1FTEW1CP1PKE31447,6/27/2023,27,50488.26,2023,FORD,F-150
7/24/2023,CC,CCABNL,161139,2,MPG,"TAMPA-F, LLC",1FTEW1CP2PKD16548,6/29/2023,25,44929.52,2023,FORD,F-150
7/24/2023,CC,CCABNL,161139,2,MPG,"TAMPA-F, LLC",1FTEW1CP2PKD17294,4/21/2023,94,52246.52,2023,FORD,F-150
7/24/2023,CC,CCABNL,161139,2,MPG,"TAMPA-F, LLC",1FTEW1CP2PKD62106,5/30/2023,55,45024.32,2023,FORD,F-150
7/24/2023,CC,CCABNL,161139,2,MPG,"TAMPA-F, LLC",1FTEW1CP2PKD63787,5/18/2023,67,45024.32,2023,FORD,F-150
7/24/2023,CC,CCABNL,161139,2,MPG,"TAMPA-F, LLC",1FTEW1CP2PKE26709,7/11/2023,13,45029.26,2023,FORD,F-150
7/24/2023,CC,CCABNL,161139,2,MPG,"TAMPA-F, LLC",1FTEW1CP2PKE27391,6/20/2023,34,45029.26,2023,FORD,F-150
7/24/2023,CC,CCABNL,161139,2,MPG,"TAMPA-F, LLC",1FTEW1CP2PKE27407,6/30/2023,24,45029.26,2023,FORD,F-150
7/24/2023,CC,CCABNL,161139,2,MPG,"TAMPA-F, LLC",1FTEW1CP2PKE27813,6/30/2023,24,45029.26,2023,FORD,F-150
7/24/2023,CC,CCABNL,161139,2,MPG,"TAMPA-F, LLC",1FTEW1CP2PKE28556,7/10/2023,14,45029.26,2023,FORD,F-150
7/24/2023,CC,CCABNL,161139,2,MPG,"TAMPA-F, LLC",1FTEW1CP2PKE41680,6/30/2023,24,50985.26,2023,FORD,F-150
7/24/2023,CC,CCABNL,161139,2,MPG,"TAMPA-F, LLC",1FTEW1CP2PKE43543,7/11/2023,13,45029.26,2023,FORD,F-150
7/24/2023,CC,CCABNL,161139,2,MPG,"TAMPA-F, LLC",1FTEW1CP3PKD63149,5/1/2023,84,45024.32,2023,FORD,F-150
7/24/2023,CC,CCABNL,161139,2,MPG,"TAMPA-F, LLC",1FTEW1CP3PKE27545,6/30/2023,24,45029.26,2023,FORD,F-150
7/24/2023,CC,CCABNL,161139,2,MPG,"TAMPA-F, LLC",1FTEW1CP3PKE27559,7/10/2023,14,45029.26,2023,FORD,F-150
7/24/2023,CC,CCABNL,161139,2,MPG,"TAMPA-F, LLC",1FTEW1CP3PKE28601,7/6/2023,18,45029.26,2023,FORD,F-150
7/24/2023,CC,CCABNL,161139,2,MPG,"TAMPA-F, LLC",1FTEW1CP4PKD17197,7/10/2023,14,44929.52,2023,FORD,F-150
7/24/2023,CC,CCABNL,161139,2,MPG,"TAMPA-F, LLC",1FTEW1CP4PKD17507,1/18/2023,187,52246.52,2023,FORD,F-150
7/24/2023,CC,CCABNL,161139,2,MPG,"TAMPA-F, LLC",1FTEW1CP4PKD51401,4/20/2023,95,52614.32,2023,FORD,F-150
7/24/2023,CC,CCABNL,161139,2,MPG,"TAMPA-F, LLC",1FTEW1CP4PKD54377,7/21/2023,3,45024.32,2023,FORD,F-150
7/24/2023,CC,CCABNL,161139,2,MPG,"TAMPA-F, LLC",1FTEW1CP4PKD62561,7/10/2023,14,45024.32,2023,FORD,F-150
7/24/2023,CC,CCABNL,161139,2,MPG,"TAMPA-F, LLC",1FTEW1CP4PKD63757,6/21/2023,33,45024.32,2023,FORD,F-150
7/24/2023,CC,CCABNL,161139,2,MPG,"TAMPA-F, LLC",1FTEW1CP4PKE04288,6/26/2023,28,52341.32,2023,FORD,F-150
7/24/2023,CC,CCABNL,161139,2,MPG,"TAMPA-F, LLC",1FTEW1CP4PKE04890,6/7/2023,47,52341.32,2023,FORD,F-150
7/24/2023,CC,CCABNL,161139,2,MPG,"TAMPA-F, LLC",1FTEW1CP4PKE28039,7/15/2023,9,45029.26,2023,FORD,F-150
7/24/2023,CC,CCABNL,161139,2,MPG,"TAMPA-F, LLC",1FTEW1CP4PKE28087,6/16/2023,38,45029.26,2023,FORD,F-150
7/24/2023,CC,CCABNL,161139,2,MPG,"TAMPA-F, LLC",1FTEW1CP4PKE31281,6/30/2023,24,45029.26,2023,FORD,F-150
7/24/2023,CC,CCABNL,161139,2,MPG,"TAMPA-F, LLC",1FTEW1CP4PKE31815,7/10/2023,14,45029.26,2023,FORD,F-150
7/24/2023,CC,CCABNL,161139,2,MPG,"TAMPA-F, LLC",1FTEW1CP4PKE41860,7/10/2023,14,52346.26,2023,FORD,F-150
7/24/2023,CC,CCABNL,161139,2,MPG,"TAMPA-F, LLC",1FTEW1CP5PKD32243,7/10/2023,14,44929.52,2023,FORD,F-150
7/24/2023,CC,CCABNL,161139,2,MPG,"TAMPA-F, LLC",1FTEW1CP5PKD61841,4/20/2023,95,52341.32,2023,FORD,F-150
7/24/2023,CC,CCABNL,161139,2,MPG,"TAMPA-F, LLC",1FTEW1CP5PKD64013,5/29/2023,56,45024.32,2023,FORD,F-150
7/24/2023,CC,CCABNL,161139,2,MPG,"TAMPA-F, LLC",1FTEW1CP5PKE26557,6/16/2023,38,45029.26,2023,FORD,F-150
7/24/2023,CC,CCABNL,161139,2,MPG,"TAMPA-F, LLC",1FTEW1CP5PKE26705,7/10/2023,14,45029.26,2023,FORD,F-150
7/24/2023,CC,CCABNL,161139,2,MPG,"TAMPA-F, LLC",1FTEW1CP5PKE41866,7/15/2023,9,52346.26,2023,FORD,F-150
7/24/2023,CC,CCABNL,161139,2,MPG,"TAMPA-F, LLC",1FTEW1CP5PKE41978,7/10/2023,14,50985.26,2023,FORD,F-150
7/24/2023,CC,CCABNL,161139,2,MPG,"TAMPA-F, LLC",1FTEW1CP6PKD21154,7/10/2023,14,44929.52,2023,FORD,F-150
7/24/2023,CC,CCABNL,161139,2,MPG,"TAMPA-F, LLC",1FTEW1CP6PKD60813,4/14/2023,101,52341.32,2023,FORD,F-150
7/24/2023,CC,CCABNL,161139,2,MPG,"TAMPA-F, LLC",1FTEW1CP6PKE04129,5/25/2023,60,52341.32,2023,FORD,F-150
7/24/2023,CC,CCABNL,161139,2,MPG,"TAMPA-F, LLC",1FTEW1CP6PKE28043,7/5/2023,19,45029.26,2023,FORD,F-150
7/24/2023,CC,CCABNL,161139,2,MPG,"TAMPA-F, LLC",1FTEW1CP6PKE31914,6/27/2023,27,45029.26,2023,FORD,F-150
7/24/2023,CC,CCABNL,161139,2,MPG,"TAMPA-F, LLC",1FTEW1CP7PKD20983,4/11/2023,104,44929.52,2023,FORD,F-150
7/24/2023,CC,CCABNL,161139,2,MPG,"TAMPA-F, LLC",1FTEW1CP7PKD56978,7/15/2023,9,45024.32,2023,FORD,F-150
7/24/2023,CC,CCABNL,161139,2,MPG,"TAMPA-F, LLC",1FTEW1CP7PKD61775,6/23/2023,31,45024.32,2023,FORD,F-150
7/24/2023,CC,CCABNL,161139,2,MPG,"TAMPA-F, LLC",1FTEW1CP7PKE31307,6/30/2023,24,45029.26,2023,FORD,F-150
7/24/2023,CC,CCABNL,161139,2,MPG,"TAMPA-F, LLC",1FTEW1CP7PKE32103,6/13/2023,41,45029.26,2023,FORD,F-150
7/24/2023,CC,CCABNL,161139,2,MPG,"TAMPA-F, LLC",1FTEW1CP7PKE42033,7/15/2023,9,50985.26,2023,FORD,F-150
7/24/2023,CC,CCABNL,161139,2,MPG,"TAMPA-F, LLC",1FTEW1CP8PKD17767,7/10/2023,14,44929.52,2023,FORD,F-150
7/24/2023,CC,CCABNL,161139,2,MPG,"TAMPA-F, LLC",1FTEW1CP8PKD18899,4/14/2023,101,52246.52,2023,FORD,F-150
7/24/2023,CC,CCABNL,161139,2,MPG,"TAMPA-F, LLC",1FTEW1CP8PKD24461,4/14/2023,101,44929.52,2023,FORD,F-150
7/24/2023,CC,CCABNL,161139,2,MPG,"TAMPA-F, LLC",1FTEW1CP8PKD30275,4/11/2023,104,52246.52,2023,FORD,F-150
7/24/2023,CC,CCABNL,161139,2,MPG,"TAMPA-F, LLC",1FTEW1CP8PKD55127,6/30/2023,24,45024.32,2023,FORD,F-150
7/24/2023,CC,CCABNL,161139,2,MPG,"TAMPA-F, LLC",1FTEW1CP8PKD61283,5/5/2023,80,45024.32,2023,FORD,F-150
7/24/2023,CC,CCABNL,161139,2,MPG,"TAMPA-F, LLC",1FTEW1CP8PKE04410,6/5/2023,49,52341.32,2023,FORD,F-150
7/24/2023,CC,CCABNL,161139,2,MPG,"TAMPA-F, LLC",1FTEW1CP8PKE31462,6/30/2023,24,45029.26,2023,FORD,F-150
7/24/2023,CC,CCABNL,161139,2,MPG,"TAMPA-F, LLC",1FTEW1CP8PKE41747,7/15/2023,9,52346.26,2023,FORD,F-150
7/24/2023,CC,CCABNL,161139,2,MPG,"TAMPA-F, LLC",1FTEW1CP9PKD16465,3/2/2023,144,52246.52,2023,FORD,F-150
7/24/2023,CC,CCABNL,161139,2,MPG,"TAMPA-F, LLC",1FTEW1CP9PKD60241,4/17/2023,98,52341.32,2023,FORD,F-150
7/24/2023,CC,CCABNL,161139,2,MPG,"TAMPA-F, LLC",1FTEW1CP9PKD61602,5/31/2023,54,45024.32,2023,FORD,F-150
7/24/2023,CC,CCABNL,161139,2,MPG,"TAMPA-F, LLC",1FTEW1CP9PKD61650,4/28/2023,87,52341.32,2023,FORD,F-150
7/24/2023,CC,CCABNL,161139,2,MPG,"TAMPA-F, LLC",1FTEW1CP9PKD61857,6/13/2023,41,45024.32,2023,FORD,F-150
7/24/2023,CC,CCABNL,161139,2,MPG,"TAMPA-F, LLC",1FTEW1CP9PKD62281,5/31/2023,54,45024.32,2023,FORD,F-150
7/24/2023,CC,CCABNL,161139,2,MPG,"TAMPA-F, LLC",1FTEW1CP9PKD63690,5/25/2023,60,45024.32,2023,FORD,F-150
7/24/2023,CC,CCABNL,161139,2,MPG,"TAMPA-F, LLC",1FTEW1CP9PKD64287,5/5/2023,80,45024.32,2023,FORD,F-150
7/24/2023,CC,CCABNL,161139,2,MPG,"TAMPA-F, LLC",1FTEW1CP9PKE27016,6/8/2023,46,45029.26,2023,FORD,F-150
7/24/2023,CC,CCABNL,161139,2,MPG,"TAMPA-F, LLC",1FTEW1CP9PKE27033,7/10/2023,14,45029.26,2023,FORD,F-150
7/24/2023,CC,CCABNL,161139,2,MPG,"TAMPA-F, LLC",1FTEW1CP9PKE27811,6/16/2023,38,45029.26,2023,FORD,F-150
7/24/2023,CC,CCABNL,161139,2,MPG,"TAMPA-F, LLC",1FTEW1CP9PKE31681,7/10/2023,14,45029.26,2023,FORD,F-150
7/24/2023,CC,CCABNL,161139,2,MPG,"TAMPA-F, LLC",1FTEW1CP9PKE32006,6/23/2023,31,52346.26,2023,FORD,F-150
7/24/2023,CC,CCABNL,161139,2,MPG,"TAMPA-F, LLC",1FTEW1CP9PKE41997,7/10/2023,14,52346.26,2023,FORD,F-150
7/24/2023,CC,CCABNL,161139,2,MPG,"TAMPA-F, LLC",1FTEW1CPXPKD62337,4/17/2023,98,52341.32,2023,FORD,F-150
7/24/2023,CC,CCABNL,161139,2,MPG,"TAMPA-F, LLC",1FTEW1CPXPKE29650,7/10/2023,14,52346.26,2023,FORD,F-150
7/24/2023,CC,CCABNL,161139,2,MPG,"TAMPA-F, LLC",1FTEW1CPXPKE31575,6/30/2023,24,45029.26,2023,FORD,F-150
7/24/2023,CC,CCABNL,161139,2,MPG,"TAMPA-F, LLC",1FTEW1CPXPKE31687,6/30/2023,24,45029.26,2023,FORD,F-150
7/24/2023,CC,CCABNL,161139,2,MPG,"TAMPA-F, LLC",1FTEW1CPXPKE32029,7/10/2023,14,50488.26,2023,FORD,F-150
7/24/2023,CC,CCABNL,161139,2,MPG,"TAMPA-F, LLC",1FTEW1CPXPKE32158,6/21/2023,33,50488.26,2023,FORD,F-150
7/24/2023,CC,CCABNL,161139,2,MPG,"TAMPA-F, LLC",1FTEW1CPXPKE32306,6/16/2023,38,45029.26,2023,FORD,F-150
7/24/2023,CC,CCABNL,161139,2,MPG,"TAMPA-F, LLC",1FTFW1E8XPFB28461,6/5/2023,49,73284.52,2023,FORD,F-150
7/24/2023,CC,CCABNL,161139,2,MPG,"TAMPA-F, LLC",1FTFW1E8XPFB47804,6/1/2023,53,69744.52,2023,FORD,F-150
7/24/2023,CC,CCABNL,161139,2,MPG,"TAMPA-F, LLC",1FTFW1E8XPKD21121,6/30/2023,24,71172.72,2023,FORD,F-150
7/24/2023,CC,CCABNL,161139,2,MPG,"TAMPA-F, LLC",1FTFW1E52PKE27018,7/10/2023,14,50070.26,2023,FORD,F-150
7/24/2023,CC,CCABNL,161139,2,MPG,"TAMPA-F, LLC",1FTFW1E56PFB47613,7/10/2023,14,68964.36,2023,FORD,F-150
7/24/2023,CC,CCABNL,161139,2,MPG,"TAMPA-F, LLC",1FTFW1E80PFA42527,7/10/2023,14,72080.52,2023,FORD,F-150
7/24/2023,CC,CCABNL,161139,2,MPG,"TAMPA-F, LLC",1FTFW1E80PFB54213,6/8/2023,46,66818.32,2023,FORD,F-150
7/24/2023,CC,CCABNL,161139,2,MPG,"TAMPA-F, LLC",1FTFW1E81PFB47156,6/1/2023,53,70468.52,2023,FORD,F-150
7/24/2023,CC,CCABNL,161139,2,MPG,"TAMPA-F, LLC",1FTFW1E81PKE16036,6/6/2023,48,69744.52,2023,FORD,F-150
7/24/2023,CC,CCABNL,161139,2,MPG,"TAMPA-F, LLC",1FTFW1E82PFB42399,6/30/2023,24,73284.52,2023,FORD,F-150
7/24/2023,CC,CCABNL,161139,2,MPG,"TAMPA-F, LLC",1FTFW1E84PFB47605,6/28/2023,26,70468.52,2023,FORD,F-150
7/24/2023,CC,CCABNL,161139,2,MPG,"TAMPA-F, LLC",1FTFW1E84PFB54344,6/6/2023,48,66094.32,2023,FORD,F-150
7/24/2023,CC,CCABNL,161139,2,MPG,"TAMPA-F, LLC",1FTFW1E84PKD21423,7/15/2023,9,69811.72,2023,FORD,F-150
7/24/2023,CC,CCABNL,161139,2,MPG,"TAMPA-F, LLC",1FTFW1E84PKE16127,6/27/2023,27,69744.52,2023,FORD,F-150
7/24/2023,CC,CCABNL,161139,2,MPG,"TAMPA-F, LLC",1FTFW1E84PKE16340,6/1/2023,53,69744.52,2023,FORD,F-150
7/24/2023,CC,CCABNL,161139,2,MPG,"TAMPA-F, LLC",1FTFW1E85PFB42056,6/19/2023,35,74008.52,2023,FORD,F-150
7/24/2023,CC,CCABNL,161139,2,MPG,"TAMPA-F, LLC",1FTFW1E85PFB42400,6/8/2023,46,73284.52,2023,FORD,F-150
7/24/2023,CC,CCABNL,161139,2,MPG,"TAMPA-F, LLC",1FTFW1E85PFB46785,6/1/2023,53,73284.52,2023,FORD,F-150
7/24/2023,CC,CCABNL,161139,2,MPG,"TAMPA-F, LLC",1FTFW1E85PFB47581,5/29/2023,56,70195.52,2023,FORD,F-150
7/24/2023,CC,CCABNL,161139,2,MPG,"TAMPA-F, LLC",1FTFW1E86PFB47489,6/29/2023,25,71920.52,2023,FORD,F-150
7/24/2023,CC,CCABNL,161139,2,MPG,"TAMPA-F, LLC",1FTFW1E87PFA28723,3/31/2023,115,66159.52,2023,FORD,F-150
7/24/2023,CC,CCABNL,161139,2,MPG,"TAMPA-F, LLC",1FTFW1E87PFB28563,6/30/2023,24,74008.52,2023,FORD,F-150
7/24/2023,CC,CCABNL,161139,2,MPG,"TAMPA-F, LLC",1FTFW1E87PFB47078,5/31/2023,54,70468.52,2023,FORD,F-150
7/24/2023,CC,CCABNL,161139,2,MPG,"TAMPA-F, LLC",1FTFW1E87PFB47288,6/16/2023,38,71920.52,2023,FORD,F-150
7/24/2023,CC,CCABNL,161139,2,MPG,"TAMPA-F, LLC",1FTFW1E87PFB54774,6/8/2023,46,66094.32,2023,FORD,F-150
7/24/2023,CC,CCABNL,161139,2,MPG,"TAMPA-F, LLC",1FTFW1E88PFA42890,6/30/2023,24,72087.72,2023,FORD,F-150
7/24/2023,CC,CCABNL,161139,2,MPG,"TAMPA-F, LLC",1FTFW1E88PKE51124,7/20/2023,4,66145.26,2023,FORD,F-150
7/24/2023,CC,CCABNL,161139,2,MPG,"TAMPA-F, LLC",1FTFW1E89PFB47180,6/30/2023,24,71920.52,2023,FORD,F-150
7/24/2023,CC,CCABNL,161139,2,MPG,"TAMPA-F, LLC",1FTFW1E89PKE16477,6/29/2023,25,69744.52,2023,FORD,F-150
7/24/2023,CC,CCABNL,161139,2,MPG,"TAMPA-F, LLC",1FTFW1ED1PFB09939,5/29/2023,56,76321.92,2023,FORD,F-150
7/24/2023,CC,CCABNL,161139,2,MPG,"TAMPA-F, LLC",1FTFW1ED6PFB51927,6/29/2023,25,75597.92,2023,FORD,F-150
7/24/2023,CC,CCABNL,161139,2,NEW,"TAMPA-F, LLC",1FA6P8CF0P5300208,4/24/2023,91,54413.64,2023,FORD,MUSTANG
7/24/2023,CC,CCABNL,161139,2,NEW,"TAMPA-F, LLC",1FA6P8CF3P5300221,4/24/2023,91,54878.64,2023,FORD,MUSTANG
7/24/2023,CC,CCABNL,161139,2,NEW,"TAMPA-F, LLC",1FA6P8CF4P5300163,4/24/2023,91,54413.64,2023,FORD,MUSTANG
7/24/2023,CC,CCABNL,161139,2,NEW,"TAMPA-F, LLC",1FA6P8CF7P5307320,7/4/2023,20,47006.12,2023,FORD,MUSTANG
7/24/2023,CC,CCABNL,161139,2,NEW,"TAMPA-F, LLC",1FDUF5GN1NDA23412,3/9/2023,137,50621.16,2022,FORD,F-550
7/24/2023,CC,CCABNL,161139,2,NEW,"TAMPA-F, LLC",1FDWE3FK7PDD36040,3/1/2023,145,37024.12,2023,FORD,E-350
7/24/2023,CC,CCABNL,161139,2,NEW,"TAMPA-F, LLC",1FDWE3FN2RDD00916,6/6/2023,48,38612.8,2024,FORD,E-350
7/24/2023,CC,CCABNL,161139,2,NEW,"TAMPA-F, LLC",1FMJU1L87PEA35708,7/22/2023,2,83803.75,2023,FORD,EXPEDITION
7/24/2023,CC,CCABNL,161139,2,NEW,"TAMPA-F, LLC",1FT8X2BM8PEC40436,7/11/2023,13,74678.91,2023,FORD,F-250
7/24/2023,CC,CCABNL,161139,2,NEW,"TAMPA-F, LLC",1FTBF2A6XNEG45271,3/25/2023,121,42218.16,2022,FORD,F-250
7/24/2023,CC,CCABNL,161139,2,NEW,"TAMPA-F, LLC",1FTBF2A61NEG45272,3/20/2023,126,42218.16,2022,FORD,F-250
7/24/2023,CC,CCABNL,161139,2,NEW,"TAMPA-F, LLC",1FTEW1C52PFA30254,4/21/2023,94,55925.72,2023,FORD,F-150
7/24/2023,CC,CCABNL,161139,2,NEW,"TAMPA-F, LLC",1FTEW1CP5PKD19749,4/21/2023,94,52246.52,2023,FORD,F-150
7/24/2023,CC,CCABNL,161139,2,NEW,"TAMPA-F, LLC",1FTEW1CP5PKD22053,4/21/2023,94,52246.52,2023,FORD,F-150
7/24/2023,CC,CCABNL,161139,2,NEW,"TAMPA-F, LLC",1FTEW1CP7PKD18232,4/21/2023,94,52246.52,2023,FORD,F-150
7/24/2023,CC,CCABNL,161139,2,NEW,"TAMPA-F, LLC",1FTEW1E84PFB28726,7/22/2023,2,68584.52,2023,FORD,F-150
7/24/2023,CC,CCABNL,161139,2,NEW,"TAMPA-F, LLC",1FTFW1E5XPFA18239,4/24/2023,91,61599.28,2023,FORD,F-150
7/24/2023,CC,CCABNL,161139,2,NEW,"TAMPA-F, LLC",1FTFW1E5XPKD11615,4/24/2023,91,61394.28,2023,FORD,F-150
7/24/2023,CC,CCABNL,161139,2,NEW,"TAMPA-F, LLC",1FTFW1E50PFB01372,5/28/2023,57,67021.52,2023,FORD,F-150
7/24/2023,CC,CCABNL,161139,2,NEW,"TAMPA-F, LLC",1FTFW1E50PKD00414,4/24/2023,91,61394.28,2023,FORD,F-150
7/24/2023,CC,CCABNL,161139,2,NEW,"TAMPA-F, LLC",1FTFW1E52PFA18686,4/24/2023,91,61599.28,2023,FORD,F-150
7/24/2023,CC,CCABNL,161139,2,NEW,"TAMPA-F, LLC",1FTFW1E54PKD25901,4/23/2023,92,50070.52,2023,FORD,F-150
7/24/2023,CC,CCABNL,161139,2,NEW,"TAMPA-F, LLC",1FTFW1E57PFA18683,4/24/2023,91,61599.28,2023,FORD,F-150
7/24/2023,CC,CCABNL,161139,2,NEW,"TAMPA-F, LLC",1FTFW1E86PFB44771,7/19/2023,5,70269.32,2023,FORD,F-150
7/24/2023,CC,CCABNL,161139,2,NEW,"TAMPA-F, LLC",1FTFW1EDXPFA42659,5/8/2023,77,80526.12,2023,FORD,F-150
7/24/2023,CC,CCABNL,161139,2,PANW,"TAMPA-F, LLC",1FD8X3EN1PEC79052,6/26/2023,28,47978.08,2023,FORD,F-350
7/24/2023,CC,CCABNL,161139,2,PANW,"TAMPA-F, LLC",1FD8X3EN3PEC79053,6/21/2023,33,48928.08,2023,FORD,F-350
7/24/2023,CC,CCABNL,161139,2,PANW,"TAMPA-F, LLC",1FMCU0GN3PUA62865,7/13/2023,11,29806.67,2023,FORD,ESCAPE
7/24/2023,CC,CCABNL,161139,2,PANW,"TAMPA-F, LLC",1FMCU0GN3PUA69086,7/20/2023,4,29735.67,2023,FORD,ESCAPE
7/24/2023,CC,CCABNL,161139,2,PANW,"TAMPA-F, LLC",1FMCU0GN6PUA69261,7/21/2023,3,30200.67,2023,FORD,ESCAPE
7/24/2023,CC,CCABNL,161139,2,PANW,"TAMPA-F, LLC",1FMCU0MN1PUA44143,7/6/2023,18,30992.67,2023,FORD,ESCAPE
7/24/2023,CC,CCABNL,161139,2,PANW,"TAMPA-F, LLC",1FMCU0MN2PUA79337,7/24/2023,0,31386.67,2023,FORD,ESCAPE
7/24/2023,CC,CCABNL,161139,2,PANW,"TAMPA-F, LLC",1FMCU0MN3PUA62627,7/13/2023,11,31927.67,2023,FORD,ESCAPE
7/24/2023,CC,CCABNL,161139,2,PANW,"TAMPA-F, LLC",1FMCU0MN6PUA61598,7/13/2023,11,30921.67,2023,FORD,ESCAPE
7/24/2023,CC,CCABNL,161139,2,PANW,"TAMPA-F, LLC",1FMCU0MN7PUA77101,7/24/2023,0,30921.67,2023,FORD,ESCAPE
7/24/2023,CC,CCABNL,161139,2,PANW,"TAMPA-F, LLC",1FMCU0MN7PUA78409,7/24/2023,0,31856.67,2023,FORD,ESCAPE
7/24/2023,CC,CCABNL,161139,2,PANW,"TAMPA-F, LLC",1FMCU9NA8PUA06408,5/22/2023,63,36682.84,2023,FORD,ESCAPE
7/24/2023,CC,CCABNL,161139,2,PANW,"TAMPA-F, LLC",1FMDE5BH7PLB67026,7/17/2023,7,46746.2,2023,FORD,BRONCO
7/24/2023,CC,CCABNL,161139,2,PANW,"TAMPA-F, LLC",1FMDE5BH7PLB68953,7/24/2023,0,46746.2,2023,FORD,BRONCO
7/24/2023,CC,CCABNL,161139,2,PANW,"TAMPA-F, LLC",1FMDE5BHXPLB67473,7/19/2023,5,46746.2,2023,FORD,BRONCO
7/24/2023,CC,CCABNL,161139,2,PANW,"TAMPA-F, LLC",1FMEE5BP8PLB57164,7/13/2023,11,54959.76,2023,FORD,BRONCO
7/24/2023,CC,CCABNL,161139,2,PANW,"TAMPA-F, LLC",1FMEE5DP4PLB66814,7/24/2023,0,61522.2,2023,FORD,BRONCO
7/24/2023,CC,CCABNL,161139,2,PANW,"TAMPA-F, LLC",1FMEE5DP4PLB68630,7/24/2023,0,61201.2,2023,FORD,BRONCO
7/24/2023,CC,CCABNL,161139,2,PANW,"TAMPA-F, LLC",1FMEE5DP8PLB56660,7/15/2023,9,56702.2,2023,FORD,BRONCO
7/24/2023,CC,CCABNL,161139,2,PANW,"TAMPA-F, LLC",1FMEE5DP8PLB68629,7/13/2023,11,59100.2,2023,FORD,BRONCO
7/24/2023,CC,CCABNL,161139,2,PANW,"TAMPA-F, LLC",1FMEE5DP9PLB68638,7/24/2023,0,61522.2,2023,FORD,BRONCO
7/24/2023,CC,CCABNL,161139,2,PANW,"TAMPA-F, LLC",1FMJU1H89PEA53636,7/13/2023,11,66925.75,2023,FORD,EXPEDITION
7/24/2023,CC,CCABNL,161139,2,PANW,"TAMPA-F, LLC",1FT6W1EV6PWG07840,7/20/2023,4,93745,2023,FORD,F-150
7/24/2023,CC,CCABNL,161139,2,PANW,"TAMPA-F, LLC",1FT6W1EVXPWG07839,7/20/2023,4,93450,2023,FORD,F-150
7/24/2023,CC,CCABNL,161139,2,PANW,"TAMPA-F, LLC",1FT7X2AA6PED38903,6/26/2023,28,46938.08,2023,FORD,F-250
7/24/2023,CC,CCABNL,161139,2,PANW,"TAMPA-F, LLC",1FT7X2BA1PED40217,6/28/2023,26,50049.08,2023,FORD,F-250
7/24/2023,CC,CCABNL,161139,2,PANW,"TAMPA-F, LLC",1FT8W2BM4PED31853,7/20/2023,4,82920.3,2023,FORD,F-250
7/24/2023,CC,CCABNL,161139,2,PANW,"TAMPA-F, LLC",1FT8W2BM5PED32705,7/21/2023,3,84817.3,2023,FORD,F-250
7/24/2023,CC,CCABNL,161139,2,PANW,"TAMPA-F, LLC",1FT8W2BM5PED32980,7/24/2023,0,83826.3,2023,FORD,F-250
7/24/2023,CC,CCABNL,161139,2,PANW,"TAMPA-F, LLC",1FT8W2BM7PED32379,7/24/2023,0,83911.3,2023,FORD,F-250
7/24/2023,CC,CCABNL,161139,2,PANW,"TAMPA-F, LLC",1FT8W2BM7PED33094,7/13/2023,11,83911.3,2023,FORD,F-250
7/24/2023,CC,CCABNL,161139,2,PANW,"TAMPA-F, LLC",1FT8W2BM7PED33161,7/21/2023,3,85496.3,2023,FORD,F-250
7/24/2023,CC,CCABNL,161139,2,PANW,"TAMPA-F, LLC",1FT8W2BM8PED32035,7/17/2023,7,82920.3,2023,FORD,F-250
7/24/2023,CC,CCABNL,161139,2,PANW,"TAMPA-F, LLC",1FT8W2BM8PED32942,7/15/2023,9,83911.3,2023,FORD,F-250
7/24/2023,CC,CCABNL,161139,2,PANW,"TAMPA-F, LLC",1FT8W2BM8PED33170,7/13/2023,11,82920.3,2023,FORD,F-250
7/24/2023,CC,CCABNL,161139,2,PANW,"TAMPA-F, LLC",1FT8W2BM9PED32061,7/13/2023,11,84817.3,2023,FORD,F-250
7/24/2023,CC,CCABNL,161139,2,PANW,"TAMPA-F, LLC",1FT8W2BM9PED32514,7/13/2023,11,83911.3,2023,FORD,F-250
7/24/2023,CC,CCABNL,161139,2,PANW,"TAMPA-F, LLC",1FT8W2BMXPED32800,7/21/2023,3,82920.3,2023,FORD,F-250
7/24/2023,CC,CCABNL,161139,2,PANW,"TAMPA-F, LLC",1FT8W2BMXPED32943,7/20/2023,4,83911.3,2023,FORD,F-250
7/24/2023,CC,CCABNL,161139,2,PANW,"TAMPA-F, LLC",1FT8W2BT0PED06875,6/3/2023,51,67279.3,2023,FORD,F-250
7/24/2023,CC,CCABNL,161139,2,PANW,"TAMPA-F, LLC",1FT8W2BT1PED06870,6/14/2023,40,72865.3,2023,FORD,F-250
7/24/2023,CC,CCABNL,161139,2,PANW,"TAMPA-F, LLC",1FT8W2BT2PED06876,6/3/2023,51,67279.3,2023,FORD,F-250
7/24/2023,CC,CCABNL,161139,2,PANW,"TAMPA-F, LLC",1FT8W2BT2PED32054,7/24/2023,0,80645.3,2023,FORD,F-250
7/24/2023,CC,CCABNL,161139,2,PANW,"TAMPA-F, LLC",1FT8W2BT2PED32216,7/13/2023,11,81955.3,2023,FORD,F-250
7/24/2023,CC,CCABNL,161139,2,PANW,"TAMPA-F, LLC",1FT8W2BT3PED32953,7/15/2023,9,81636.3,2023,FORD,F-250
7/24/2023,CC,CCABNL,161139,2,PANW,"TAMPA-F, LLC",1FT8W2BT3PED33343,7/13/2023,11,81636.3,2023,FORD,F-250
7/24/2023,CC,CCABNL,161139,2,PANW,"TAMPA-F, LLC",1FT8W2BT4PED06877,6/12/2023,42,67279.3,2023,FORD,F-250
7/24/2023,CC,CCABNL,161139,2,PANW,"TAMPA-F, LLC",1FT8W2BT4PED32685,7/13/2023,11,80645.3,2023,FORD,F-250
7/24/2023,CC,CCABNL,161139,2,PANW,"TAMPA-F, LLC",1FT8W2BT5PED06869,6/10/2023,44,73248.3,2023,FORD,F-250
7/24/2023,CC,CCABNL,161139,2,PANW,"TAMPA-F, LLC",1FT8W2BT6PED06878,6/3/2023,51,67279.3,2023,FORD,F-250
7/24/2023,CC,CCABNL,161139,2,PANW,"TAMPA-F, LLC",1FT8W2BT6PED33191,7/13/2023,11,81652.3,2023,FORD,F-250
7/24/2023,CC,CCABNL,161139,2,PANW,"TAMPA-F, LLC",1FT8W2BT7PED06873,6/10/2023,44,73248.3,2023,FORD,F-250
7/24/2023,CC,CCABNL,161139,2,PANW,"TAMPA-F, LLC",1FT8W2BT7PED32681,7/19/2023,5,80645.3,2023,FORD,F-250
7/24/2023,CC,CCABNL,161139,2,PANW,"TAMPA-F, LLC",1FT8W2BT8PED32530,7/13/2023,11,78852.3,2023,FORD,F-250
7/24/2023,CC,CCABNL,161139,2,PANW,"TAMPA-F, LLC",1FT8W2BT9PED06874,6/10/2023,44,67279.3,2023,FORD,F-250
7/24/2023,CC,CCABNL,161139,2,PANW,"TAMPA-F, LLC",1FT8W2BT9PED33301,7/13/2023,11,80645.3,2023,FORD,F-250
7/24/2023,CC,CCABNL,161139,2,PANW,"TAMPA-F, LLC",1FT8W2BT9PED33346,7/13/2023,11,80645.3,2023,FORD,F-250
7/24/2023,CC,CCABNL,161139,2,PANW,"TAMPA-F, LLC",1FT8W3BA0PED39959,7/13/2023,11,52433.08,2023,FORD,F-350
7/24/2023,CC,CCABNL,161139,2,PANW,"TAMPA-F, LLC",1FT8W3BA5PED40170,6/28/2023,26,52433.08,2023,FORD,F-350
7/24/2023,CC,CCABNL,161139,2,PANW,"TAMPA-F, LLC",1FT8W3BA9PED39099,6/28/2023,26,52433.08,2023,FORD,F-350
7/24/2023,CC,CCABNL,161139,2,PANW,"TAMPA-F, LLC",1FT8W3BA9PED39734,7/1/2023,23,52433.08,2023,FORD,F-350
7/24/2023,CC,CCABNL,161139,2,PANW,"TAMPA-F, LLC",1FT8W3DM0PED14728,7/13/2023,11,93889.6,2023,FORD,F-350
7/24/2023,CC,CCABNL,161139,2,PANW,"TAMPA-F, LLC",1FT8W3DM0PED32985,7/20/2023,4,86427.6,2023,FORD,F-350
7/24/2023,CC,CCABNL,161139,2,PANW,"TAMPA-F, LLC",1FT8W3DM1PED33028,7/13/2023,11,86427.6,2023,FORD,F-350
7/24/2023,CC,CCABNL,161139,2,PANW,"TAMPA-F, LLC",1FT8W3DM5PED32674,7/20/2023,4,86427.6,2023,FORD,F-350
7/24/2023,CC,CCABNL,161139,2,PANW,"TAMPA-F, LLC",1FTBF2AA6PED39756,6/26/2023,28,44529.08,2023,FORD,F-250
7/24/2023,CC,CCABNL,161139,2,PANW,"TAMPA-F, LLC",1FTBF2BA0PED39797,6/23/2023,31,47631.08,2023,FORD,F-250
7/24/2023,CC,CCABNL,161139,2,PANW,"TAMPA-F, LLC",1FTBW3X83PKB21589,6/22/2023,32,52319.06,2023,FORD,TRANSIT
7/24/2023,CC,CCABNL,161139,2,PANW,"TAMPA-F, LLC",1FTBW3X83PKB22466,6/16/2023,38,52388.06,2023,FORD,TRANSIT
7/24/2023,CC,CCABNL,161139,2,PANW,"TAMPA-F, LLC",1FTBW3X84PKB22315,7/10/2023,14,52319.06,2023,FORD,TRANSIT
7/24/2023,CC,CCABNL,161139,2,PANW,"TAMPA-F, LLC",1FTBW3X85PKB45313,7/8/2023,16,52406.81,2023,FORD,TRANSIT
7/24/2023,CC,CCABNL,161139,2,PANW,"TAMPA-F, LLC",1FTBW3X87PKB21210,6/20/2023,34,52319.06,2023,FORD,TRANSIT
7/24/2023,CC,CCABNL,161139,2,PANW,"TAMPA-F, LLC",1FTER4EH5PLE32447,7/13/2023,11,31275.2,2023,FORD,RANGER
7/24/2023,CC,CCABNL,161139,2,PANW,"TAMPA-F, LLC",1FTEW1C5XPFB61853,7/15/2023,9,51825.26,2023,FORD,F-150
7/24/2023,CC,CCABNL,161139,2,PANW,"TAMPA-F, LLC",1FTEW1C5XPFC04832,7/14/2023,10,54396.36,2023,FORD,F-150
7/24/2023,CC,CCABNL,161139,2,PANW,"TAMPA-F, LLC",1FTEW1C5XPKE76983,7/14/2023,10,55911.36,2023,FORD,F-150
7/24/2023,CC,CCABNL,161139,2,PANW,"TAMPA-F, LLC",1FTEW1C50PFB61943,7/14/2023,10,53683.26,2023,FORD,F-150
7/24/2023,CC,CCABNL,161139,2,PANW,"TAMPA-F, LLC",1FTEW1C54PKE75022,7/15/2023,9,55911.36,2023,FORD,F-150
7/24/2023,CC,CCABNL,161139,2,PANW,"TAMPA-F, LLC",1FTEW1C58PKE75976,7/15/2023,9,55911.36,2023,FORD,F-150
7/24/2023,CC,CCABNL,161139,2,PANW,"TAMPA-F, LLC",1FTEW1C58PKE77050,7/10/2023,14,55911.36,2023,FORD,F-150
7/24/2023,CC,CCABNL,161139,2,PANW,"TAMPA-F, LLC",1FTEW1C59PFB61908,7/15/2023,9,53683.26,2023,FORD,F-150
7/24/2023,CC,CCABNL,161139,2,PANW,"TAMPA-F, LLC",1FTEW1C59PKE75369,7/13/2023,11,55911.36,2023,FORD,F-150
7/24/2023,CC,CCABNL,161139,2,PANW,"TAMPA-F, LLC",1FTEW1CP0PFC13346,7/13/2023,11,45075.26,2023,FORD,F-150
7/24/2023,CC,CCABNL,161139,2,PANW,"TAMPA-F, LLC",1FTEW1CP0PFC14237,7/13/2023,11,45075.26,2023,FORD,F-150
7/24/2023,CC,CCABNL,161139,2,PANW,"TAMPA-F, LLC",1FTEW1CP0PKE84043,7/14/2023,10,45075.26,2023,FORD,F-150
7/24/2023,CC,CCABNL,161139,2,PANW,"TAMPA-F, LLC",1FTEW1CP0PKE84821,7/13/2023,11,45075.26,2023,FORD,F-150
7/24/2023,CC,CCABNL,161139,2,PANW,"TAMPA-F, LLC",1FTEW1CP1PFC14148,7/13/2023,11,45075.26,2023,FORD,F-150
7/24/2023,CC,CCABNL,161139,2,PANW,"TAMPA-F, LLC",1FTEW1CP2PKE70743,7/14/2023,10,45075.26,2023,FORD,F-150
7/24/2023,CC,CCABNL,161139,2,PANW,"TAMPA-F, LLC",1FTEW1CP2PKE76011,7/5/2023,19,45075.26,2023,FORD,F-150
7/24/2023,CC,CCABNL,161139,2,PANW,"TAMPA-F, LLC",1FTEW1CP3PFC13339,7/15/2023,9,45075.26,2023,FORD,F-150
7/24/2023,CC,CCABNL,161139,2,PANW,"TAMPA-F, LLC",1FTEW1CP3PFC14085,7/18/2023,6,52392.26,2023,FORD,F-150
7/24/2023,CC,CCABNL,161139,2,PANW,"TAMPA-F, LLC",1FTEW1CP3PFC14152,7/18/2023,6,52392.26,2023,FORD,F-150
7/24/2023,CC,CCABNL,161139,2,PANW,"TAMPA-F, LLC",1FTEW1CP3PFC14555,7/18/2023,6,52392.26,2023,FORD,F-150
7/24/2023,CC,CCABNL,161139,2,PANW,"TAMPA-F, LLC",1FTEW1CP3PFC20713,7/14/2023,10,45075.26,2023,FORD,F-150
7/24/2023,CC,CCABNL,161139,2,PANW,"TAMPA-F, LLC",1FTEW1CP3PKE70976,7/1/2023,23,45075.26,2023,FORD,F-150
7/24/2023,CC,CCABNL,161139,2,PANW,"TAMPA-F, LLC",1FTEW1CP4PFC13348,7/17/2023,7,52392.26,2023,FORD,F-150
7/24/2023,CC,CCABNL,161139,2,PANW,"TAMPA-F, LLC",1FTEW1CP4PFC14161,7/13/2023,11,52392.26,2023,FORD,F-150
7/24/2023,CC,CCABNL,161139,2,PANW,"TAMPA-F, LLC",1FTEW1CP4PKE82604,7/11/2023,13,45075.26,2023,FORD,F-150
7/24/2023,CC,CCABNL,161139,2,PANW,"TAMPA-F, LLC",1FTEW1CP5PFC13584,7/15/2023,9,52392.26,2023,FORD,F-150
7/24/2023,CC,CCABNL,161139,2,PANW,"TAMPA-F, LLC",1FTEW1CP5PFC14444,7/15/2023,9,52392.26,2023,FORD,F-150
7/24/2023,CC,CCABNL,161139,2,PANW,"TAMPA-F, LLC",1FTEW1CP5PKE70879,7/14/2023,10,45075.26,2023,FORD,F-150
7/24/2023,CC,CCABNL,161139,2,PANW,"TAMPA-F, LLC",1FTEW1CP6PFC13450,7/14/2023,10,52392.26,2023,FORD,F-150
7/24/2023,CC,CCABNL,161139,2,PANW,"TAMPA-F, LLC",1FTEW1CP7PKE83018,7/11/2023,13,45075.26,2023,FORD,F-150
7/24/2023,CC,CCABNL,161139,2,PANW,"TAMPA-F, LLC",1FTEW1CP7PKE83682,7/11/2023,13,45075.26,2023,FORD,F-150
7/24/2023,CC,CCABNL,161139,2,PANW,"TAMPA-F, LLC",1FTEW1CP8PFC14535,7/19/2023,5,52392.26,2023,FORD,F-150
7/24/2023,CC,CCABNL,161139,2,PANW,"TAMPA-F, LLC",1FTEW1CP8PKE82931,7/19/2023,5,45075.26,2023,FORD,F-150
7/24/2023,CC,CCABNL,161139,2,PANW,"TAMPA-F, LLC",1FTEW1CP9PFC14558,7/13/2023,11,52392.26,2023,FORD,F-150
7/24/2023,CC,CCABNL,161139,2,PANW,"TAMPA-F, LLC",1FTEW1CP9PKE70724,7/19/2023,5,45075.26,2023,FORD,F-150
7/24/2023,CC,CCABNL,161139,2,PANW,"TAMPA-F, LLC",1FTEW1CP9PKE76782,7/22/2023,2,45075.26,2023,FORD,F-150
7/24/2023,CC,CCABNL,161139,2,PANW,"TAMPA-F, LLC",1FTEW1CP9PKE82419,7/13/2023,11,45075.26,2023,FORD,F-150
7/24/2023,CC,CCABNL,161139,2,PANW,"TAMPA-F, LLC",1FTEW1CP9PKE82422,7/14/2023,10,52392.26,2023,FORD,F-150
7/24/2023,CC,CCABNL,161139,2,PANW,"TAMPA-F, LLC",1FTEW1CP9PKE82680,7/15/2023,9,52392.26,2023,FORD,F-150
7/24/2023,CC,CCABNL,161139,2,PANW,"TAMPA-F, LLC",1FTEW1CP9PKE83716,7/14/2023,10,45075.26,2023,FORD,F-150
7/24/2023,CC,CCABNL,161139,2,PANW,"TAMPA-F, LLC",1FTEW1CPXPFC14147,7/15/2023,9,52392.26,2023,FORD,F-150
7/24/2023,CC,CCABNL,161139,2,PANW,"TAMPA-F, LLC",1FTEW1CPXPFC21034,7/13/2023,11,45075.26,2023,FORD,F-150
7/24/2023,CC,CCABNL,161139,2,PANW,"TAMPA-F, LLC",1FTEW1CPXPKE42429,7/14/2023,10,50985.26,2023,FORD,F-150
7/24/2023,CC,CCABNL,161139,2,PANW,"TAMPA-F, LLC",1FTEW1CPXPKE75785,7/13/2023,11,45075.26,2023,FORD,F-150
7/24/2023,CC,CCABNL,161139,2,PANW,"TAMPA-F, LLC",1FTEW1E8XPFB87425,6/23/2023,31,69998.36,2023,FORD,F-150
7/24/2023,CC,CCABNL,161139,2,PANW,"TAMPA-F, LLC",1FTEW1E81PFB87720,7/13/2023,11,70722.36,2023,FORD,F-150
7/24/2023,CC,CCABNL,161139,2,PANW,"TAMPA-F, LLC",1FTEW1E82PFB87256,6/23/2023,31,69998.36,2023,FORD,F-150
7/24/2023,CC,CCABNL,161139,2,PANW,"TAMPA-F, LLC",1FTEW1E82PFB87497,6/16/2023,38,730,2023,FORD,F-150
7/24/2023,CC,CCABNL,161139,2,PANW,"TAMPA-F, LLC",1FTEW1E83PFB21976,6/3/2023,51,69945.52,2023,FORD,F-150
7/24/2023,CC,CCABNL,161139,2,PANW,"TAMPA-F, LLC",1FTEW1E83PFB87718,7/13/2023,11,69998.36,2023,FORD,F-150
7/24/2023,CC,CCABNL,161139,2,PANW,"TAMPA-F, LLC",1FTEW1E85PFB86473,7/17/2023,7,69998.36,2023,FORD,F-150
7/24/2023,CC,CCABNL,161139,2,PANW,"TAMPA-F, LLC",1FTEW1E89PFB22002,6/14/2023,40,70669.52,2023,FORD,F-150
7/24/2023,CC,CCABNL,161139,2,PANW,"TAMPA-F, LLC",1FTFW1E5XPFB99326,7/18/2023,6,60694.36,2023,FORD,F-150
7/24/2023,CC,CCABNL,161139,2,PANW,"TAMPA-F, LLC",1FTFW1E5XPKE89900,7/15/2023,9,68754.36,2023,FORD,F-150
7/24/2023,CC,CCABNL,161139,2,PANW,"TAMPA-F, LLC",1FTFW1E50PFB60714,7/19/2023,5,51243.26,2023,FORD,F-150
7/24/2023,CC,CCABNL,161139,2,PANW,"TAMPA-F, LLC",1FTFW1E50PFB73673,7/20/2023,4,61295.88,2023,FORD,F-150
7/24/2023,CC,CCABNL,161139,2,PANW,"TAMPA-F, LLC",1FTFW1E50PFB99562,7/17/2023,7,60872.36,2023,FORD,F-150
7/24/2023,CC,CCABNL,161139,2,PANW,"TAMPA-F, LLC",1FTFW1E50PKE90103,7/15/2023,9,68754.36,2023,FORD,F-150
7/24/2023,CC,CCABNL,161139,2,PANW,"TAMPA-F, LLC",1FTFW1E52PKD80279,7/13/2023,11,60098.88,2023,FORD,F-150
7/24/2023,CC,CCABNL,161139,2,PANW,"TAMPA-F, LLC",1FTFW1E52PKE90099,7/15/2023,9,68754.36,2023,FORD,F-150
7/24/2023,CC,CCABNL,161139,2,PANW,"TAMPA-F, LLC",1FTFW1E54PFA79960,7/13/2023,11,51864.26,2023,FORD,F-150
7/24/2023,CC,CCABNL,161139,2,PANW,"TAMPA-F, LLC",1FTFW1E54PFA80090,7/13/2023,11,51243.26,2023,FORD,F-150
7/24/2023,CC,CCABNL,161139,2,PANW,"TAMPA-F, LLC",1FTFW1E54PFB73983,7/20/2023,4,61295.88,2023,FORD,F-150
7/24/2023,CC,CCABNL,161139,2,PANW,"TAMPA-F, LLC",1FTFW1E54PKE31541,7/13/2023,11,68391.88,2023,FORD,F-150
7/24/2023,CC,CCABNL,161139,2,PANW,"TAMPA-F, LLC",1FTFW1E55PFB99489,7/18/2023,6,60872.36,2023,FORD,F-150
7/24/2023,CC,CCABNL,161139,2,PANW,"TAMPA-F, LLC",1FTFW1E57PFA72193,7/13/2023,11,51243.26,2023,FORD,F-150
7/24/2023,CC,CCABNL,161139,2,PANW,"TAMPA-F, LLC",1FTFW1E57PFB99252,7/18/2023,6,60694.36,2023,FORD,F-150
7/24/2023,CC,CCABNL,161139,2,PANW,"TAMPA-F, LLC",1FTFW1E58PFA71344,7/13/2023,11,52246.26,2023,FORD,F-150
7/24/2023,CC,CCABNL,161139,2,PANW,"TAMPA-F, LLC",1FTFW1E58PKE24687,7/20/2023,4,61295.88,2023,FORD,F-150
7/24/2023,CC,CCABNL,161139,2,PANW,"TAMPA-F, LLC",1FTFW1E59PFA53452,7/18/2023,6,60658.36,2023,FORD,F-150
7/24/2023,CC,CCABNL,161139,2,PANW,"TAMPA-F, LLC",1FTFW1E59PFB48481,7/13/2023,11,61295.88,2023,FORD,F-150
7/24/2023,CC,CCABNL,161139,2,PANW,"TAMPA-F, LLC",1FTFW1E59PKD78402,7/20/2023,4,60098.88,2023,FORD,F-150
7/24/2023,CC,CCABNL,161139,2,PANW,"TAMPA-F, LLC",1FTFW1E59PKE90102,7/15/2023,9,68754.36,2023,FORD,F-150
7/24/2023,CC,CCABNL,161139,2,PANW,"TAMPA-F, LLC",1FTFW1E80PFC05015,7/14/2023,10,65262.36,2023,FORD,F-150
7/24/2023,CC,CCABNL,161139,2,PANW,"TAMPA-F, LLC",1FTFW1E81PFC12586,7/13/2023,11,75513.36,2023,FORD,F-150
7/24/2023,CC,CCABNL,161139,2,PANW,"TAMPA-F, LLC",1FTFW1E83PFC01525,7/5/2023,19,74061.36,2023,FORD,F-150
7/24/2023,CC,CCABNL,161139,2,PANW,"TAMPA-F, LLC",1FTFW1E84PFC25736,7/19/2023,5,74180.36,2023,FORD,F-150
7/24/2023,CC,CCABNL,161139,2,PANW,"TAMPA-F, LLC",1FTFW1E84PKE69166,7/13/2023,11,65675.36,2023,FORD,F-150
7/24/2023,CC,CCABNL,161139,2,PANW,"TAMPA-F, LLC",1FTFW1E85PFC12672,7/20/2023,4,74061.36,2023,FORD,F-150
7/24/2023,CC,CCABNL,161139,2,PANW,"TAMPA-F, LLC",1FTFW1E86PFB90715,7/18/2023,6,73337.36,2023,FORD,F-150
7/24/2023,CC,CCABNL,161139,2,PANW,"TAMPA-F, LLC",1FTFW1E88PFC25934,7/18/2023,6,74180.36,2023,FORD,F-150
7/24/2023,CC,CCABNL,161139,2,PANW,"TAMPA-F, LLC",1FTFW1E89PFC08625,7/13/2023,11,71973.36,2023,FORD,F-150
7/24/2023,CC,CCABNL,161139,2,PANW,"TAMPA-F, LLC",1FTFW1EDXPFB99947,7/24/2023,0,81189.81,2023,FORD,F-150
7/24/2023,CC,CCABNL,161139,2,PANW,"TAMPA-F, LLC",1FTFW1RG5PFB78539,7/14/2023,10,76741.36,2023,FORD,F-150
7/24/2023,CC,CCABNL,161139,2,PANW,"TAMPA-F, LLC",1FTFW1RG6PFB79666,7/24/2023,0,76741.36,2023,FORD,F-150
7/24/2023,CC,CCABNL,161139,2,PANW,"TAMPA-F, LLC",1FTVW1ELXPWG13991,7/20/2023,4,75995,2023,FORD,F-150
7/24/2023,CC,CCABNL,161139,2,PANW,"TAMPA-F, LLC",1FTVW1EV7PWG17482,7/20/2023,4,79555,2023,FORD,F-150
7/24/2023,CC,CCABNL,161139,2,PANW,"TAMPA-F, LLC",2FMPK4AP2PBA51905,7/19/2023,5,46291.69,2023,FORD,EDGE
7/24/2023,CC,CCABNL,161139,2,PANW,"TAMPA-F, LLC",2FMPK4G93PBA53347,7/19/2023,5,38627.69,2023,FORD,EDGE
7/24/2023,CC,CCABNL,161139,2,PANW,"TAMPA-F, LLC",2FMPK4J9XPBA41589,7/15/2023,9,40766.69,2023,FORD,EDGE
7/24/2023,CC,CCABNL,161139,2,PANW,"TAMPA-F, LLC",2FMPK4K92PBA53962,7/14/2023,10,44131.69,2023,FORD,EDGE
7/24/2023,CC,CCABNL,161139,2,PANW,"TAMPA-F, LLC",3FMCR9B62PRD82014,7/17/2023,7,33863.67,2023,FORD,BRONCO SPORT
7/24/2023,CC,CCABNL,161139,2,PANW,"TAMPA-F, LLC",3FMCR9B62PRD87939,7/19/2023,5,33863.67,2023,FORD,BRONCO SPORT
7/24/2023,CC,CCABNL,161139,2,PANW,"TAMPA-F, LLC",3FMCR9B63PRD84077,7/17/2023,7,33863.67,2023,FORD,BRONCO SPORT
7/24/2023,CC,CCABNL,161139,2,PANW,"TAMPA-F, LLC",3FMCR9B63PRD87433,7/18/2023,6,33863.67,2023,FORD,BRONCO SPORT
7/24/2023,CC,CCABNL,161139,2,PANW,"TAMPA-F, LLC",3FMCR9B65PRD89779,7/17/2023,7,35568.67,2023,FORD,BRONCO SPORT
7/24/2023,CC,CCABNL,161139,2,PANW,"TAMPA-F, LLC",3FMCR9B66PRD87118,7/19/2023,5,33863.67,2023,FORD,BRONCO SPORT
7/24/2023,CC,CCABNL,161139,2,PANW,"TAMPA-F, LLC",3FMCR9B68PRD88223,7/19/2023,5,33863.67,2023,FORD,BRONCO SPORT
7/24/2023,CC,CCABNL,161139,2,PANW,"TAMPA-F, LLC",3FMCR9C6XPRD83247,7/13/2023,11,38533.67,2023,FORD,BRONCO SPORT
7/24/2023,CC,CCABNL,161139,2,PANW,"TAMPA-F, LLC",3FMCR9C62PRD85817,7/13/2023,11,39580.67,2023,FORD,BRONCO SPORT
7/24/2023,CC,CCABNL,161139,2,PANW,"TAMPA-F, LLC",3FMCR9C63PRD72977,6/3/2023,51,38533.67,2023,FORD,BRONCO SPORT
7/24/2023,CC,CCABNL,161139,2,PANW,"TAMPA-F, LLC",3FMCR9C65PRD62712,6/23/2023,31,38533.67,2023,FORD,BRONCO SPORT
7/24/2023,CC,CCABNL,161139,2,PANW,"TAMPA-F, LLC",3FMCR9C66PRD88462,7/13/2023,11,38533.67,2023,FORD,BRONCO SPORT
7/24/2023,CC,CCABNL,161139,2,PANW,"TAMPA-F, LLC",3FMCR9C67PRD71590,6/3/2023,51,38533.67,2023,FORD,BRONCO SPORT
7/24/2023,CC,CCABNL,161139,2,PANW,"TAMPA-F, LLC",3FMCR9C69PRD82087,7/17/2023,7,38998.67,2023,FORD,BRONCO SPORT
7/24/2023,CC,CCABNL,161139,2,PANW,"TAMPA-F, LLC",3FMCR9C69PRD84292,7/19/2023,5,38533.67,2023,FORD,BRONCO SPORT
7/24/2023,CC,CCABNL,161139,2,PANW,"TAMPA-F, LLC",3FMCR9D95PRD99591,7/24/2023,0,41599.67,2023,FORD,BRONCO SPORT
7/24/2023,CC,CCABNL,161139,2,PANW,"TAMPA-F, LLC",3FMCR9G65PRD67323,6/13/2023,41,36405.67,2023,FORD,BRONCO SPORT
7/24/2023,CC,CCABNL,161139,2,PANW,"TAMPA-F, LLC",3FMCR9G66PRD85586,7/18/2023,6,34211.67,2023,FORD,BRONCO SPORT
7/24/2023,CC,CCABNL,161139,2,PANW,"TAMPA-F, LLC",3FMCR9G66PRD88469,7/13/2023,11,35470.67,2023,FORD,BRONCO SPORT
7/24/2023,CC,CCABNL,161139,2,PANW,"TAMPA-F, LLC",3FMCR9G66PRD89945,7/20/2023,4,36128.67,2023,FORD,BRONCO SPORT
7/24/2023,CC,CCABNL,161139,2,PANW,"TAMPA-F, LLC",3FMCR9G67PRD64830,7/18/2023,6,34676.67,2023,FORD,BRONCO SPORT
7/24/2023,CC,CCABNL,161139,2,PANW,"TAMPA-F, LLC",3FMCR9H93PRD76823,7/19/2023,5,44921.67,2023,FORD,BRONCO SPORT
7/24/2023,CC,CCABNL,161139,2,PANW,"TAMPA-F, LLC",3FMTK3RM4PMA32368,7/8/2023,16,53045,2023,FORD,MUSTANG MACH-E
7/24/2023,CC,CCABNL,161139,2,PANW,"TAMPA-F, LLC",3FTTW8E90PRA59206,7/13/2023,11,26008.18,2023,FORD,MAVERICK
7/24/2023,CC,CCABNL,161139,2,PANW,"TAMPA-F, LLC",3FTTW8E90PRA68634,7/19/2023,5,26115.18,2023,FORD,MAVERICK
7/24/2023,CC,CCABNL,161139,2,PANW,"TAMPA-F, LLC",3FTTW8E91PRA57089,7/13/2023,11,23793.18,2023,FORD,MAVERICK
7/24/2023,CC,CCABNL,161139,2,PANW,"TAMPA-F, LLC",3FTTW8E93PRA56624,7/13/2023,11,23793.18,2023,FORD,MAVERICK
7/24/2023,CC,CCABNL,161139,2,PANW,"TAMPA-F, LLC",3FTTW8E94PRA57300,7/15/2023,9,26148.18,2023,FORD,MAVERICK
7/24/2023,CC,CCABNL,161139,2,PANW,"TAMPA-F, LLC",3FTTW8E95PRA68550,7/19/2023,5,26278.18,2023,FORD,MAVERICK
7/24/2023,CC,CCABNL,161139,2,PANW,"TAMPA-F, LLC",3FTTW8E96PRA57430,7/13/2023,11,24063.18,2023,FORD,MAVERICK
7/24/2023,CC,CCABNL,161139,2,PANW,"TAMPA-F, LLC",3FTTW8E97PRA57615,6/27/2023,27,23933.18,2023,FORD,MAVERICK
7/24/2023,CC,CCABNL,161139,2,PANW,"TAMPA-F, LLC",3FTTW8E99PRA57003,7/15/2023,9,26171.18,2023,FORD,MAVERICK
7/24/2023,CC,CCABNL,161139,2,PANW,"TAMPA-F, LLC",3FTTW8E99PRA59818,7/13/2023,11,23793.18,2023,FORD,MAVERICK
7/24/2023,CC,CCABNL,161139,2,PANW,"TAMPA-F, LLC",3FTTW8E99PRA67157,7/18/2023,6,26115.18,2023,FORD,MAVERICK
7/24/2023,CC,CCABNL,161139,2,PANW,"TAMPA-F, LLC",3FTTW8F96PRA56731,7/15/2023,9,26816.18,2023,FORD,MAVERICK
7/24/2023,CC,CCABNL,161139,2,PANW,"TAMPA-F, LLC",3FTTW8F99PRA57162,7/19/2023,5,28639.18,2023,FORD,MAVERICK
7/24/2023,CC,CCABNL,161139,2,PANW,"TAMPA-F, LLC",NM0LS7S21P1547973,7/14/2023,10,36150.02,2023,FORD,TRANSIT CONNECT
7/24/2023,AE,AEABT9,161343,1,FSLP,"TROY-F, LLC",1FMCU9GN1PUA05892,6/20/2023,34,34036.67,2023,FORD,ESCAPE
7/24/2023,AE,AEABT9,161343,1,FSLP,"TROY-F, LLC",1FMCU9GN1PUA67423,6/30/2023,24,32753.67,2023,FORD,ESCAPE
7/24/2023,AE,AEABT9,161343,1,FSLP,"TROY-F, LLC",1FMCU9GN1PUA71651,7/20/2023,4,33958.86,2023,FORD,ESCAPE
7/24/2023,AE,AEABT9,161343,1,FSLP,"TROY-F, LLC",1FMCU9GN2PUA65096,7/7/2023,17,32039.67,2023,FORD,ESCAPE
7/24/2023,AE,AEABT9,161343,1,FSLP,"TROY-F, LLC",1FMCU9GN4PUA37476,6/15/2023,39,34145.67,2023,FORD,ESCAPE
7/24/2023,AE,AEABT9,161343,1,FSLP,"TROY-F, LLC",1FMCU9GN5PUA70020,7/20/2023,4,34146.86,2023,FORD,ESCAPE
7/24/2023,AE,AEABT9,161343,1,FSLP,"TROY-F, LLC",1FMCU9GN8PUA65491,7/5/2023,19,32039.67,2023,FORD,ESCAPE
7/24/2023,AE,AEABT9,161343,1,FSLP,"TROY-F, LLC",1FMCU9GN9PUA65970,7/6/2023,18,32039.67,2023,FORD,ESCAPE
7/24/2023,AE,AEABT9,161343,1,FSLP,"TROY-F, LLC",1FMCU9JA1PUA37845,6/15/2023,39,41040.67,2023,FORD,ESCAPE
7/24/2023,AE,AEABT9,161343,1,FSLP,"TROY-F, LLC",1FMCU9JA3PUA16723,5/22/2023,63,38175.44,2023,FORD,ESCAPE
7/24/2023,AE,AEABT9,161343,1,FSLP,"TROY-F, LLC",1FMCU9JA4PUA65655,7/18/2023,6,37995.67,2023,FORD,ESCAPE
7/24/2023,AE,AEABT9,161343,1,FSLP,"TROY-F, LLC",1FMCU9MN0PUA71743,7/18/2023,6,34761.67,2023,FORD,ESCAPE
7/24/2023,AE,AEABT9,161343,1,FSLP,"TROY-F, LLC",1FMCU9NA1PUA09781,5/22/2023,63,37218.67,2023,FORD,ESCAPE
7/24/2023,AE,AEABT9,161343,1,FSLP,"TROY-F, LLC",1FMCU9NA8PUA73929,7/18/2023,6,37518.67,2023,FORD,ESCAPE
7/24/2023,AE,AEABT9,161343,1,FSLP,"TROY-F, LLC",1FMCU9NZ0PUA15741,7/18/2023,6,39237.44,2023,FORD,ESCAPE
7/24/2023,AE,AEABT9,161343,1,FSLP,"TROY-F, LLC",1FMCU9NZ8PUA41018,5/22/2023,63,36138.67,2023,FORD,ESCAPE
7/24/2023,AE,AEABT9,161343,1,FSLP,"TROY-F, LLC",1FMCU9PA4PUA66439,6/30/2023,24,42310.67,2023,FORD,ESCAPE
7/24/2023,AE,AEABT9,161343,1,FSLP,"TROY-F, LLC",1FMCU9PA5PUA38696,6/15/2023,39,43151.67,2023,FORD,ESCAPE
7/24/2023,AE,AEABT9,161343,1,FSLP,"TROY-F, LLC",1FMCU9PA6PUA72856,7/19/2023,5,42018.67,2023,FORD,ESCAPE
7/24/2023,AE,AEABT9,161343,1,FSLP,"TROY-F, LLC",1FMCU9PZXPUA30731,7/6/2023,18,41982.67,2023,FORD,ESCAPE
7/24/2023,AE,AEABT9,161343,1,FSLP,"TROY-F, LLC",1FMEE5DP4PLB50905,5/17/2023,68,64306.2,2023,FORD,BRONCO
7/24/2023,AE,AEABT9,161343,1,FSLP,"TROY-F, LLC",1FMJU1M84PEA25314,5/1/2023,84,86262,2023,FORD,EXPEDITION
7/24/2023,AE,AEABT9,161343,1,FSLP,"TROY-F, LLC",1FMSK8DH0PGB07810,6/9/2023,45,48702.69,2023,FORD,EXPLORER
7/24/2023,AE,AEABT9,161343,1,FSLP,"TROY-F, LLC",1FMSK8DH2PGB06450,6/15/2023,39,45516.69,2023,FORD,EXPLORER
7/24/2023,AE,AEABT9,161343,1,FSLP,"TROY-F, LLC",1FMSK8DH2PGB30439,6/26/2023,28,48749.69,2023,FORD,EXPLORER
7/24/2023,AE,AEABT9,161343,1,FSLP,"TROY-F, LLC",1FMSK8DH3PGB31230,6/19/2023,35,48091.69,2023,FORD,EXPLORER
7/24/2023,AE,AEABT9,161343,1,FSLP,"TROY-F, LLC",1FMSK8DH4PGB06434,6/15/2023,39,45516.69,2023,FORD,EXPLORER
7/24/2023,AE,AEABT9,161343,1,FSLP,"TROY-F, LLC",1FMSK8DH4PGB46870,7/7/2023,17,45577.69,2023,FORD,EXPLORER
7/24/2023,AE,AEABT9,161343,1,FSLP,"TROY-F, LLC",1FMSK8DH5PGB33027,6/30/2023,24,45563.69,2023,FORD,EXPLORER
7/24/2023,AE,AEABT9,161343,1,FSLP,"TROY-F, LLC",1FMSK8DH7PGB31604,6/30/2023,24,45563.69,2023,FORD,EXPLORER
7/24/2023,AE,AEABT9,161343,1,FSLP,"TROY-F, LLC",1FMSK8DH8PGB34186,6/26/2023,28,49496.69,2023,FORD,EXPLORER
7/24/2023,AE,AEABT9,161343,1,FSLP,"TROY-F, LLC",1FMSK8DHXPGB34481,7/6/2023,18,46221.69,2023,FORD,EXPLORER
7/24/2023,AE,AEABT9,161343,1,FSLP,"TROY-F, LLC",1FTBW3XK5PKB30578,7/12/2023,12,66045,2023,FORD,TRANSIT
7/24/2023,AE,AEABT9,161343,1,FSLP,"TROY-F, LLC",1FTEW1EP0PFC17071,6/20/2023,34,54462.26,2023,FORD,F-150
7/24/2023,AE,AEABT9,161343,1,FSLP,"TROY-F, LLC",1FTEW1EP0PKE63044,6/19/2023,35,55017.26,2023,FORD,F-150
7/24/2023,AE,AEABT9,161343,1,FSLP,"TROY-F, LLC",1FTEW1EP1PKE84937,7/6/2023,18,59657.26,2023,FORD,F-150
7/24/2023,AE,AEABT9,161343,1,FSLP,"TROY-F, LLC",1FTEW1EP2PKE87149,7/6/2023,18,58911.36,2023,FORD,F-150
7/24/2023,AE,AEABT9,161343,1,FSLP,"TROY-F, LLC",1FTEW1EP3PKE49638,6/29/2023,25,56906.26,2023,FORD,F-150
7/24/2023,AE,AEABT9,161343,1,FSLP,"TROY-F, LLC",1FTEW1EP4PFC17431,6/30/2023,24,55522.26,2023,FORD,F-150
7/24/2023,AE,AEABT9,161343,1,FSLP,"TROY-F, LLC",1FTEW1EP4PKE82034,7/12/2023,12,59089.36,2023,FORD,F-150
7/24/2023,AE,AEABT9,161343,1,FSLP,"TROY-F, LLC",1FTEW1EP6PKE28413,5/1/2023,84,58786.32,2023,FORD,F-150
7/24/2023,AE,AEABT9,161343,1,FSLP,"TROY-F, LLC",1FTEW1EP7PFB95439,6/15/2023,39,54462.26,2023,FORD,F-150
7/24/2023,AE,AEABT9,161343,1,FSLP,"TROY-F, LLC",1FTEW1EP7PFC17312,6/20/2023,34,55524.26,2023,FORD,F-150
7/24/2023,AE,AEABT9,161343,1,FSLP,"TROY-F, LLC",1FTEW1EP8PFA78047,6/20/2023,34,55272.52,2023,FORD,F-150
7/24/2023,AE,AEABT9,161343,1,FSLP,"TROY-F, LLC",1FTEW1EP9PFA07875,7/6/2023,18,61666.36,2023,FORD,F-150
7/24/2023,AE,AEABT9,161343,1,FSLP,"TROY-F, LLC",1FTEW1EP9PFB92834,6/15/2023,39,55823.26,2023,FORD,F-150
7/24/2023,AE,AEABT9,161343,1,FSLP,"TROY-F, LLC",1FTEW1EP9PKE72972,7/1/2023,23,56505.26,2023,FORD,F-150
7/24/2023,AE,AEABT9,161343,1,FSLP,"TROY-F, LLC",1FTEW1EP9PKE85155,7/18/2023,6,57825.36,2023,FORD,F-150
7/24/2023,AE,AEABT9,161343,1,FSLP,"TROY-F, LLC",1FTEW1EPXPFA78549,3/13/2023,133,57533.52,2023,FORD,F-150
7/24/2023,AE,AEABT9,161343,1,FSLP,"TROY-F, LLC",1FTEW1EPXPFB87738,6/19/2023,35,56417.36,2023,FORD,F-150
7/24/2023,AE,AEABT9,161343,1,FSLP,"TROY-F, LLC",1FTFW1E8XPKE87039,7/6/2023,18,58408.26,2023,FORD,F-150
7/24/2023,AE,AEABT9,161343,1,FSLP,"TROY-F, LLC",1FTFW1E50PFC22564,7/6/2023,18,60423.26,2023,FORD,F-150
7/24/2023,AE,AEABT9,161343,1,FSLP,"TROY-F, LLC",1FTFW1E55PKE55976,6/19/2023,35,56778.26,2023,FORD,F-150
7/24/2023,AE,AEABT9,161343,1,FSLP,"TROY-F, LLC",1FTFW1E55PKE97550,7/18/2023,6,59463.36,2023,FORD,F-150
7/24/2023,AE,AEABT9,161343,1,FSLP,"TROY-F, LLC",1FTFW1E58PFC21243,7/6/2023,18,60109.26,2023,FORD,F-150
7/24/2023,AE,AEABT9,161343,1,FSLP,"TROY-F, LLC",1FTFW1E58PKE49427,7/1/2023,23,58975.26,2023,FORD,F-150
7/24/2023,AE,AEABT9,161343,1,FSLP,"TROY-F, LLC",1FTFW1E58PKE88907,7/12/2023,12,58505.36,2023,FORD,F-150
7/24/2023,AE,AEABT9,161343,1,FSLP,"TROY-F, LLC",1FTFW1E80PKF03300,7/20/2023,4,60564.08,2023,FORD,F-150
7/24/2023,AE,AEABT9,161343,1,FSLP,"TROY-F, LLC",1FTFW1E82PKE80425,6/29/2023,25,58960.36,2023,FORD,F-150
7/24/2023,AE,AEABT9,161343,1,FSLP,"TROY-F, LLC",1FTFW1E84PFC22867,7/5/2023,19,73622.36,2023,FORD,F-150
7/24/2023,AE,AEABT9,161343,1,FSLP,"TROY-F, LLC",1FTFW1E85PFC23963,7/6/2023,18,70679.36,2023,FORD,F-150
7/24/2023,AE,AEABT9,161343,1,FSLP,"TROY-F, LLC",1FTFW1E85PKE80855,6/30/2023,24,59672.26,2023,FORD,F-150
7/24/2023,AE,AEABT9,161343,1,FSLP,"TROY-F, LLC",1FTFW1E86PFC21347,7/6/2023,18,73417.36,2023,FORD,F-150
7/24/2023,AE,AEABT9,161343,1,FSLP,"TROY-F, LLC",1FTFW1E86PKE79942,6/29/2023,25,58202.26,2023,FORD,F-150
7/24/2023,AE,AEABT9,161343,1,FSLP,"TROY-F, LLC",1FTFW1E86PKE84395,7/6/2023,18,63842.36,2023,FORD,F-150
7/24/2023,AE,AEABT9,161343,1,FSLP,"TROY-F, LLC",1FTFW1E87PKE80873,7/1/2023,23,58202.26,2023,FORD,F-150
7/24/2023,AE,AEABT9,161343,1,FSLP,"TROY-F, LLC",1FTFW1E89PFA35527,4/19/2023,96,67916.72,2023,FORD,F-150
7/24/2023,AE,AEABT9,161343,1,FSLP,"TROY-F, LLC",1FTFW1ED2PFC09970,7/12/2023,12,80465.81,2023,FORD,F-150
7/24/2023,AE,AEABT9,161343,1,FSLP,"TROY-F, LLC",1FTFW1ED2PFC19611,7/12/2023,12,80465.81,2023,FORD,F-150
7/24/2023,AE,AEABT9,161343,1,FSLP,"TROY-F, LLC",1FTFW1ED3PFC22310,7/6/2023,18,80465.81,2023,FORD,F-150
7/24/2023,AE,AEABT9,161343,1,FSLP,"TROY-F, LLC",1FTFW1ED4PFC20405,7/5/2023,19,80465.81,2023,FORD,F-150
7/24/2023,AE,AEABT9,161343,1,FSLP,"TROY-F, LLC",1FTFW1ED5PFC20414,7/6/2023,18,80465.81,2023,FORD,F-150
7/24/2023,AE,AEABT9,161343,1,FSLP,"TROY-F, LLC",1FTFW1ED6PFB64631,6/15/2023,39,61036.81,2023,FORD,F-150
7/24/2023,AE,AEABT9,161343,1,FSLP,"TROY-F, LLC",1FTFW1ED8PFC09763,7/5/2023,19,80465.81,2023,FORD,F-150
7/24/2023,AE,AEABT9,161343,1,FSLP,"TROY-F, LLC",1FTFW1ED8PFC19564,7/6/2023,18,80465.81,2023,FORD,F-150
7/24/2023,AE,AEABT9,161343,1,FSLP,"TROY-F, LLC",1FTFW1ED8PFC19998,7/5/2023,19,81189.81,2023,FORD,F-150
7/24/2023,AE,AEABT9,161343,1,FSLP,"TROY-F, LLC",1FTFW1ED8PFC21458,7/12/2023,12,80465.81,2023,FORD,F-150
7/24/2023,AE,AEABT9,161343,1,FSLP,"TROY-F, LLC",1FTFW1ED9PFC20738,7/6/2023,18,70633.81,2023,FORD,F-150
7/24/2023,AE,AEABT9,161343,1,FSLP,"TROY-F, LLC",1FTFW1EDXPFC21106,7/12/2023,12,80465.81,2023,FORD,F-150
7/24/2023,AE,AEABT9,161343,1,FSLP,"TROY-F, LLC",2FMPK4J9XPBA52690,6/15/2023,39,43433.69,2023,FORD,EDGE
7/24/2023,AE,AEABT9,161343,1,FSLP,"TROY-F, LLC",2FMPK4J93PBA50022,6/19/2023,35,43024.69,2023,FORD,EDGE
7/24/2023,AE,AEABT9,161343,1,FSLP,"TROY-F, LLC",2FMPK4J94PBA48764,6/20/2023,34,41128.69,2023,FORD,EDGE
7/24/2023,AE,AEABT9,161343,1,FSLP,"TROY-F, LLC",2FMPK4J94PBA50823,6/15/2023,39,41756.69,2023,FORD,EDGE
7/24/2023,AE,AEABT9,161343,1,FSLP,"TROY-F, LLC",2FMPK4K97PBA42987,6/15/2023,39,47326.69,2023,FORD,EDGE
7/24/2023,AE,AEABT9,161343,1,FSLP,"TROY-F, LLC",3FMCR9C6XPRD53083,6/15/2023,39,39271.44,2023,FORD,BRONCO SPORT
7/24/2023,AE,AEABT9,161343,1,FSLP,"TROY-F, LLC",3FMCR9C60PRD49964,6/15/2023,39,39791.44,2023,FORD,BRONCO SPORT
7/24/2023,AE,AEABT9,161343,1,FSLP,"TROY-F, LLC",3FMCR9C60PRD62584,6/27/2023,27,36484.67,2023,FORD,BRONCO SPORT
7/24/2023,AE,AEABT9,161343,1,FSLP,"TROY-F, LLC",3FMCR9C63PRD60313,6/27/2023,27,39421.67,2023,FORD,BRONCO SPORT
7/24/2023,AE,AEABT9,161343,1,FSLP,"TROY-F, LLC",3FMCR9C64PRD48381,6/15/2023,39,38741.44,2023,FORD,BRONCO SPORT
7/24/2023,AE,AEABT9,161343,1,FSLP,"TROY-F, LLC",3FMCR9C68PRD61036,6/27/2023,27,38236.67,2023,FORD,BRONCO SPORT
7/24/2023,AE,AEABT9,161343,1,FSLP,"TROY-F, LLC",3FMCR9C68PRD65569,6/27/2023,27,36634.67,2023,FORD,BRONCO SPORT
7/24/2023,AE,AEABT9,161343,1,FSLP,"TROY-F, LLC",3FMCR9C69PRD69162,6/27/2023,27,36484.67,2023,FORD,BRONCO SPORT
7/24/2023,AE,AEABT9,161343,1,MPG,"TROY-F, LLC",1FM5K8GC0PGA29722,5/18/2023,67,59406.72,2023,FORD,EXPLORER
7/24/2023,AE,AEABT9,161343,1,MPG,"TROY-F, LLC",1FM5K8GC0PGA29770,5/30/2023,55,59310.92,2023,FORD,EXPLORER
7/24/2023,AE,AEABT9,161343,1,MPG,"TROY-F, LLC",1FM5K8GC0PGA29784,5/30/2023,55,58941.72,2023,FORD,EXPLORER
7/24/2023,AE,AEABT9,161343,1,MPG,"TROY-F, LLC",1FM5K8GC1NGC47424,2/28/2023,146,58965.92,2022,FORD,EXPLORER
7/24/2023,AE,AEABT9,161343,1,MPG,"TROY-F, LLC",1FM5K8GC8NGC38039,2/17/2023,157,59712.92,2022,FORD,EXPLORER
7/24/2023,AE,AEABT9,161343,1,MPG,"TROY-F, LLC",1FM5K8GC8PGA15504,6/6/2023,48,59592.92,2023,FORD,EXPLORER
7/24/2023,AE,AEABT9,161343,1,MPG,"TROY-F, LLC",1FM5K8GC8PGA15566,6/15/2023,39,59592.92,2023,FORD,EXPLORER
7/24/2023,AE,AEABT9,161343,1,MPG,"TROY-F, LLC",1FM5K8GC9NGC47980,4/13/2023,102,58824.92,2022,FORD,EXPLORER
7/24/2023,AE,AEABT9,161343,1,MPG,"TROY-F, LLC",1FM5K8HC8NGC42087,4/24/2023,91,58883.92,2022,FORD,EXPLORER
7/24/2023,AE,AEABT9,161343,1,MPG,"TROY-F, LLC",1FMCU9GN1PUA36091,7/11/2023,13,33957.67,2023,FORD,ESCAPE
7/24/2023,AE,AEABT9,161343,1,MPG,"TROY-F, LLC",1FMCU9GN2PUA43454,7/5/2023,19,34422.67,2023,FORD,ESCAPE
7/24/2023,AE,AEABT9,161343,1,MPG,"TROY-F, LLC",1FMJK1M85PEA21018,7/13/2023,11,84491.6,2023,FORD,EXPEDITION
7/24/2023,AE,AEABT9,161343,1,MPG,"TROY-F, LLC",1FMJK1PT0NEA55980,1/30/2023,175,83955.6,2022,FORD,EXPEDITION
7/24/2023,AE,AEABT9,161343,1,MPG,"TROY-F, LLC",1FMJK1PT2NEA55978,4/8/2023,107,84270.6,2022,FORD,EXPEDITION
7/24/2023,AE,AEABT9,161343,1,MPG,"TROY-F, LLC",1FMJK1PT2NEA55981,1/10/2023,195,84270.6,2022,FORD,EXPEDITION
7/24/2023,AE,AEABT9,161343,1,MPG,"TROY-F, LLC",1FMSK8DH3PGA96673,7/13/2023,11,48506.08,2023,FORD,EXPLORER
7/24/2023,AE,AEABT9,161343,1,MPG,"TROY-F, LLC",1FMSK8DH4PGA00789,6/28/2023,26,49683.88,2023,FORD,EXPLORER
7/24/2023,AE,AEABT9,161343,1,MPG,"TROY-F, LLC",1FMSK8DH4PGA07449,4/13/2023,102,46779.88,2023,FORD,EXPLORER
7/24/2023,AE,AEABT9,161343,1,MPG,"TROY-F, LLC",1FMSK8DH4PGA07452,5/18/2023,67,47526.88,2023,FORD,EXPLORER
7/24/2023,AE,AEABT9,161343,1,MPG,"TROY-F, LLC",1FMSK8DH7NGC46183,4/8/2023,107,45472.88,2022,FORD,EXPLORER
7/24/2023,AE,AEABT9,161343,1,MPG,"TROY-F, LLC",1FMSK8DH8PGA49056,6/6/2023,48,46874.88,2023,FORD,EXPLORER
7/24/2023,AE,AEABT9,161343,1,MPG,"TROY-F, LLC",1FMSK8FH0PGA73610,6/29/2023,25,53099.08,2023,FORD,EXPLORER
7/24/2023,AE,AEABT9,161343,1,MPG,"TROY-F, LLC",1FMSK8FH2NGC47187,5/18/2023,67,52963.88,2022,FORD,EXPLORER
7/24/2023,AE,AEABT9,161343,1,MPG,"TROY-F, LLC",1FMSK8JH1PGA27775,6/15/2023,39,50217.08,2023,FORD,EXPLORER
7/24/2023,AE,AEABT9,161343,1,MPG,"TROY-F, LLC",1FMSK8JH4PGA74993,7/7/2023,17,50217.08,2023,FORD,EXPLORER
7/24/2023,AE,AEABT9,161343,1,MPG,"TROY-F, LLC",1FMSK8KH4PGA95244,5/18/2023,67,49929.08,2023,FORD,EXPLORER
7/24/2023,AE,AEABT9,161343,1,MPG,"TROY-F, LLC",1FTEW1EP2NFC04321,6/29/2023,25,47859.44,2022,FORD,F-150
7/24/2023,AE,AEABT9,161343,1,MPG,"TROY-F, LLC",1FTEW1EP4PFB32153,5/22/2023,63,56813.32,2023,FORD,F-150
7/24/2023,AE,AEABT9,161343,1,MPG,"TROY-F, LLC",1FTEW1EP6PKE35149,7/13/2023,11,56984.26,2023,FORD,F-150
7/24/2023,AE,AEABT9,161343,1,MPG,"TROY-F, LLC",1FTEW1EP6PKE61878,6/27/2023,27,55962.36,2023,FORD,F-150
7/24/2023,AE,AEABT9,161343,1,MPG,"TROY-F, LLC",1FTEW1EP8PFB60702,6/29/2023,25,55618.52,2023,FORD,F-150
7/24/2023,AE,AEABT9,161343,1,MPG,"TROY-F, LLC",1FTFW1E8XPFA68682,6/16/2023,38,60164.72,2023,FORD,F-150
7/24/2023,AE,AEABT9,161343,1,MPG,"TROY-F, LLC",1FTFW1E8XPFB33935,6/16/2023,38,70177.52,2023,FORD,F-150
7/24/2023,AE,AEABT9,161343,1,MPG,"TROY-F, LLC",1FTFW1E50PFA33056,4/24/2023,91,67515.72,2023,FORD,F-150
7/24/2023,AE,AEABT9,161343,1,MPG,"TROY-F, LLC",1FTFW1E53PFA67668,7/5/2023,19,70684.52,2023,FORD,F-150
7/24/2023,AE,AEABT9,161343,1,MPG,"TROY-F, LLC",1FTFW1E80PFB39291,5/30/2023,55,66974.32,2023,FORD,F-150
7/24/2023,AE,AEABT9,161343,1,MPG,"TROY-F, LLC",1FTFW1E83PFA68314,7/13/2023,11,61594.72,2023,FORD,F-150
7/24/2023,AE,AEABT9,161343,1,MPG,"TROY-F, LLC",1FTFW1E83PFA69673,5/31/2023,54,59786.72,2023,FORD,F-150
7/24/2023,AE,AEABT9,161343,1,MPG,"TROY-F, LLC",1FTFW1E83PFA71486,6/6/2023,48,62322.52,2023,FORD,F-150
7/24/2023,AE,AEABT9,161343,1,MPG,"TROY-F, LLC",1FTFW1E83PFB30987,6/15/2023,39,68579.52,2023,FORD,F-150
7/24/2023,AE,AEABT9,161343,1,MPG,"TROY-F, LLC",1FTFW1E83PKD38021,4/24/2023,91,59655.72,2023,FORD,F-150
7/24/2023,AE,AEABT9,161343,1,MPG,"TROY-F, LLC",1FTFW1E84PFA72369,6/1/2023,53,57955.52,2023,FORD,F-150
7/24/2023,AE,AEABT9,161343,1,MPG,"TROY-F, LLC",1FTFW1E86PFA48607,6/28/2023,26,67462.72,2023,FORD,F-150
7/24/2023,AE,AEABT9,161343,1,MPG,"TROY-F, LLC",1FTFW1E86PFA70056,7/13/2023,11,56853.72,2023,FORD,F-150
7/24/2023,AE,AEABT9,161343,1,MPG,"TROY-F, LLC",1FTFW1E86PFB06733,7/7/2023,17,66074.52,2023,FORD,F-150
7/24/2023,AE,AEABT9,161343,1,MPG,"TROY-F, LLC",1FTFW1E87PFB33536,7/5/2023,19,69720.52,2023,FORD,F-150
7/24/2023,AE,AEABT9,161343,1,MPG,"TROY-F, LLC",1FTFW1E87PKD40869,7/7/2023,17,63176.52,2023,FORD,F-150
7/24/2023,AE,AEABT9,161343,1,MPG,"TROY-F, LLC",1FTFW1E88PFA71967,7/7/2023,17,59531.52,2023,FORD,F-150
7/24/2023,AE,AEABT9,161343,1,MPG,"TROY-F, LLC",1FTFW1E88PFB32850,4/24/2023,91,67622.52,2023,FORD,F-150
7/24/2023,AE,AEABT9,161343,1,MPG,"TROY-F, LLC",1FTFW1E89PFA70309,7/12/2023,12,56602.72,2023,FORD,F-150
7/24/2023,AE,AEABT9,161343,1,MPG,"TROY-F, LLC",1FTFW1E89PFA71203,4/25/2023,90,58976.52,2023,FORD,F-150
7/24/2023,AE,AEABT9,161343,1,MPG,"TROY-F, LLC",1FTFW1ED0NFC17854,3/15/2023,131,69640.64,2022,FORD,F-150
7/24/2023,AE,AEABT9,161343,1,MPG,"TROY-F, LLC",1FTFW1ED1NFC18432,12/22/2022,214,59290.64,2022,FORD,F-150
7/24/2023,AE,AEABT9,161343,1,MPG,"TROY-F, LLC",1FTFW1ED5PFB32737,6/28/2023,26,63169.92,2023,FORD,F-150
7/24/2023,AE,AEABT9,161343,1,MPG,"TROY-F, LLC",1FTFW1ED7PFA57751,5/5/2023,80,70432.12,2023,FORD,F-150
7/24/2023,AE,AEABT9,161343,1,MPG,"TROY-F, LLC",1FTFW1EDXPFB31079,6/29/2023,25,61317.92,2023,FORD,F-150
7/24/2023,AE,AEABT9,161343,1,MPG,"TROY-F, LLC",1FTFW1EDXPFB32152,7/7/2023,17,62149.92,2023,FORD,F-150
7/24/2023,AE,AEABT9,161343,1,MPG,"TROY-F, LLC",1FTFX1E58PKD09827,5/5/2023,80,59638.72,2023,FORD,F-150
7/24/2023,AE,AEABT9,161343,1,MPG,"TROY-F, LLC",2FMPK4AP0PBA06557,6/1/2023,53,46749.08,2023,FORD,EDGE
7/24/2023,AE,AEABT9,161343,1,MPG,"TROY-F, LLC",2FMPK4AP4PBA13060,5/30/2023,55,46796.08,2023,FORD,EDGE
7/24/2023,AE,AEABT9,161343,1,MPG,"TROY-F, LLC",2FMPK4AP6PBA13514,5/18/2023,67,46796.08,2023,FORD,EDGE
7/24/2023,AE,AEABT9,161343,1,MPG,"TROY-F, LLC",3FMCR9C61PRD50802,7/7/2023,17,38512.44,2023,FORD,BRONCO SPORT
7/24/2023,AE,AEABT9,161343,1,NEW,"TROY-F, LLC",1FTFW1ED9PFB13463,6/11/2023,43,62112.92,2023,FORD,F-150
7/24/2023,AE,AEABT9,161343,1,NEW,"TROY-F, LLC",1FTRF2BN0PEC03400,6/17/2023,37,55054.88,2023,FORD,F-250
7/24/2023,AE,AEABT9,161343,1,NEW,"TROY-F, LLC",3FMTK4SX4PMA19873,7/12/2023,12,73710,2023,FORD,MUSTANG MACH-E
7/24/2023,AE,AEABT9,161343,1,PANW,"TROY-F, LLC",1FMCU0GNXPUA68372,7/20/2023,4,30670.67,2023,FORD,ESCAPE
7/24/2023,AE,AEABT9,161343,1,PANW,"TROY-F, LLC",1FMCU9GN4PUA69523,7/22/2023,2,35457.86,2023,FORD,ESCAPE
7/24/2023,AE,AEABT9,161343,1,PANW,"TROY-F, LLC",1FMCU9GN5PUA47420,6/21/2023,33,32283.67,2023,FORD,ESCAPE
7/24/2023,AE,AEABT9,161343,1,PANW,"TROY-F, LLC",1FMCU9GN5PUA69420,7/22/2023,2,34108.86,2023,FORD,ESCAPE
7/24/2023,AE,AEABT9,161343,1,PANW,"TROY-F, LLC",1FMCU9GN5PUA70390,7/20/2023,4,35645.86,2023,FORD,ESCAPE
7/24/2023,AE,AEABT9,161343,1,PANW,"TROY-F, LLC",1FMCU9GN9PUA69923,7/20/2023,4,33958.86,2023,FORD,ESCAPE
7/24/2023,AE,AEABT9,161343,1,PANW,"TROY-F, LLC",1FMCU9JA4PUA69088,7/22/2023,2,37320.86,2023,FORD,ESCAPE
7/24/2023,AE,AEABT9,161343,1,PANW,"TROY-F, LLC",1FMCU9JAXPUA69306,7/22/2023,2,39392.86,2023,FORD,ESCAPE
7/24/2023,AE,AEABT9,161343,1,PANW,"TROY-F, LLC",1FMCU9MNXPUA70163,7/22/2023,2,33075.86,2023,FORD,ESCAPE
7/24/2023,AE,AEABT9,161343,1,PANW,"TROY-F, LLC",1FMCU9NAXPUA51303,6/3/2023,51,38834.67,2023,FORD,ESCAPE
7/24/2023,AE,AEABT9,161343,1,PANW,"TROY-F, LLC",1FMEE5DP2PLB55651,7/13/2023,11,57124.2,2023,FORD,BRONCO
7/24/2023,AE,AEABT9,161343,1,PANW,"TROY-F, LLC",1FMEE5DP3PLB66044,7/13/2023,11,66180.2,2023,FORD,BRONCO
7/24/2023,AE,AEABT9,161343,1,PANW,"TROY-F, LLC",1FMEE5DP4PLB51245,7/3/2023,21,61170.2,2023,FORD,BRONCO
7/24/2023,AE,AEABT9,161343,1,PANW,"TROY-F, LLC",1FMEE5DP5PLB67857,7/13/2023,11,63953.2,2023,FORD,BRONCO
7/24/2023,AE,AEABT9,161343,1,PANW,"TROY-F, LLC",1FMEE5DP7PLB70355,7/20/2023,4,64481.2,2023,FORD,BRONCO
7/24/2023,AE,AEABT9,161343,1,PANW,"TROY-F, LLC",1FMEE5DP8PLB66072,7/3/2023,21,65839.2,2023,FORD,BRONCO
7/24/2023,AE,AEABT9,161343,1,PANW,"TROY-F, LLC",1FMEE5DP9PLB55131,7/15/2023,9,53865.2,2023,FORD,BRONCO
7/24/2023,AE,AEABT9,161343,1,PANW,"TROY-F, LLC",1FMEE5DP9PLB65724,7/13/2023,11,62879.2,2023,FORD,BRONCO
7/24/2023,AE,AEABT9,161343,1,PANW,"TROY-F, LLC",1FMEE5DPXPLB50262,7/14/2023,10,55366.2,2023,FORD,BRONCO
7/24/2023,AE,AEABT9,161343,1,PANW,"TROY-F, LLC",1FMEE5DPXPLB65960,6/29/2023,25,62861.2,2023,FORD,BRONCO
7/24/2023,AE,AEABT9,161343,1,PANW,"TROY-F, LLC",1FMJK2A85PEA49945,6/12/2023,42,76034.3,2023,FORD,EXPEDITION
7/24/2023,AE,AEABT9,161343,1,PANW,"TROY-F, LLC",1FT6W1EVXPWG19280,7/20/2023,4,95345,2023,FORD,F-150
7/24/2023,AE,AEABT9,161343,1,PANW,"TROY-F, LLC",1FTBW1XK1PKA90634,6/3/2023,51,59070,2023,FORD,TRANSIT
7/24/2023,AE,AEABT9,161343,1,PANW,"TROY-F, LLC",1FTBW1XK5PKA92483,6/3/2023,51,57640,2023,FORD,TRANSIT
7/24/2023,AE,AEABT9,161343,1,PANW,"TROY-F, LLC",1FTBW3XK0PKB55601,7/24/2023,0,59695,2023,FORD,TRANSIT
7/24/2023,AE,AEABT9,161343,1,PANW,"TROY-F, LLC",1FTBW9CK8PKA78159,6/3/2023,51,59335,2023,FORD,TRANSIT
7/24/2023,AE,AEABT9,161343,1,PANW,"TROY-F, LLC",1FTER4FH3PLE32896,7/3/2023,21,46611.2,2023,FORD,RANGER
7/24/2023,AE,AEABT9,161343,1,PANW,"TROY-F, LLC",1FTER4FH4PLE31711,6/21/2023,33,42695.2,2023,FORD,RANGER
7/24/2023,AE,AEABT9,161343,1,PANW,"TROY-F, LLC",1FTER4FH4PLE32891,6/9/2023,45,41394.2,2023,FORD,RANGER
7/24/2023,AE,AEABT9,161343,1,PANW,"TROY-F, LLC",1FTER4FH7PLE33002,6/21/2023,33,41390.2,2023,FORD,RANGER
7/24/2023,AE,AEABT9,161343,1,PANW,"TROY-F, LLC",1FTER4FH9PLE32756,6/21/2023,33,42695.2,2023,FORD,RANGER
7/24/2023,AE,AEABT9,161343,1,PANW,"TROY-F, LLC",1FTEW1EP1PFB92875,6/15/2023,39,59457.36,2023,FORD,F-150
7/24/2023,AE,AEABT9,161343,1,PANW,"TROY-F, LLC",1FTEW1EP1PFB93993,6/15/2023,39,58216.26,2023,FORD,F-150
7/24/2023,AE,AEABT9,161343,1,PANW,"TROY-F, LLC",1FTEW1EP1PFB94741,6/9/2023,45,59708.36,2023,FORD,F-150
7/24/2023,AE,AEABT9,161343,1,PANW,"TROY-F, LLC",1FTEW1EP1PKE63585,6/7/2023,47,57214.26,2023,FORD,F-150
7/24/2023,AE,AEABT9,161343,1,PANW,"TROY-F, LLC",1FTEW1EP5PKE48393,6/7/2023,47,57184.26,2023,FORD,F-150
7/24/2023,AE,AEABT9,161343,1,PANW,"TROY-F, LLC",1FTEW1EP9PKE49708,6/7/2023,47,57183.26,2023,FORD,F-150
7/24/2023,AE,AEABT9,161343,1,PANW,"TROY-F, LLC",1FTFW1E53PKE59685,6/13/2023,41,58214.36,2023,FORD,F-150
7/24/2023,AE,AEABT9,161343,1,PANW,"TROY-F, LLC",1FTFW1E54PFC21580,7/8/2023,16,58102.36,2023,FORD,F-150
7/24/2023,AE,AEABT9,161343,1,PANW,"TROY-F, LLC",1FTFW1E55PKE82692,7/14/2023,10,56490.36,2023,FORD,F-150
7/24/2023,AE,AEABT9,161343,1,PANW,"TROY-F, LLC",1FTFW1E80PFC20355,7/5/2023,19,72242.36,2023,FORD,F-150
7/24/2023,AE,AEABT9,161343,1,PANW,"TROY-F, LLC",1FTFW1ED1PFC20488,7/5/2023,19,80465.81,2023,FORD,F-150
7/24/2023,AE,AEABT9,161343,1,PANW,"TROY-F, LLC",2FMPK4J91PBA51248,6/17/2023,37,43959.69,2023,FORD,EDGE
7/24/2023,AE,AEABT9,161343,1,PANW,"TROY-F, LLC",2FMPK4J97PBA51044,6/21/2023,33,42559.69,2023,FORD,EDGE
7/24/2023,AE,AEABT9,161343,1,PANW,"TROY-F, LLC",2FMPK4J98PBA52378,6/20/2023,34,42597.69,2023,FORD,EDGE
7/24/2023,AE,AEABT9,161343,1,PANW,"TROY-F, LLC",3FMCR9B61PRD84045,7/14/2023,10,34478.67,2023,FORD,BRONCO SPORT
7/24/2023,AE,AEABT9,161343,1,PANW,"TROY-F, LLC",3FMCR9B63PRD64458,6/29/2023,25,32096.67,2023,FORD,BRONCO SPORT
7/24/2023,AE,AEABT9,161343,1,PANW,"TROY-F, LLC",3FMCR9B64PRD85061,7/14/2023,10,34516.67,2023,FORD,BRONCO SPORT
7/24/2023,AE,AEABT9,161343,1,PANW,"TROY-F, LLC",3FMCR9B66PRD66611,6/29/2023,25,32096.67,2023,FORD,BRONCO SPORT
7/24/2023,AE,AEABT9,161343,1,PANW,"TROY-F, LLC",3FMCR9C60PRD65887,6/29/2023,25,36484.67,2023,FORD,BRONCO SPORT
7/24/2023,AE,AEABT9,161343,1,PANW,"TROY-F, LLC",3FMCR9C63PRD88791,7/6/2023,18,38721.67,2023,FORD,BRONCO SPORT
7/24/2023,AE,AEABT9,161343,1,PANW,"TROY-F, LLC",3FMCR9C64PRD69358,6/21/2023,33,36634.67,2023,FORD,BRONCO SPORT
7/24/2023,AE,AEABT9,161343,1,PANW,"TROY-F, LLC",3FMCR9C65PRD60541,6/21/2023,33,38833.67,2023,FORD,BRONCO SPORT
7/24/2023,AE,AEABT9,161343,1,PANW,"TROY-F, LLC",3FMCR9C65PRD60703,6/30/2023,24,39233.67,2023,FORD,BRONCO SPORT
7/24/2023,AE,AEABT9,161343,1,PANW,"TROY-F, LLC",3FMCR9C65PRD65948,7/13/2023,11,36634.67,2023,FORD,BRONCO SPORT
7/24/2023,AE,AEABT9,161343,1,PANW,"TROY-F, LLC",3FMCR9C66PRD68227,7/5/2023,19,36634.67,2023,FORD,BRONCO SPORT
7/24/2023,AE,AEABT9,161343,1,PANW,"TROY-F, LLC",3FMCR9C67PRD64090,7/5/2023,19,36484.67,2023,FORD,BRONCO SPORT
7/24/2023,AE,AEABT9,161343,1,PANW,"TROY-F, LLC",3FMCR9C68PRD68049,6/21/2023,33,36484.67,2023,FORD,BRONCO SPORT
7/24/2023,AE,AEABT9,161343,1,PANW,"TROY-F, LLC",3FMCR9C68PRD68679,6/30/2023,24,36634.67,2023,FORD,BRONCO SPORT
7/24/2023,AE,AEABT9,161343,1,PANW,"TROY-F, LLC",3FMCR9C69PRD60767,6/21/2023,33,38274.67,2023,FORD,BRONCO SPORT
7/24/2023,AE,AEABT9,161343,1,PANW,"TROY-F, LLC",3FMCR9D92PRD78049,7/22/2023,2,43619.67,2023,FORD,BRONCO SPORT
7/24/2023,AE,AEABT9,161343,1,PANW,"TROY-F, LLC",3FMCR9D95PRD78367,7/15/2023,9,43413.67,2023,FORD,BRONCO SPORT
7/24/2023,AE,AEABT9,161343,1,PANW,"TROY-F, LLC",3FMCR9G60PRD82649,7/14/2023,10,36246.67,2023,FORD,BRONCO SPORT
7/24/2023,AE,AEABT9,161343,1,PANW,"TROY-F, LLC",3FMCR9G61PRD13985,6/20/2023,34,35935.67,2023,FORD,BRONCO SPORT
7/24/2023,AE,AEABT9,161343,1,PANW,"TROY-F, LLC",3FMCR9G68PRD82074,7/6/2023,18,36884.67,2023,FORD,BRONCO SPORT
7/24/2023,AE,AEABT9,161343,1,PANW,"TROY-F, LLC",3FMTK3SU3PMA51097,7/12/2023,12,63540,2023,FORD,MUSTANG MACH-E
7/24/2023,AE,AEABT9,161343,1,PANW,"TROY-F, LLC",3FMTK4SX1PMA57223,7/13/2023,11,72845,2023,FORD,MUSTANG MACH-E
7/24/2023,AE,AEABT9,161343,1,PANW,"TROY-F, LLC",3FMTK4SX2PMA53326,7/20/2023,4,72845,2023,FORD,MUSTANG MACH-E
7/24/2023,AE,AEABT9,161343,1,PANW,"TROY-F, LLC",3FMTK4SX6PMA54429,7/19/2023,5,72845,2023,FORD,MUSTANG MACH-E
7/24/2023,AE,AEABT9,161343,1,PANW,"TROY-F, LLC",3FMTK4SXXPMA23488,7/5/2023,19,72845,2023,FORD,MUSTANG MACH-E
7/24/2023,AE,AEABT9,161343,1,PANW,"TROY-F, LLC",3FTTW8E38PRA57733,7/20/2023,4,25997.65,2023,FORD,MAVERICK
7/24/2023,AE,AEABT9,161343,1,PANW,"TROY-F, LLC",3FTTW8F9XPRA60281,7/15/2023,9,28072.18,2023,FORD,MAVERICK
7/24/2023,AE,AEABT9,161343,1,PANW,"TROY-F, LLC",3FTTW8F94PRA48708,7/13/2023,11,28072.18,2023,FORD,MAVERICK
7/24/2023,AE,AEABT9,161343,1,PANW,"TROY-F, LLC",3FTTW8F97PRA44331,7/12/2023,12,30439.18,2023,FORD,MAVERICK
7/24/2023,AE,AEABT9,161343,1,PANW,"TROY-F, LLC",3FTTW8F98PRA58206,7/15/2023,9,26657.18,2023,FORD,MAVERICK
7/24/2023,AE,AEABT9,161343,1,PANW,"TROY-F, LLC",3FTTW8G98PRA59466,7/22/2023,2,31461.18,2023,FORD,MAVERICK
7/24/2023,AE,AEABT9,161343,1,PANW,"TROY-F, LLC",NM0LE6T25P1555168,7/3/2023,21,37547.65,2023,FORD,TRANSIT CONNECT
7/24/2023,AE,AEABT9,161343,1,PANW,"TROY-F, LLC",NM0LE6T27P1555169,6/16/2023,38,37547.65,2023,FORD,TRANSIT CONNECT
7/24/2023,AE,AEABT9,161343,1,PANW,"TROY-F, LLC",NM0LS7S23P1553127,7/22/2023,2,36788.65,2023,FORD,TRANSIT CONNECT
7/24/2023,AE,AEABT9,161343,1,PANW,"TROY-F, LLC",NM0LS7S24P1553492,7/15/2023,9,36460.65,2023,FORD,TRANSIT CONNECT
7/24/2023,AE,AEABT9,161343,1,PANW,"TROY-F, LLC",NM0LS7T24P1553135,7/15/2023,9,38713.65,2023,FORD,TRANSIT CONNECT
7/24/2023,AE,AEABTA,161372,1,FSLP,"WASHINGTON-F, LLC",1FMCU9FN2PUA52303,6/30/2023,24,30179.67,2023,FORD,ESCAPE
7/24/2023,AE,AEABTA,161372,1,FSLP,"WASHINGTON-F, LLC",1FMCU9GN0PUA15460,5/12/2023,73,31909.44,2023,FORD,ESCAPE
7/24/2023,AE,AEABTA,161372,1,FSLP,"WASHINGTON-F, LLC",1FMCU9GN0PUA65324,7/12/2023,12,31889.67,2023,FORD,ESCAPE
7/24/2023,AE,AEABTA,161372,1,FSLP,"WASHINGTON-F, LLC",1FMCU9GN2PUA43972,7/12/2023,12,32287.67,2023,FORD,ESCAPE
7/24/2023,AE,AEABTA,161372,1,FSLP,"WASHINGTON-F, LLC",1FMCU9GN3PUA03383,5/31/2023,54,31818.67,2023,FORD,ESCAPE
7/24/2023,AE,AEABTA,161372,1,FSLP,"WASHINGTON-F, LLC",1FMCU9GN3PUA46265,7/20/2023,4,32159.67,2023,FORD,ESCAPE
7/24/2023,AE,AEABTA,161372,1,FSLP,"WASHINGTON-F, LLC",1FMCU9GN3PUA73045,7/20/2023,4,31889.67,2023,FORD,ESCAPE
7/24/2023,AE,AEABTA,161372,1,FSLP,"WASHINGTON-F, LLC",1FMCU9GN4PUA43374,6/14/2023,40,31889.67,2023,FORD,ESCAPE
7/24/2023,AE,AEABTA,161372,1,FSLP,"WASHINGTON-F, LLC",1FMCU9GN5PUA01943,6/14/2023,40,32753.67,2023,FORD,ESCAPE
7/24/2023,AE,AEABTA,161372,1,FSLP,"WASHINGTON-F, LLC",1FMCU9GN7PUA37293,5/31/2023,54,32824.67,2023,FORD,ESCAPE
7/24/2023,AE,AEABTA,161372,1,FSLP,"WASHINGTON-F, LLC",1FMCU9GN7PUA52795,7/12/2023,12,31818.67,2023,FORD,ESCAPE
7/24/2023,AE,AEABTA,161372,1,FSLP,"WASHINGTON-F, LLC",1FMCU9GN9PUA03193,5/31/2023,54,31818.67,2023,FORD,ESCAPE
7/24/2023,AE,AEABTA,161372,1,FSLP,"WASHINGTON-F, LLC",1FMCU9MN2PUA03377,5/22/2023,63,33003.67,2023,FORD,ESCAPE
7/24/2023,AE,AEABTA,161372,1,FSLP,"WASHINGTON-F, LLC",1FMCU9MN4PUA51480,6/28/2023,26,32844.67,2023,FORD,ESCAPE
7/24/2023,AE,AEABTA,161372,1,FSLP,"WASHINGTON-F, LLC",1FMCU9MN4PUA52581,6/30/2023,24,33003.67,2023,FORD,ESCAPE
7/24/2023,AE,AEABTA,161372,1,FSLP,"WASHINGTON-F, LLC",1FMCU9MN5PUA43159,6/19/2023,35,33074.67,2023,FORD,ESCAPE
7/24/2023,AE,AEABTA,161372,1,FSLP,"WASHINGTON-F, LLC",1FMCU9NA1PUA10445,7/12/2023,12,37147.67,2023,FORD,ESCAPE
7/24/2023,AE,AEABTA,161372,1,FSLP,"WASHINGTON-F, LLC",1FMCU9NZ7PUA47506,6/30/2023,24,35668.67,2023,FORD,ESCAPE
7/24/2023,AE,AEABTA,161372,1,FSLP,"WASHINGTON-F, LLC",1FMCU9NZ9PUA30741,6/30/2023,24,36603.67,2023,FORD,ESCAPE
7/24/2023,AE,AEABTA,161372,1,FSLP,"WASHINGTON-F, LLC",1FMJK2A80PEA25696,6/28/2023,26,75593.6,2023,FORD,EXPEDITION
7/24/2023,AE,AEABTA,161372,1,FSLP,"WASHINGTON-F, LLC",1FMJK2A82PEA39776,6/28/2023,26,76734.3,2023,FORD,EXPEDITION
7/24/2023,AE,AEABTA,161372,1,FSLP,"WASHINGTON-F, LLC",1FMJK2A83PEA33727,6/28/2023,26,79700.6,2023,FORD,EXPEDITION
7/24/2023,AE,AEABTA,161372,1,FSLP,"WASHINGTON-F, LLC",1FMJK2A83PEA39771,6/28/2023,26,76922.3,2023,FORD,EXPEDITION
7/24/2023,AE,AEABTA,161372,1,FSLP,"WASHINGTON-F, LLC",1FMSK8DH0PGB02946,5/12/2023,73,47529.08,2023,FORD,EXPLORER
7/24/2023,AE,AEABTA,161372,1,FSLP,"WASHINGTON-F, LLC",1FMSK8DH0PGB30908,7/12/2023,12,46221.69,2023,FORD,EXPLORER
7/24/2023,AE,AEABTA,161372,1,FSLP,"WASHINGTON-F, LLC",1FMSK8DH1PGB07752,7/8/2023,16,47718.69,2023,FORD,EXPLORER
7/24/2023,AE,AEABTA,161372,1,FSLP,"WASHINGTON-F, LLC",1FMSK8DH2PGA41695,5/31/2023,54,44122.08,2023,FORD,EXPLORER
7/24/2023,AE,AEABTA,161372,1,FSLP,"WASHINGTON-F, LLC",1FMSK8DH3PGA27837,7/20/2023,4,46263.69,2023,FORD,EXPLORER
7/24/2023,AE,AEABTA,161372,1,FSLP,"WASHINGTON-F, LLC",1FMSK8DH3PGA38692,5/22/2023,63,43657.08,2023,FORD,EXPLORER
7/24/2023,AE,AEABTA,161372,1,FSLP,"WASHINGTON-F, LLC",1FMSK8DH4PGA40659,6/14/2023,40,43657.08,2023,FORD,EXPLORER
7/24/2023,AE,AEABTA,161372,1,FSLP,"WASHINGTON-F, LLC",1FMSK8DH4PGA73418,6/19/2023,35,45513.08,2023,FORD,EXPLORER
7/24/2023,AE,AEABTA,161372,1,FSLP,"WASHINGTON-F, LLC",1FMSK8DH4PGA74102,7/20/2023,4,45516.69,2023,FORD,EXPLORER
7/24/2023,AE,AEABTA,161372,1,FSLP,"WASHINGTON-F, LLC",1FMSK8DH4PGA74343,6/19/2023,35,45513.08,2023,FORD,EXPLORER
7/24/2023,AE,AEABTA,161372,1,FSLP,"WASHINGTON-F, LLC",1FMSK8DH5PGA72102,6/19/2023,35,45516.69,2023,FORD,EXPLORER
7/24/2023,AE,AEABTA,161372,1,FSLP,"WASHINGTON-F, LLC",1FMSK8DH5PGA94374,6/19/2023,35,44169.08,2023,FORD,EXPLORER
7/24/2023,AE,AEABTA,161372,1,FSLP,"WASHINGTON-F, LLC",1FMSK8DH5PGB05678,6/28/2023,26,46174.69,2023,FORD,EXPLORER
7/24/2023,AE,AEABTA,161372,1,FSLP,"WASHINGTON-F, LLC",1FMSK8DH5PGB35764,7/12/2023,12,45464.69,2023,FORD,EXPLORER
7/24/2023,AE,AEABTA,161372,1,FSLP,"WASHINGTON-F, LLC",1FMSK8DH6PGA93332,6/14/2023,40,43657.08,2023,FORD,EXPLORER
7/24/2023,AE,AEABTA,161372,1,FSLP,"WASHINGTON-F, LLC",1FMSK8DH6PGA98451,6/19/2023,35,44407.69,2023,FORD,EXPLORER
7/24/2023,AE,AEABTA,161372,1,FSLP,"WASHINGTON-F, LLC",1FMSK8DH7PGA27680,6/14/2023,40,45513.08,2023,FORD,EXPLORER
7/24/2023,AE,AEABTA,161372,1,FSLP,"WASHINGTON-F, LLC",1FMSK8DH7PGA95011,6/14/2023,40,44404.08,2023,FORD,EXPLORER
7/24/2023,AE,AEABTA,161372,1,FSLP,"WASHINGTON-F, LLC",1FMSK8DH8PGA43175,5/22/2023,63,43657.08,2023,FORD,EXPLORER
7/24/2023,AE,AEABTA,161372,1,FSLP,"WASHINGTON-F, LLC",1FMSK8DH8PGB05514,7/12/2023,12,45244.69,2023,FORD,EXPLORER
7/24/2023,AE,AEABTA,161372,1,FSLP,"WASHINGTON-F, LLC",1FMSK8DH9PGA91588,6/19/2023,35,44404.08,2023,FORD,EXPLORER
7/24/2023,AE,AEABTA,161372,1,FSLP,"WASHINGTON-F, LLC",1FMSK8DHXPGA89526,6/14/2023,40,43845.08,2023,FORD,EXPLORER
7/24/2023,AE,AEABTA,161372,1,FSLP,"WASHINGTON-F, LLC",1FMSK8DHXPGB31242,7/5/2023,19,48091.69,2023,FORD,EXPLORER
7/24/2023,AE,AEABTA,161372,1,FSLP,"WASHINGTON-F, LLC",1FTEW1EP0PFB21926,6/14/2023,40,58022.52,2023,FORD,F-150
7/24/2023,AE,AEABTA,161372,1,FSLP,"WASHINGTON-F, LLC",1FTEW1EP0PFB35051,6/19/2023,35,57749.52,2023,FORD,F-150
7/24/2023,AE,AEABTA,161372,1,FSLP,"WASHINGTON-F, LLC",1FTEW1EP0PFB66865,7/20/2023,4,57152.26,2023,FORD,F-150
7/24/2023,AE,AEABTA,161372,1,FSLP,"WASHINGTON-F, LLC",1FTEW1EP0PKD67513,7/20/2023,4,54092.32,2023,FORD,F-150
7/24/2023,AE,AEABTA,161372,1,FSLP,"WASHINGTON-F, LLC",1FTEW1EP0PKD75045,6/14/2023,40,59577.52,2023,FORD,F-150
7/24/2023,AE,AEABTA,161372,1,FSLP,"WASHINGTON-F, LLC",1FTEW1EP0PKD97269,6/28/2023,26,54743.32,2023,FORD,F-150
7/24/2023,AE,AEABTA,161372,1,FSLP,"WASHINGTON-F, LLC",1FTEW1EP0PKE04320,6/19/2023,35,55181.52,2023,FORD,F-150
7/24/2023,AE,AEABTA,161372,1,FSLP,"WASHINGTON-F, LLC",1FTEW1EP0PKE04334,7/12/2023,12,58653.32,2023,FORD,F-150
7/24/2023,AE,AEABTA,161372,1,FSLP,"WASHINGTON-F, LLC",1FTEW1EP0PKE04771,6/30/2023,24,54743.32,2023,FORD,F-150
7/24/2023,AE,AEABTA,161372,1,FSLP,"WASHINGTON-F, LLC",1FTEW1EP1PFA50736,7/12/2023,12,54442.52,2023,FORD,F-150
7/24/2023,AE,AEABTA,161372,1,FSLP,"WASHINGTON-F, LLC",1FTEW1EP1PFB47936,7/20/2023,4,56531.32,2023,FORD,F-150
7/24/2023,AE,AEABTA,161372,1,FSLP,"WASHINGTON-F, LLC",1FTEW1EP1PFB55213,7/20/2023,4,54953.26,2023,FORD,F-150
7/24/2023,AE,AEABTA,161372,1,FSLP,"WASHINGTON-F, LLC",1FTEW1EP1PKE04441,6/30/2023,24,54743.32,2023,FORD,F-150
7/24/2023,AE,AEABTA,161372,1,FSLP,"WASHINGTON-F, LLC",1FTEW1EP2PFB49839,6/28/2023,26,55581.32,2023,FORD,F-150
7/24/2023,AE,AEABTA,161372,1,FSLP,"WASHINGTON-F, LLC",1FTEW1EP2PFB50120,7/12/2023,12,56942.32,2023,FORD,F-150
7/24/2023,AE,AEABTA,161372,1,FSLP,"WASHINGTON-F, LLC",1FTEW1EP2PFB55804,7/20/2023,4,56309.32,2023,FORD,F-150
7/24/2023,AE,AEABTA,161372,1,FSLP,"WASHINGTON-F, LLC",1FTEW1EP2PKE04349,7/12/2023,12,57692.32,2023,FORD,F-150
7/24/2023,AE,AEABTA,161372,1,FSLP,"WASHINGTON-F, LLC",1FTEW1EP2PKE06683,6/14/2023,40,55376.32,2023,FORD,F-150
7/24/2023,AE,AEABTA,161372,1,FSLP,"WASHINGTON-F, LLC",1FTEW1EP2PKE07008,6/19/2023,35,57925.52,2023,FORD,F-150
7/24/2023,AE,AEABTA,161372,1,FSLP,"WASHINGTON-F, LLC",1FTEW1EP2PKE24536,7/20/2023,4,58584.36,2023,FORD,F-150
7/24/2023,AE,AEABTA,161372,1,FSLP,"WASHINGTON-F, LLC",1FTEW1EP3PFA50687,4/19/2023,96,55916.72,2023,FORD,F-150
7/24/2023,AE,AEABTA,161372,1,FSLP,"WASHINGTON-F, LLC",1FTEW1EP3PFA71832,7/20/2023,4,53474.52,2023,FORD,F-150
7/24/2023,AE,AEABTA,161372,1,FSLP,"WASHINGTON-F, LLC",1FTEW1EP3PFB50062,7/20/2023,4,57306.32,2023,FORD,F-150
7/24/2023,AE,AEABTA,161372,1,FSLP,"WASHINGTON-F, LLC",1FTEW1EP3PFB50255,6/28/2023,26,57906.32,2023,FORD,F-150
7/24/2023,AE,AEABTA,161372,1,FSLP,"WASHINGTON-F, LLC",1FTEW1EP3PFB55651,7/20/2023,4,57387.36,2023,FORD,F-150
7/24/2023,AE,AEABTA,161372,1,FSLP,"WASHINGTON-F, LLC",1FTEW1EP4PFB54945,7/20/2023,4,55950.26,2023,FORD,F-150
7/24/2023,AE,AEABTA,161372,1,FSLP,"WASHINGTON-F, LLC",1FTEW1EP5PFA52103,3/17/2023,129,55127.52,2023,FORD,F-150
7/24/2023,AE,AEABTA,161372,1,FSLP,"WASHINGTON-F, LLC",1FTEW1EP5PFA87756,6/14/2023,40,55027.52,2023,FORD,F-150
7/24/2023,AE,AEABTA,161372,1,FSLP,"WASHINGTON-F, LLC",1FTEW1EP5PFB55649,7/12/2023,12,55945.32,2023,FORD,F-150
7/24/2023,AE,AEABTA,161372,1,FSLP,"WASHINGTON-F, LLC",1FTEW1EP5PFB56249,7/20/2023,4,55586.26,2023,FORD,F-150
7/24/2023,AE,AEABTA,161372,1,FSLP,"WASHINGTON-F, LLC",1FTEW1EP5PFB66747,7/20/2023,4,55427.26,2023,FORD,F-150
7/24/2023,AE,AEABTA,161372,1,FSLP,"WASHINGTON-F, LLC",1FTEW1EP5PKD20820,5/12/2023,73,58096.52,2023,FORD,F-150
7/24/2023,AE,AEABTA,161372,1,FSLP,"WASHINGTON-F, LLC",1FTEW1EP5PKD96134,6/28/2023,26,57749.52,2023,FORD,F-150
7/24/2023,AE,AEABTA,161372,1,FSLP,"WASHINGTON-F, LLC",1FTEW1EP5PKE04068,7/12/2023,12,57615.52,2023,FORD,F-150
7/24/2023,AE,AEABTA,161372,1,FSLP,"WASHINGTON-F, LLC",1FTEW1EP5PKE33652,7/20/2023,4,59382.26,2023,FORD,F-150
7/24/2023,AE,AEABTA,161372,1,FSLP,"WASHINGTON-F, LLC",1FTEW1EP5PKE33697,7/20/2023,4,56788.26,2023,FORD,F-150
7/24/2023,AE,AEABTA,161372,1,FSLP,"WASHINGTON-F, LLC",1FTEW1EP6PFA90830,6/14/2023,40,57857.52,2023,FORD,F-150
7/24/2023,AE,AEABTA,161372,1,FSLP,"WASHINGTON-F, LLC",1FTEW1EP6PFA99740,5/19/2023,66,54849.52,2023,FORD,F-150
7/24/2023,AE,AEABTA,161372,1,FSLP,"WASHINGTON-F, LLC",1FTEW1EP6PFB50024,6/30/2023,24,54948.32,2023,FORD,F-150
7/24/2023,AE,AEABTA,161372,1,FSLP,"WASHINGTON-F, LLC",1FTEW1EP6PFB51612,7/20/2023,4,56988.52,2023,FORD,F-150
7/24/2023,AE,AEABTA,161372,1,FSLP,"WASHINGTON-F, LLC",1FTEW1EP6PFB55790,7/20/2023,4,55586.26,2023,FORD,F-150
7/24/2023,AE,AEABTA,161372,1,FSLP,"WASHINGTON-F, LLC",1FTEW1EP6PKD94604,6/30/2023,24,54565.32,2023,FORD,F-150
7/24/2023,AE,AEABTA,161372,1,FSLP,"WASHINGTON-F, LLC",1FTEW1EP6PKE19310,7/20/2023,4,57465.32,2023,FORD,F-150
7/24/2023,AE,AEABTA,161372,1,FSLP,"WASHINGTON-F, LLC",1FTEW1EP7PFA87760,6/19/2023,35,55027.52,2023,FORD,F-150
7/24/2023,AE,AEABTA,161372,1,FSLP,"WASHINGTON-F, LLC",1FTEW1EP7PFB35998,6/19/2023,35,58517.32,2023,FORD,F-150
7/24/2023,AE,AEABTA,161372,1,FSLP,"WASHINGTON-F, LLC",1FTEW1EP7PFB48122,6/28/2023,26,56104.32,2023,FORD,F-150
7/24/2023,AE,AEABTA,161372,1,FSLP,"WASHINGTON-F, LLC",1FTEW1EP7PKE01656,7/12/2023,12,58304.52,2023,FORD,F-150
7/24/2023,AE,AEABTA,161372,1,FSLP,"WASHINGTON-F, LLC",1FTEW1EP7PKE04427,6/30/2023,24,54743.32,2023,FORD,F-150
7/24/2023,AE,AEABTA,161372,1,FSLP,"WASHINGTON-F, LLC",1FTEW1EP7PKE05058,6/19/2023,35,55376.32,2023,FORD,F-150
7/24/2023,AE,AEABTA,161372,1,FSLP,"WASHINGTON-F, LLC",1FTEW1EP7PKE19736,7/12/2023,12,54411.32,2023,FORD,F-150
7/24/2023,AE,AEABTA,161372,1,FSLP,"WASHINGTON-F, LLC",1FTEW1EP8PFA51690,4/19/2023,96,54745.52,2023,FORD,F-150
7/24/2023,AE,AEABTA,161372,1,FSLP,"WASHINGTON-F, LLC",1FTEW1EP8PFA87525,6/19/2023,35,55027.52,2023,FORD,F-150
7/24/2023,AE,AEABTA,161372,1,FSLP,"WASHINGTON-F, LLC",1FTEW1EP8PFB11676,6/14/2023,40,54743.32,2023,FORD,F-150
7/24/2023,AE,AEABTA,161372,1,FSLP,"WASHINGTON-F, LLC",1FTEW1EP8PFB56262,7/20/2023,4,55581.32,2023,FORD,F-150
7/24/2023,AE,AEABTA,161372,1,FSLP,"WASHINGTON-F, LLC",1FTEW1EP8PKD64228,7/20/2023,4,55181.52,2023,FORD,F-150
7/24/2023,AE,AEABTA,161372,1,FSLP,"WASHINGTON-F, LLC",1FTEW1EP8PKD91901,6/30/2023,24,60556.52,2023,FORD,F-150
7/24/2023,AE,AEABTA,161372,1,FSLP,"WASHINGTON-F, LLC",1FTEW1EP8PKE04310,7/12/2023,12,54743.32,2023,FORD,F-150
7/24/2023,AE,AEABTA,161372,1,FSLP,"WASHINGTON-F, LLC",1FTEW1EP8PKE04811,7/12/2023,12,55261.32,2023,FORD,F-150
7/24/2023,AE,AEABTA,161372,1,FSLP,"WASHINGTON-F, LLC",1FTEW1EP9PFA87954,5/31/2023,54,55027.52,2023,FORD,F-150
7/24/2023,AE,AEABTA,161372,1,FSLP,"WASHINGTON-F, LLC",1FTEW1EP9PFB35128,6/14/2023,40,59946.52,2023,FORD,F-150
7/24/2023,AE,AEABTA,161372,1,FSLP,"WASHINGTON-F, LLC",1FTEW1EP9PKE01724,6/28/2023,26,57749.52,2023,FORD,F-150
7/24/2023,AE,AEABTA,161372,1,FSLP,"WASHINGTON-F, LLC",1FTEW1EP9PKE03733,6/28/2023,26,54743.32,2023,FORD,F-150
7/24/2023,AE,AEABTA,161372,1,FSLP,"WASHINGTON-F, LLC",1FTEW1EP9PKE34268,7/20/2023,4,58054.26,2023,FORD,F-150
7/24/2023,AE,AEABTA,161372,1,FSLP,"WASHINGTON-F, LLC",1FTEW1EPXPFB32898,6/28/2023,26,54506.32,2023,FORD,F-150
7/24/2023,AE,AEABTA,161372,1,FSLP,"WASHINGTON-F, LLC",1FTEW1EPXPFB48020,6/28/2023,26,56104.32,2023,FORD,F-150
7/24/2023,AE,AEABTA,161372,1,FSLP,"WASHINGTON-F, LLC",1FTEW1EPXPFB77968,7/20/2023,4,57215.26,2023,FORD,F-150
7/24/2023,AE,AEABTA,161372,1,FSLP,"WASHINGTON-F, LLC",1FTEW1EPXPKD96551,6/14/2023,40,57866.32,2023,FORD,F-150
7/24/2023,AE,AEABTA,161372,1,FSLP,"WASHINGTON-F, LLC",1FTEW1EPXPKE05099,7/12/2023,12,55950.32,2023,FORD,F-150
7/24/2023,AE,AEABTA,161372,1,FSLP,"WASHINGTON-F, LLC",1FTEW1EPXPKE23005,7/20/2023,4,57949.26,2023,FORD,F-150
7/24/2023,AE,AEABTA,161372,1,FSLP,"WASHINGTON-F, LLC",1FTEW1EPXPKE34148,7/20/2023,4,56155.26,2023,FORD,F-150
7/24/2023,AE,AEABTA,161372,1,FSLP,"WASHINGTON-F, LLC",1FTFW1E5XPFB21757,6/19/2023,35,55982.52,2023,FORD,F-150
7/24/2023,AE,AEABTA,161372,1,FSLP,"WASHINGTON-F, LLC",1FTFW1E50PFB21766,6/19/2023,35,55982.52,2023,FORD,F-150
7/24/2023,AE,AEABTA,161372,1,FSLP,"WASHINGTON-F, LLC",1FTFW1E50PKD64436,5/12/2023,73,57189.52,2023,FORD,F-150
7/24/2023,AE,AEABTA,161372,1,FSLP,"WASHINGTON-F, LLC",1FTFW1E51PFB21680,6/19/2023,35,55982.52,2023,FORD,F-150
7/24/2023,AE,AEABTA,161372,1,FSLP,"WASHINGTON-F, LLC",1FTFW1E55PFB21665,6/19/2023,35,55982.52,2023,FORD,F-150
7/24/2023,AE,AEABTA,161372,1,FSLP,"WASHINGTON-F, LLC",1FTFW1E55PKD83791,5/31/2023,54,55982.52,2023,FORD,F-150
7/24/2023,AE,AEABTA,161372,1,FSLP,"WASHINGTON-F, LLC",1FTFW1E56PFB21741,6/19/2023,35,55982.52,2023,FORD,F-150
7/24/2023,AE,AEABTA,161372,1,FSLP,"WASHINGTON-F, LLC",1FTFW1E56PKD96405,6/19/2023,35,55982.52,2023,FORD,F-150
7/24/2023,AE,AEABTA,161372,1,FSLP,"WASHINGTON-F, LLC",1FTFW1E57PKD96249,6/19/2023,35,55982.52,2023,FORD,F-150
7/24/2023,AE,AEABTA,161372,1,FSLP,"WASHINGTON-F, LLC",1FTFW1E59PFB19546,6/19/2023,35,64873.52,2023,FORD,F-150
7/24/2023,AE,AEABTA,161372,1,FSLP,"WASHINGTON-F, LLC",1FTFW1E81PFA49311,3/31/2023,115,57713.72,2023,FORD,F-150
7/24/2023,AE,AEABTA,161372,1,FSLP,"WASHINGTON-F, LLC",1FTFW1E82PFA50726,4/14/2023,101,57331.72,2023,FORD,F-150
7/24/2023,AE,AEABTA,161372,1,FSLP,"WASHINGTON-F, LLC",1FTFW1E89PFA57818,7/21/2023,3,72410.72,2023,FORD,F-150
7/24/2023,AE,AEABTA,161372,1,FSLP,"WASHINGTON-F, LLC",1FTFW1ED4PFB09322,7/7/2023,17,62152.92,2023,FORD,F-150
7/24/2023,AE,AEABTA,161372,1,FSLP,"WASHINGTON-F, LLC",1FTFW1ED5PFB09457,5/31/2023,54,61764.92,2023,FORD,F-150
7/24/2023,AE,AEABTA,161372,1,FSLP,"WASHINGTON-F, LLC",1FTFW1ED5PFB13475,6/14/2023,40,58506.92,2023,FORD,F-150
7/24/2023,AE,AEABTA,161372,1,FSLP,"WASHINGTON-F, LLC",1FTFW1ED9PFB09316,5/31/2023,54,61640.92,2023,FORD,F-150
7/24/2023,AE,AEABTA,161372,1,FSLP,"WASHINGTON-F, LLC",1FTFW1EDXPFB13147,6/19/2023,35,58255.92,2023,FORD,F-150
7/24/2023,AE,AEABTA,161372,1,FSLP,"WASHINGTON-F, LLC",2FMPK4G90PBA42144,6/30/2023,24,39449.69,2023,FORD,EDGE
7/24/2023,AE,AEABTA,161372,1,FSLP,"WASHINGTON-F, LLC",2FMPK4G91PBA42136,6/30/2023,24,39449.69,2023,FORD,EDGE
7/24/2023,AE,AEABTA,161372,1,FSLP,"WASHINGTON-F, LLC",2FMPK4G94PBA42230,6/30/2023,24,39449.69,2023,FORD,EDGE
7/24/2023,AE,AEABTA,161372,1,FSLP,"WASHINGTON-F, LLC",2FMPK4G96PBA42035,6/30/2023,24,39449.69,2023,FORD,EDGE
7/24/2023,AE,AEABTA,161372,1,FSLP,"WASHINGTON-F, LLC",2FMPK4J9XPBA55489,7/20/2023,4,40846.69,2023,FORD,EDGE
7/24/2023,AE,AEABTA,161372,1,FSLP,"WASHINGTON-F, LLC",2FMPK4J91PBA13082,4/20/2023,95,42807.08,2023,FORD,EDGE
7/24/2023,AE,AEABTA,161372,1,FSLP,"WASHINGTON-F, LLC",2FMPK4J91PBA39858,6/28/2023,26,41687.69,2023,FORD,EDGE
7/24/2023,AE,AEABTA,161372,1,FSLP,"WASHINGTON-F, LLC",2FMPK4J91PBA58698,7/20/2023,4,39807.69,2023,FORD,EDGE
7/24/2023,AE,AEABTA,161372,1,FSLP,"WASHINGTON-F, LLC",2FMPK4J92PBA42011,6/28/2023,26,42147.69,2023,FORD,EDGE
7/24/2023,AE,AEABTA,161372,1,FSLP,"WASHINGTON-F, LLC",2FMPK4J92PBA57690,7/20/2023,4,40766.69,2023,FORD,EDGE
7/24/2023,AE,AEABTA,161372,1,FSLP,"WASHINGTON-F, LLC",2FMPK4J92PBA57916,7/20/2023,4,41555.69,2023,FORD,EDGE
7/24/2023,AE,AEABTA,161372,1,FSLP,"WASHINGTON-F, LLC",2FMPK4J93PBA41191,6/28/2023,26,40358.19,2023,FORD,EDGE
7/24/2023,AE,AEABTA,161372,1,FSLP,"WASHINGTON-F, LLC",2FMPK4J95PBA40754,6/28/2023,26,40358.19,2023,FORD,EDGE
7/24/2023,AE,AEABTA,161372,1,FSLP,"WASHINGTON-F, LLC",2FMPK4J95PBA41273,6/28/2023,26,40358.19,2023,FORD,EDGE
7/24/2023,AE,AEABTA,161372,1,FSLP,"WASHINGTON-F, LLC",2FMPK4J95PBA55030,7/20/2023,4,40982.69,2023,FORD,EDGE
7/24/2023,AE,AEABTA,161372,1,FSLP,"WASHINGTON-F, LLC",2FMPK4J95PBA55884,7/20/2023,4,43280.69,2023,FORD,EDGE
7/24/2023,AE,AEABTA,161372,1,FSLP,"WASHINGTON-F, LLC",2FMPK4J96PBA55960,7/20/2023,4,41076.69,2023,FORD,EDGE
7/24/2023,AE,AEABTA,161372,1,FSLP,"WASHINGTON-F, LLC",2FMPK4J97PBA39945,6/28/2023,26,43688.19,2023,FORD,EDGE
7/24/2023,AE,AEABTA,161372,1,FSLP,"WASHINGTON-F, LLC",2FMPK4J97PBA43994,6/28/2023,26,42481.69,2023,FORD,EDGE
7/24/2023,AE,AEABTA,161372,1,FSLP,"WASHINGTON-F, LLC",2FMPK4J98PBA41283,6/28/2023,26,40818.19,2023,FORD,EDGE
7/24/2023,AE,AEABTA,161372,1,FSLP,"WASHINGTON-F, LLC",2FMPK4J98PBA41638,6/28/2023,26,40358.19,2023,FORD,EDGE
7/24/2023,AE,AEABTA,161372,1,FSLP,"WASHINGTON-F, LLC",3FMCR9B60PRD01219,6/28/2023,26,34081.84,2023,FORD,BRONCO SPORT
7/24/2023,AE,AEABTA,161372,1,FSLP,"WASHINGTON-F, LLC",3FMCR9B61PRD62742,6/28/2023,26,35568.67,2023,FORD,BRONCO SPORT
7/24/2023,AE,AEABTA,161372,1,FSLP,"WASHINGTON-F, LLC",3FMCR9B62PRD65665,6/14/2023,40,34328.67,2023,FORD,BRONCO SPORT
7/24/2023,AE,AEABTA,161372,1,FSLP,"WASHINGTON-F, LLC",3FMCR9B62PRD68999,6/28/2023,26,33863.67,2023,FORD,BRONCO SPORT
7/24/2023,AE,AEABTA,161372,1,FSLP,"WASHINGTON-F, LLC",3FMCR9B63PRD68154,7/12/2023,12,33863.67,2023,FORD,BRONCO SPORT
7/24/2023,AE,AEABTA,161372,1,FSLP,"WASHINGTON-F, LLC",3FMCR9B66PRD86065,7/20/2023,4,33863.67,2023,FORD,BRONCO SPORT
7/24/2023,AE,AEABTA,161372,1,FSLP,"WASHINGTON-F, LLC",3FMCR9B68PRD56159,6/19/2023,35,32096.67,2023,FORD,BRONCO SPORT
7/24/2023,AE,AEABTA,161372,1,MPG,"WASHINGTON-F, LLC",1FMCU9GN1PUA30310,7/21/2023,3,31818.67,2023,FORD,ESCAPE
7/24/2023,AE,AEABTA,161372,1,MPG,"WASHINGTON-F, LLC",1FMCU9GN1PUA37483,7/21/2023,3,31889.67,2023,FORD,ESCAPE
7/24/2023,AE,AEABTA,161372,1,MPG,"WASHINGTON-F, LLC",1FMCU9GNXPUA05051,7/21/2023,3,31818.67,2023,FORD,ESCAPE
7/24/2023,AE,AEABTA,161372,1,MPG,"WASHINGTON-F, LLC",1FMCU9MN1PUA54286,7/21/2023,3,33003.67,2023,FORD,ESCAPE
7/24/2023,AE,AEABTA,161372,1,MPG,"WASHINGTON-F, LLC",1FMCU9MN7PUA52297,7/21/2023,3,33003.67,2023,FORD,ESCAPE
7/24/2023,AE,AEABTA,161372,1,MPG,"WASHINGTON-F, LLC",1FMJK1JT2NEA56184,2/16/2023,158,68457.6,2022,FORD,EXPEDITION
7/24/2023,AE,AEABTA,161372,1,MPG,"WASHINGTON-F, LLC",1FMJK1JT9NEA56165,2/16/2023,158,67992.6,2022,FORD,EXPEDITION
7/24/2023,AE,AEABTA,161372,1,MPG,"WASHINGTON-F, LLC",1FMSK8DH3PGA38448,7/21/2023,3,44169.08,2023,FORD,EXPLORER
7/24/2023,AE,AEABTA,161372,1,MPG,"WASHINGTON-F, LLC",1FT6W1EV0NWG04851,4/18/2023,97,79279,2022,FORD,F-150
7/24/2023,AE,AEABTA,161372,1,MPG,"WASHINGTON-F, LLC",1FTEW1EP1PKE07288,7/21/2023,3,55803.52,2023,FORD,F-150
7/24/2023,AE,AEABTA,161372,1,MPG,"WASHINGTON-F, LLC",1FTEW1EP2PKD93286,7/21/2023,3,57177.32,2023,FORD,F-150
7/24/2023,AE,AEABTA,161372,1,MPG,"WASHINGTON-F, LLC",1FTEW1EP3PKD88551,7/8/2023,16,63235.32,2023,FORD,F-150
7/24/2023,AE,AEABTA,161372,1,MPG,"WASHINGTON-F, LLC",1FTEW1EP3PKE04649,7/21/2023,3,55950.32,2023,FORD,F-150
7/24/2023,AE,AEABTA,161372,1,MPG,"WASHINGTON-F, LLC",1FTEW1EP4PKD88798,7/21/2023,3,55917.32,2023,FORD,F-150
7/24/2023,AE,AEABTA,161372,1,MPG,"WASHINGTON-F, LLC",1FTEW1EP4PKD97100,7/21/2023,3,55170.32,2023,FORD,F-150
7/24/2023,AE,AEABTA,161372,1,MPG,"WASHINGTON-F, LLC",1FTEW1EP5PKD14354,3/16/2023,130,56218.52,2023,FORD,F-150
7/24/2023,AE,AEABTA,161372,1,MPG,"WASHINGTON-F, LLC",1FTEW1EP6PFB28136,7/21/2023,3,57562.32,2023,FORD,F-150
7/24/2023,AE,AEABTA,161372,1,MPG,"WASHINGTON-F, LLC",1FTEW1EP6PFB35054,7/21/2023,3,58304.52,2023,FORD,F-150
7/24/2023,AE,AEABTA,161372,1,MPG,"WASHINGTON-F, LLC",1FTEW1EP6PKE03771,7/21/2023,3,55950.32,2023,FORD,F-150
7/24/2023,AE,AEABTA,161372,1,MPG,"WASHINGTON-F, LLC",1FTEW1EP9PFA87310,7/21/2023,3,55027.52,2023,FORD,F-150
7/24/2023,AE,AEABTA,161372,1,MPG,"WASHINGTON-F, LLC",1FTEW1EP9PKD69048,7/21/2023,3,59867.32,2023,FORD,F-150
7/24/2023,AE,AEABTA,161372,1,MPG,"WASHINGTON-F, LLC",1FTFW1E8XPFA49307,5/10/2023,75,57080.72,2023,FORD,F-150
7/24/2023,AE,AEABTA,161372,1,MPG,"WASHINGTON-F, LLC",1FTFW1E84PFA47584,5/10/2023,75,58391.72,2023,FORD,F-150
7/24/2023,AE,AEABTA,161372,1,MPG,"WASHINGTON-F, LLC",2FMPK4G96PBA42181,7/21/2023,3,39449.69,2023,FORD,EDGE
7/24/2023,AE,AEABTA,161372,1,MPG,"WASHINGTON-F, LLC",2FMPK4J94PBA40843,7/21/2023,3,42763.19,2023,FORD,EDGE
7/24/2023,AE,AEABTA,161372,1,MPG,"WASHINGTON-F, LLC",2FMPK4J99PBA44323,7/21/2023,3,40846.69,2023,FORD,EDGE
7/24/2023,AE,AEABTA,161372,1,MPG,"WASHINGTON-F, LLC",3FMCR9B64PRD49841,5/30/2023,55,33771.44,2023,FORD,BRONCO SPORT
7/24/2023,AE,AEABTA,161372,1,MPG,"WASHINGTON-F, LLC",3FMTK3SU8PMA12585,4/18/2023,97,67825,2023,FORD,MUSTANG MACH-E
7/24/2023,AE,AEABTA,161372,1,NEW,"WASHINGTON-F, LLC",1FA6P8CF2P5304664,4/16/2023,99,50795.12,2023,FORD,MUSTANG
7/24/2023,AE,AEABTA,161372,1,NEW,"WASHINGTON-F, LLC",1FA6P8TH4P5101244,3/8/2023,138,40010.32,2023,FORD,MUSTANG
7/24/2023,AE,AEABTA,161372,1,NEW,"WASHINGTON-F, LLC",1FM5K8FW5PNA00420,3/21/2023,125,55651.92,2023,FORD,EXPLORER
7/24/2023,AE,AEABTA,161372,1,NEW,"WASHINGTON-F, LLC",1FM5K8GC1NGC20174,4/13/2023,102,57849.24,2022,FORD,EXPLORER
7/24/2023,AE,AEABTA,161372,1,NEW,"WASHINGTON-F, LLC",1FM5K8GC4PGA15628,3/26/2023,120,59592.92,2023,FORD,EXPLORER
7/24/2023,AE,AEABTA,161372,1,NEW,"WASHINGTON-F, LLC",1FM5K8GC5PGA15878,3/26/2023,120,59592.92,2023,FORD,EXPLORER
7/24/2023,AE,AEABTA,161372,1,NEW,"WASHINGTON-F, LLC",1FM5K8GC5PGA15900,3/26/2023,120,59592.92,2023,FORD,EXPLORER
7/24/2023,AE,AEABTA,161372,1,NEW,"WASHINGTON-F, LLC",1FM5K8GC8PGA14501,4/10/2023,105,59000.92,2023,FORD,EXPLORER
7/24/2023,AE,AEABTA,161372,1,NEW,"WASHINGTON-F, LLC",1FM5K8GC8PGB05459,6/21/2023,33,58753.72,2023,FORD,EXPLORER
7/24/2023,AE,AEABTA,161372,1,NEW,"WASHINGTON-F, LLC",1FM5K8GC9PGA09775,4/10/2023,105,59747.92,2023,FORD,EXPLORER
7/24/2023,AE,AEABTA,161372,1,NEW,"WASHINGTON-F, LLC",1FM5K8HC9PGA29023,4/26/2023,89,59602.72,2023,FORD,EXPLORER
7/24/2023,AE,AEABTA,161372,1,NEW,"WASHINGTON-F, LLC",1FM5K8HW3PNA04317,6/6/2023,48,57771.72,2023,FORD,EXPLORER
7/24/2023,AE,AEABTA,161372,1,NEW,"WASHINGTON-F, LLC",1FMCU9JA6PUA18269,7/10/2023,14,38979.44,2023,FORD,ESCAPE
7/24/2023,AE,AEABTA,161372,1,NEW,"WASHINGTON-F, LLC",1FMCU9MN2PUA09101,7/19/2023,5,33358.84,2023,FORD,ESCAPE
7/24/2023,AE,AEABTA,161372,1,NEW,"WASHINGTON-F, LLC",1FMCU9MN6PUA01390,7/19/2023,5,33060.44,2023,FORD,ESCAPE
7/24/2023,AE,AEABTA,161372,1,NEW,"WASHINGTON-F, LLC",1FMCU9NA2PUA03908,7/19/2023,5,38646.84,2023,FORD,ESCAPE
7/24/2023,AE,AEABTA,161372,1,NEW,"WASHINGTON-F, LLC",1FMCU9PA8PUA13713,7/17/2023,7,40275.84,2023,FORD,ESCAPE
7/24/2023,AE,AEABTA,161372,1,NEW,"WASHINGTON-F, LLC",1FMJK1M83PEA35936,6/18/2023,36,86648.6,2023,FORD,EXPEDITION
7/24/2023,AE,AEABTA,161372,1,NEW,"WASHINGTON-F, LLC",1FMJK1M87PEA35938,6/11/2023,43,86860.6,2023,FORD,EXPEDITION
7/24/2023,AE,AEABTA,161372,1,NEW,"WASHINGTON-F, LLC",1FMJK1M89PEA35939,6/18/2023,36,87113.6,2023,FORD,EXPEDITION
7/24/2023,AE,AEABTA,161372,1,NEW,"WASHINGTON-F, LLC",1FMJK2A8XPEA21316,5/23/2023,62,78962.6,2023,FORD,EXPEDITION
7/24/2023,AE,AEABTA,161372,1,NEW,"WASHINGTON-F, LLC",1FMJK2A83PEA25689,7/19/2023,5,76152.6,2023,FORD,EXPEDITION
7/24/2023,AE,AEABTA,161372,1,NEW,"WASHINGTON-F, LLC",1FMJU1M82PEA35940,6/11/2023,43,83964,2023,FORD,EXPEDITION
7/24/2023,AE,AEABTA,161372,1,NEW,"WASHINGTON-F, LLC",1FMJU1M83PEA21321,6/11/2023,43,81807,2023,FORD,EXPEDITION
7/24/2023,AE,AEABTA,161372,1,NEW,"WASHINGTON-F, LLC",1FMJU1M83PEA25692,5/30/2023,55,82530,2023,FORD,EXPEDITION
7/24/2023,AE,AEABTA,161372,1,NEW,"WASHINGTON-F, LLC",1FMJU1M84PEA35941,6/18/2023,36,83752,2023,FORD,EXPEDITION
7/24/2023,AE,AEABTA,161372,1,NEW,"WASHINGTON-F, LLC",1FMJU1M86PEA35942,6/11/2023,43,86562,2023,FORD,EXPEDITION
7/24/2023,AE,AEABTA,161372,1,NEW,"WASHINGTON-F, LLC",1FMJU1M88PEA35943,7/2/2023,22,84687,2023,FORD,EXPEDITION
7/24/2023,AE,AEABTA,161372,1,NEW,"WASHINGTON-F, LLC",1FMSK8DH8PGA01556,3/5/2023,141,44998.88,2023,FORD,EXPLORER
7/24/2023,AE,AEABTA,161372,1,NEW,"WASHINGTON-F, LLC",1FMSK8DH8PGA08488,3/12/2023,134,46967.88,2023,FORD,EXPLORER
7/24/2023,AE,AEABTA,161372,1,NEW,"WASHINGTON-F, LLC",1FMSK8FH7PGA08169,3/12/2023,134,51461.88,2023,FORD,EXPLORER
7/24/2023,AE,AEABTA,161372,1,NEW,"WASHINGTON-F, LLC",1FMSK8FH8PGA28317,5/17/2023,68,53099.08,2023,FORD,EXPLORER
7/24/2023,AE,AEABTA,161372,1,NEW,"WASHINGTON-F, LLC",1FMSK8FHXPGA05458,3/12/2023,134,49586.88,2023,FORD,EXPLORER
7/24/2023,AE,AEABTA,161372,1,NEW,"WASHINGTON-F, LLC",1FMSK8JH0PGA45314,4/18/2023,97,51390.88,2023,FORD,EXPLORER
7/24/2023,AE,AEABTA,161372,1,NEW,"WASHINGTON-F, LLC",1FMSK8KH8PGA01589,3/12/2023,134,47591.88,2023,FORD,EXPLORER
7/24/2023,AE,AEABTA,161372,1,NEW,"WASHINGTON-F, LLC",1FTBF2B60NEG10771,1/18/2023,187,45982.68,2022,FORD,F-250
7/24/2023,AE,AEABTA,161372,1,NEW,"WASHINGTON-F, LLC",1FTBF2B62NEG10772,1/22/2023,183,45998.68,2022,FORD,F-250
7/24/2023,AE,AEABTA,161372,1,NEW,"WASHINGTON-F, LLC",1FTBF2BA1PEC30653,6/8/2023,46,48394.88,2023,FORD,F-250
7/24/2023,AE,AEABTA,161372,1,NEW,"WASHINGTON-F, LLC",1FTBF2BA1PEC80646,7/12/2023,12,48401.34,2023,FORD,F-250
7/24/2023,AE,AEABTA,161372,1,NEW,"WASHINGTON-F, LLC",1FTBF2BA3PEC30654,7/2/2023,22,48394.88,2023,FORD,F-250
7/24/2023,AE,AEABTA,161372,1,NEW,"WASHINGTON-F, LLC",1FTBF2BA3PEC80650,7/16/2023,8,48401.34,2023,FORD,F-250
7/24/2023,AE,AEABTA,161372,1,NEW,"WASHINGTON-F, LLC",1FTBF2BA5PEC80648,7/12/2023,12,48401.34,2023,FORD,F-250
7/24/2023,AE,AEABTA,161372,1,NEW,"WASHINGTON-F, LLC",1FTBF2BA5PEC80651,7/12/2023,12,48401.34,2023,FORD,F-250
7/24/2023,AE,AEABTA,161372,1,NEW,"WASHINGTON-F, LLC",1FTBF2BA7PEC80649,7/9/2023,15,48401.34,2023,FORD,F-250
7/24/2023,AE,AEABTA,161372,1,NEW,"WASHINGTON-F, LLC",1FTBR1C83PKA99238,7/18/2023,6,46400.75,2023,FORD,TRANSIT
7/24/2023,AE,AEABTA,161372,1,NEW,"WASHINGTON-F, LLC",1FTEW1E80PFB14306,6/5/2023,49,64177.52,2023,FORD,F-150
7/24/2023,AE,AEABTA,161372,1,NEW,"WASHINGTON-F, LLC",1FTEW1E84NFC05060,1/13/2023,192,62413.04,2022,FORD,F-150
7/24/2023,AE,AEABTA,161372,1,NEW,"WASHINGTON-F, LLC",1FTEW1EP6PKD12774,6/7/2023,47,54461.52,2023,FORD,F-150
7/24/2023,AE,AEABTA,161372,1,NEW,"WASHINGTON-F, LLC",1FTEW1EP6PKE33692,7/24/2023,0,57943.26,2023,FORD,F-150
7/24/2023,AE,AEABTA,161372,1,NEW,"WASHINGTON-F, LLC",1FTEW1EP7PFA21970,1/28/2023,177,66321.52,2023,FORD,F-150
7/24/2023,AE,AEABTA,161372,1,NEW,"WASHINGTON-F, LLC",1FTEW1EP7PKE04606,6/26/2023,28,54743.32,2023,FORD,F-150
7/24/2023,AE,AEABTA,161372,1,NEW,"WASHINGTON-F, LLC",1FTEW1EP9PKE04946,6/10/2023,44,55222.32,2023,FORD,F-150
7/24/2023,AE,AEABTA,161372,1,NEW,"WASHINGTON-F, LLC",1FTFW1E5XPFB73017,7/23/2023,1,60059.26,2023,FORD,F-150
7/24/2023,AE,AEABTA,161372,1,NEW,"WASHINGTON-F, LLC",1FTFW1E5XPKD96312,6/14/2023,40,55982.52,2023,FORD,F-150
7/24/2023,AE,AEABTA,161372,1,NEW,"WASHINGTON-F, LLC",1FTFW1E8XPKD68634,7/8/2023,16,61340.32,2023,FORD,F-150
7/24/2023,AE,AEABTA,161372,1,NEW,"WASHINGTON-F, LLC",1FTFW1E50PFB46036,7/9/2023,15,58711.36,2023,FORD,F-150
7/24/2023,AE,AEABTA,161372,1,NEW,"WASHINGTON-F, LLC",1FTFW1E50PFB50216,6/21/2023,33,58064.52,2023,FORD,F-150
7/24/2023,AE,AEABTA,161372,1,NEW,"WASHINGTON-F, LLC",1FTFW1E50PKD96111,6/14/2023,40,58552.52,2023,FORD,F-150
7/24/2023,AE,AEABTA,161372,1,NEW,"WASHINGTON-F, LLC",1FTFW1E50PKE02019,6/18/2023,36,58704.52,2023,FORD,F-150
7/24/2023,AE,AEABTA,161372,1,NEW,"WASHINGTON-F, LLC",1FTFW1E51PFA20106,2/12/2023,162,65367.52,2023,FORD,F-150
7/24/2023,AE,AEABTA,161372,1,NEW,"WASHINGTON-F, LLC",1FTFW1E52PKD96191,6/12/2023,42,55982.52,2023,FORD,F-150
7/24/2023,AE,AEABTA,161372,1,NEW,"WASHINGTON-F, LLC",1FTFW1E52PKE13832,7/5/2023,19,59532.52,2023,FORD,F-150
7/24/2023,AE,AEABTA,161372,1,NEW,"WASHINGTON-F, LLC",1FTFW1E53PKE01964,6/13/2023,41,58704.52,2023,FORD,F-150
7/24/2023,AE,AEABTA,161372,1,NEW,"WASHINGTON-F, LLC",1FTFW1E54PFA36610,4/11/2023,104,60120.72,2023,FORD,F-150
7/24/2023,AE,AEABTA,161372,1,NEW,"WASHINGTON-F, LLC",1FTFW1E54PFA79618,5/3/2023,82,58047.32,2023,FORD,F-150
7/24/2023,AE,AEABTA,161372,1,NEW,"WASHINGTON-F, LLC",1FTFW1E54PFB01309,6/1/2023,53,67021.52,2023,FORD,F-150
7/24/2023,AE,AEABTA,161372,1,NEW,"WASHINGTON-F, LLC",1FTFW1E54PKE13895,7/8/2023,16,61616.52,2023,FORD,F-150
7/24/2023,AE,AEABTA,161372,1,NEW,"WASHINGTON-F, LLC",1FTFW1E55PFA79479,4/22/2023,93,68426.28,2023,FORD,F-150
7/24/2023,AE,AEABTA,161372,1,NEW,"WASHINGTON-F, LLC",1FTFW1E55PFB48364,7/2/2023,22,58015.52,2023,FORD,F-150
7/24/2023,AE,AEABTA,161372,1,NEW,"WASHINGTON-F, LLC",1FTFW1E55PKD51617,4/12/2023,103,58239.52,2023,FORD,F-150
7/24/2023,AE,AEABTA,161372,1,NEW,"WASHINGTON-F, LLC",1FTFW1E55PKE03036,6/12/2023,42,59239.52,2023,FORD,F-150
7/24/2023,AE,AEABTA,161372,1,NEW,"WASHINGTON-F, LLC",1FTFW1E56PFB01988,6/14/2023,40,67021.52,2023,FORD,F-150
7/24/2023,AE,AEABTA,161372,1,NEW,"WASHINGTON-F, LLC",1FTFW1E56PKD87414,6/29/2023,25,56136.52,2023,FORD,F-150
7/24/2023,AE,AEABTA,161372,1,NEW,"WASHINGTON-F, LLC",1FTFW1E57PKD66040,7/8/2023,16,50819.52,2023,FORD,F-150
7/24/2023,AE,AEABTA,161372,1,NEW,"WASHINGTON-F, LLC",1FTFW1E57PKD78253,6/29/2023,25,60096.36,2023,FORD,F-150
7/24/2023,AE,AEABTA,161372,1,NEW,"WASHINGTON-F, LLC",1FTFW1E57PKE23241,7/24/2023,0,58704.52,2023,FORD,F-150
7/24/2023,AE,AEABTA,161372,1,NEW,"WASHINGTON-F, LLC",1FTFW1E58PFB45989,7/6/2023,18,58711.36,2023,FORD,F-150
7/24/2023,AE,AEABTA,161372,1,NEW,"WASHINGTON-F, LLC",1FTFW1E58PFB46026,7/9/2023,15,58711.36,2023,FORD,F-150
7/24/2023,AE,AEABTA,161372,1,NEW,"WASHINGTON-F, LLC",1FTFW1E58PFB46270,7/6/2023,18,58704.52,2023,FORD,F-150
7/24/2023,AE,AEABTA,161372,1,NEW,"WASHINGTON-F, LLC",1FTFW1E58PKD68590,7/24/2023,0,63054.52,2023,FORD,F-150
7/24/2023,AE,AEABTA,161372,1,NEW,"WASHINGTON-F, LLC",1FTFW1E59PFA41365,6/9/2023,45,58060.72,2023,FORD,F-150
7/24/2023,AE,AEABTA,161372,1,NEW,"WASHINGTON-F, LLC",1FTFW1E59PFB46312,7/19/2023,5,58711.36,2023,FORD,F-150
7/24/2023,AE,AEABTA,161372,1,NEW,"WASHINGTON-F, LLC",1FTFW1E82PFB45447,6/27/2023,27,61809.32,2023,FORD,F-150
7/24/2023,AE,AEABTA,161372,1,NEW,"WASHINGTON-F, LLC",1FTFW1E84PFA36634,4/2/2023,113,57467.72,2023,FORD,F-150
7/24/2023,AE,AEABTA,161372,1,NEW,"WASHINGTON-F, LLC",1FTFW1E86PFA19771,3/29/2023,117,72263.72,2023,FORD,F-150
7/24/2023,AE,AEABTA,161372,1,NEW,"WASHINGTON-F, LLC",1FTFW1E89PFA35429,3/25/2023,121,72245.72,2023,FORD,F-150
7/24/2023,AE,AEABTA,161372,1,NEW,"WASHINGTON-F, LLC",1FTFW1ED6PFB09323,6/8/2023,46,62719.92,2023,FORD,F-150
7/24/2023,AE,AEABTA,161372,1,NEW,"WASHINGTON-F, LLC",1FTMF1EB9PKD33912,4/24/2023,91,39953.96,2023,FORD,F-150
7/24/2023,AE,AEABTA,161372,1,NEW,"WASHINGTON-F, LLC",2FMPK4APXPBA17971,4/30/2023,85,46476.08,2023,FORD,EDGE
7/24/2023,AE,AEABTA,161372,1,NEW,"WASHINGTON-F, LLC",3FMCR9C6XPRD54623,7/17/2023,7,37501.44,2023,FORD,BRONCO SPORT
7/24/2023,AE,AEABTA,161372,1,NEW,"WASHINGTON-F, LLC",3FMCR9C61PRD25351,6/7/2023,47,38242.44,2023,FORD,BRONCO SPORT
7/24/2023,AE,AEABTA,161372,1,NEW,"WASHINGTON-F, LLC",3FMCR9C63PRD21320,5/1/2023,84,37381.84,2023,FORD,BRONCO SPORT
7/24/2023,AE,AEABTA,161372,1,NEW,"WASHINGTON-F, LLC",3FMCR9C65PRD54495,7/6/2023,18,37219.44,2023,FORD,BRONCO SPORT
7/24/2023,AE,AEABTA,161372,1,NEW,"WASHINGTON-F, LLC",3FMTK1SS1PMA30641,7/22/2023,2,51640,2023,FORD,MUSTANG MACH-E
7/24/2023,AE,AEABTA,161372,1,NEW,"WASHINGTON-F, LLC",3FMTK1SS2PMA09300,4/17/2023,98,50305,2023,FORD,MUSTANG MACH-E
7/24/2023,AE,AEABTA,161372,1,NEW,"WASHINGTON-F, LLC",3FMTK4SE1NMA60683,1/31/2023,174,66420,2022,FORD,MUSTANG MACH-E
7/24/2023,AE,AEABTA,161372,1,PANW,"WASHINGTON-F, LLC",1FD8W3HT1PEC80652,6/21/2023,33,67904.6,2023,FORD,F-350
7/24/2023,AE,AEABTA,161372,1,PANW,"WASHINGTON-F, LLC",1FMCU9GN2PUA40439,5/11/2023,74,31818.67,2023,FORD,ESCAPE
7/24/2023,AE,AEABTA,161372,1,PANW,"WASHINGTON-F, LLC",1FMCU9GNXPUA46439,6/3/2023,51,32753.67,2023,FORD,ESCAPE
7/24/2023,AE,AEABTA,161372,1,PANW,"WASHINGTON-F, LLC",1FMCU9JA1PUA05901,5/25/2023,60,38855.67,2023,FORD,ESCAPE
7/24/2023,AE,AEABTA,161372,1,PANW,"WASHINGTON-F, LLC",1FMCU9JA6PUA66208,7/14/2023,10,37995.67,2023,FORD,ESCAPE
7/24/2023,AE,AEABTA,161372,1,PANW,"WASHINGTON-F, LLC",1FMCU9JA7PUA65374,6/30/2023,24,741,2023,FORD,ESCAPE
7/24/2023,AE,AEABTA,161372,1,PANW,"WASHINGTON-F, LLC",1FMCU9JA7PUA66699,6/28/2023,26,811,2023,FORD,ESCAPE
7/24/2023,AE,AEABTA,161372,1,PANW,"WASHINGTON-F, LLC",1FMCU9JZ1PUA61195,6/14/2023,40,42719.67,2023,FORD,ESCAPE
7/24/2023,AE,AEABTA,161372,1,PANW,"WASHINGTON-F, LLC",1FMCU9JZ3PUA15528,6/9/2023,45,38875.67,2023,FORD,ESCAPE
7/24/2023,AE,AEABTA,161372,1,PANW,"WASHINGTON-F, LLC",1FMCU9JZ4PUA47808,5/25/2023,60,39890.67,2023,FORD,ESCAPE
7/24/2023,AE,AEABTA,161372,1,PANW,"WASHINGTON-F, LLC",1FMCU9JZXPUA29152,6/6/2023,48,40285.67,2023,FORD,ESCAPE
7/24/2023,AE,AEABTA,161372,1,PANW,"WASHINGTON-F, LLC",1FMCU9NA6PUA66395,6/23/2023,31,39652.67,2023,FORD,ESCAPE
7/24/2023,AE,AEABTA,161372,1,PANW,"WASHINGTON-F, LLC",1FMCU9NA8PUA66768,6/28/2023,26,38717.67,2023,FORD,ESCAPE
7/24/2023,AE,AEABTA,161372,1,PANW,"WASHINGTON-F, LLC",1FMCU9NA9PUA03288,7/3/2023,21,37093.67,2023,FORD,ESCAPE
7/24/2023,AE,AEABTA,161372,1,PANW,"WASHINGTON-F, LLC",1FMCU9NZXPUA60606,6/13/2023,41,40551.67,2023,FORD,ESCAPE
7/24/2023,AE,AEABTA,161372,1,PANW,"WASHINGTON-F, LLC",1FMCU9PA0PUA51131,6/3/2023,51,41492.67,2023,FORD,ESCAPE
7/24/2023,AE,AEABTA,161372,1,PANW,"WASHINGTON-F, LLC",1FMCU9PZ0PUA51099,6/6/2023,48,42739.67,2023,FORD,ESCAPE
7/24/2023,AE,AEABTA,161372,1,PANW,"WASHINGTON-F, LLC",1FMDE4DH4PLA40189,7/22/2023,2,51414.2,2023,FORD,BRONCO
7/24/2023,AE,AEABTA,161372,1,PANW,"WASHINGTON-F, LLC",1FMDE5AP9PLB55274,7/20/2023,4,45524.2,2023,FORD,BRONCO
7/24/2023,AE,AEABTA,161372,1,PANW,"WASHINGTON-F, LLC",1FMDE5DH2PLB63673,6/26/2023,28,58823.2,2023,FORD,BRONCO
7/24/2023,AE,AEABTA,161372,1,PANW,"WASHINGTON-F, LLC",1FMEE5BP1PLB64151,6/26/2023,28,45050.2,2023,FORD,BRONCO
7/24/2023,AE,AEABTA,161372,1,PANW,"WASHINGTON-F, LLC",1FMEE5BP2PLB55748,7/20/2023,4,47230.2,2023,FORD,BRONCO
7/24/2023,AE,AEABTA,161372,1,PANW,"WASHINGTON-F, LLC",1FMEE5BP5PLB64122,7/5/2023,19,45050.2,2023,FORD,BRONCO
7/24/2023,AE,AEABTA,161372,1,PANW,"WASHINGTON-F, LLC",1FMEE5BP6PLB63576,7/5/2023,19,45050.2,2023,FORD,BRONCO
7/24/2023,AE,AEABTA,161372,1,PANW,"WASHINGTON-F, LLC",1FMEE5BP6PLB63965,7/5/2023,19,45050.2,2023,FORD,BRONCO
7/24/2023,AE,AEABTA,161372,1,PANW,"WASHINGTON-F, LLC",1FMEE5DP2PLB51731,7/20/2023,4,60420.2,2023,FORD,BRONCO
7/24/2023,AE,AEABTA,161372,1,PANW,"WASHINGTON-F, LLC",1FMEE5DP2PLB63751,7/5/2023,19,62043.2,2023,FORD,BRONCO
7/24/2023,AE,AEABTA,161372,1,PANW,"WASHINGTON-F, LLC",1FMEE5DP3PLB55691,7/20/2023,4,59401.2,2023,FORD,BRONCO
7/24/2023,AE,AEABTA,161372,1,PANW,"WASHINGTON-F, LLC",1FMEE5DP4PLB51665,7/20/2023,4,59485.2,2023,FORD,BRONCO
7/24/2023,AE,AEABTA,161372,1,PANW,"WASHINGTON-F, LLC",1FMEE5DP8PLB63950,7/5/2023,19,62043.2,2023,FORD,BRONCO
7/24/2023,AE,AEABTA,161372,1,PANW,"WASHINGTON-F, LLC",1FMEE5DP9PLB55694,7/18/2023,6,57310.2,2023,FORD,BRONCO
7/24/2023,AE,AEABTA,161372,1,PANW,"WASHINGTON-F, LLC",1FMEE5DP9PLB63794,7/5/2023,19,59313.2,2023,FORD,BRONCO
7/24/2023,AE,AEABTA,161372,1,PANW,"WASHINGTON-F, LLC",1FMEE5DP9PLB63875,7/5/2023,19,62043.2,2023,FORD,BRONCO
7/24/2023,AE,AEABTA,161372,1,PANW,"WASHINGTON-F, LLC",1FMEE5DP9PLB63939,7/20/2023,4,60301.2,2023,FORD,BRONCO
7/24/2023,AE,AEABTA,161372,1,PANW,"WASHINGTON-F, LLC",1FMEE5DPXPLB66378,7/18/2023,6,55827.2,2023,FORD,BRONCO
7/24/2023,AE,AEABTA,161372,1,PANW,"WASHINGTON-F, LLC",1FMEE5JR2PLB23482,7/20/2023,4,94455.2,2023,FORD,BRONCO
7/24/2023,AE,AEABTA,161372,1,PANW,"WASHINGTON-F, LLC",1FMEE5JRXPLB23424,7/5/2023,19,95093.2,2023,FORD,BRONCO
7/24/2023,AE,AEABTA,161372,1,PANW,"WASHINGTON-F, LLC",1FMJK1M80PEA52161,6/21/2023,33,90201.3,2023,FORD,EXPEDITION
7/24/2023,AE,AEABTA,161372,1,PANW,"WASHINGTON-F, LLC",1FMJK1M81PEA52167,6/26/2023,28,90201.3,2023,FORD,EXPEDITION
7/24/2023,AE,AEABTA,161372,1,PANW,"WASHINGTON-F, LLC",1FMJK1M82PEA52162,6/22/2023,32,90201.3,2023,FORD,EXPEDITION
7/24/2023,AE,AEABTA,161372,1,PANW,"WASHINGTON-F, LLC",1FMJK1M83PEA52168,6/27/2023,27,91136.3,2023,FORD,EXPEDITION
7/24/2023,AE,AEABTA,161372,1,PANW,"WASHINGTON-F, LLC",1FMJK1M84PEA52163,6/26/2023,28,91136.3,2023,FORD,EXPEDITION
7/24/2023,AE,AEABTA,161372,1,PANW,"WASHINGTON-F, LLC",1FMJK1M86PEA52164,6/26/2023,28,91136.3,2023,FORD,EXPEDITION
7/24/2023,AE,AEABTA,161372,1,PANW,"WASHINGTON-F, LLC",1FMJK1M87PEA25684,5/25/2023,60,88814.3,2023,FORD,EXPEDITION
7/24/2023,AE,AEABTA,161372,1,PANW,"WASHINGTON-F, LLC",1FMJK1M87PEA33722,6/3/2023,51,88814.3,2023,FORD,EXPEDITION
7/24/2023,AE,AEABTA,161372,1,PANW,"WASHINGTON-F, LLC",1FMJK2A8XPEA44921,6/27/2023,27,77716.3,2023,FORD,EXPEDITION
7/24/2023,AE,AEABTA,161372,1,PANW,"WASHINGTON-F, LLC",1FMJK2A81PEA44922,6/27/2023,27,76781.3,2023,FORD,EXPEDITION
7/24/2023,AE,AEABTA,161372,1,PANW,"WASHINGTON-F, LLC",1FMJK2A82PEA50020,6/21/2023,33,78820.3,2023,FORD,EXPEDITION
7/24/2023,AE,AEABTA,161372,1,PANW,"WASHINGTON-F, LLC",1FMJK2A82PEA52172,6/7/2023,47,76222.3,2023,FORD,EXPEDITION
7/24/2023,AE,AEABTA,161372,1,PANW,"WASHINGTON-F, LLC",1FMJK2A84PEA52173,6/9/2023,45,76969.3,2023,FORD,EXPEDITION
7/24/2023,AE,AEABTA,161372,1,PANW,"WASHINGTON-F, LLC",1FMJK2A88PEA44920,6/26/2023,28,76781.3,2023,FORD,EXPEDITION
7/24/2023,AE,AEABTA,161372,1,PANW,"WASHINGTON-F, LLC",1FMJK2A89PEA48927,6/9/2023,45,83317.3,2023,FORD,EXPEDITION
7/24/2023,AE,AEABTA,161372,1,PANW,"WASHINGTON-F, LLC",1FMJU1M89PEA53772,6/26/2023,28,88238.75,2023,FORD,EXPEDITION
7/24/2023,AE,AEABTA,161372,1,PANW,"WASHINGTON-F, LLC",1FMJU1RG0PEA48928,6/27/2023,27,80478.75,2023,FORD,EXPEDITION
7/24/2023,AE,AEABTA,161372,1,PANW,"WASHINGTON-F, LLC",1FMJU1RG0PEA53773,7/3/2023,21,80478.75,2023,FORD,EXPEDITION
7/24/2023,AE,AEABTA,161372,1,PANW,"WASHINGTON-F, LLC",1FMJU2A85PEA53777,6/26/2023,28,73883.75,2023,FORD,EXPEDITION
7/24/2023,AE,AEABTA,161372,1,PANW,"WASHINGTON-F, LLC",1FMSK8DH1PGB07850,6/20/2023,34,45279.69,2023,FORD,EXPLORER
7/24/2023,AE,AEABTA,161372,1,PANW,"WASHINGTON-F, LLC",1FMSK8DH1PGB30805,7/24/2023,0,47764.69,2023,FORD,EXPLORER
7/24/2023,AE,AEABTA,161372,1,PANW,"WASHINGTON-F, LLC",1FMSK8DH1PGB35776,6/13/2023,41,940,2023,FORD,EXPLORER
7/24/2023,AE,AEABTA,161372,1,PANW,"WASHINGTON-F, LLC",1FT6W1EV0PWG21104,7/20/2023,4,93500,2023,FORD,F-150
7/24/2023,AE,AEABTA,161372,1,PANW,"WASHINGTON-F, LLC",1FT6W1EV1PWG06952,7/20/2023,4,94245,2023,FORD,F-150
7/24/2023,AE,AEABTA,161372,1,PANW,"WASHINGTON-F, LLC",1FT6W1EV5PWG08624,7/20/2023,4,80245,2023,FORD,F-150
7/24/2023,AE,AEABTA,161372,1,PANW,"WASHINGTON-F, LLC",1FT6W1EV9PWG21053,7/20/2023,4,94550,2023,FORD,F-150
7/24/2023,AE,AEABTA,161372,1,PANW,"WASHINGTON-F, LLC",1FT6W1EVXPWG06951,7/20/2023,4,94245,2023,FORD,F-150
7/24/2023,AE,AEABTA,161372,1,PANW,"WASHINGTON-F, LLC",1FT8W3BM0PED22525,6/21/2023,33,87769.3,2023,FORD,F-350
7/24/2023,AE,AEABTA,161372,1,PANW,"WASHINGTON-F, LLC",1FT8W3BT7PED22206,6/30/2023,24,82285.3,2023,FORD,F-350
7/24/2023,AE,AEABTA,161372,1,PANW,"WASHINGTON-F, LLC",1FT8X2BT3PED33484,7/7/2023,17,58622.05,2023,FORD,F-250
7/24/2023,AE,AEABTA,161372,1,PANW,"WASHINGTON-F, LLC",1FTBR1C84PKB13356,6/15/2023,39,47062.75,2023,FORD,TRANSIT
7/24/2023,AE,AEABTA,161372,1,PANW,"WASHINGTON-F, LLC",1FTBR1D89PKA95192,6/2/2023,52,50543.75,2023,FORD,TRANSIT
7/24/2023,AE,AEABTA,161372,1,PANW,"WASHINGTON-F, LLC",1FTER4FH4PLE34866,6/23/2023,31,42020.2,2023,FORD,RANGER
7/24/2023,AE,AEABTA,161372,1,PANW,"WASHINGTON-F, LLC",1FTER4FH8PLE31582,6/26/2023,28,44760.2,2023,FORD,RANGER
7/24/2023,AE,AEABTA,161372,1,PANW,"WASHINGTON-F, LLC",1FTER4FHXPLE33804,7/5/2023,19,45591.2,2023,FORD,RANGER
7/24/2023,AE,AEABTA,161372,1,PANW,"WASHINGTON-F, LLC",1FTEW1EP0PFB93113,7/10/2023,14,55581.26,2023,FORD,F-150
7/24/2023,AE,AEABTA,161372,1,PANW,"WASHINGTON-F, LLC",1FTEW1EP0PFB94276,6/13/2023,41,56406.26,2023,FORD,F-150
7/24/2023,AE,AEABTA,161372,1,PANW,"WASHINGTON-F, LLC",1FTEW1EP0PFB94827,6/8/2023,46,55427.26,2023,FORD,F-150
7/24/2023,AE,AEABTA,161372,1,PANW,"WASHINGTON-F, LLC",1FTEW1EP0PFC18009,6/29/2023,25,55678.26,2023,FORD,F-150
7/24/2023,AE,AEABTA,161372,1,PANW,"WASHINGTON-F, LLC",1FTEW1EP0PFC20620,7/8/2023,16,54908.36,2023,FORD,F-150
7/24/2023,AE,AEABTA,161372,1,PANW,"WASHINGTON-F, LLC",1FTEW1EP0PFC22593,6/29/2023,25,55673.26,2023,FORD,F-150
7/24/2023,AE,AEABTA,161372,1,PANW,"WASHINGTON-F, LLC",1FTEW1EP0PFC22951,7/11/2023,13,55273.26,2023,FORD,F-150
7/24/2023,AE,AEABTA,161372,1,PANW,"WASHINGTON-F, LLC",1FTEW1EP0PKE41268,6/1/2023,53,57613.26,2023,FORD,F-150
7/24/2023,AE,AEABTA,161372,1,PANW,"WASHINGTON-F, LLC",1FTEW1EP0PKE53131,5/26/2023,59,56406.26,2023,FORD,F-150
7/24/2023,AE,AEABTA,161372,1,PANW,"WASHINGTON-F, LLC",1FTEW1EP0PKE53663,5/19/2023,66,57022.36,2023,FORD,F-150
7/24/2023,AE,AEABTA,161372,1,PANW,"WASHINGTON-F, LLC",1FTEW1EP0PKE63853,6/10/2023,44,56582.26,2023,FORD,F-150
7/24/2023,AE,AEABTA,161372,1,PANW,"WASHINGTON-F, LLC",1FTEW1EP1PFB94707,5/26/2023,59,55581.26,2023,FORD,F-150
7/24/2023,AE,AEABTA,161372,1,PANW,"WASHINGTON-F, LLC",1FTEW1EP1PFC09531,6/29/2023,25,57516.26,2023,FORD,F-150
7/24/2023,AE,AEABTA,161372,1,PANW,"WASHINGTON-F, LLC",1FTEW1EP1PFC18083,7/13/2023,11,55485.36,2023,FORD,F-150
7/24/2023,AE,AEABTA,161372,1,PANW,"WASHINGTON-F, LLC",1FTEW1EP1PKE33874,5/26/2023,59,58071.26,2023,FORD,F-150
7/24/2023,AE,AEABTA,161372,1,PANW,"WASHINGTON-F, LLC",1FTEW1EP1PKE47323,7/5/2023,19,57943.26,2023,FORD,F-150
7/24/2023,AE,AEABTA,161372,1,PANW,"WASHINGTON-F, LLC",1FTEW1EP1PKE61576,6/13/2023,41,54794.26,2023,FORD,F-150
7/24/2023,AE,AEABTA,161372,1,PANW,"WASHINGTON-F, LLC",1FTEW1EP2PFB65958,5/19/2023,66,55427.26,2023,FORD,F-150
7/24/2023,AE,AEABTA,161372,1,PANW,"WASHINGTON-F, LLC",1FTEW1EP2PFB92500,6/8/2023,46,58071.26,2023,FORD,F-150
7/24/2023,AE,AEABTA,161372,1,PANW,"WASHINGTON-F, LLC",1FTEW1EP2PFC16682,6/29/2023,25,54794.26,2023,FORD,F-150
7/24/2023,AE,AEABTA,161372,1,PANW,"WASHINGTON-F, LLC",1FTEW1EP2PKE39750,6/30/2023,24,58498.26,2023,FORD,F-150
7/24/2023,AE,AEABTA,161372,1,PANW,"WASHINGTON-F, LLC",1FTEW1EP2PKE42583,5/17/2023,68,54794.26,2023,FORD,F-150
7/24/2023,AE,AEABTA,161372,1,PANW,"WASHINGTON-F, LLC",1FTEW1EP2PKE47122,6/14/2023,40,58207.36,2023,FORD,F-150
7/24/2023,AE,AEABTA,161372,1,PANW,"WASHINGTON-F, LLC",1FTEW1EP2PKE53468,6/1/2023,53,58071.26,2023,FORD,F-150
7/24/2023,AE,AEABTA,161372,1,PANW,"WASHINGTON-F, LLC",1FTEW1EP2PKE53681,6/1/2023,53,57343.26,2023,FORD,F-150
7/24/2023,AE,AEABTA,161372,1,PANW,"WASHINGTON-F, LLC",1FTEW1EP3PFB78234,5/19/2023,66,56788.26,2023,FORD,F-150
7/24/2023,AE,AEABTA,161372,1,PANW,"WASHINGTON-F, LLC",1FTEW1EP3PFB94465,6/13/2023,41,58108.26,2023,FORD,F-150
7/24/2023,AE,AEABTA,161372,1,PANW,"WASHINGTON-F, LLC",1FTEW1EP3PFC10731,6/29/2023,25,58322.26,2023,FORD,F-150
7/24/2023,AE,AEABTA,161372,1,PANW,"WASHINGTON-F, LLC",1FTEW1EP3PFC20935,6/29/2023,25,55045.26,2023,FORD,F-150
7/24/2023,AE,AEABTA,161372,1,PANW,"WASHINGTON-F, LLC",1FTEW1EP3PFC23057,7/18/2023,6,55273.26,2023,FORD,F-150
7/24/2023,AE,AEABTA,161372,1,PANW,"WASHINGTON-F, LLC",1FTEW1EP3PKE40003,6/13/2023,41,59068.26,2023,FORD,F-150
7/24/2023,AE,AEABTA,161372,1,PANW,"WASHINGTON-F, LLC",1FTEW1EP3PKE43161,5/17/2023,68,54794.26,2023,FORD,F-150
7/24/2023,AE,AEABTA,161372,1,PANW,"WASHINGTON-F, LLC",1FTEW1EP3PKE47484,6/15/2023,39,57516.26,2023,FORD,F-150
7/24/2023,AE,AEABTA,161372,1,PANW,"WASHINGTON-F, LLC",1FTEW1EP3PKE53138,6/1/2023,53,56582.26,2023,FORD,F-150
7/24/2023,AE,AEABTA,161372,1,PANW,"WASHINGTON-F, LLC",1FTEW1EP3PKE54743,5/19/2023,66,57516.26,2023,FORD,F-150
7/24/2023,AE,AEABTA,161372,1,PANW,"WASHINGTON-F, LLC",1FTEW1EP3PKE61708,6/13/2023,41,56155.26,2023,FORD,F-150
7/24/2023,AE,AEABTA,161372,1,PANW,"WASHINGTON-F, LLC",1FTEW1EP3PKE62793,6/13/2023,41,56788.26,2023,FORD,F-150
7/24/2023,AE,AEABTA,161372,1,PANW,"WASHINGTON-F, LLC",1FTEW1EP3PKE64351,6/21/2023,33,63900.26,2023,FORD,F-150
7/24/2023,AE,AEABTA,161372,1,PANW,"WASHINGTON-F, LLC",1FTEW1EP4PFB87489,5/18/2023,67,54794.26,2023,FORD,F-150
7/24/2023,AE,AEABTA,161372,1,PANW,"WASHINGTON-F, LLC",1FTEW1EP4PFC22807,7/5/2023,19,55273.26,2023,FORD,F-150
7/24/2023,AE,AEABTA,161372,1,PANW,"WASHINGTON-F, LLC",1FTEW1EP4PKE04336,5/11/2023,74,55949.32,2023,FORD,F-150
7/24/2023,AE,AEABTA,161372,1,PANW,"WASHINGTON-F, LLC",1FTEW1EP4PKE41502,6/14/2023,40,57956.36,2023,FORD,F-150
7/24/2023,AE,AEABTA,161372,1,PANW,"WASHINGTON-F, LLC",1FTEW1EP4PKE42374,6/14/2023,40,56155.26,2023,FORD,F-150
7/24/2023,AE,AEABTA,161372,1,PANW,"WASHINGTON-F, LLC",1FTEW1EP4PKE42777,5/17/2023,68,58704.26,2023,FORD,F-150
7/24/2023,AE,AEABTA,161372,1,PANW,"WASHINGTON-F, LLC",1FTEW1EP4PKE47025,6/14/2023,40,57767.26,2023,FORD,F-150
7/24/2023,AE,AEABTA,161372,1,PANW,"WASHINGTON-F, LLC",1FTEW1EP4PKE47493,5/26/2023,59,57516.26,2023,FORD,F-150
7/24/2023,AE,AEABTA,161372,1,PANW,"WASHINGTON-F, LLC",1FTEW1EP4PKE59496,6/1/2023,53,54640.26,2023,FORD,F-150
7/24/2023,AE,AEABTA,161372,1,PANW,"WASHINGTON-F, LLC",1FTEW1EP4PKE61684,6/13/2023,41,56001.26,2023,FORD,F-150
7/24/2023,AE,AEABTA,161372,1,PANW,"WASHINGTON-F, LLC",1FTEW1EP4PKE84107,7/14/2023,10,55177.36,2023,FORD,F-150
7/24/2023,AE,AEABTA,161372,1,PANW,"WASHINGTON-F, LLC",1FTEW1EP5PFA50108,7/5/2023,19,54934.72,2023,FORD,F-150
7/24/2023,AE,AEABTA,161372,1,PANW,"WASHINGTON-F, LLC",1FTEW1EP5PFB72757,7/7/2023,17,58276.26,2023,FORD,F-150
7/24/2023,AE,AEABTA,161372,1,PANW,"WASHINGTON-F, LLC",1FTEW1EP5PFB87808,6/3/2023,51,54794.26,2023,FORD,F-150
7/24/2023,AE,AEABTA,161372,1,PANW,"WASHINGTON-F, LLC",1FTEW1EP5PFB91132,5/26/2023,59,56788.26,2023,FORD,F-150
7/24/2023,AE,AEABTA,161372,1,PANW,"WASHINGTON-F, LLC",1FTEW1EP5PFB94452,6/8/2023,46,54794.26,2023,FORD,F-150
7/24/2023,AE,AEABTA,161372,1,PANW,"WASHINGTON-F, LLC",1FTEW1EP5PFC09841,6/29/2023,25,57362.26,2023,FORD,F-150
7/24/2023,AE,AEABTA,161372,1,PANW,"WASHINGTON-F, LLC",1FTEW1EP5PFC17826,7/20/2023,4,54794.26,2023,FORD,F-150
7/24/2023,AE,AEABTA,161372,1,PANW,"WASHINGTON-F, LLC",1FTEW1EP5PFC17924,6/29/2023,25,54794.26,2023,FORD,F-150
7/24/2023,AE,AEABTA,161372,1,PANW,"WASHINGTON-F, LLC",1FTEW1EP5PFC21150,7/8/2023,16,55290.36,2023,FORD,F-150
7/24/2023,AE,AEABTA,161372,1,PANW,"WASHINGTON-F, LLC",1FTEW1EP5PKE33179,6/1/2023,53,59240.26,2023,FORD,F-150
7/24/2023,AE,AEABTA,161372,1,PANW,"WASHINGTON-F, LLC",1FTEW1EP5PKE42352,6/14/2023,40,54794.26,2023,FORD,F-150
7/24/2023,AE,AEABTA,161372,1,PANW,"WASHINGTON-F, LLC",1FTEW1EP5PKE42559,6/14/2023,40,54794.26,2023,FORD,F-150
7/24/2023,AE,AEABTA,161372,1,PANW,"WASHINGTON-F, LLC",1FTEW1EP5PKE45896,5/26/2023,59,58616.36,2023,FORD,F-150
7/24/2023,AE,AEABTA,161372,1,PANW,"WASHINGTON-F, LLC",1FTEW1EP5PKE46434,6/12/2023,42,58616.36,2023,FORD,F-150
7/24/2023,AE,AEABTA,161372,1,PANW,"WASHINGTON-F, LLC",1FTEW1EP5PKE55117,6/1/2023,53,58474.36,2023,FORD,F-150
7/24/2023,AE,AEABTA,161372,1,PANW,"WASHINGTON-F, LLC",1FTEW1EP5PKE61662,6/10/2023,44,54794.26,2023,FORD,F-150
7/24/2023,AE,AEABTA,161372,1,PANW,"WASHINGTON-F, LLC",1FTEW1EP5PKE84021,7/6/2023,18,55121.36,2023,FORD,F-150
7/24/2023,AE,AEABTA,161372,1,PANW,"WASHINGTON-F, LLC",1FTEW1EP6PFA50845,6/13/2023,41,54494.52,2023,FORD,F-150
7/24/2023,AE,AEABTA,161372,1,PANW,"WASHINGTON-F, LLC",1FTEW1EP6PFB66725,5/18/2023,67,56595.36,2023,FORD,F-150
7/24/2023,AE,AEABTA,161372,1,PANW,"WASHINGTON-F, LLC",1FTEW1EP6PFC10013,6/21/2023,33,56406.26,2023,FORD,F-150
7/24/2023,AE,AEABTA,161372,1,PANW,"WASHINGTON-F, LLC",1FTEW1EP6PFC17995,6/22/2023,32,54794.26,2023,FORD,F-150
7/24/2023,AE,AEABTA,161372,1,PANW,"WASHINGTON-F, LLC",1FTEW1EP6PFC18287,6/29/2023,25,55221.26,2023,FORD,F-150
7/24/2023,AE,AEABTA,161372,1,PANW,"WASHINGTON-F, LLC",1FTEW1EP6PKE47821,5/17/2023,68,57516.26,2023,FORD,F-150
7/24/2023,AE,AEABTA,161372,1,PANW,"WASHINGTON-F, LLC",1FTEW1EP6PKE53098,6/1/2023,53,56155.26,2023,FORD,F-150
7/24/2023,AE,AEABTA,161372,1,PANW,"WASHINGTON-F, LLC",1FTEW1EP6PKE59435,6/28/2023,26,56441.36,2023,FORD,F-150
7/24/2023,AE,AEABTA,161372,1,PANW,"WASHINGTON-F, LLC",1FTEW1EP6PKE62982,6/13/2023,41,56155.26,2023,FORD,F-150
7/24/2023,AE,AEABTA,161372,1,PANW,"WASHINGTON-F, LLC",1FTEW1EP6PKE73917,6/30/2023,24,64711.26,2023,FORD,F-150
7/24/2023,AE,AEABTA,161372,1,PANW,"WASHINGTON-F, LLC",1FTEW1EP6PKE85596,7/14/2023,10,54640.26,2023,FORD,F-150
7/24/2023,AE,AEABTA,161372,1,PANW,"WASHINGTON-F, LLC",1FTEW1EP7PFB66555,7/5/2023,19,54794.26,2023,FORD,F-150
7/24/2023,AE,AEABTA,161372,1,PANW,"WASHINGTON-F, LLC",1FTEW1EP7PFB87356,5/23/2023,62,54794.26,2023,FORD,F-150
7/24/2023,AE,AEABTA,161372,1,PANW,"WASHINGTON-F, LLC",1FTEW1EP7PFC10179,6/29/2023,25,57516.26,2023,FORD,F-150
7/24/2023,AE,AEABTA,161372,1,PANW,"WASHINGTON-F, LLC",1FTEW1EP7PFC16743,6/22/2023,32,54794.26,2023,FORD,F-150
7/24/2023,AE,AEABTA,161372,1,PANW,"WASHINGTON-F, LLC",1FTEW1EP7PFC17763,6/22/2023,32,54794.26,2023,FORD,F-150
7/24/2023,AE,AEABTA,161372,1,PANW,"WASHINGTON-F, LLC",1FTEW1EP7PFC20453,7/5/2023,19,54926.36,2023,FORD,F-150
7/24/2023,AE,AEABTA,161372,1,PANW,"WASHINGTON-F, LLC",1FTEW1EP7PFC20579,7/8/2023,16,55119.26,2023,FORD,F-150
7/24/2023,AE,AEABTA,161372,1,PANW,"WASHINGTON-F, LLC",1FTEW1EP7PFC20890,7/7/2023,17,54657.36,2023,FORD,F-150
7/24/2023,AE,AEABTA,161372,1,PANW,"WASHINGTON-F, LLC",1FTEW1EP7PFC22252,7/18/2023,6,55918.36,2023,FORD,F-150
7/24/2023,AE,AEABTA,161372,1,PANW,"WASHINGTON-F, LLC",1FTEW1EP7PFC22851,7/5/2023,19,56113.36,2023,FORD,F-150
7/24/2023,AE,AEABTA,161372,1,PANW,"WASHINGTON-F, LLC",1FTEW1EP7PKE34169,5/17/2023,68,58071.26,2023,FORD,F-150
7/24/2023,AE,AEABTA,161372,1,PANW,"WASHINGTON-F, LLC",1FTEW1EP7PKE47438,5/17/2023,68,57022.36,2023,FORD,F-150
7/24/2023,AE,AEABTA,161372,1,PANW,"WASHINGTON-F, LLC",1FTEW1EP7PKE48086,5/19/2023,66,58071.26,2023,FORD,F-150
7/24/2023,AE,AEABTA,161372,1,PANW,"WASHINGTON-F, LLC",1FTEW1EP7PKE59475,5/19/2023,66,57362.26,2023,FORD,F-150
7/24/2023,AE,AEABTA,161372,1,PANW,"WASHINGTON-F, LLC",1FTEW1EP7PKE62862,6/13/2023,41,57707.26,2023,FORD,F-150
7/24/2023,AE,AEABTA,161372,1,PANW,"WASHINGTON-F, LLC",1FTEW1EP7PKE62909,6/13/2023,41,54462.26,2023,FORD,F-150
7/24/2023,AE,AEABTA,161372,1,PANW,"WASHINGTON-F, LLC",1FTEW1EP7PKE84246,7/6/2023,18,54486.26,2023,FORD,F-150
7/24/2023,AE,AEABTA,161372,1,PANW,"WASHINGTON-F, LLC",1FTEW1EP7PKE86370,7/5/2023,19,54640.26,2023,FORD,F-150
7/24/2023,AE,AEABTA,161372,1,PANW,"WASHINGTON-F, LLC",1FTEW1EP8PFA50538,6/15/2023,39,55129.72,2023,FORD,F-150
7/24/2023,AE,AEABTA,161372,1,PANW,"WASHINGTON-F, LLC",1FTEW1EP8PFB66855,7/20/2023,4,56155.26,2023,FORD,F-150
7/24/2023,AE,AEABTA,161372,1,PANW,"WASHINGTON-F, LLC",1FTEW1EP8PFB91920,6/8/2023,46,58071.26,2023,FORD,F-150
7/24/2023,AE,AEABTA,161372,1,PANW,"WASHINGTON-F, LLC",1FTEW1EP8PFB92002,6/8/2023,46,58704.26,2023,FORD,F-150
7/24/2023,AE,AEABTA,161372,1,PANW,"WASHINGTON-F, LLC",1FTEW1EP8PFC09865,6/21/2023,33,57655.36,2023,FORD,F-150
7/24/2023,AE,AEABTA,161372,1,PANW,"WASHINGTON-F, LLC",1FTEW1EP8PFC17819,6/29/2023,25,56991.26,2023,FORD,F-150
7/24/2023,AE,AEABTA,161372,1,PANW,"WASHINGTON-F, LLC",1FTEW1EP8PKD19970,7/17/2023,7,57216.52,2023,FORD,F-150
7/24/2023,AE,AEABTA,161372,1,PANW,"WASHINGTON-F, LLC",1FTEW1EP8PKE42586,5/17/2023,68,56155.26,2023,FORD,F-150
7/24/2023,AE,AEABTA,161372,1,PANW,"WASHINGTON-F, LLC",1FTEW1EP8PKE47397,6/13/2023,41,762,2023,FORD,F-150
7/24/2023,AE,AEABTA,161372,1,PANW,"WASHINGTON-F, LLC",1FTEW1EP8PKE47416,5/17/2023,68,58108.26,2023,FORD,F-150
7/24/2023,AE,AEABTA,161372,1,PANW,"WASHINGTON-F, LLC",1FTEW1EP8PKE53748,6/30/2023,24,56406.26,2023,FORD,F-150
7/24/2023,AE,AEABTA,161372,1,PANW,"WASHINGTON-F, LLC",1FTEW1EP8PKE73403,6/30/2023,24,54462.26,2023,FORD,F-150
7/24/2023,AE,AEABTA,161372,1,PANW,"WASHINGTON-F, LLC",1FTEW1EP8PKE73935,6/30/2023,24,57184.26,2023,FORD,F-150
7/24/2023,AE,AEABTA,161372,1,PANW,"WASHINGTON-F, LLC",1FTEW1EP8PKE85602,7/14/2023,10,54640.26,2023,FORD,F-150
7/24/2023,AE,AEABTA,161372,1,PANW,"WASHINGTON-F, LLC",1FTEW1EP9PFB72874,7/20/2023,4,57721.26,2023,FORD,F-150
7/24/2023,AE,AEABTA,161372,1,PANW,"WASHINGTON-F, LLC",1FTEW1EP9PFB91652,6/13/2023,41,58071.26,2023,FORD,F-150
7/24/2023,AE,AEABTA,161372,1,PANW,"WASHINGTON-F, LLC",1FTEW1EP9PFC09647,6/29/2023,25,57516.26,2023,FORD,F-150
7/24/2023,AE,AEABTA,161372,1,PANW,"WASHINGTON-F, LLC",1FTEW1EP9PKE33881,5/13/2023,72,57516.26,2023,FORD,F-150
7/24/2023,AE,AEABTA,161372,1,PANW,"WASHINGTON-F, LLC",1FTEW1EP9PKE42564,5/17/2023,68,54794.26,2023,FORD,F-150
7/24/2023,AE,AEABTA,161372,1,PANW,"WASHINGTON-F, LLC",1FTEW1EP9PKE61891,6/29/2023,25,54146.26,2023,FORD,F-150
7/24/2023,AE,AEABTA,161372,1,PANW,"WASHINGTON-F, LLC",1FTEW1EPXPFA31540,5/11/2023,74,70116.72,2023,FORD,F-150
7/24/2023,AE,AEABTA,161372,1,PANW,"WASHINGTON-F, LLC",1FTEW1EPXPFA50573,7/7/2023,17,54494.52,2023,FORD,F-150
7/24/2023,AE,AEABTA,161372,1,PANW,"WASHINGTON-F, LLC",1FTEW1EPXPFB91045,6/13/2023,41,58071.26,2023,FORD,F-150
7/24/2023,AE,AEABTA,161372,1,PANW,"WASHINGTON-F, LLC",1FTEW1EPXPKE42640,6/13/2023,41,58149.26,2023,FORD,F-150
7/24/2023,AE,AEABTA,161372,1,PANW,"WASHINGTON-F, LLC",1FTEW1EPXPKE42749,6/13/2023,41,54794.26,2023,FORD,F-150
7/24/2023,AE,AEABTA,161372,1,PANW,"WASHINGTON-F, LLC",1FTEW1EPXPKE79512,7/5/2023,19,55637.26,2023,FORD,F-150
7/24/2023,AE,AEABTA,161372,1,PANW,"WASHINGTON-F, LLC",1FTFW1E5XPFC03522,6/13/2023,41,60965.26,2023,FORD,F-150
7/24/2023,AE,AEABTA,161372,1,PANW,"WASHINGTON-F, LLC",1FTFW1E5XPKE80615,7/5/2023,19,55749.26,2023,FORD,F-150
7/24/2023,AE,AEABTA,161372,1,PANW,"WASHINGTON-F, LLC",1FTFW1E8XPFC14692,7/8/2023,16,72105.36,2023,FORD,F-150
7/24/2023,AE,AEABTA,161372,1,PANW,"WASHINGTON-F, LLC",1FTFW1E50PFC04680,6/22/2023,32,58757.36,2023,FORD,F-150
7/24/2023,AE,AEABTA,161372,1,PANW,"WASHINGTON-F, LLC",1FTFW1E51PFB22229,7/18/2023,6,62128.52,2023,FORD,F-150
7/24/2023,AE,AEABTA,161372,1,PANW,"WASHINGTON-F, LLC",1FTFW1E51PKE68742,6/28/2023,26,59208.36,2023,FORD,F-150
7/24/2023,AE,AEABTA,161372,1,PANW,"WASHINGTON-F, LLC",1FTFW1E51PKE68921,6/21/2023,33,58757.36,2023,FORD,F-150
7/24/2023,AE,AEABTA,161372,1,PANW,"WASHINGTON-F, LLC",1FTFW1E52PKE77580,6/28/2023,26,55595.26,2023,FORD,F-150
7/24/2023,AE,AEABTA,161372,1,PANW,"WASHINGTON-F, LLC",1FTFW1E52PKE79104,7/7/2023,17,56131.26,2023,FORD,F-150
7/24/2023,AE,AEABTA,161372,1,PANW,"WASHINGTON-F, LLC",1FTFW1E53PFC04706,6/15/2023,39,58757.36,2023,FORD,F-150
7/24/2023,AE,AEABTA,161372,1,PANW,"WASHINGTON-F, LLC",1FTFW1E54PFB79332,7/20/2023,4,60226.36,2023,FORD,F-150
7/24/2023,AE,AEABTA,161372,1,PANW,"WASHINGTON-F, LLC",1FTFW1E54PKE68878,6/21/2023,33,58757.36,2023,FORD,F-150
7/24/2023,AE,AEABTA,161372,1,PANW,"WASHINGTON-F, LLC",1FTFW1E54PKE69478,6/21/2023,33,60213.26,2023,FORD,F-150
7/24/2023,AE,AEABTA,161372,1,PANW,"WASHINGTON-F, LLC",1FTFW1E54PKE69545,6/21/2023,33,58911.36,2023,FORD,F-150
7/24/2023,AE,AEABTA,161372,1,PANW,"WASHINGTON-F, LLC",1FTFW1E54PKE77127,7/5/2023,19,56035.36,2023,FORD,F-150
7/24/2023,AE,AEABTA,161372,1,PANW,"WASHINGTON-F, LLC",1FTFW1E55PFB69571,5/11/2023,74,60998.36,2023,FORD,F-150
7/24/2023,AE,AEABTA,161372,1,PANW,"WASHINGTON-F, LLC",1FTFW1E55PKE24355,6/22/2023,32,61293.36,2023,FORD,F-150
7/24/2023,AE,AEABTA,161372,1,PANW,"WASHINGTON-F, LLC",1FTFW1E55PKE69019,6/28/2023,26,58757.36,2023,FORD,F-150
7/24/2023,AE,AEABTA,161372,1,PANW,"WASHINGTON-F, LLC",1FTFW1E55PKE69036,6/28/2023,26,58757.36,2023,FORD,F-150
7/24/2023,AE,AEABTA,161372,1,PANW,"WASHINGTON-F, LLC",1FTFW1E56PFB66484,6/2/2023,52,62087.36,2023,FORD,F-150
7/24/2023,AE,AEABTA,161372,1,PANW,"WASHINGTON-F, LLC",1FTFW1E56PFC04683,7/20/2023,4,58757.36,2023,FORD,F-150
7/24/2023,AE,AEABTA,161372,1,PANW,"WASHINGTON-F, LLC",1FTFW1E56PFC07082,6/22/2023,32,59864.26,2023,FORD,F-150
7/24/2023,AE,AEABTA,161372,1,PANW,"WASHINGTON-F, LLC",1FTFW1E56PKE69031,6/21/2023,33,58757.36,2023,FORD,F-150
7/24/2023,AE,AEABTA,161372,1,PANW,"WASHINGTON-F, LLC",1FTFW1E58PKE68804,6/20/2023,34,58757.36,2023,FORD,F-150
7/24/2023,AE,AEABTA,161372,1,PANW,"WASHINGTON-F, LLC",1FTFW1E58PKE68933,6/28/2023,26,58757.36,2023,FORD,F-150
7/24/2023,AE,AEABTA,161372,1,PANW,"WASHINGTON-F, LLC",1FTFW1E59PFB96546,6/22/2023,32,69429.36,2023,FORD,F-150
7/24/2023,AE,AEABTA,161372,1,PANW,"WASHINGTON-F, LLC",1FTFW1E59PKE60145,6/12/2023,42,58951.36,2023,FORD,F-150
7/24/2023,AE,AEABTA,161372,1,PANW,"WASHINGTON-F, LLC",1FTFW1E85PFC14857,7/8/2023,16,60217.26,2023,FORD,F-150
7/24/2023,AE,AEABTA,161372,1,PANW,"WASHINGTON-F, LLC",1FTFW1E86PFB97275,6/13/2023,41,71315.36,2023,FORD,F-150
7/24/2023,AE,AEABTA,161372,1,PANW,"WASHINGTON-F, LLC",1FTFW1E86PFC28203,7/20/2023,4,70990.88,2023,FORD,F-150
7/24/2023,AE,AEABTA,161372,1,PANW,"WASHINGTON-F, LLC",1FTFW1E87PFC34284,7/21/2023,3,71714.88,2023,FORD,F-150
7/24/2023,AE,AEABTA,161372,1,PANW,"WASHINGTON-F, LLC",1FTFW1E88PFC34262,7/20/2023,4,71714.88,2023,FORD,F-150
7/24/2023,AE,AEABTA,161372,1,PANW,"WASHINGTON-F, LLC",1FTFW1ED0PFC31630,7/18/2023,6,69719.81,2023,FORD,F-150
7/24/2023,AE,AEABTA,161372,1,PANW,"WASHINGTON-F, LLC",1FTFW1ED3PFC00601,7/21/2023,3,81007.81,2023,FORD,F-150
7/24/2023,AE,AEABTA,161372,1,PANW,"WASHINGTON-F, LLC",1FTFW1ED3PFC32299,7/20/2023,4,80465.81,2023,FORD,F-150
7/24/2023,AE,AEABTA,161372,1,PANW,"WASHINGTON-F, LLC",1FTFW1ED4PFC31713,7/18/2023,6,70443.81,2023,FORD,F-150
7/24/2023,AE,AEABTA,161372,1,PANW,"WASHINGTON-F, LLC",1FTFW1ED9PFC31755,7/18/2023,6,70116.81,2023,FORD,F-150
7/24/2023,AE,AEABTA,161372,1,PANW,"WASHINGTON-F, LLC",1FTFW1RG5PFB35884,6/13/2023,41,78209.52,2023,FORD,F-150
7/24/2023,AE,AEABTA,161372,1,PANW,"WASHINGTON-F, LLC",1FTFW1RGXPFC25189,7/20/2023,4,80893.36,2023,FORD,F-150
7/24/2023,AE,AEABTA,161372,1,PANW,"WASHINGTON-F, LLC",1FTVW1EV9PWG01879,7/20/2023,4,81105,2023,FORD,F-150
7/24/2023,AE,AEABTA,161372,1,PANW,"WASHINGTON-F, LLC",2FMPK4AP1PBA58294,6/28/2023,26,55070.69,2023,FORD,EDGE
7/24/2023,AE,AEABTA,161372,1,PANW,"WASHINGTON-F, LLC",2FMPK4AP7PBA58851,6/23/2023,31,55070.69,2023,FORD,EDGE
7/24/2023,AE,AEABTA,161372,1,PANW,"WASHINGTON-F, LLC",2FMPK4J91PBA56319,7/22/2023,2,40611.69,2023,FORD,EDGE
7/24/2023,AE,AEABTA,161372,1,PANW,"WASHINGTON-F, LLC",2FMPK4J92PBA44177,6/16/2023,38,41311.69,2023,FORD,EDGE
7/24/2023,AE,AEABTA,161372,1,PANW,"WASHINGTON-F, LLC",2FMPK4J93PBA55060,7/22/2023,2,39342.69,2023,FORD,EDGE
7/24/2023,AE,AEABTA,161372,1,PANW,"WASHINGTON-F, LLC",2FMPK4J93PBA57035,6/23/2023,31,44869.69,2023,FORD,EDGE
7/24/2023,AE,AEABTA,161372,1,PANW,"WASHINGTON-F, LLC",2FMPK4J94PBA55892,7/18/2023,6,41781.69,2023,FORD,EDGE
7/24/2023,AE,AEABTA,161372,1,PANW,"WASHINGTON-F, LLC",2FMPK4J96PBA56560,7/20/2023,4,40611.69,2023,FORD,EDGE
7/24/2023,AE,AEABTA,161372,1,PANW,"WASHINGTON-F, LLC",2FMPK4J98PBA56415,7/20/2023,4,40940.69,2023,FORD,EDGE
7/24/2023,AE,AEABTA,161372,1,PANW,"WASHINGTON-F, LLC",2FMPK4J98PBA56527,7/22/2023,2,41720.69,2023,FORD,EDGE
7/24/2023,AE,AEABTA,161372,1,PANW,"WASHINGTON-F, LLC",2FMPK4J98PBA56561,7/22/2023,2,40517.69,2023,FORD,EDGE
7/24/2023,AE,AEABTA,161372,1,PANW,"WASHINGTON-F, LLC",2FMPK4J99PBA56231,7/8/2023,16,40611.69,2023,FORD,EDGE
7/24/2023,AE,AEABTA,161372,1,PANW,"WASHINGTON-F, LLC",2FMPK4K99PBA55384,7/22/2023,2,46297.69,2023,FORD,EDGE
7/24/2023,AE,AEABTA,161372,1,PANW,"WASHINGTON-F, LLC",3FMCR9B60PRD85574,7/22/2023,2,33863.67,2023,FORD,BRONCO SPORT
7/24/2023,AE,AEABTA,161372,1,PANW,"WASHINGTON-F, LLC",3FMCR9B66PRD64874,7/13/2023,11,33863.67,2023,FORD,BRONCO SPORT
7/24/2023,AE,AEABTA,161372,1,PANW,"WASHINGTON-F, LLC",3FMCR9B67PRD84504,7/12/2023,12,35264.67,2023,FORD,BRONCO SPORT
7/24/2023,AE,AEABTA,161372,1,PANW,"WASHINGTON-F, LLC",3FMCR9B68PRD61748,7/5/2023,19,33863.67,2023,FORD,BRONCO SPORT
7/24/2023,AE,AEABTA,161372,1,PANW,"WASHINGTON-F, LLC",3FMCR9C6XPRD40429,5/13/2023,72,37360.44,2023,FORD,BRONCO SPORT
7/24/2023,AE,AEABTA,161372,1,PANW,"WASHINGTON-F, LLC",3FMCR9C6XPRD66268,6/15/2023,39,36484.67,2023,FORD,BRONCO SPORT
7/24/2023,AE,AEABTA,161372,1,PANW,"WASHINGTON-F, LLC",3FMCR9C60PRD84097,7/18/2023,6,38556.67,2023,FORD,BRONCO SPORT
7/24/2023,AE,AEABTA,161372,1,PANW,"WASHINGTON-F, LLC",3FMCR9C61PRD61041,7/7/2023,17,38086.67,2023,FORD,BRONCO SPORT
7/24/2023,AE,AEABTA,161372,1,PANW,"WASHINGTON-F, LLC",3FMCR9C61PRD64800,6/29/2023,25,38556.67,2023,FORD,BRONCO SPORT
7/24/2023,AE,AEABTA,161372,1,PANW,"WASHINGTON-F, LLC",3FMCR9C61PRD69222,6/13/2023,41,36949.67,2023,FORD,BRONCO SPORT
7/24/2023,AE,AEABTA,161372,1,PANW,"WASHINGTON-F, LLC",3FMCR9C61PRD78454,7/18/2023,6,37222.67,2023,FORD,BRONCO SPORT
7/24/2023,AE,AEABTA,161372,1,PANW,"WASHINGTON-F, LLC",3FMCR9C62PRD61159,6/27/2023,27,36164.67,2023,FORD,BRONCO SPORT
7/24/2023,AE,AEABTA,161372,1,PANW,"WASHINGTON-F, LLC",3FMCR9C62PRD61937,6/27/2023,27,36014.67,2023,FORD,BRONCO SPORT
7/24/2023,AE,AEABTA,161372,1,PANW,"WASHINGTON-F, LLC",3FMCR9C63PRD63292,7/3/2023,21,38556.67,2023,FORD,BRONCO SPORT
7/24/2023,AE,AEABTA,161372,1,PANW,"WASHINGTON-F, LLC",3FMCR9C63PRD67505,6/29/2023,25,36484.67,2023,FORD,BRONCO SPORT
7/24/2023,AE,AEABTA,161372,1,PANW,"WASHINGTON-F, LLC",3FMCR9C64PRD85382,7/18/2023,6,38533.67,2023,FORD,BRONCO SPORT
7/24/2023,AE,AEABTA,161372,1,PANW,"WASHINGTON-F, LLC",3FMCR9C66PRD71788,6/27/2023,27,38086.67,2023,FORD,BRONCO SPORT
7/24/2023,AE,AEABTA,161372,1,PANW,"WASHINGTON-F, LLC",3FMCR9C69PRD69016,7/17/2023,7,38556.67,2023,FORD,BRONCO SPORT
7/24/2023,AE,AEABTA,161372,1,PANW,"WASHINGTON-F, LLC",3FMCR9D95PRD77882,6/29/2023,25,43042.67,2023,FORD,BRONCO SPORT
7/24/2023,AE,AEABTA,161372,1,PANW,"WASHINGTON-F, LLC",3FMCR9D95PRD78207,7/18/2023,6,43225.67,2023,FORD,BRONCO SPORT
7/24/2023,AE,AEABTA,161372,1,PANW,"WASHINGTON-F, LLC",3FMCR9G67PRD85872,7/13/2023,11,35676.67,2023,FORD,BRONCO SPORT
7/24/2023,AE,AEABTA,161372,1,PANW,"WASHINGTON-F, LLC",3FMCR9H90PRD76715,7/22/2023,2,44921.67,2023,FORD,BRONCO SPORT
7/24/2023,AE,AEABTA,161372,1,PANW,"WASHINGTON-F, LLC",3FMTK1SS2PMA17638,7/20/2023,4,50845,2023,FORD,MUSTANG MACH-E
7/24/2023,AE,AEABTA,161372,1,PANW,"WASHINGTON-F, LLC",3FMTK3RM6PMA32145,6/14/2023,40,53600,2023,FORD,MUSTANG MACH-E
7/24/2023,AE,AEABTA,161372,1,PANW,"WASHINGTON-F, LLC",3FMTK3SU0PMA33477,5/17/2023,68,63840,2023,FORD,MUSTANG MACH-E
7/24/2023,AE,AEABTA,161372,1,PANW,"WASHINGTON-F, LLC",3FMTK3SU7PMA31435,5/19/2023,66,63605,2023,FORD,MUSTANG MACH-E
7/24/2023,AE,AEABTA,161372,1,PANW,"WASHINGTON-F, LLC",3FMTK4SE1PMA58855,7/14/2023,10,65805,2023,FORD,MUSTANG MACH-E
7/24/2023,AE,AEABTA,161372,1,PANW,"WASHINGTON-F, LLC",3FMTK4SE2PMA44544,7/5/2023,19,66600,2023,FORD,MUSTANG MACH-E
7/24/2023,AE,AEABTA,161372,1,PANW,"WASHINGTON-F, LLC",3FMTK4SE8PMA39462,7/14/2023,10,65805,2023,FORD,MUSTANG MACH-E
7/24/2023,AE,AEABTA,161372,1,PANW,"WASHINGTON-F, LLC",3FTTW8E30PRA54440,7/18/2023,6,30043.65,2023,FORD,MAVERICK
7/24/2023,AE,AEABTA,161372,1,PANW,"WASHINGTON-F, LLC",3FTTW8E31PRA54009,7/22/2023,2,26090.65,2023,FORD,MAVERICK
7/24/2023,AE,AEABTA,161372,1,PANW,"WASHINGTON-F, LLC",3FTTW8E35PRA57186,7/22/2023,2,27927.65,2023,FORD,MAVERICK
7/24/2023,AE,AEABTA,161372,1,PANW,"WASHINGTON-F, LLC",3FTTW8F91PRA54739,7/18/2023,6,28384.18,2023,FORD,MAVERICK
7/24/2023,AE,AEABTA,161372,1,PANW,"WASHINGTON-F, LLC",3FTTW8F93PRA44326,7/10/2023,14,30570.18,2023,FORD,MAVERICK
7/24/2023,AE,AEABTA,161372,1,PANW,"WASHINGTON-F, LLC",3FTTW8F95PRA58390,7/22/2023,2,31714.18,2023,FORD,MAVERICK
7/24/2023,AE,AEABTA,161372,1,PANW,"WASHINGTON-F, LLC",3FTTW8G92PRA59382,7/18/2023,6,31001.18,2023,FORD,MAVERICK
7/24/2023,NA,NAABE0,161778,1,NEW,"LAD-F, INC.",1FM5K7GC1NGB92922,8/25/2022,333,53134.89,2022,FORD,EXPLORER
7/24/2023,NA,NAABE0,161778,1,NEW,"LAD-F, INC.",1FM5K7LC1NGB88598,8/24/2022,334,56343.89,2022,FORD,EXPLORER
7/24/2023,NA,NAABE0,161778,1,NEW,"LAD-F, INC.",1FM5K8GC5PGA62215,6/6/2023,48,58942.37,2023,FORD,EXPLORER
7/24/2023,NA,NAABE0,161778,1,NEW,"LAD-F, INC.",1FM5K8GC7PGA29801,5/8/2023,77,58942.37,2023,FORD,EXPLORER
7/24/2023,NA,NAABE0,161778,1,NEW,"LAD-F, INC.",1FMCU0G64NUC02038,3/26/2023,120,29860.84,2022,FORD,ESCAPE
7/24/2023,NA,NAABE0,161778,1,NEW,"LAD-F, INC.",1FMDE5DH1NLB39653,6/18/2023,36,49069.05,2022,FORD,BRONCO
7/24/2023,NA,NAABE0,161778,1,NEW,"LAD-F, INC.",1FMSK7FH1NGB40819,12/13/2022,223,49708.01,2022,FORD,EXPLORER
7/24/2023,NA,NAABE0,161778,1,NEW,"LAD-F, INC.",1FMSK7FH9NGB90402,2/1/2023,173,50053.53,2022,FORD,EXPLORER
7/24/2023,NA,NAABE0,161778,1,NEW,"LAD-F, INC.",1FMSK7KH8PGA65416,6/6/2023,48,47088.73,2023,FORD,EXPLORER
7/24/2023,NA,NAABE0,161778,1,NEW,"LAD-F, INC.",1FMSK8FH9NGB39522,6/18/2023,36,51969.73,2022,FORD,EXPLORER
7/24/2023,NA,NAABE0,161778,1,NEW,"LAD-F, INC.",1FT7W2BT1NEF11498,12/1/2022,235,67357.06,2022,FORD,F-250
7/24/2023,NA,NAABE0,161778,1,NEW,"LAD-F, INC.",1FT7W2BT6NEF11495,11/28/2022,238,67717.06,2022,FORD,F-250
7/24/2023,NA,NAABE0,161778,1,NEW,"LAD-F, INC.",1FTEW1CP1PKE11392,7/3/2023,21,52822.97,2023,FORD,F-150
7/24/2023,NA,NAABE0,161778,1,NEW,"LAD-F, INC.",1FTEW1CP1PKE12090,7/5/2023,19,52614.97,2023,FORD,F-150
7/24/2023,NA,NAABE0,161778,1,NEW,"LAD-F, INC.",1FTEW1EP2PKE12659,7/22/2023,2,51982.97,2023,FORD,F-150
7/24/2023,NA,NAABE0,161778,1,NEW,"LAD-F, INC.",1FTEW1EP3PKE13044,6/28/2023,26,51655.97,2023,FORD,F-150
7/24/2023,NA,NAABE0,161778,1,NEW,"LAD-F, INC.",1FTEW1EP8PKE12777,7/3/2023,21,52137.97,2023,FORD,F-150
7/24/2023,NA,NAABE0,161778,1,NEW,"LAD-F, INC.",1FTFW1E82PFA70183,4/16/2023,99,59426.17,2023,FORD,F-150
7/24/2023,NA,NAABE0,161778,1,NEW,"LAD-F, INC.",1FTFW1E88NKE74237,12/15/2022,221,57855.49,2022,FORD,F-150
7/24/2023,NA,NAABE0,161778,1,NEW,"LAD-F, INC.",1FTFW1ED7PFA67910,5/25/2023,60,63329.57,2023,FORD,F-150
7/24/2023,NA,NAABE0,161778,1,NEW,"LAD-F, INC.",1FTFW1EDXPFA72258,5/8/2023,77,61438.77,2023,FORD,F-150
7/24/2023,NA,NAABE0,161778,1,NEW,"LAD-F, INC.",2FMPK4J95NBB11786,2/28/2023,146,43788.53,2022,FORD,EDGE
7/24/2023,NA,NAABE0,161778,1,NEW,"LAD-F, INC.",3FMCR9B66PRD46956,6/8/2023,46,32217.09,2023,FORD,BRONCO SPORT
7/24/2023,NA,NAABE0,161778,1,PANW,"LAD-F, INC.",1FD0W5HT2PEC70852,7/21/2023,3,70696.5,2023,FORD,F-550
7/24/2023,NA,NAABE0,161778,1,PANW,"LAD-F, INC.",1FMCU0GN1PUA24681,6/21/2023,33,29735.67,2023,FORD,ESCAPE
7/24/2023,NA,NAABE0,161778,1,PANW,"LAD-F, INC.",1FT7W2BT1PED38522,7/13/2023,11,67304.6,2023,FORD,F-250
7/24/2023,NA,NAABE0,161778,1,PANW,"LAD-F, INC.",1FT8W2BAXPED16473,6/14/2023,40,56689.34,2023,FORD,F-250
7/24/2023,NA,NAABE0,161778,1,PANW,"LAD-F, INC.",1FT8W2BMXPED38449,7/13/2023,11,68746.6,2023,FORD,F-250
7/24/2023,NA,NAABE0,161778,1,PANW,"LAD-F, INC.",1FT8W3BM0PED43908,7/15/2023,9,65777.6,2023,FORD,F-350
7/24/2023,NA,NAABE0,161778,1,PANW,"LAD-F, INC.",1FT8W3BT8PED43694,7/13/2023,11,63710.6,2023,FORD,F-350
7/24/2023,NA,NAABE0,161778,1,PANW,"LAD-F, INC.",1FT8X2AA3PED16474,6/21/2023,33,46460.34,2023,FORD,F-250
7/24/2023,NA,NAABE0,161778,1,PANW,"LAD-F, INC.",1FTBF2AA6PED38462,7/13/2023,11,47181.34,2023,FORD,F-250
7/24/2023,NA,NAABE0,161778,1,PANW,"LAD-F, INC.",1FTBR1C85PKB28609,7/22/2023,2,47582.71,2023,FORD,TRANSIT
7/24/2023,NA,NAABE0,161778,1,PANW,"LAD-F, INC.",1FTBR1C88PKB26708,7/22/2023,2,47582.71,2023,FORD,TRANSIT
7/24/2023,NA,NAABE0,161778,1,PANW,"LAD-F, INC.",1FTBR3X82PKB26645,7/21/2023,3,51408.71,2023,FORD,TRANSIT
7/24/2023,NA,NAABE0,161778,1,PANW,"LAD-F, INC.",1FTBW9CK3PKB39238,7/13/2023,11,59855.65,2023,FORD,TRANSIT
7/24/2023,NA,NAABE0,161778,1,PANW,"LAD-F, INC.",1FTER4EH2PLE31062,6/24/2023,30,37296.85,2023,FORD,RANGER
7/24/2023,NA,NAABE0,161778,1,PANW,"LAD-F, INC.",1FTER4EH4PLE31323,6/30/2023,24,35340.85,2023,FORD,RANGER
7/24/2023,NA,NAABE0,161778,1,PANW,"LAD-F, INC.",1FTEW1CP2PFC26762,7/13/2023,11,52511.91,2023,FORD,F-150
7/24/2023,NA,NAABE0,161778,1,PANW,"LAD-F, INC.",1FTEW1EB5PKE17360,7/24/2023,0,48014.69,2023,FORD,F-150
7/24/2023,NA,NAABE0,161778,1,PANW,"LAD-F, INC.",1FTEX1EP1PKE26856,5/26/2023,59,47054.38,2023,FORD,F-150
7/24/2023,NA,NAABE0,161778,1,PANW,"LAD-F, INC.",1FTFW1ED0PFC08445,6/28/2023,26,68111.46,2023,FORD,F-150
7/24/2023,NA,NAABE0,161778,1,PANW,"LAD-F, INC.",2FMPK4G91PBA49152,6/30/2023,24,40219.34,2023,FORD,EDGE
7/24/2023,NA,NAABE0,161778,1,PANW,"LAD-F, INC.",2FMPK4J90PBA51578,6/9/2023,45,42499.34,2023,FORD,EDGE
7/24/2023,NA,NAABE0,161778,1,PANW,"LAD-F, INC.",2FMPK4J93PBA50411,6/3/2023,51,42311.34,2023,FORD,EDGE
7/24/2023,NA,NAABE0,161778,1,PANW,"LAD-F, INC.",3FMCR9B6XPRD78485,7/15/2023,9,32097.32,2023,FORD,BRONCO SPORT
7/24/2023,NA,NAABE0,161778,1,PANW,"LAD-F, INC.",3FMCR9B60PRD78219,7/15/2023,9,32097.32,2023,FORD,BRONCO SPORT
7/24/2023,NA,NAABE0,161778,1,PANW,"LAD-F, INC.",3FMCR9B61PRD78634,7/13/2023,11,32191.32,2023,FORD,BRONCO SPORT
7/24/2023,NA,NAABE0,161778,1,PANW,"LAD-F, INC.",3FMCR9B63PRD81003,7/13/2023,11,32097.32,2023,FORD,BRONCO SPORT
7/24/2023,NA,NAABE0,161778,1,PANW,"LAD-F, INC.",3FMCR9B64PRD79406,7/13/2023,11,32097.32,2023,FORD,BRONCO SPORT
7/24/2023,NA,NAABE0,161778,1,PANW,"LAD-F, INC.",3FMCR9B67PRD84857,7/13/2023,11,32097.32,2023,FORD,BRONCO SPORT
7/24/2023,NA,NAABE0,161778,1,PANW,"LAD-F, INC.",3FMCR9C62PRD82111,7/13/2023,11,36015.32,2023,FORD,BRONCO SPORT
7/24/2023,NA,NAABE0,161778,1,PANW,"LAD-F, INC.",3FMCR9C63PRD79198,7/13/2023,11,36015.32,2023,FORD,BRONCO SPORT
7/24/2023,NA,NAABE0,161778,1,PANW,"LAD-F, INC.",3FMCR9C65PRD81809,7/13/2023,11,36015.32,2023,FORD,BRONCO SPORT
7/24/2023,NA,NAABE0,161778,1,PANW,"LAD-F, INC.",3FMCR9G69PRD58415,5/20/2023,65,37530.32,2023,FORD,BRONCO SPORT
7/24/2023,NA,NAABE0,161778,1,PANW,"LAD-F, INC.",NM0GS9F24P1552365,6/29/2023,25,39082.45,2023,FORD,TRANSIT CONNECT
7/24/2023,FK,FKAAYC,162547,1,FSLP,"ELK GROVE-F, INC.",1FMCU0GN8PUA54289,7/21/2023,3,29735.67,2023,FORD,ESCAPE
7/24/2023,FK,FKAAYC,162547,1,FSLP,"ELK GROVE-F, INC.",2FMPK4J92PBA50979,7/21/2023,3,41085.34,2023,FORD,EDGE
7/24/2023,FK,FKAAYC,162547,1,MDHV,"ELK GROVE-F, INC.",1FDNF6DE0PDF08237,1/26/2023,179,70555.64,2023,FORD,F-650
7/24/2023,FK,FKAAYC,162547,1,MDHV,"ELK GROVE-F, INC.",1FDNF6DE0PDF11803,3/9/2023,137,71154.64,2023,FORD,F-650
7/24/2023,FK,FKAAYC,162547,1,MDHV,"ELK GROVE-F, INC.",1FDNF6DE0PDF12272,2/28/2023,146,70555.64,2023,FORD,F-650
7/24/2023,FK,FKAAYC,162547,1,MDHV,"ELK GROVE-F, INC.",1FDNF6DE4PDF12274,3/14/2023,132,70555.64,2023,FORD,F-650
7/24/2023,FK,FKAAYC,162547,1,MDHV,"ELK GROVE-F, INC.",1FDNF6DE5PDF12543,4/16/2023,99,71155.06,2023,FORD,F-650
7/24/2023,FK,FKAAYC,162547,1,MDHV,"ELK GROVE-F, INC.",1FDNF6DE6PDF12275,2/28/2023,146,70555.64,2023,FORD,F-650
7/24/2023,FK,FKAAYC,162547,1,MDHV,"ELK GROVE-F, INC.",1FDNF6DE8PDF09362,3/14/2023,132,71072.64,2023,FORD,F-650
7/24/2023,FK,FKAAYC,162547,1,MDHV,"ELK GROVE-F, INC.",1FDNF6DE8PDF12276,2/28/2023,146,70555.64,2023,FORD,F-650
7/24/2023,FK,FKAAYC,162547,1,MDHV,"ELK GROVE-F, INC.",1FDNF6DEXPDF07130,1/5/2023,200,73971.64,2023,FORD,F-650
7/24/2023,FK,FKAAYC,162547,1,NEW,"ELK GROVE-F, INC.",1FA6P8CF0P5303416,5/2/2023,83,41341.77,2023,FORD,MUSTANG
7/24/2023,FK,FKAAYC,162547,1,NEW,"ELK GROVE-F, INC.",1FD8W3FN5PEC64474,7/3/2023,21,53109.8,2023,FORD,F-350
7/24/2023,FK,FKAAYC,162547,1,NEW,"ELK GROVE-F, INC.",1FDRU6PG0PKA23497,6/5/2023,49,45458,2023,FORD,TRANSIT
7/24/2023,FK,FKAAYC,162547,1,NEW,"ELK GROVE-F, INC.",1FDUF5GT7PEC43147,7/8/2023,16,60496.6,2023,FORD,F-550
7/24/2023,FK,FKAAYC,162547,1,NEW,"ELK GROVE-F, INC.",1FDUF5GT9PEC43148,7/10/2023,14,60496.6,2023,FORD,F-550
7/24/2023,FK,FKAAYC,162547,1,NEW,"ELK GROVE-F, INC.",1FM5K8GC3PGA76694,6/17/2023,37,59407.37,2023,FORD,EXPLORER
7/24/2023,FK,FKAAYC,162547,1,NEW,"ELK GROVE-F, INC.",1FM5K8GC4PGA74484,6/25/2023,29,59689.37,2023,FORD,EXPLORER
7/24/2023,FK,FKAAYC,162547,1,NEW,"ELK GROVE-F, INC.",1FM5K8GC4PGA75070,7/19/2023,5,59689.37,2023,FORD,EXPLORER
7/24/2023,FK,FKAAYC,162547,1,NEW,"ELK GROVE-F, INC.",1FM5K8GCXPGA76675,7/19/2023,5,59689.37,2023,FORD,EXPLORER
7/24/2023,FK,FKAAYC,162547,1,NEW,"ELK GROVE-F, INC.",1FM5K8GCXPGA76711,6/24/2023,30,59689.37,2023,FORD,EXPLORER
7/24/2023,FK,FKAAYC,162547,1,NEW,"ELK GROVE-F, INC.",1FM5K8HC5PGA28628,7/19/2023,5,59603.37,2023,FORD,EXPLORER
7/24/2023,FK,FKAAYC,162547,1,NEW,"ELK GROVE-F, INC.",1FMCU9NA8PUA37075,7/19/2023,5,38079.44,2023,FORD,ESCAPE
7/24/2023,FK,FKAAYC,162547,1,NEW,"ELK GROVE-F, INC.",1FMSK8JH1NGB87426,12/21/2022,215,49364.01,2022,FORD,EXPLORER
7/24/2023,FK,FKAAYC,162547,1,NEW,"ELK GROVE-F, INC.",1FT7W2BT2PEC46738,7/20/2023,4,61050.5,2023,FORD,F-250
7/24/2023,FK,FKAAYC,162547,1,NEW,"ELK GROVE-F, INC.",1FT7W2BT8PEC34996,6/29/2023,25,60666.86,2023,FORD,F-250
7/24/2023,FK,FKAAYC,162547,1,NEW,"ELK GROVE-F, INC.",1FT7W2BTXPEC34997,6/29/2023,25,60807.86,2023,FORD,F-250
7/24/2023,FK,FKAAYC,162547,1,NEW,"ELK GROVE-F, INC.",1FT7X2BA0PEC28430,6/15/2023,39,50119.88,2023,FORD,F-250
7/24/2023,FK,FKAAYC,162547,1,NEW,"ELK GROVE-F, INC.",1FT7X2BA2PEC28428,6/24/2023,30,50023.56,2023,FORD,F-250
7/24/2023,FK,FKAAYC,162547,1,NEW,"ELK GROVE-F, INC.",1FT7X2BA2PEC28431,6/28/2023,26,50025.08,2023,FORD,F-250
7/24/2023,FK,FKAAYC,162547,1,NEW,"ELK GROVE-F, INC.",1FT7X2BA4PEC28429,6/24/2023,30,50023.56,2023,FORD,F-250
7/24/2023,FK,FKAAYC,162547,1,NEW,"ELK GROVE-F, INC.",1FT7X2BA4PEC28432,6/22/2023,32,50023.56,2023,FORD,F-250
7/24/2023,FK,FKAAYC,162547,1,NEW,"ELK GROVE-F, INC.",1FT7X2BA6PEC28433,7/20/2023,4,50025.08,2023,FORD,F-250
7/24/2023,FK,FKAAYC,162547,1,NEW,"ELK GROVE-F, INC.",1FT7X2BA7PEC14749,6/17/2023,37,50019.88,2023,FORD,F-250
7/24/2023,FK,FKAAYC,162547,1,NEW,"ELK GROVE-F, INC.",1FT7X2BA8PEC28434,7/19/2023,5,50025.08,2023,FORD,F-250
7/24/2023,FK,FKAAYC,162547,1,NEW,"ELK GROVE-F, INC.",1FT7X2BAXPEC28435,6/7/2023,47,50119.88,2023,FORD,F-250
7/24/2023,FK,FKAAYC,162547,1,NEW,"ELK GROVE-F, INC.",1FT7X2BT8PEC14762,7/1/2023,23,59659.5,2023,FORD,F-250
7/24/2023,FK,FKAAYC,162547,1,NEW,"ELK GROVE-F, INC.",1FT7X2BTXPEC28484,7/15/2023,9,59659.5,2023,FORD,F-250
7/24/2023,FK,FKAAYC,162547,1,NEW,"ELK GROVE-F, INC.",1FT8W3A66NEF84209,4/7/2023,108,46799.96,2022,FORD,F-350
7/24/2023,FK,FKAAYC,162547,1,NEW,"ELK GROVE-F, INC.",1FTEW1C83PFB53345,7/16/2023,8,56154.17,2023,FORD,F-150
7/24/2023,FK,FKAAYC,162547,1,NEW,"ELK GROVE-F, INC.",1FTEW1CP4PKD48336,4/26/2023,89,45443.17,2023,FORD,F-150
7/24/2023,FK,FKAAYC,162547,1,NEW,"ELK GROVE-F, INC.",1FTEW1CP8PKD78892,6/7/2023,47,45542.97,2023,FORD,F-150
7/24/2023,FK,FKAAYC,162547,1,NEW,"ELK GROVE-F, INC.",1FTEX1CP4PKD87439,5/25/2023,60,42079.01,2023,FORD,F-150
7/24/2023,FK,FKAAYC,162547,1,NEW,"ELK GROVE-F, INC.",1FTFW1E56PKE09041,6/7/2023,47,61210.17,2023,FORD,F-150
7/24/2023,FK,FKAAYC,162547,1,NEW,"ELK GROVE-F, INC.",1FTFW1E86PFA49286,5/2/2023,83,66600.37,2023,FORD,F-150
7/24/2023,FK,FKAAYC,162547,1,NEW,"ELK GROVE-F, INC.",1FTFW1ED0NFB57168,6/20/2023,34,74785.29,2022,FORD,F-150
7/24/2023,FK,FKAAYC,162547,1,NEW,"ELK GROVE-F, INC.",1FTFW1ED8PFB21389,7/3/2023,21,82462.57,2023,FORD,F-150
7/24/2023,FK,FKAAYC,162547,1,NEW,"ELK GROVE-F, INC.",1FTFW1ED9PFB14547,6/12/2023,42,69886.57,2023,FORD,F-150
7/24/2023,FK,FKAAYC,162547,1,NEW,"ELK GROVE-F, INC.",1FTMF1CB8PKE02737,7/12/2023,12,34854.01,2023,FORD,F-150
7/24/2023,FK,FKAAYC,162547,1,NEW,"ELK GROVE-F, INC.",3FMTK1RM0PMA17466,7/19/2023,5,48045.65,2023,FORD,MUSTANG MACH-E
7/24/2023,FK,FKAAYC,162547,1,NEW,"ELK GROVE-F, INC.",3FMTK1RM5PMA17379,7/3/2023,21,47805.65,2023,FORD,MUSTANG MACH-E
7/24/2023,FK,FKAAYC,162547,1,NEW,"ELK GROVE-F, INC.",3FMTK1SS5PMA17407,7/13/2023,11,51045.65,2023,FORD,MUSTANG MACH-E
7/24/2023,FK,FKAAYC,162547,1,NEW,"ELK GROVE-F, INC.",3FMTK1SS6PMA17318,7/13/2023,11,51600.65,2023,FORD,MUSTANG MACH-E
7/24/2023,FK,FKAAYC,162547,1,NEW,"ELK GROVE-F, INC.",3FMTK4SX4PMA24023,7/3/2023,21,72845.65,2023,FORD,MUSTANG MACH-E
7/24/2023,FK,FKAAYC,162547,1,PAMH,"ELK GROVE-F, INC.",1FDNF6DE8RDF01054,7/1/2023,23,75755.58,2024,FORD,F-650
7/24/2023,FK,FKAAYC,162547,1,PANW,"ELK GROVE-F, INC.",1FD0W5HT5PEC89492,6/13/2023,41,67345,2023,FORD,F-550
7/24/2023,FK,FKAAYC,162547,1,PANW,"ELK GROVE-F, INC.",1FD8W3FT0PEC93914,6/20/2023,34,63522.5,2023,FORD,F-350
7/24/2023,FK,FKAAYC,162547,1,PANW,"ELK GROVE-F, INC.",1FD8W3FT2PEC93915,6/22/2023,32,63522.5,2023,FORD,F-350
7/24/2023,FK,FKAAYC,162547,1,PANW,"ELK GROVE-F, INC.",1FD8W3FT6PEC93917,6/27/2023,27,63522.5,2023,FORD,F-350
7/24/2023,FK,FKAAYC,162547,1,PANW,"ELK GROVE-F, INC.",1FD8W3FT8PEC93918,6/5/2023,49,63522.5,2023,FORD,F-350
7/24/2023,FK,FKAAYC,162547,1,PANW,"ELK GROVE-F, INC.",1FD8W3FTXPEC93919,6/22/2023,32,63522.5,2023,FORD,F-350
7/24/2023,FK,FKAAYC,162547,1,PANW,"ELK GROVE-F, INC.",1FDRF3EN0PEC93855,5/25/2023,60,47419.08,2023,FORD,F-350
7/24/2023,FK,FKAAYC,162547,1,PANW,"ELK GROVE-F, INC.",1FDRF3EN2PEC93856,6/14/2023,40,47419.08,2023,FORD,F-350
7/24/2023,FK,FKAAYC,162547,1,PANW,"ELK GROVE-F, INC.",1FDRF3EN3PEC93848,5/25/2023,60,47419.08,2023,FORD,F-350
7/24/2023,FK,FKAAYC,162547,1,PANW,"ELK GROVE-F, INC.",1FDRF3EN3PEC93851,5/27/2023,58,47419.08,2023,FORD,F-350
7/24/2023,FK,FKAAYC,162547,1,PANW,"ELK GROVE-F, INC.",1FDRF3EN5PEC93849,6/1/2023,53,47419.08,2023,FORD,F-350
7/24/2023,FK,FKAAYC,162547,1,PANW,"ELK GROVE-F, INC.",1FDRF3EN8PEC93845,5/24/2023,61,47419.08,2023,FORD,F-350
7/24/2023,FK,FKAAYC,162547,1,PANW,"ELK GROVE-F, INC.",1FDRF3ENXPEC93846,5/25/2023,60,47419.08,2023,FORD,F-350
7/24/2023,FK,FKAAYC,162547,1,PANW,"ELK GROVE-F, INC.",1FDUF5GN1PDA09271,7/17/2023,7,52143.4,2023,FORD,F-550
7/24/2023,FK,FKAAYC,162547,1,PANW,"ELK GROVE-F, INC.",1FDUF5GTXPDA04309,6/17/2023,37,63065.5,2023,FORD,F-550
7/24/2023,FK,FKAAYC,162547,1,PANW,"ELK GROVE-F, INC.",1FDUF5GTXPDA08229,7/13/2023,11,61806,2023,FORD,F-550
7/24/2023,FK,FKAAYC,162547,1,PANW,"ELK GROVE-F, INC.",1FMCU0GN3PUA61389,7/13/2023,11,33104.67,2023,FORD,ESCAPE
7/24/2023,FK,FKAAYC,162547,1,PANW,"ELK GROVE-F, INC.",1FMCU0GN6PUA53979,7/14/2023,10,32432.67,2023,FORD,ESCAPE
7/24/2023,FK,FKAAYC,162547,1,PANW,"ELK GROVE-F, INC.",1FMCU0GN6PUA54503,7/13/2023,11,29735.67,2023,FORD,ESCAPE
7/24/2023,FK,FKAAYC,162547,1,PANW,"ELK GROVE-F, INC.",1FMCU9MN8PUA61512,7/17/2023,7,33003.67,2023,FORD,ESCAPE
7/24/2023,FK,FKAAYC,162547,1,PANW,"ELK GROVE-F, INC.",1FMCU9MN9PUA61597,7/14/2023,10,33003.67,2023,FORD,ESCAPE
7/24/2023,FK,FKAAYC,162547,1,PANW,"ELK GROVE-F, INC.",1FMDE5BH4PLB51818,7/20/2023,4,49623.85,2023,FORD,BRONCO
7/24/2023,FK,FKAAYC,162547,1,PANW,"ELK GROVE-F, INC.",1FMDE5CH2PLB70365,7/17/2023,7,54929.85,2023,FORD,BRONCO
7/24/2023,FK,FKAAYC,162547,1,PANW,"ELK GROVE-F, INC.",1FMDE5CP2PLB70289,7/20/2023,4,58510.85,2023,FORD,BRONCO
7/24/2023,FK,FKAAYC,162547,1,PANW,"ELK GROVE-F, INC.",1FMEE5DH0PLB62316,7/18/2023,6,50679.85,2023,FORD,BRONCO
7/24/2023,FK,FKAAYC,162547,1,PANW,"ELK GROVE-F, INC.",1FMEE5DP1PLB69895,7/20/2023,4,61793.85,2023,FORD,BRONCO
7/24/2023,FK,FKAAYC,162547,1,PANW,"ELK GROVE-F, INC.",1FMEE5DP4PLB60642,7/11/2023,13,64827.85,2023,FORD,BRONCO
7/24/2023,FK,FKAAYC,162547,1,PANW,"ELK GROVE-F, INC.",1FMEE5DP7PLB69867,7/17/2023,7,61793.85,2023,FORD,BRONCO
7/24/2023,FK,FKAAYC,162547,1,PANW,"ELK GROVE-F, INC.",1FMEE5DP8PLB61129,7/18/2023,6,62641.85,2023,FORD,BRONCO
7/24/2023,FK,FKAAYC,162547,1,PANW,"ELK GROVE-F, INC.",1FMEE5DP8PLB69960,7/21/2023,3,63463.85,2023,FORD,BRONCO
7/24/2023,FK,FKAAYC,162547,1,PANW,"ELK GROVE-F, INC.",1FMEE5JR8PLA89211,7/21/2023,3,92409.85,2023,FORD,BRONCO
7/24/2023,FK,FKAAYC,162547,1,PANW,"ELK GROVE-F, INC.",1FMJK1M81PEA50208,7/21/2023,3,89801.95,2023,FORD,EXPEDITION
7/24/2023,FK,FKAAYC,162547,1,PANW,"ELK GROVE-F, INC.",1FMJU1M89PEA47714,6/26/2023,28,87304.4,2023,FORD,EXPEDITION
7/24/2023,FK,FKAAYC,162547,1,PANW,"ELK GROVE-F, INC.",1FMSK8DH1PGB30626,7/20/2023,4,46593.34,2023,FORD,EXPLORER
7/24/2023,FK,FKAAYC,162547,1,PANW,"ELK GROVE-F, INC.",1FT6W1EV1PWG14419,7/20/2023,4,73615.65,2023,FORD,F-150
7/24/2023,FK,FKAAYC,162547,1,PANW,"ELK GROVE-F, INC.",1FT6W1EV5PWG15928,7/20/2023,4,73350.65,2023,FORD,F-150
7/24/2023,FK,FKAAYC,162547,1,PANW,"ELK GROVE-F, INC.",1FT6W1EV5PWG19395,7/20/2023,4,93500.65,2023,FORD,F-150
7/24/2023,FK,FKAAYC,162547,1,PANW,"ELK GROVE-F, INC.",1FT6W1EV6PWG05179,7/20/2023,4,81655.65,2023,FORD,F-150
7/24/2023,FK,FKAAYC,162547,1,PANW,"ELK GROVE-F, INC.",1FT6W1EV6PWG15825,7/20/2023,4,72850.65,2023,FORD,F-150
7/24/2023,FK,FKAAYC,162547,1,PANW,"ELK GROVE-F, INC.",1FT6W1EV6PWG18434,7/20/2023,4,93955.65,2023,FORD,F-150
7/24/2023,FK,FKAAYC,162547,1,PANW,"ELK GROVE-F, INC.",1FT6W1EV9PWG15804,7/20/2023,4,73725.65,2023,FORD,F-150
7/24/2023,FK,FKAAYC,162547,1,PANW,"ELK GROVE-F, INC.",1FT7W2AA6PEC93870,5/27/2023,58,48223.08,2023,FORD,F-250
7/24/2023,FK,FKAAYC,162547,1,PANW,"ELK GROVE-F, INC.",1FT7W2AA8PEC93868,6/29/2023,25,48223.08,2023,FORD,F-250
7/24/2023,FK,FKAAYC,162547,1,PANW,"ELK GROVE-F, INC.",1FT7W2AA8PEC93871,5/24/2023,61,48223.08,2023,FORD,F-250
7/24/2023,FK,FKAAYC,162547,1,PANW,"ELK GROVE-F, INC.",1FT7W2AAXPEC93872,6/3/2023,51,48223.08,2023,FORD,F-250
7/24/2023,FK,FKAAYC,162547,1,PANW,"ELK GROVE-F, INC.",1FT7W2BT0PEC46737,5/17/2023,68,61050.5,2023,FORD,F-250
7/24/2023,FK,FKAAYC,162547,1,PANW,"ELK GROVE-F, INC.",1FT7W2BT0PEC93881,6/8/2023,46,61050.5,2023,FORD,F-250
7/24/2023,FK,FKAAYC,162547,1,PANW,"ELK GROVE-F, INC.",1FT7W2BT2PEC93882,6/13/2023,41,61050.5,2023,FORD,F-250
7/24/2023,FK,FKAAYC,162547,1,PANW,"ELK GROVE-F, INC.",1FT7W2BT4PEC73486,5/18/2023,67,61050.5,2023,FORD,F-250
7/24/2023,FK,FKAAYC,162547,1,PANW,"ELK GROVE-F, INC.",1FT7W2BT6PEC73487,5/13/2023,72,61050.5,2023,FORD,F-250
7/24/2023,FK,FKAAYC,162547,1,PANW,"ELK GROVE-F, INC.",1FT7W2BT8PEC73488,5/19/2023,66,61050.5,2023,FORD,F-250
7/24/2023,FK,FKAAYC,162547,1,PANW,"ELK GROVE-F, INC.",1FT7W2BT9PED44519,7/20/2023,4,62443.3,2023,FORD,F-250
7/24/2023,FK,FKAAYC,162547,1,PANW,"ELK GROVE-F, INC.",1FT7X2BT1PEC28485,5/12/2023,73,59659.5,2023,FORD,F-250
7/24/2023,FK,FKAAYC,162547,1,PANW,"ELK GROVE-F, INC.",1FT8W2BA4PED16887,6/8/2023,46,56304.34,2023,FORD,F-250
7/24/2023,FK,FKAAYC,162547,1,PANW,"ELK GROVE-F, INC.",1FT8W2BMXPED44221,7/14/2023,10,82160.3,2023,FORD,F-250
7/24/2023,FK,FKAAYC,162547,1,PANW,"ELK GROVE-F, INC.",1FT8W2BN1PED35108,6/26/2023,28,58984.34,2023,FORD,F-250
7/24/2023,FK,FKAAYC,162547,1,PANW,"ELK GROVE-F, INC.",1FT8W2BN5PED35337,6/23/2023,31,56339.34,2023,FORD,F-250
7/24/2023,FK,FKAAYC,162547,1,PANW,"ELK GROVE-F, INC.",1FT8W2BT1PED43272,7/13/2023,11,66633.3,2023,FORD,F-250
7/24/2023,FK,FKAAYC,162547,1,PANW,"ELK GROVE-F, INC.",1FT8W2BT3PED43211,7/17/2023,7,81554.3,2023,FORD,F-250
7/24/2023,FK,FKAAYC,162547,1,PANW,"ELK GROVE-F, INC.",1FT8W2BT3PED44231,7/18/2023,6,75079.3,2023,FORD,F-250
7/24/2023,FK,FKAAYC,162547,1,PANW,"ELK GROVE-F, INC.",1FT8W2BT4PED16888,6/21/2023,33,66087.3,2023,FORD,F-250
7/24/2023,FK,FKAAYC,162547,1,PANW,"ELK GROVE-F, INC.",1FT8W2BT4PED35053,6/26/2023,28,73417.3,2023,FORD,F-250
7/24/2023,FK,FKAAYC,162547,1,PANW,"ELK GROVE-F, INC.",1FT8W2BT4PED43430,7/20/2023,4,79657.3,2023,FORD,F-250
7/24/2023,FK,FKAAYC,162547,1,PANW,"ELK GROVE-F, INC.",1FT8W2BT5PED44568,7/15/2023,9,82164.3,2023,FORD,F-250
7/24/2023,FK,FKAAYC,162547,1,PANW,"ELK GROVE-F, INC.",1FT8W2BT6PED34695,6/26/2023,28,64494.3,2023,FORD,F-250
7/24/2023,FK,FKAAYC,162547,1,PANW,"ELK GROVE-F, INC.",1FT8W2BT6PED43851,7/13/2023,11,62977.6,2023,FORD,F-250
7/24/2023,FK,FKAAYC,162547,1,PANW,"ELK GROVE-F, INC.",1FT8W2BT7PED01267,7/18/2023,6,72282.3,2023,FORD,F-250
7/24/2023,FK,FKAAYC,162547,1,PANW,"ELK GROVE-F, INC.",1FT8W2BT7PED43227,7/18/2023,6,75319.3,2023,FORD,F-250
7/24/2023,FK,FKAAYC,162547,1,PANW,"ELK GROVE-F, INC.",1FT8W2BT7PED43955,7/13/2023,11,65150.3,2023,FORD,F-250
7/24/2023,FK,FKAAYC,162547,1,PANW,"ELK GROVE-F, INC.",1FT8W2BT8PEC25705,5/30/2023,55,66098.86,2023,FORD,F-250
7/24/2023,FK,FKAAYC,162547,1,PANW,"ELK GROVE-F, INC.",1FT8W2BT8PED34455,7/13/2023,11,66587.3,2023,FORD,F-250
7/24/2023,FK,FKAAYC,162547,1,PANW,"ELK GROVE-F, INC.",1FT8W2BT9PED34254,7/3/2023,21,79657.3,2023,FORD,F-250
7/24/2023,FK,FKAAYC,162547,1,PANW,"ELK GROVE-F, INC.",1FT8W2BT9PED44041,7/13/2023,11,65181.3,2023,FORD,F-250
7/24/2023,FK,FKAAYC,162547,1,PANW,"ELK GROVE-F, INC.",1FT8W3BM3PED33227,7/5/2023,19,92396.6,2023,FORD,F-350
7/24/2023,FK,FKAAYC,162547,1,PANW,"ELK GROVE-F, INC.",1FT8W3BM3PED42526,7/17/2023,7,85019.3,2023,FORD,F-350
7/24/2023,FK,FKAAYC,162547,1,PANW,"ELK GROVE-F, INC.",1FT8W3BM7PED10324,7/13/2023,11,89766.3,2023,FORD,F-350
7/24/2023,FK,FKAAYC,162547,1,PANW,"ELK GROVE-F, INC.",1FT8W3BM7PED42447,7/14/2023,10,86334.3,2023,FORD,F-350
7/24/2023,FK,FKAAYC,162547,1,PANW,"ELK GROVE-F, INC.",1FT8W3BN9PED20720,7/14/2023,10,65003.34,2023,FORD,F-350
7/24/2023,FK,FKAAYC,162547,1,PANW,"ELK GROVE-F, INC.",1FT8W3BT2PEC25706,7/15/2023,9,83440.92,2023,FORD,F-350
7/24/2023,FK,FKAAYC,162547,1,PANW,"ELK GROVE-F, INC.",1FT8W3BT6PED10323,6/16/2023,38,1551,2023,FORD,F-350
7/24/2023,FK,FKAAYC,162547,1,PANW,"ELK GROVE-F, INC.",1FT8W3BT6PED34900,6/28/2023,26,67842.6,2023,FORD,F-350
7/24/2023,FK,FKAAYC,162547,1,PANW,"ELK GROVE-F, INC.",1FT8W3BT6PED35349,7/15/2023,9,81755.6,2023,FORD,F-350
7/24/2023,FK,FKAAYC,162547,1,PANW,"ELK GROVE-F, INC.",1FT8W3BT7PED20729,6/20/2023,34,65644.6,2023,FORD,F-350
7/24/2023,FK,FKAAYC,162547,1,PANW,"ELK GROVE-F, INC.",1FT8W3BT7PED35232,6/28/2023,26,67946.6,2023,FORD,F-350
7/24/2023,FK,FKAAYC,162547,1,PANW,"ELK GROVE-F, INC.",1FT8W3BT8PEC89491,7/13/2023,11,67094.3,2023,FORD,F-350
7/24/2023,FK,FKAAYC,162547,1,PANW,"ELK GROVE-F, INC.",1FT8W3BT8PED20755,6/16/2023,38,65644.6,2023,FORD,F-350
7/24/2023,FK,FKAAYC,162547,1,PANW,"ELK GROVE-F, INC.",1FT8X3BA6PED16893,7/13/2023,11,51093.34,2023,FORD,F-350
7/24/2023,FK,FKAAYC,162547,1,PANW,"ELK GROVE-F, INC.",1FT8X3BT6PED16894,7/5/2023,19,60199.05,2023,FORD,F-350
7/24/2023,FK,FKAAYC,162547,1,PANW,"ELK GROVE-F, INC.",1FTBR1C8XPKB12552,6/12/2023,42,48161.4,2023,FORD,TRANSIT
7/24/2023,FK,FKAAYC,162547,1,PANW,"ELK GROVE-F, INC.",1FTEW1CP9PKE60825,6/9/2023,45,44943.91,2023,FORD,F-150
7/24/2023,FK,FKAAYC,162547,1,PANW,"ELK GROVE-F, INC.",1FTEW1EP4PFC16148,7/13/2023,11,50172.91,2023,FORD,F-150
7/24/2023,FK,FKAAYC,162547,1,PANW,"ELK GROVE-F, INC.",1FTEX1CP2PKD70509,5/12/2023,73,42652.01,2023,FORD,F-150
7/24/2023,FK,FKAAYC,162547,1,PANW,"ELK GROVE-F, INC.",1FTEX1EPXPKE53697,6/9/2023,45,46164.38,2023,FORD,F-150
7/24/2023,FK,FKAAYC,162547,1,PANW,"ELK GROVE-F, INC.",1FTEX1EPXPKE87204,7/18/2023,6,46062.38,2023,FORD,F-150
7/24/2023,FK,FKAAYC,162547,1,PANW,"ELK GROVE-F, INC.",1FTFW1E57PKE98621,7/18/2023,6,61804.91,2023,FORD,F-150
7/24/2023,FK,FKAAYC,162547,1,PANW,"ELK GROVE-F, INC.",1FTFW1E58PKE80774,7/14/2023,10,50963.01,2023,FORD,F-150
7/24/2023,FK,FKAAYC,162547,1,PANW,"ELK GROVE-F, INC.",1FTFW1E81PFB62353,6/16/2023,38,77613.01,2023,FORD,F-150
7/24/2023,FK,FKAAYC,162547,1,PANW,"ELK GROVE-F, INC.",1FTFW1E82PKE53063,6/20/2023,34,58589.01,2023,FORD,F-150
7/24/2023,FK,FKAAYC,162547,1,PANW,"ELK GROVE-F, INC.",1FTFW1E83PFC10659,7/13/2023,11,74206.91,2023,FORD,F-150
7/24/2023,FK,FKAAYC,162547,1,PANW,"ELK GROVE-F, INC.",1FTFW1E83PFC26876,7/17/2023,7,54212.01,2023,FORD,F-150
7/24/2023,FK,FKAAYC,162547,1,PANW,"ELK GROVE-F, INC.",1FTFW1E85PFB62209,7/21/2023,3,74844.91,2023,FORD,F-150
7/24/2023,FK,FKAAYC,162547,1,PANW,"ELK GROVE-F, INC.",1FTFW1E86PFB98121,6/22/2023,32,59147.01,2023,FORD,F-150
7/24/2023,FK,FKAAYC,162547,1,PANW,"ELK GROVE-F, INC.",1FTFW1ED1PFB97679,6/26/2023,28,70952.46,2023,FORD,F-150
7/24/2023,FK,FKAAYC,162547,1,PANW,"ELK GROVE-F, INC.",1FTFW1ED7PFB86931,6/8/2023,46,77214.46,2023,FORD,F-150
7/24/2023,FK,FKAAYC,162547,1,PANW,"ELK GROVE-F, INC.",1FTFW1RG5PFB76693,7/18/2023,6,80647.01,2023,FORD,F-150
7/24/2023,FK,FKAAYC,162547,1,PANW,"ELK GROVE-F, INC.",1FTMF1CB5PKE33461,5/30/2023,55,34858.38,2023,FORD,F-150
7/24/2023,FK,FKAAYC,162547,1,PANW,"ELK GROVE-F, INC.",1FTMF1CB7PKE46776,6/7/2023,47,34858.38,2023,FORD,F-150
7/24/2023,FK,FKAAYC,162547,1,PANW,"ELK GROVE-F, INC.",1FTMF1CB8PKE60864,6/20/2023,34,34904.38,2023,FORD,F-150
7/24/2023,FK,FKAAYC,162547,1,PANW,"ELK GROVE-F, INC.",1FTMF1CB9PKE02990,6/5/2023,49,34854.01,2023,FORD,F-150
7/24/2023,FK,FKAAYC,162547,1,PANW,"ELK GROVE-F, INC.",1FTMF1CB9PKE16792,6/5/2023,49,34858.38,2023,FORD,F-150
7/24/2023,FK,FKAAYC,162547,1,PANW,"ELK GROVE-F, INC.",1FTMF1CB9PKE17036,6/9/2023,45,34858.38,2023,FORD,F-150
7/24/2023,FK,FKAAYC,162547,1,PANW,"ELK GROVE-F, INC.",1FTMF1CB9PKE33155,5/26/2023,59,34858.38,2023,FORD,F-150
7/24/2023,FK,FKAAYC,162547,1,PANW,"ELK GROVE-F, INC.",1FTMF1CB9PKE62350,6/21/2023,33,34904.38,2023,FORD,F-150
7/24/2023,FK,FKAAYC,162547,1,PANW,"ELK GROVE-F, INC.",1FTVW1EL4PWG18930,7/20/2023,4,74960.65,2023,FORD,F-150
7/24/2023,FK,FKAAYC,162547,1,PANW,"ELK GROVE-F, INC.",1FTVW1EL8PWG18350,7/20/2023,4,71950.65,2023,FORD,F-150
7/24/2023,FK,FKAAYC,162547,1,PANW,"ELK GROVE-F, INC.",1FTYE1C8XPKB13299,6/20/2023,34,46908.4,2023,FORD,TRANSIT
7/24/2023,FK,FKAAYC,162547,1,PANW,"ELK GROVE-F, INC.",1FTYE1C89PKB13262,6/9/2023,45,46908.4,2023,FORD,TRANSIT
7/24/2023,FK,FKAAYC,162547,1,PANW,"ELK GROVE-F, INC.",2FMPK4J92PBA49766,7/13/2023,11,40483.34,2023,FORD,EDGE
7/24/2023,FK,FKAAYC,162547,1,PANW,"ELK GROVE-F, INC.",2FMPK4J93PBA51087,7/18/2023,6,43246.34,2023,FORD,EDGE
7/24/2023,FK,FKAAYC,162547,1,PANW,"ELK GROVE-F, INC.",2FMPK4J98PBA52106,7/13/2023,11,42156.34,2023,FORD,EDGE
7/24/2023,FK,FKAAYC,162547,1,PANW,"ELK GROVE-F, INC.",2FMPK4K9XPBA53563,6/23/2023,31,46538.34,2023,FORD,EDGE
7/24/2023,FK,FKAAYC,162547,1,PANW,"ELK GROVE-F, INC.",3FMCR9B65PRD85019,7/13/2023,11,32097.32,2023,FORD,BRONCO SPORT
7/24/2023,FK,FKAAYC,162547,1,PANW,"ELK GROVE-F, INC.",3FMCR9C64PRD63933,6/16/2023,38,39299.32,2023,FORD,BRONCO SPORT
7/24/2023,FK,FKAAYC,162547,1,PANW,"ELK GROVE-F, INC.",3FMCR9G60PRD82182,7/13/2023,11,36406.32,2023,FORD,BRONCO SPORT
7/24/2023,FK,FKAAYC,162547,1,PANW,"ELK GROVE-F, INC.",3FMCR9G64PRD82072,7/13/2023,11,36406.32,2023,FORD,BRONCO SPORT
7/24/2023,FK,FKAAYC,162547,1,PANW,"ELK GROVE-F, INC.",3FMTK2SU3PMA40630,7/18/2023,6,60840.65,2023,FORD,MUSTANG MACH-E
7/24/2023,FK,FKAAYC,162547,1,PANW,"ELK GROVE-F, INC.",3FMTK2SU7PMA40310,7/24/2023,0,60600.65,2023,FORD,MUSTANG MACH-E
7/24/2023,FK,FKAAYC,162547,1,PANW,"ELK GROVE-F, INC.",3FMTK2SU7PMA50920,7/21/2023,3,60630.65,2023,FORD,MUSTANG MACH-E
7/24/2023,FK,FKAAYC,162547,1,PANW,"ELK GROVE-F, INC.",3FMTK3RM1PMA48771,7/21/2023,3,53045.65,2023,FORD,MUSTANG MACH-E
7/24/2023,FK,FKAAYC,162547,1,PANW,"ELK GROVE-F, INC.",3FMTK3RM3PMA48772,7/20/2023,4,53540.65,2023,FORD,MUSTANG MACH-E
7/24/2023,FK,FKAAYC,162547,1,PANW,"ELK GROVE-F, INC.",3FMTK3RM6PMA46479,6/26/2023,28,53600.65,2023,FORD,MUSTANG MACH-E
7/24/2023,FK,FKAAYC,162547,1,PANW,"ELK GROVE-F, INC.",3FMTK3RM7PMA45843,6/26/2023,28,53045.65,2023,FORD,MUSTANG MACH-E
7/24/2023,FK,FKAAYC,162547,1,PANW,"ELK GROVE-F, INC.",3FMTK3RMXPMA48932,6/26/2023,28,53045.65,2023,FORD,MUSTANG MACH-E
7/24/2023,FK,FKAAYC,162547,1,PANW,"ELK GROVE-F, INC.",3FMTK3RMXPMA49045,6/26/2023,28,52805.65,2023,FORD,MUSTANG MACH-E
7/24/2023,FK,FKAAYC,162547,1,PANW,"ELK GROVE-F, INC.",3FMTK3SU4PMA17380,5/17/2023,68,62805.65,2023,FORD,MUSTANG MACH-E
7/24/2023,FK,FKAAYC,162547,1,PANW,"ELK GROVE-F, INC.",3FMTK4SE0PMA57759,7/18/2023,6,66840.65,2023,FORD,MUSTANG MACH-E
7/24/2023,FK,FKAAYC,162547,1,PANW,"ELK GROVE-F, INC.",3FMTK4SE2PMA53244,7/18/2023,6,66540.65,2023,FORD,MUSTANG MACH-E
7/24/2023,FK,FKAAYC,162547,1,PANW,"ELK GROVE-F, INC.",3FMTK4SE2PMA54667,7/21/2023,3,66045.65,2023,FORD,MUSTANG MACH-E
7/24/2023,FK,FKAAYC,162547,1,PANW,"ELK GROVE-F, INC.",3FMTK4SE4PMA58431,7/21/2023,3,66840.65,2023,FORD,MUSTANG MACH-E
7/24/2023,FK,FKAAYC,162547,1,PANW,"ELK GROVE-F, INC.",3FMTK4SX5PMA17372,6/1/2023,53,71805.65,2023,FORD,MUSTANG MACH-E
7/24/2023,FK,FKAAYC,162547,1,PANW,"ELK GROVE-F, INC.",3FMTK4SX5PMA17386,5/23/2023,62,71805.65,2023,FORD,MUSTANG MACH-E
7/24/2023,FK,FKAAYC,162547,1,PANW,"ELK GROVE-F, INC.",3FMTK4SX5PMA17453,6/2/2023,52,71805.65,2023,FORD,MUSTANG MACH-E
7/24/2023,FK,FKAAYC,162547,1,PANW,"ELK GROVE-F, INC.",3FMTK4SX7PMA17342,6/1/2023,53,72045.65,2023,FORD,MUSTANG MACH-E
7/24/2023,FK,FKAAYC,162547,1,PANW,"ELK GROVE-F, INC.",3FMTK4SX8PMA19570,6/10/2023,44,73400.65,2023,FORD,MUSTANG MACH-E
7/24/2023,FK,FKAAYC,162547,1,PANW,"ELK GROVE-F, INC.",3FTTW8E34PRA58071,7/15/2023,9,33845.3,2023,FORD,MAVERICK
7/24/2023,FK,FKAAYC,162547,1,PANW,"ELK GROVE-F, INC.",3FTTW8E35PRA54725,7/14/2023,10,24644.3,2023,FORD,MAVERICK
7/24/2023,FK,FKAAYC,162547,1,PANW,"ELK GROVE-F, INC.",3FTTW8G92PRA49905,6/5/2023,49,38147.83,2023,FORD,MAVERICK
7/24/2023,FK,FKAAYC,162547,1,PANW,"ELK GROVE-F, INC.",NM0LS7S25P1550083,6/8/2023,46,35838.45,2023,FORD,TRANSIT CONNECT
7/24/2023,JT,JTAC0Q,164488,2,FSLP,"NORFOLK-F, LLC",1FMCU0G65NUB33067,6/19/2023,35,31840.48,2022,FORD,ESCAPE
7/24/2023,JT,JTAC0Q,164488,2,FSLP,"NORFOLK-F, LLC",1FMCU0G69NUB20158,6/19/2023,35,31708.39,2022,FORD,ESCAPE
7/24/2023,JT,JTAC0Q,164488,2,FSLP,"NORFOLK-F, LLC",1FMCU0H64NUB36377,6/19/2023,35,34411.48,2022,FORD,ESCAPE
7/24/2023,JT,JTAC0Q,164488,2,FSLP,"NORFOLK-F, LLC",1FMCU0H65NUB77701,6/19/2023,35,31479.48,2022,FORD,ESCAPE
7/24/2023,JT,JTAC0Q,164488,2,FSLP,"NORFOLK-F, LLC",1FMCU9FN5PUA12037,6/19/2023,35,29691.44,2023,FORD,ESCAPE
7/24/2023,JT,JTAC0Q,164488,2,FSLP,"NORFOLK-F, LLC",1FMCU9GN0PUA43985,7/13/2023,11,32283.67,2023,FORD,ESCAPE
7/24/2023,JT,JTAC0Q,164488,2,FSLP,"NORFOLK-F, LLC",1FMCU9MN7PUA54325,7/13/2023,11,33003.67,2023,FORD,ESCAPE
7/24/2023,JT,JTAC0Q,164488,2,FSLP,"NORFOLK-F, LLC",1FTER4EH1PLE27066,7/13/2023,11,35341.6,2023,FORD,RANGER
7/24/2023,JT,JTAC0Q,164488,2,FSLP,"NORFOLK-F, LLC",1FTER4FH1PLE23579,7/13/2023,11,38687.6,2023,FORD,RANGER
7/24/2023,JT,JTAC0Q,164488,2,FSLP,"NORFOLK-F, LLC",1FTEW1EP1PFA95952,7/20/2023,4,49383.32,2023,FORD,F-150
7/24/2023,JT,JTAC0Q,164488,2,FSLP,"NORFOLK-F, LLC",1FTEW1EP6PFA81593,7/20/2023,4,49155.32,2023,FORD,F-150
7/24/2023,JT,JTAC0Q,164488,2,FSLP,"NORFOLK-F, LLC",1FTFW1ED1NFB80555,6/16/2023,38,60600.64,2022,FORD,F-150
7/24/2023,JT,JTAC0Q,164488,2,FSLP,"NORFOLK-F, LLC",1FTFW1ED1PFA60760,6/16/2023,38,64957.92,2023,FORD,F-150
7/24/2023,JT,JTAC0Q,164488,2,FSLP,"NORFOLK-F, LLC",1FTFW1ED8PFA46323,6/16/2023,38,76488.12,2023,FORD,F-150
7/24/2023,JT,JTAC0Q,164488,2,FSLP,"NORFOLK-F, LLC",2FMPK4AP2PBA01909,6/19/2023,35,46288.08,2023,FORD,EDGE
7/24/2023,JT,JTAC0Q,164488,2,FSLP,"NORFOLK-F, LLC",2FMPK4G90PBA14084,6/19/2023,35,39841.08,2023,FORD,EDGE
7/24/2023,JT,JTAC0Q,164488,2,FSLP,"NORFOLK-F, LLC",2FMPK4G90PBA33945,6/19/2023,35,38812.08,2023,FORD,EDGE
7/24/2023,JT,JTAC0Q,164488,2,FSLP,"NORFOLK-F, LLC",3FMCR9B6XPRD31800,6/19/2023,35,36355.44,2023,FORD,BRONCO SPORT
7/24/2023,JT,JTAC0Q,164488,2,FSLP,"NORFOLK-F, LLC",3FMCR9B62PRD44086,6/19/2023,35,36355.44,2023,FORD,BRONCO SPORT
7/24/2023,JT,JTAC0Q,164488,2,FSLP,"NORFOLK-F, LLC",3FMCR9B63PRD39236,6/19/2023,35,34001.44,2023,FORD,BRONCO SPORT
7/24/2023,JT,JTAC0Q,164488,2,FSLP,"NORFOLK-F, LLC",3FMCR9B69PRD13868,6/19/2023,35,34527.44,2023,FORD,BRONCO SPORT
7/24/2023,JT,JTAC0Q,164488,2,MPG,"NORFOLK-F, LLC",1FMCU0G6XNUB58384,6/12/2023,42,30994.48,2022,FORD,ESCAPE
7/24/2023,JT,JTAC0Q,164488,2,MPG,"NORFOLK-F, LLC",1FMCU0G60NUB34224,6/12/2023,42,31858.48,2022,FORD,ESCAPE
7/24/2023,JT,JTAC0Q,164488,2,MPG,"NORFOLK-F, LLC",1FMCU0G60NUB91748,6/12/2023,42,30513.84,2022,FORD,ESCAPE
7/24/2023,JT,JTAC0Q,164488,2,MPG,"NORFOLK-F, LLC",1FMCU0G62NUB10412,6/12/2023,42,31708.39,2022,FORD,ESCAPE
7/24/2023,JT,JTAC0Q,164488,2,MPG,"NORFOLK-F, LLC",1FMCU0G62NUB57410,6/12/2023,42,30994.48,2022,FORD,ESCAPE
7/24/2023,JT,JTAC0Q,164488,2,MPG,"NORFOLK-F, LLC",1FMCU0G62NUB58542,6/12/2023,42,30529.48,2022,FORD,ESCAPE
7/24/2023,JT,JTAC0Q,164488,2,MPG,"NORFOLK-F, LLC",1FMCU0G64NUB34646,6/12/2023,42,30529.48,2022,FORD,ESCAPE
7/24/2023,JT,JTAC0Q,164488,2,MPG,"NORFOLK-F, LLC",1FMCU0G64NUB57067,6/12/2023,42,30529.48,2022,FORD,ESCAPE
7/24/2023,JT,JTAC0Q,164488,2,MPG,"NORFOLK-F, LLC",1FMCU0G67NUB96297,6/12/2023,42,32759.84,2022,FORD,ESCAPE
7/24/2023,JT,JTAC0Q,164488,2,MPG,"NORFOLK-F, LLC",1FMCU0G69NUB57453,7/21/2023,3,30529.48,2022,FORD,ESCAPE
7/24/2023,JT,JTAC0Q,164488,2,MPG,"NORFOLK-F, LLC",1FMCU0H6XNUB35671,6/12/2023,42,34693.48,2022,FORD,ESCAPE
7/24/2023,JT,JTAC0Q,164488,2,MPG,"NORFOLK-F, LLC",1FMCU0H66NUB36302,6/12/2023,42,33946.48,2022,FORD,ESCAPE
7/24/2023,JT,JTAC0Q,164488,2,MPG,"NORFOLK-F, LLC",1FMCU9J9XNUB05899,6/12/2023,42,40594.39,2022,FORD,ESCAPE
7/24/2023,JT,JTAC0Q,164488,2,MPG,"NORFOLK-F, LLC",1FMJU1J88PEA04678,6/12/2023,42,68332,2023,FORD,EXPEDITION
7/24/2023,JT,JTAC0Q,164488,2,MPG,"NORFOLK-F, LLC",1FMSK8DH5PGA09999,6/12/2023,42,48879.88,2023,FORD,EXPLORER
7/24/2023,JT,JTAC0Q,164488,2,MPG,"NORFOLK-F, LLC",1FMSK8DH6PGA14094,6/12/2023,42,48414.88,2023,FORD,EXPLORER
7/24/2023,JT,JTAC0Q,164488,2,MPG,"NORFOLK-F, LLC",1FMSK8DHXNGC05918,6/12/2023,42,43470.36,2022,FORD,EXPLORER
7/24/2023,JT,JTAC0Q,164488,2,MPG,"NORFOLK-F, LLC",1FMSK8KH6NGB36518,6/12/2023,42,50195.73,2022,FORD,EXPLORER
7/24/2023,JT,JTAC0Q,164488,2,MPG,"NORFOLK-F, LLC",1FTBW1YK5NKA28312,6/12/2023,42,51021,2022,FORD,TRANSIT
7/24/2023,JT,JTAC0Q,164488,2,MPG,"NORFOLK-F, LLC",1FTBW9CK7NKA33551,6/12/2023,42,52357.5,2022,FORD,TRANSIT
7/24/2023,JT,JTAC0Q,164488,2,MPG,"NORFOLK-F, LLC",1FTEW1EP1PKD06476,6/12/2023,42,52967.72,2023,FORD,F-150
7/24/2023,JT,JTAC0Q,164488,2,MPG,"NORFOLK-F, LLC",1FTFW1E53NKE95292,6/12/2023,42,48960.44,2022,FORD,F-150
7/24/2023,JT,JTAC0Q,164488,2,MPG,"NORFOLK-F, LLC",1FTFW1E57NKF15365,6/12/2023,42,48936.52,2022,FORD,F-150
7/24/2023,JT,JTAC0Q,164488,2,MPG,"NORFOLK-F, LLC",1FTFW1E58NFB83980,6/12/2023,42,57874.84,2022,FORD,F-150
7/24/2023,JT,JTAC0Q,164488,2,MPG,"NORFOLK-F, LLC",1FTFW1E80NKE79819,6/12/2023,42,58549.84,2022,FORD,F-150
7/24/2023,JT,JTAC0Q,164488,2,MPG,"NORFOLK-F, LLC",1FTFW1E83NKF20914,6/12/2023,42,60174.72,2022,FORD,F-150
7/24/2023,JT,JTAC0Q,164488,2,MPG,"NORFOLK-F, LLC",1FTFW1E84NFC32988,6/12/2023,42,64311.84,2022,FORD,F-150
7/24/2023,JT,JTAC0Q,164488,2,MPG,"NORFOLK-F, LLC",1FTFW1E84NKF22106,6/12/2023,42,59756.84,2022,FORD,F-150
7/24/2023,JT,JTAC0Q,164488,2,MPG,"NORFOLK-F, LLC",1FTFW1E87NFC14856,6/12/2023,42,59910.84,2022,FORD,F-150
7/24/2023,JT,JTAC0Q,164488,2,MPG,"NORFOLK-F, LLC",2FMPK4G90NBB12156,6/12/2023,42,38472.88,2022,FORD,EDGE
7/24/2023,JT,JTAC0Q,164488,2,MPG,"NORFOLK-F, LLC",2FMPK4G90NBB15168,6/12/2023,42,39844.88,2022,FORD,EDGE
7/24/2023,JT,JTAC0Q,164488,2,MPG,"NORFOLK-F, LLC",2FMPK4G92NBA73358,6/12/2023,42,39862.36,2022,FORD,EDGE
7/24/2023,JT,JTAC0Q,164488,2,MPG,"NORFOLK-F, LLC",2FMPK4G93NBA82344,6/12/2023,42,39098.73,2022,FORD,EDGE
7/24/2023,JT,JTAC0Q,164488,2,MPG,"NORFOLK-F, LLC",2FMPK4G93NBB12555,6/12/2023,42,38472.88,2022,FORD,EDGE
7/24/2023,JT,JTAC0Q,164488,2,MPG,"NORFOLK-F, LLC",2FMPK4G94NBB09969,6/12/2023,42,39844.88,2022,FORD,EDGE
7/24/2023,JT,JTAC0Q,164488,2,MPG,"NORFOLK-F, LLC",2FMPK4G96NBA73475,6/12/2023,42,38490.36,2022,FORD,EDGE
7/24/2023,JT,JTAC0Q,164488,2,MPG,"NORFOLK-F, LLC",2FMPK4G97NBB10520,6/12/2023,42,39844.88,2022,FORD,EDGE
7/24/2023,JT,JTAC0Q,164488,2,MPG,"NORFOLK-F, LLC",2FMPK4G98NBA78922,6/12/2023,42,39090.73,2022,FORD,EDGE
7/24/2023,JT,JTAC0Q,164488,2,MPG,"NORFOLK-F, LLC",2FMPK4G98NBB16214,6/12/2023,42,40309.88,2022,FORD,EDGE
7/24/2023,JT,JTAC0Q,164488,2,MPG,"NORFOLK-F, LLC",3FMCR9B60PRD31191,6/12/2023,42,32111.44,2023,FORD,BRONCO SPORT
7/24/2023,JT,JTAC0Q,164488,2,NEW,"NORFOLK-F, LLC",1FD8W3FN4PEC60531,7/14/2023,10,56016.8,2023,FORD,F-350
7/24/2023,JT,JTAC0Q,164488,2,NEW,"NORFOLK-F, LLC",1FM5K8GC3PGA22263,6/12/2023,42,59504.92,2023,FORD,EXPLORER
7/24/2023,JT,JTAC0Q,164488,2,NEW,"NORFOLK-F, LLC",1FM5K8GC4PGA84674,6/12/2023,42,59500.72,2023,FORD,EXPLORER
7/24/2023,JT,JTAC0Q,164488,2,NEW,"NORFOLK-F, LLC",1FM5K8GC7NGC40266,6/12/2023,42,58383.24,2022,FORD,EXPLORER
7/24/2023,JT,JTAC0Q,164488,2,NEW,"NORFOLK-F, LLC",1FM5K8GC7PGA70879,7/15/2023,9,58941.72,2023,FORD,EXPLORER
7/24/2023,JT,JTAC0Q,164488,2,NEW,"NORFOLK-F, LLC",1FM5K8GC8NGC47601,6/12/2023,42,58363.92,2022,FORD,EXPLORER
7/24/2023,JT,JTAC0Q,164488,2,NEW,"NORFOLK-F, LLC",1FM5K8GC8PGA06446,6/12/2023,42,60438.92,2023,FORD,EXPLORER
7/24/2023,JT,JTAC0Q,164488,2,NEW,"NORFOLK-F, LLC",1FM5K8GC8PGA20850,6/12/2023,42,58757.92,2023,FORD,EXPLORER
7/24/2023,JT,JTAC0Q,164488,2,NEW,"NORFOLK-F, LLC",1FM5K8GCXPGA65093,7/15/2023,9,58753.72,2023,FORD,EXPLORER
7/24/2023,JT,JTAC0Q,164488,2,NEW,"NORFOLK-F, LLC",1FMJK1M84PEA04677,6/12/2023,42,84184.6,2023,FORD,EXPEDITION
7/24/2023,JT,JTAC0Q,164488,2,NEW,"NORFOLK-F, LLC",1FMJU1M85PEA04679,6/12/2023,42,82900,2023,FORD,EXPEDITION
7/24/2023,JT,JTAC0Q,164488,2,NEW,"NORFOLK-F, LLC",1FMSK8FH9NGC50944,6/12/2023,42,51967.88,2022,FORD,EXPLORER
7/24/2023,JT,JTAC0Q,164488,2,NEW,"NORFOLK-F, LLC",1FMSK8JH1NGC48483,6/12/2023,42,51234.88,2022,FORD,EXPLORER
7/24/2023,JT,JTAC0Q,164488,2,NEW,"NORFOLK-F, LLC",1FMSK8JH2NGC16979,6/12/2023,42,49504.36,2022,FORD,EXPLORER
7/24/2023,JT,JTAC0Q,164488,2,NEW,"NORFOLK-F, LLC",1FMSK8JH7NGC49654,6/12/2023,42,50233.88,2022,FORD,EXPLORER
7/24/2023,JT,JTAC0Q,164488,2,NEW,"NORFOLK-F, LLC",1FMSK8JH7PGA55404,6/12/2023,42,50217.08,2023,FORD,EXPLORER
7/24/2023,JT,JTAC0Q,164488,2,NEW,"NORFOLK-F, LLC",1FMSK8JH8NGB88315,6/12/2023,42,50956.36,2022,FORD,EXPLORER
7/24/2023,JT,JTAC0Q,164488,2,NEW,"NORFOLK-F, LLC",1FMSK8JH9NGB70972,6/12/2023,42,48661.36,2022,FORD,EXPLORER
7/24/2023,JT,JTAC0Q,164488,2,NEW,"NORFOLK-F, LLC",1FMSK8KH8NGC47054,6/12/2023,42,48055.88,2022,FORD,EXPLORER
7/24/2023,JT,JTAC0Q,164488,2,NEW,"NORFOLK-F, LLC",1FT8W2BT6NEF99128,6/12/2023,42,77827.84,2022,FORD,F-250
7/24/2023,JT,JTAC0Q,164488,2,NEW,"NORFOLK-F, LLC",1FTBF2A62NEG45409,6/12/2023,42,45424.16,2022,FORD,F-250
7/24/2023,JT,JTAC0Q,164488,2,NEW,"NORFOLK-F, LLC",1FTBF2A67NEG45406,6/12/2023,42,41917.16,2022,FORD,F-250
7/24/2023,JT,JTAC0Q,164488,2,NEW,"NORFOLK-F, LLC",1FTEW1CP0PKE17832,7/21/2023,3,45024.32,2023,FORD,F-150
7/24/2023,JT,JTAC0Q,164488,2,NEW,"NORFOLK-F, LLC",1FTEW1CP1PKE17970,7/22/2023,2,45024.32,2023,FORD,F-150
7/24/2023,JT,JTAC0Q,164488,2,NEW,"NORFOLK-F, LLC",1FTEW1CP6PKE17592,7/22/2023,2,45024.32,2023,FORD,F-150
7/24/2023,JT,JTAC0Q,164488,2,NEW,"NORFOLK-F, LLC",1FTEW1CP9PKD71501,7/18/2023,6,45024.32,2023,FORD,F-150
7/24/2023,JT,JTAC0Q,164488,2,NEW,"NORFOLK-F, LLC",1FTEW1CP9PKD87987,6/23/2023,31,45024.32,2023,FORD,F-150
7/24/2023,JT,JTAC0Q,164488,2,NEW,"NORFOLK-F, LLC",1FTEW1EP5PFA81553,6/12/2023,42,49155.32,2023,FORD,F-150
7/24/2023,JT,JTAC0Q,164488,2,NEW,"NORFOLK-F, LLC",1FTEW1EP9PKE05630,7/18/2023,6,54411.32,2023,FORD,F-150
7/24/2023,JT,JTAC0Q,164488,2,NEW,"NORFOLK-F, LLC",1FTEW1EPXPFB25367,6/21/2023,33,54565.32,2023,FORD,F-150
7/24/2023,JT,JTAC0Q,164488,2,NEW,"NORFOLK-F, LLC",1FTEW1EPXPFB25966,6/20/2023,34,54565.32,2023,FORD,F-150
7/24/2023,JT,JTAC0Q,164488,2,NEW,"NORFOLK-F, LLC",1FTFW1E50PKE17961,7/22/2023,2,50293.32,2023,FORD,F-150
7/24/2023,JT,JTAC0Q,164488,2,NEW,"NORFOLK-F, LLC",1FTFW1E51PKD65708,7/18/2023,6,69488.52,2023,FORD,F-150
7/24/2023,JT,JTAC0Q,164488,2,NEW,"NORFOLK-F, LLC",1FTFW1E51PKD94089,7/14/2023,10,61510.52,2023,FORD,F-150
7/24/2023,JT,JTAC0Q,164488,2,NEW,"NORFOLK-F, LLC",1FTFW1E52PKE17718,7/23/2023,1,50293.32,2023,FORD,F-150
7/24/2023,JT,JTAC0Q,164488,2,NEW,"NORFOLK-F, LLC",1FTFW1E53PFB25679,6/12/2023,42,61664.52,2023,FORD,F-150
7/24/2023,JT,JTAC0Q,164488,2,NEW,"NORFOLK-F, LLC",1FTFW1E57PFA82061,6/12/2023,42,50471.32,2023,FORD,F-150
7/24/2023,JT,JTAC0Q,164488,2,NEW,"NORFOLK-F, LLC",1FTFW1E59PKD97628,6/20/2023,34,60189.52,2023,FORD,F-150
7/24/2023,JT,JTAC0Q,164488,2,NEW,"NORFOLK-F, LLC",1FTFW1E80PFB29764,6/23/2023,31,60931.52,2023,FORD,F-150
7/24/2023,JT,JTAC0Q,164488,2,NEW,"NORFOLK-F, LLC",1FTFW1E82PFB34643,6/27/2023,27,60931.52,2023,FORD,F-150
7/24/2023,JT,JTAC0Q,164488,2,NEW,"NORFOLK-F, LLC",1FTFW1E82PKD38205,6/12/2023,42,60178.32,2023,FORD,F-150
7/24/2023,JT,JTAC0Q,164488,2,NEW,"NORFOLK-F, LLC",1FTFW1E84PFA75305,6/12/2023,42,69710.52,2023,FORD,F-150
7/24/2023,JT,JTAC0Q,164488,2,NEW,"NORFOLK-F, LLC",1FTFW1E85PFA03951,6/12/2023,42,54876.72,2023,FORD,F-150
7/24/2023,JT,JTAC0Q,164488,2,NEW,"NORFOLK-F, LLC",1FTFW1E88PFA03393,6/12/2023,42,54876.72,2023,FORD,F-150
7/24/2023,JT,JTAC0Q,164488,2,NEW,"NORFOLK-F, LLC",1FTFW1E89PFA55101,6/12/2023,42,62986.72,2023,FORD,F-150
7/24/2023,JT,JTAC0Q,164488,2,NEW,"NORFOLK-F, LLC",1FTFW1E89PFB34350,6/20/2023,34,62610.52,2023,FORD,F-150
7/24/2023,JT,JTAC0Q,164488,2,NEW,"NORFOLK-F, LLC",1FTFW1ED0PFB14923,6/21/2023,33,69955.92,2023,FORD,F-150
7/24/2023,JT,JTAC0Q,164488,2,NEW,"NORFOLK-F, LLC",1FTFW1ED0PFB34458,6/23/2023,31,63419.92,2023,FORD,F-150
7/24/2023,JT,JTAC0Q,164488,2,NEW,"NORFOLK-F, LLC",1FTFW1ED1PFB09293,6/12/2023,42,62686.92,2023,FORD,F-150
7/24/2023,JT,JTAC0Q,164488,2,NEW,"NORFOLK-F, LLC",1FTFW1ED3PFB54784,7/22/2023,2,72265.92,2023,FORD,F-150
7/24/2023,JT,JTAC0Q,164488,2,NEW,"NORFOLK-F, LLC",1FTFW1ED4PFB25908,7/2/2023,22,64152.92,2023,FORD,F-150
7/24/2023,JT,JTAC0Q,164488,2,NEW,"NORFOLK-F, LLC",1FTFW1ED5PFB34343,7/14/2023,10,64406.92,2023,FORD,F-150
7/24/2023,JT,JTAC0Q,164488,2,NEW,"NORFOLK-F, LLC",1FTFW1ED6PFA89011,6/12/2023,42,72265.92,2023,FORD,F-150
7/24/2023,JT,JTAC0Q,164488,2,NEW,"NORFOLK-F, LLC",1FTFW1ED8PFB34059,7/14/2023,10,64406.92,2023,FORD,F-150
7/24/2023,JT,JTAC0Q,164488,2,NEW,"NORFOLK-F, LLC",1FTFW1ED8PFB55249,7/22/2023,2,72265.92,2023,FORD,F-150
7/24/2023,JT,JTAC0Q,164488,2,NEW,"NORFOLK-F, LLC",1FTFW1EDXPFB33771,7/8/2023,16,78109.92,2023,FORD,F-150
7/24/2023,JT,JTAC0Q,164488,2,NEW,"NORFOLK-F, LLC",1FTFW1EDXPFB34631,7/21/2023,3,63419.92,2023,FORD,F-150
7/24/2023,JT,JTAC0Q,164488,2,NEW,"NORFOLK-F, LLC",1FTFX1E54PKD79731,7/8/2023,16,47326.36,2023,FORD,F-150
7/24/2023,JT,JTAC0Q,164488,2,NEW,"NORFOLK-F, LLC",1FTFX1E59PFA79515,6/12/2023,42,46003.36,2023,FORD,F-150
7/24/2023,JT,JTAC0Q,164488,2,NEW,"NORFOLK-F, LLC",2FMPK4AP9PBA31845,7/19/2023,5,46288.08,2023,FORD,EDGE
7/24/2023,JT,JTAC0Q,164488,2,NEW,"NORFOLK-F, LLC",2FMPK4G91PBA16345,7/2/2023,22,39841.08,2023,FORD,EDGE
7/24/2023,JT,JTAC0Q,164488,2,NEW,"NORFOLK-F, LLC",3FMCR9G66PRD05154,6/12/2023,42,34712.44,2023,FORD,BRONCO SPORT
7/24/2023,JT,JTAC0Q,164488,2,PANW,"NORFOLK-F, LLC",1FDUF4HTXPED12888,7/7/2023,17,61748.7,2023,FORD,F-450
7/24/2023,JT,JTAC0Q,164488,2,PANW,"NORFOLK-F, LLC",1FDXE4FN4RDD24158,7/22/2023,2,41220.06,2024,FORD,E-450
7/24/2023,JT,JTAC0Q,164488,2,PANW,"NORFOLK-F, LLC",1FMCU0GN8PUA62795,7/20/2023,4,30670.67,2023,FORD,ESCAPE
7/24/2023,JT,JTAC0Q,164488,2,PANW,"NORFOLK-F, LLC",1FMCU0MN8PUA47573,7/7/2023,17,31989.86,2023,FORD,ESCAPE
7/24/2023,JT,JTAC0Q,164488,2,PANW,"NORFOLK-F, LLC",1FMCU9MN7PUA53935,7/7/2023,17,33938.67,2023,FORD,ESCAPE
7/24/2023,JT,JTAC0Q,164488,2,PANW,"NORFOLK-F, LLC",1FMCU9MN7PUA66362,7/6/2023,18,34502.67,2023,FORD,ESCAPE
7/24/2023,JT,JTAC0Q,164488,2,PANW,"NORFOLK-F, LLC",1FMDE4DH1PLA40151,7/20/2023,4,51150.2,2023,FORD,BRONCO
7/24/2023,JT,JTAC0Q,164488,2,PANW,"NORFOLK-F, LLC",1FMDE5BH2PLB63918,7/7/2023,17,41725.2,2023,FORD,BRONCO
7/24/2023,JT,JTAC0Q,164488,2,PANW,"NORFOLK-F, LLC",1FMDE5BH8PLB62191,7/20/2023,4,45525.2,2023,FORD,BRONCO
7/24/2023,JT,JTAC0Q,164488,2,PANW,"NORFOLK-F, LLC",1FMEE5DH3PLB62777,7/21/2023,3,53994.2,2023,FORD,BRONCO
7/24/2023,JT,JTAC0Q,164488,2,PANW,"NORFOLK-F, LLC",1FMEE5DP4PLB62004,7/22/2023,2,61339.2,2023,FORD,BRONCO
7/24/2023,JT,JTAC0Q,164488,2,PANW,"NORFOLK-F, LLC",1FMEE5DP8PLB47117,7/21/2023,3,60441.2,2023,FORD,BRONCO
7/24/2023,JT,JTAC0Q,164488,2,PANW,"NORFOLK-F, LLC",1FMEE5DP9PLB47109,7/21/2023,3,61619.2,2023,FORD,BRONCO
7/24/2023,JT,JTAC0Q,164488,2,PANW,"NORFOLK-F, LLC",1FMJK1J81PEA57261,6/26/2023,28,72887.3,2023,FORD,EXPEDITION
7/24/2023,JT,JTAC0Q,164488,2,PANW,"NORFOLK-F, LLC",1FMJK2AG0PEA49908,7/7/2023,17,89233.4,2023,FORD,EXPEDITION
7/24/2023,JT,JTAC0Q,164488,2,PANW,"NORFOLK-F, LLC",1FMJU2A8XPEA33430,6/12/2023,42,79796.75,2023,FORD,EXPEDITION
7/24/2023,JT,JTAC0Q,164488,2,PANW,"NORFOLK-F, LLC",1FMSK8DH2PGB42204,7/22/2023,2,46775.69,2023,FORD,EXPLORER
7/24/2023,JT,JTAC0Q,164488,2,PANW,"NORFOLK-F, LLC",1FT7W2BA9PEC73417,7/5/2023,19,52129.64,2023,FORD,F-250
7/24/2023,JT,JTAC0Q,164488,2,PANW,"NORFOLK-F, LLC",1FT8W2BN2PEC85688,6/12/2023,42,66148.48,2023,FORD,F-250
7/24/2023,JT,JTAC0Q,164488,2,PANW,"NORFOLK-F, LLC",1FT8W2BN4PED27472,7/7/2023,17,71619.72,2023,FORD,F-250
7/24/2023,JT,JTAC0Q,164488,2,PANW,"NORFOLK-F, LLC",1FT8W3BA6PED39030,7/6/2023,18,56829.08,2023,FORD,F-350
7/24/2023,JT,JTAC0Q,164488,2,PANW,"NORFOLK-F, LLC",1FT8W3BAXPED40214,7/6/2023,18,56829.08,2023,FORD,F-350
7/24/2023,JT,JTAC0Q,164488,2,PANW,"NORFOLK-F, LLC",1FT8W3BM6PED27227,7/6/2023,18,85570.3,2023,FORD,F-350
7/24/2023,JT,JTAC0Q,164488,2,PANW,"NORFOLK-F, LLC",1FT8W3BT9PED43090,7/7/2023,17,73468.3,2023,FORD,F-350
7/24/2023,JT,JTAC0Q,164488,2,PANW,"NORFOLK-F, LLC",1FT8X3BA1PED39725,7/22/2023,2,55213.08,2023,FORD,F-350
7/24/2023,JT,JTAC0Q,164488,2,PANW,"NORFOLK-F, LLC",1FT8X3BA6PED40210,7/20/2023,4,55213.08,2023,FORD,F-350
7/24/2023,JT,JTAC0Q,164488,2,PANW,"NORFOLK-F, LLC",1FTBF2AA2PED39740,6/28/2023,26,44570.08,2023,FORD,F-250
7/24/2023,JT,JTAC0Q,164488,2,PANW,"NORFOLK-F, LLC",1FTBF2AA7PED39913,7/7/2023,17,44570.08,2023,FORD,F-250
7/24/2023,JT,JTAC0Q,164488,2,PANW,"NORFOLK-F, LLC",1FTBR1C83PKB10125,6/12/2023,42,49580.75,2023,FORD,TRANSIT
7/24/2023,JT,JTAC0Q,164488,2,PANW,"NORFOLK-F, LLC",1FTER4FH0PLE33584,7/21/2023,3,36656.2,2023,FORD,RANGER
7/24/2023,JT,JTAC0Q,164488,2,PANW,"NORFOLK-F, LLC",1FTER4FH4PLE17968,6/12/2023,42,43815.4,2023,FORD,RANGER
7/24/2023,JT,JTAC0Q,164488,2,PANW,"NORFOLK-F, LLC",1FTER4FH8PLE29699,7/6/2023,18,41859.2,2023,FORD,RANGER
7/24/2023,JT,JTAC0Q,164488,2,PANW,"NORFOLK-F, LLC",1FTER4FH9PLE27170,7/15/2023,9,38687.6,2023,FORD,RANGER
7/24/2023,JT,JTAC0Q,164488,2,PANW,"NORFOLK-F, LLC",1FTER4FHXPLE27355,7/7/2023,17,40467.2,2023,FORD,RANGER
7/24/2023,JT,JTAC0Q,164488,2,PANW,"NORFOLK-F, LLC",1FTER4FHXPLE30322,7/15/2023,9,47248.6,2023,FORD,RANGER
7/24/2023,JT,JTAC0Q,164488,2,PANW,"NORFOLK-F, LLC",1FTER4FHXPLE30532,7/7/2023,17,47337.6,2023,FORD,RANGER
7/24/2023,JT,JTAC0Q,164488,2,PANW,"NORFOLK-F, LLC",1FTEW1CP1PFC01108,7/22/2023,2,45075.26,2023,FORD,F-150
7/24/2023,JT,JTAC0Q,164488,2,PANW,"NORFOLK-F, LLC",1FTEW1CP3PFC02129,7/15/2023,9,44808.08,2023,FORD,F-150
7/24/2023,JT,JTAC0Q,164488,2,PANW,"NORFOLK-F, LLC",1FTEW1CP8PFC01106,7/7/2023,17,45077.08,2023,FORD,F-150
7/24/2023,JT,JTAC0Q,164488,2,PANW,"NORFOLK-F, LLC",1FTEW1E85PFB43302,6/12/2023,42,64836.52,2023,FORD,F-150
7/24/2023,JT,JTAC0Q,164488,2,PANW,"NORFOLK-F, LLC",1FTEW1E86PFB43616,6/22/2023,32,70858.36,2023,FORD,F-150
7/24/2023,JT,JTAC0Q,164488,2,PANW,"NORFOLK-F, LLC",1FTEW1EP2PFC18223,7/22/2023,2,49206.26,2023,FORD,F-150
7/24/2023,JT,JTAC0Q,164488,2,PANW,"NORFOLK-F, LLC",1FTEW1EP7PKE38027,6/12/2023,42,49206.26,2023,FORD,F-150
7/24/2023,JT,JTAC0Q,164488,2,PANW,"NORFOLK-F, LLC",1FTEW1EP8PKE71926,7/6/2023,18,49206.26,2023,FORD,F-150
7/24/2023,JT,JTAC0Q,164488,2,PANW,"NORFOLK-F, LLC",1FTEW1EPXPFC17918,7/13/2023,11,49206.26,2023,FORD,F-150
7/24/2023,JT,JTAC0Q,164488,2,PANW,"NORFOLK-F, LLC",1FTEX1EP5PKE87563,7/21/2023,3,46889.73,2023,FORD,F-150
7/24/2023,JT,JTAC0Q,164488,2,PANW,"NORFOLK-F, LLC",1FTFW1E5XPFB88388,7/7/2023,17,62925.88,2023,FORD,F-150
7/24/2023,JT,JTAC0Q,164488,2,PANW,"NORFOLK-F, LLC",1FTFW1E8XPKE39881,7/7/2023,17,69835.88,2023,FORD,F-150
7/24/2023,JT,JTAC0Q,164488,2,PANW,"NORFOLK-F, LLC",1FTFW1E51PKE40410,6/12/2023,42,69541.36,2023,FORD,F-150
7/24/2023,JT,JTAC0Q,164488,2,PANW,"NORFOLK-F, LLC",1FTFW1E53PFB43180,6/12/2023,42,70851.52,2023,FORD,F-150
7/24/2023,JT,JTAC0Q,164488,2,PANW,"NORFOLK-F, LLC",1FTFW1E59PKE70948,7/3/2023,21,50344.26,2023,FORD,F-150
7/24/2023,JT,JTAC0Q,164488,2,PANW,"NORFOLK-F, LLC",1FTFW1E80PFB37301,6/12/2023,42,61937.52,2023,FORD,F-150
7/24/2023,JT,JTAC0Q,164488,2,PANW,"NORFOLK-F, LLC",1FTFW1E80PFB37363,6/12/2023,42,61914.52,2023,FORD,F-150
7/24/2023,JT,JTAC0Q,164488,2,PANW,"NORFOLK-F, LLC",1FTFW1E81PFB70937,7/7/2023,17,76243.88,2023,FORD,F-150
7/24/2023,JT,JTAC0Q,164488,2,PANW,"NORFOLK-F, LLC",1FTFW1E81PFB74163,6/12/2023,42,68189.36,2023,FORD,F-150
7/24/2023,JT,JTAC0Q,164488,2,PANW,"NORFOLK-F, LLC",1FTFW1E82PFB91439,7/15/2023,9,74245.88,2023,FORD,F-150
7/24/2023,JT,JTAC0Q,164488,2,PANW,"NORFOLK-F, LLC",1FTFW1E83PFB70275,6/12/2023,42,73525.36,2023,FORD,F-150
7/24/2023,JT,JTAC0Q,164488,2,PANW,"NORFOLK-F, LLC",1FTFW1E83PFB71099,7/7/2023,17,69812.88,2023,FORD,F-150
7/24/2023,JT,JTAC0Q,164488,2,PANW,"NORFOLK-F, LLC",1FTFW1E83PKE04342,6/12/2023,42,62587.52,2023,FORD,F-150
7/24/2023,JT,JTAC0Q,164488,2,PANW,"NORFOLK-F, LLC",1FTFW1E83PKE54030,7/7/2023,17,67841.88,2023,FORD,F-150
7/24/2023,JT,JTAC0Q,164488,2,PANW,"NORFOLK-F, LLC",1FTFW1E85PFC01686,7/7/2023,17,66495.88,2023,FORD,F-150
7/24/2023,JT,JTAC0Q,164488,2,PANW,"NORFOLK-F, LLC",1FTFW1E87PKE32984,6/12/2023,42,61972.36,2023,FORD,F-150
7/24/2023,JT,JTAC0Q,164488,2,PANW,"NORFOLK-F, LLC",1FTFW1ED0PFB96815,7/7/2023,17,70772.98,2023,FORD,F-150
7/24/2023,JT,JTAC0Q,164488,2,PANW,"NORFOLK-F, LLC",1FTFW1ED2PFB41654,6/12/2023,42,75880.92,2023,FORD,F-150
7/24/2023,JT,JTAC0Q,164488,2,PANW,"NORFOLK-F, LLC",1FTFW1ED4PFC00011,7/13/2023,11,75603.81,2023,FORD,F-150
7/24/2023,JT,JTAC0Q,164488,2,PANW,"NORFOLK-F, LLC",1FTFW1ED5PFB64409,6/12/2023,42,72271.81,2023,FORD,F-150
7/24/2023,JT,JTAC0Q,164488,2,PANW,"NORFOLK-F, LLC",1FTFW1ED5PFB88452,6/12/2023,42,76639.81,2023,FORD,F-150
7/24/2023,JT,JTAC0Q,164488,2,PANW,"NORFOLK-F, LLC",1FTFW1ED8PFC00447,7/15/2023,9,70687.98,2023,FORD,F-150
7/24/2023,JT,JTAC0Q,164488,2,PANW,"NORFOLK-F, LLC",1FTFW1ED9PFB87790,7/15/2023,9,72273.98,2023,FORD,F-150
7/24/2023,JT,JTAC0Q,164488,2,PANW,"NORFOLK-F, LLC",1FTFW1RJ4PFA61773,7/15/2023,9,103466.88,2023,FORD,F-150
7/24/2023,JT,JTAC0Q,164488,2,PANW,"NORFOLK-F, LLC",1FTYE1Y85PKB38880,7/13/2023,11,44832.06,2023,FORD,TRANSIT
7/24/2023,JT,JTAC0Q,164488,2,PANW,"NORFOLK-F, LLC",2FMPK4J9XPBA51765,7/20/2023,4,41097.02,2023,FORD,EDGE
7/24/2023,JT,JTAC0Q,164488,2,PANW,"NORFOLK-F, LLC",2FMPK4J99PBA52843,7/15/2023,9,41097.02,2023,FORD,EDGE
7/24/2023,JT,JTAC0Q,164488,2,PANW,"NORFOLK-F, LLC",3FMCR9B65PRD88907,7/7/2023,17,32097.86,2023,FORD,BRONCO SPORT
7/24/2023,JT,JTAC0Q,164488,2,PANW,"NORFOLK-F, LLC",3FMCR9C60PRD84875,7/22/2023,2,38086.67,2023,FORD,BRONCO SPORT
7/24/2023,JT,JTAC0Q,164488,2,PANW,"NORFOLK-F, LLC",3FMCR9C69PRD85541,7/20/2023,4,38063.67,2023,FORD,BRONCO SPORT
7/24/2023,JT,JTAC0Q,164488,2,PANW,"NORFOLK-F, LLC",3FMCR9C69PRD88147,7/18/2023,6,38086.67,2023,FORD,BRONCO SPORT
7/24/2023,JT,JTAC0Q,164488,2,PANW,"NORFOLK-F, LLC",3FMCR9G63PRD69698,7/7/2023,17,35471.86,2023,FORD,BRONCO SPORT
7/24/2023,JT,JTAC0Q,164488,2,PANW,"NORFOLK-F, LLC",3FMTK4SX3PMA25311,7/7/2023,17,73640,2023,FORD,MUSTANG MACH-E
7/24/2023,JT,JTAC0Q,164488,2,PANW,"NORFOLK-F, LLC",3FMTK4SX3PMA38415,7/7/2023,17,72045,2023,FORD,MUSTANG MACH-E
7/24/2023,JT,JTAC0Q,164488,2,PANW,"NORFOLK-F, LLC",3FMTK4SX8PMA44534,6/22/2023,32,72045,2023,FORD,MUSTANG MACH-E
7/24/2023,JT,JTAC0Q,164488,2,PANW,"NORFOLK-F, LLC",3FTTW8E3XPRA57037,7/21/2023,3,32706.65,2023,FORD,MAVERICK
7/24/2023,JT,JTAC0Q,164488,2,PANW,"NORFOLK-F, LLC",3FTTW8E30PRA56558,7/21/2023,3,28882.65,2023,FORD,MAVERICK
7/24/2023,JT,JTAC0Q,164488,2,PANW,"NORFOLK-F, LLC",3FTTW8E36PRA59867,7/21/2023,3,26961.65,2023,FORD,MAVERICK
7/24/2023,JT,JTAC0Q,164488,2,PANW,"NORFOLK-F, LLC",NM0GS9E22P1553600,6/12/2023,42,36657.65,2023,FORD,TRANSIT CONNECT
7/24/2023,JT,JTAC0Q,164488,2,PANW,"NORFOLK-F, LLC",NM0GS9E24P1553601,6/12/2023,42,36657.65,2023,FORD,TRANSIT CONNECT
7/24/2023,JT,JTAC0Q,164488,2,PANW,"NORFOLK-F, LLC",NM0GS9E25P1555969,6/12/2023,42,36657.65,2023,FORD,TRANSIT CONNECT
7/24/2023,JT,JTAC0Q,164488,2,PANW,"NORFOLK-F, LLC",NM0LS7S25P1552898,6/12/2023,42,36568.65,2023,FORD,TRANSIT CONNECT
7/24/2023,CF,CFABZJ,164961,1,AOP,"SMYRNA-F, LLC",1FBAX2YG3PKA01823,6/21/2023,33,49818.76,2023,FORD,TRANSIT
7/24/2023,CF,CFABZJ,164961,1,AOP,"SMYRNA-F, LLC",1FDXE4FN6PDD23011,6/21/2023,33,35773.64,2023,FORD,E-450
7/24/2023,CF,CFABZJ,164961,1,AOP,"SMYRNA-F, LLC",1FDXW7DX8PDF03240,6/21/2023,33,80886.66,2023,FORD,F-750
7/24/2023,CF,CFABZJ,164961,1,AOP,"SMYRNA-F, LLC",1FM5K8AB0NGC42327,6/21/2023,33,33539.04,2022,FORD,EXPLORER
7/24/2023,CF,CFABZJ,164961,1,AOP,"SMYRNA-F, LLC",1FM5K8AB0NGC43588,6/21/2023,33,33539.04,2022,FORD,EXPLORER
7/24/2023,CF,CFABZJ,164961,1,AOP,"SMYRNA-F, LLC",1FM5K8AB1PGA35187,6/21/2023,33,42465.64,2023,FORD,EXPLORER
7/24/2023,CF,CFABZJ,164961,1,AOP,"SMYRNA-F, LLC",1FM5K8AB3NGC36084,6/21/2023,33,33539.04,2022,FORD,EXPLORER
7/24/2023,CF,CFABZJ,164961,1,AOP,"SMYRNA-F, LLC",1FM5K8AB3NGC42614,6/21/2023,33,33539.04,2022,FORD,EXPLORER
7/24/2023,CF,CFABZJ,164961,1,AOP,"SMYRNA-F, LLC",1FM5K8AB3NGC43052,6/21/2023,33,33539.04,2022,FORD,EXPLORER
7/24/2023,CF,CFABZJ,164961,1,AOP,"SMYRNA-F, LLC",1FM5K8AB3NGC43276,6/21/2023,33,33539.04,2022,FORD,EXPLORER
7/24/2023,CF,CFABZJ,164961,1,AOP,"SMYRNA-F, LLC",1FM5K8AB3NGC43648,6/21/2023,33,33539.04,2022,FORD,EXPLORER
7/24/2023,CF,CFABZJ,164961,1,AOP,"SMYRNA-F, LLC",1FM5K8AB4NGC36689,6/21/2023,33,33027.88,2022,FORD,EXPLORER
7/24/2023,CF,CFABZJ,164961,1,AOP,"SMYRNA-F, LLC",1FM5K8AB4PGA33823,6/21/2023,33,42617.04,2023,FORD,EXPLORER
7/24/2023,CF,CFABZJ,164961,1,AOP,"SMYRNA-F, LLC",1FM5K8AB5NGC41822,6/21/2023,33,33539.04,2022,FORD,EXPLORER
7/24/2023,CF,CFABZJ,164961,1,AOP,"SMYRNA-F, LLC",1FM5K8AB5NGC42615,6/21/2023,33,33027.88,2022,FORD,EXPLORER
7/24/2023,CF,CFABZJ,164961,1,AOP,"SMYRNA-F, LLC",1FM5K8AB5NGC43182,6/21/2023,33,33027.88,2022,FORD,EXPLORER
7/24/2023,CF,CFABZJ,164961,1,AOP,"SMYRNA-F, LLC",1FM5K8AB6NGC36256,6/21/2023,33,33027.88,2022,FORD,EXPLORER
7/24/2023,CF,CFABZJ,164961,1,AOP,"SMYRNA-F, LLC",1FM5K8AB6NGC36385,6/21/2023,33,33539.04,2022,FORD,EXPLORER
7/24/2023,CF,CFABZJ,164961,1,AOP,"SMYRNA-F, LLC",1FM5K8AB6NGC41814,6/21/2023,33,33027.88,2022,FORD,EXPLORER
7/24/2023,CF,CFABZJ,164961,1,AOP,"SMYRNA-F, LLC",1FM5K8AB6NGC43871,6/21/2023,33,33539.04,2022,FORD,EXPLORER
7/24/2023,CF,CFABZJ,164961,1,AOP,"SMYRNA-F, LLC",1FM5K8AB6PGA34083,6/21/2023,33,42616.64,2023,FORD,EXPLORER
7/24/2023,CF,CFABZJ,164961,1,AOP,"SMYRNA-F, LLC",1FM5K8AB7NGC41854,6/21/2023,33,33539.04,2022,FORD,EXPLORER
7/24/2023,CF,CFABZJ,164961,1,AOP,"SMYRNA-F, LLC",1FM5K8AB8NGC42883,6/21/2023,33,33027.88,2022,FORD,EXPLORER
7/24/2023,CF,CFABZJ,164961,1,AOP,"SMYRNA-F, LLC",1FM5K8ABXNGC43078,6/21/2023,33,33539.04,2022,FORD,EXPLORER
7/24/2023,CF,CFABZJ,164961,1,AOP,"SMYRNA-F, LLC",1FM5K8AC0PGA33701,6/21/2023,33,45839.64,2023,FORD,EXPLORER
7/24/2023,CF,CFABZJ,164961,1,AOP,"SMYRNA-F, LLC",1FM5K8AC0PGA33858,6/21/2023,33,45839.64,2023,FORD,EXPLORER
7/24/2023,CF,CFABZJ,164961,1,AOP,"SMYRNA-F, LLC",1FM5K8AC1PGA79568,6/21/2023,33,45267.64,2023,FORD,EXPLORER
7/24/2023,CF,CFABZJ,164961,1,AOP,"SMYRNA-F, LLC",1FM5K8AC2PGA34154,6/21/2023,33,45839.64,2023,FORD,EXPLORER
7/24/2023,CF,CFABZJ,164961,1,AOP,"SMYRNA-F, LLC",1FM5K8AC3PGA33756,6/21/2023,33,45839.64,2023,FORD,EXPLORER
7/24/2023,CF,CFABZJ,164961,1,AOP,"SMYRNA-F, LLC",1FM5K8AC3PGA33871,6/21/2023,33,45839.64,2023,FORD,EXPLORER
7/24/2023,CF,CFABZJ,164961,1,AOP,"SMYRNA-F, LLC",1FM5K8AC3PGA34065,6/21/2023,33,46107.04,2023,FORD,EXPLORER
7/24/2023,CF,CFABZJ,164961,1,AOP,"SMYRNA-F, LLC",1FM5K8AC3PGA79412,6/21/2023,33,45267.64,2023,FORD,EXPLORER
7/24/2023,CF,CFABZJ,164961,1,AOP,"SMYRNA-F, LLC",1FM5K8AC4PGA79581,6/21/2023,33,45267.64,2023,FORD,EXPLORER
7/24/2023,CF,CFABZJ,164961,1,AOP,"SMYRNA-F, LLC",1FM5K8AC4PGA79757,6/21/2023,33,45267.64,2023,FORD,EXPLORER
7/24/2023,CF,CFABZJ,164961,1,AOP,"SMYRNA-F, LLC",1FM5K8AC6PGA33833,6/21/2023,33,46107.04,2023,FORD,EXPLORER
7/24/2023,CF,CFABZJ,164961,1,AOP,"SMYRNA-F, LLC",1FM5K8AC6PGA80084,6/21/2023,33,45267.64,2023,FORD,EXPLORER
7/24/2023,CF,CFABZJ,164961,1,AOP,"SMYRNA-F, LLC",1FM5K8AC8PGA33171,6/21/2023,33,45839.64,2023,FORD,EXPLORER
7/24/2023,CF,CFABZJ,164961,1,AOP,"SMYRNA-F, LLC",1FM5K8ACXPGA79536,6/21/2023,33,45267.64,2023,FORD,EXPLORER
7/24/2023,CF,CFABZJ,164961,1,AOP,"SMYRNA-F, LLC",1FM5K8AW3NNA13817,6/21/2023,33,36103.88,2022,FORD,EXPLORER
7/24/2023,CF,CFABZJ,164961,1,AOP,"SMYRNA-F, LLC",1FMCU0G6XNUB12831,6/21/2023,33,25850.34,2022,FORD,ESCAPE
7/24/2023,CF,CFABZJ,164961,1,AOP,"SMYRNA-F, LLC",1FMJU1G80PEA11986,6/21/2023,33,55165.28,2023,FORD,EXPEDITION
7/24/2023,CF,CFABZJ,164961,1,AOP,"SMYRNA-F, LLC",1FMJU1G82PEA11987,6/21/2023,33,55165.28,2023,FORD,EXPEDITION
7/24/2023,CF,CFABZJ,164961,1,AOP,"SMYRNA-F, LLC",1FMSK8BB3NGC25569,6/21/2023,33,33761.04,2022,FORD,EXPLORER
7/24/2023,CF,CFABZJ,164961,1,AOP,"SMYRNA-F, LLC",1FT7W2BN0PED10891,6/21/2023,33,54056.08,2023,FORD,F-250
7/24/2023,CF,CFABZJ,164961,1,AOP,"SMYRNA-F, LLC",1FTBR1Y81PKA55585,6/21/2023,33,41901.12,2023,FORD,TRANSIT
7/24/2023,CF,CFABZJ,164961,1,AOP,"SMYRNA-F, LLC",1FTBR1Y81PKA61645,6/21/2023,33,41964.92,2023,FORD,TRANSIT
7/24/2023,CF,CFABZJ,164961,1,AOP,"SMYRNA-F, LLC",1FTBR1Y82PKA74193,6/21/2023,33,41964.92,2023,FORD,TRANSIT
7/24/2023,CF,CFABZJ,164961,1,AOP,"SMYRNA-F, LLC",1FTBR1Y82PKA74310,6/21/2023,33,41964.92,2023,FORD,TRANSIT
7/24/2023,CF,CFABZJ,164961,1,AOP,"SMYRNA-F, LLC",1FTBR1Y83PKA74316,6/21/2023,33,41964.92,2023,FORD,TRANSIT
7/24/2023,CF,CFABZJ,164961,1,AOP,"SMYRNA-F, LLC",1FTBR1Y84PKA55791,6/21/2023,33,41964.92,2023,FORD,TRANSIT
7/24/2023,CF,CFABZJ,164961,1,AOP,"SMYRNA-F, LLC",1FTBR1Y85PKA74396,6/21/2023,33,41964.92,2023,FORD,TRANSIT
7/24/2023,CF,CFABZJ,164961,1,AOP,"SMYRNA-F, LLC",1FTEX1C52PFA32616,6/21/2023,33,36237.08,2023,FORD,F-150
7/24/2023,CF,CFABZJ,164961,1,AOP,"SMYRNA-F, LLC",1FTFW1E58PKD11404,6/21/2023,33,40526.08,2023,FORD,F-150
7/24/2023,CF,CFABZJ,164961,1,FSLP,"SMYRNA-F, LLC",1FMCU9J98NUB64093,6/29/2023,25,42167.84,2022,FORD,ESCAPE
7/24/2023,CF,CFABZJ,164961,1,FSLP,"SMYRNA-F, LLC",1FTEW1C53PFB22554,7/20/2023,4,54692.32,2023,FORD,F-150
7/24/2023,CF,CFABZJ,164961,1,FSLP,"SMYRNA-F, LLC",1FTEW1CP4PFC15861,7/20/2023,4,52943.08,2023,FORD,F-150
7/24/2023,CF,CFABZJ,164961,1,FSLP,"SMYRNA-F, LLC",1FTFW1E56PKD83329,7/20/2023,4,54038.52,2023,FORD,F-150
7/24/2023,CF,CFABZJ,164961,1,FSLP,"SMYRNA-F, LLC",1FTFW1ED9PFB33017,7/20/2023,4,66626.92,2023,FORD,F-150
7/24/2023,CF,CFABZJ,164961,1,FSLP,"SMYRNA-F, LLC",3FMTK3RMXPMA12951,7/20/2023,4,52800,2023,FORD,MUSTANG MACH-E
7/24/2023,CF,CFABZJ,164961,1,MDHV,"SMYRNA-F, LLC",1FDFF6KT0PDA00517,6/25/2023,29,58735.9,2023,FORD,F600
7/24/2023,CF,CFABZJ,164961,1,MDHV,"SMYRNA-F, LLC",1FDFF6KT0PDA00520,6/25/2023,29,58735.9,2023,FORD,F600
7/24/2023,CF,CFABZJ,164961,1,MDHV,"SMYRNA-F, LLC",1FDFF6KT2PDA00518,6/25/2023,29,58735.9,2023,FORD,F600
7/24/2023,CF,CFABZJ,164961,1,MDHV,"SMYRNA-F, LLC",1FDFF6KT2PDA00521,6/25/2023,29,58735.9,2023,FORD,F600
7/24/2023,CF,CFABZJ,164961,1,MDHV,"SMYRNA-F, LLC",1FDFF6KT4PDA00519,6/29/2023,25,58735.9,2023,FORD,F600
7/24/2023,CF,CFABZJ,164961,1,MDHV,"SMYRNA-F, LLC",1FDFF6KT4PDA00522,6/27/2023,27,58735.9,2023,FORD,F600
7/24/2023,CF,CFABZJ,164961,1,MDHV,"SMYRNA-F, LLC",1FDFF6KT5NDA14653,6/21/2023,33,48947.9,2022,FORD,F600
7/24/2023,CF,CFABZJ,164961,1,MDHV,"SMYRNA-F, LLC",1FDFF6KT9PDA00516,6/25/2023,29,58735.9,2023,FORD,F600
7/24/2023,CF,CFABZJ,164961,1,MDHV,"SMYRNA-F, LLC",1FDFF6LT3NDA22457,6/21/2023,33,58866.9,2022,FORD,F600
7/24/2023,CF,CFABZJ,164961,1,MDHV,"SMYRNA-F, LLC",1FDFF6LT9NDA14654,6/21/2023,33,52838.9,2022,FORD,F600
7/24/2023,CF,CFABZJ,164961,1,MDHV,"SMYRNA-F, LLC",1FDNF6DE3PDF04294,6/21/2023,33,70702.66,2023,FORD,F-650
7/24/2023,CF,CFABZJ,164961,1,MDHV,"SMYRNA-F, LLC",1FDNF6DE9PDF11573,6/21/2023,33,73547.64,2023,FORD,F-650
7/24/2023,CF,CFABZJ,164961,1,MDHV,"SMYRNA-F, LLC",1FDNF6DEXPDF04292,6/21/2023,33,70702.66,2023,FORD,F-650
7/24/2023,CF,CFABZJ,164961,1,MDHV,"SMYRNA-F, LLC",1FDNF7AN1PDF04286,6/21/2023,33,51042.38,2023,FORD,F-750
7/24/2023,CF,CFABZJ,164961,1,MDHV,"SMYRNA-F, LLC",1FDNF7AN3PDF04287,6/21/2023,33,51042.38,2023,FORD,F-750
7/24/2023,CF,CFABZJ,164961,1,MDHV,"SMYRNA-F, LLC",1FDNF7AN4PDF07876,6/21/2023,33,61220.16,2023,FORD,F-750
7/24/2023,CF,CFABZJ,164961,1,MDHV,"SMYRNA-F, LLC",1FDNF7AN6PDF07877,6/21/2023,33,61220.16,2023,FORD,F-750
7/24/2023,CF,CFABZJ,164961,1,MDHV,"SMYRNA-F, LLC",1FDNF7AN9PDF07873,6/21/2023,33,61220.16,2023,FORD,F-750
7/24/2023,CF,CFABZJ,164961,1,MDHV,"SMYRNA-F, LLC",1FDNF7ANXRDF00773,6/21/2023,33,64060.28,2024,FORD,F-750
7/24/2023,CF,CFABZJ,164961,1,MDHV,"SMYRNA-F, LLC",1FDWF7DC6PDF10941,6/21/2023,33,68620.64,2023,FORD,F-750
7/24/2023,CF,CFABZJ,164961,1,MDHV,"SMYRNA-F, LLC",1FDWF7DE3PDF09182,6/21/2023,33,77606.26,2023,FORD,F-750
7/24/2023,CF,CFABZJ,164961,1,MDHV,"SMYRNA-F, LLC",1FDWF7DE6PDF09175,6/21/2023,33,77606.26,2023,FORD,F-750
7/24/2023,CF,CFABZJ,164961,1,MDHV,"SMYRNA-F, LLC",1FDWW7DE1PDF09178,6/21/2023,33,80581.26,2023,FORD,F-750
7/24/2023,CF,CFABZJ,164961,1,MDHV,"SMYRNA-F, LLC",1FDWW7DE3PDF09179,6/21/2023,33,80581.26,2023,FORD,F-750
7/24/2023,CF,CFABZJ,164961,1,MDHV,"SMYRNA-F, LLC",1FDWW7DEXPDF09177,6/21/2023,33,80581.26,2023,FORD,F-750
7/24/2023,CF,CFABZJ,164961,1,MDHV,"SMYRNA-F, LLC",1FDWX7DE3PDF07879,6/21/2023,33,73338.26,2023,FORD,F-750
7/24/2023,CF,CFABZJ,164961,1,MDHV,"SMYRNA-F, LLC",1FDWX7DEXPDF07880,6/21/2023,33,73338.26,2023,FORD,F-750
7/24/2023,CF,CFABZJ,164961,1,MDHV,"SMYRNA-F, LLC",1FDXX7DX3PDF10481,6/21/2023,33,75699.26,2023,FORD,F-750
7/24/2023,CF,CFABZJ,164961,1,MDHV,"SMYRNA-F, LLC",1FDXX7DX5PDF10482,6/21/2023,33,75699.26,2023,FORD,F-750
7/24/2023,CF,CFABZJ,164961,1,MPG,"SMYRNA-F, LLC",1FMCU0H69NUB64482,6/21/2023,33,33884.84,2022,FORD,ESCAPE
7/24/2023,CF,CFABZJ,164961,1,MPG,"SMYRNA-F, LLC",1FMCU9J95NUB96841,6/21/2023,33,39013.84,2022,FORD,ESCAPE
7/24/2023,CF,CFABZJ,164961,1,MPG,"SMYRNA-F, LLC",3FMTK4SXXPMA16301,6/21/2023,33,71770,2023,FORD,MUSTANG MACH-E
7/24/2023,CF,CFABZJ,164961,1,NEW,"SMYRNA-F, LLC",1FA6P8R09N5554354,6/21/2023,33,56910.32,2022,FORD,MUSTANG
7/24/2023,CF,CFABZJ,164961,1,NEW,"SMYRNA-F, LLC",1FA6P8R09P5500085,6/21/2023,33,58746.32,2023,FORD,MUSTANG
7/24/2023,CF,CFABZJ,164961,1,NEW,"SMYRNA-F, LLC",1FBAX2C81PKA57324,6/21/2023,33,45792.12,2023,FORD,TRANSIT
7/24/2023,CF,CFABZJ,164961,1,NEW,"SMYRNA-F, LLC",1FBAX2C81PKA73541,6/21/2023,33,46736.92,2023,FORD,TRANSIT
7/24/2023,CF,CFABZJ,164961,1,NEW,"SMYRNA-F, LLC",1FBAX2Y8XPKA57590,6/21/2023,33,45027.12,2023,FORD,TRANSIT
7/24/2023,CF,CFABZJ,164961,1,NEW,"SMYRNA-F, LLC",1FBAX2Y80PKA02792,6/21/2023,33,45817.64,2023,FORD,TRANSIT
7/24/2023,CF,CFABZJ,164961,1,NEW,"SMYRNA-F, LLC",1FBAX2Y80PKA11847,6/21/2023,33,45476.64,2023,FORD,TRANSIT
7/24/2023,CF,CFABZJ,164961,1,NEW,"SMYRNA-F, LLC",1FBAX2Y84PKA56709,6/21/2023,33,45027.12,2023,FORD,TRANSIT
7/24/2023,CF,CFABZJ,164961,1,NEW,"SMYRNA-F, LLC",1FBAX2Y85PKA56699,6/21/2023,33,45027.12,2023,FORD,TRANSIT
7/24/2023,CF,CFABZJ,164961,1,NEW,"SMYRNA-F, LLC",1FBAX2Y85PKA87922,6/21/2023,33,43468.92,2023,FORD,TRANSIT
7/24/2023,CF,CFABZJ,164961,1,NEW,"SMYRNA-F, LLC",1FBAX2Y87PKA56669,6/28/2023,26,45025.92,2023,FORD,TRANSIT
7/24/2023,CF,CFABZJ,164961,1,NEW,"SMYRNA-F, LLC",1FBAX2YG2PKA11744,6/21/2023,33,46287.76,2023,FORD,TRANSIT
7/24/2023,CF,CFABZJ,164961,1,NEW,"SMYRNA-F, LLC",1FBAX2YG2PKA11839,6/21/2023,33,46287.76,2023,FORD,TRANSIT
7/24/2023,CF,CFABZJ,164961,1,NEW,"SMYRNA-F, LLC",1FBAX2YG3PKA11736,6/21/2023,33,46287.76,2023,FORD,TRANSIT
7/24/2023,CF,CFABZJ,164961,1,NEW,"SMYRNA-F, LLC",1FBAX2YG9PKA11742,6/21/2023,33,46284.08,2023,FORD,TRANSIT
7/24/2023,CF,CFABZJ,164961,1,NEW,"SMYRNA-F, LLC",1FBAX9C81PKA57994,6/21/2023,33,50515.92,2023,FORD,TRANSIT
7/24/2023,CF,CFABZJ,164961,1,NEW,"SMYRNA-F, LLC",1FBAX9C81PKA59809,6/21/2023,33,50515.92,2023,FORD,TRANSIT
7/24/2023,CF,CFABZJ,164961,1,NEW,"SMYRNA-F, LLC",1FBAX9C82PKA58572,6/21/2023,33,50515.92,2023,FORD,TRANSIT
7/24/2023,CF,CFABZJ,164961,1,NEW,"SMYRNA-F, LLC",1FBAX9C84PKA58685,6/21/2023,33,50515.92,2023,FORD,TRANSIT
7/24/2023,CF,CFABZJ,164961,1,NEW,"SMYRNA-F, LLC",1FBAX9C85PKA59179,6/21/2023,33,50515.92,2023,FORD,TRANSIT
7/24/2023,CF,CFABZJ,164961,1,NEW,"SMYRNA-F, LLC",1FBAX9C87PKA58695,6/21/2023,33,50515.92,2023,FORD,TRANSIT
7/24/2023,CF,CFABZJ,164961,1,NEW,"SMYRNA-F, LLC",1FBAX9C89PKA58617,6/21/2023,33,50515.92,2023,FORD,TRANSIT
7/24/2023,CF,CFABZJ,164961,1,NEW,"SMYRNA-F, LLC",1FBVU4X85PKA12032,6/21/2023,33,48440.64,2023,FORD,TRANSIT
7/24/2023,CF,CFABZJ,164961,1,NEW,"SMYRNA-F, LLC",1FC4E4KN0PDD22000,6/21/2023,33,34826.64,2023,FORD,E-450
7/24/2023,CF,CFABZJ,164961,1,NEW,"SMYRNA-F, LLC",1FC4E4KN1PDD09241,6/21/2023,33,33778.64,2023,FORD,E-450
7/24/2023,CF,CFABZJ,164961,1,NEW,"SMYRNA-F, LLC",1FC4E4KN3PDD09242,6/21/2023,33,34800.64,2023,FORD,E-450
7/24/2023,CF,CFABZJ,164961,1,NEW,"SMYRNA-F, LLC",1FC4E4KN8NDC28797,6/21/2023,33,32925.4,2022,FORD,E-450
7/24/2023,CF,CFABZJ,164961,1,NEW,"SMYRNA-F, LLC",1FD0W4GN1PEC44739,7/11/2023,13,49445.56,2023,FORD,F-450
7/24/2023,CF,CFABZJ,164961,1,NEW,"SMYRNA-F, LLC",1FD0W4HN6PEC62118,7/13/2023,11,52598.08,2023,FORD,F-450
7/24/2023,CF,CFABZJ,164961,1,NEW,"SMYRNA-F, LLC",1FD0W5GN7NEF31912,6/21/2023,33,41652.52,2022,FORD,F-550
7/24/2023,CF,CFABZJ,164961,1,NEW,"SMYRNA-F, LLC",1FD0W5GT1PEC10093,6/21/2023,33,60805.9,2023,FORD,F-550
7/24/2023,CF,CFABZJ,164961,1,NEW,"SMYRNA-F, LLC",1FD0W5GT2PEC44740,7/11/2023,13,59074.9,2023,FORD,F-550
7/24/2023,CF,CFABZJ,164961,1,NEW,"SMYRNA-F, LLC",1FD0W5GT3PEC10094,6/29/2023,25,60805.6,2023,FORD,F-550
7/24/2023,CF,CFABZJ,164961,1,NEW,"SMYRNA-F, LLC",1FD0W5GT5NED43937,6/21/2023,33,47646.8,2022,FORD,F-550
7/24/2023,CF,CFABZJ,164961,1,NEW,"SMYRNA-F, LLC",1FD0W5GT7NED43938,6/21/2023,33,47646.8,2022,FORD,F-550
7/24/2023,CF,CFABZJ,164961,1,NEW,"SMYRNA-F, LLC",1FD0W5GT7NEF29088,6/21/2023,33,52036.9,2022,FORD,F-550
7/24/2023,CF,CFABZJ,164961,1,NEW,"SMYRNA-F, LLC",1FD0W5GT7NEG15436,6/21/2023,33,55373.6,2022,FORD,F-550
7/24/2023,CF,CFABZJ,164961,1,NEW,"SMYRNA-F, LLC",1FD0W5GT7PEC10096,7/11/2023,13,60805.6,2023,FORD,F-550
7/24/2023,CF,CFABZJ,164961,1,NEW,"SMYRNA-F, LLC",1FD0W5HT0NEG15437,6/21/2023,33,54689.6,2022,FORD,F-550
7/24/2023,CF,CFABZJ,164961,1,NEW,"SMYRNA-F, LLC",1FD0W5HT4PEC70996,7/23/2023,1,64062.5,2023,FORD,F-550
7/24/2023,CF,CFABZJ,164961,1,NEW,"SMYRNA-F, LLC",1FD0W5HT6PEC44741,6/25/2023,29,64592.9,2023,FORD,F-550
7/24/2023,CF,CFABZJ,164961,1,NEW,"SMYRNA-F, LLC",1FD0W5HT8PEC44742,6/21/2023,33,63178.9,2023,FORD,F-550
7/24/2023,CF,CFABZJ,164961,1,NEW,"SMYRNA-F, LLC",1FD0W5HT8PEC71830,7/20/2023,4,63404.5,2023,FORD,F-550
7/24/2023,CF,CFABZJ,164961,1,NEW,"SMYRNA-F, LLC",1FD0X5GN2NEF31913,6/21/2023,33,40708.52,2022,FORD,F-550
7/24/2023,CF,CFABZJ,164961,1,NEW,"SMYRNA-F, LLC",1FD0X5GN3NEF87441,6/21/2023,33,49511.16,2022,FORD,F-550
7/24/2023,CF,CFABZJ,164961,1,NEW,"SMYRNA-F, LLC",1FD0X5GN4NEF31914,6/21/2023,33,40708.52,2022,FORD,F-550
7/24/2023,CF,CFABZJ,164961,1,NEW,"SMYRNA-F, LLC",1FD0X5GN5NEF87442,6/21/2023,33,48608.16,2022,FORD,F-550
7/24/2023,CF,CFABZJ,164961,1,NEW,"SMYRNA-F, LLC",1FD0X5GN6NEF31915,6/21/2023,33,40708.52,2022,FORD,F-550
7/24/2023,CF,CFABZJ,164961,1,NEW,"SMYRNA-F, LLC",1FD0X5HN0PEC45222,7/19/2023,5,52721.56,2023,FORD,F-550
7/24/2023,CF,CFABZJ,164961,1,NEW,"SMYRNA-F, LLC",1FD0X5HN3PEC44744,7/3/2023,21,52635.56,2023,FORD,F-550
7/24/2023,CF,CFABZJ,164961,1,NEW,"SMYRNA-F, LLC",1FD0X5HN4PEC45224,7/1/2023,23,52721.56,2023,FORD,F-550
7/24/2023,CF,CFABZJ,164961,1,NEW,"SMYRNA-F, LLC",1FD0X5HT2PEC71772,7/17/2023,7,62214.5,2023,FORD,F-550
7/24/2023,CF,CFABZJ,164961,1,NEW,"SMYRNA-F, LLC",1FD0X5HT3PEC44743,6/21/2023,33,61385.9,2023,FORD,F-550
7/24/2023,CF,CFABZJ,164961,1,NEW,"SMYRNA-F, LLC",1FD7W2A62NEF90123,6/21/2023,33,45752.16,2022,FORD,F-250
7/24/2023,CF,CFABZJ,164961,1,NEW,"SMYRNA-F, LLC",1FD7W2A63NEF42775,6/21/2023,33,45750.56,2022,FORD,F-250
7/24/2023,CF,CFABZJ,164961,1,NEW,"SMYRNA-F, LLC",1FD7W2B63NEE43291,6/21/2023,33,46861.36,2022,FORD,F-250
7/24/2023,CF,CFABZJ,164961,1,NEW,"SMYRNA-F, LLC",1FD7X2A61NEG36991,6/21/2023,33,44998.16,2022,FORD,F-250
7/24/2023,CF,CFABZJ,164961,1,NEW,"SMYRNA-F, LLC",1FD7X2A66NEF35266,6/27/2023,27,44094.08,2022,FORD,F-250
7/24/2023,CF,CFABZJ,164961,1,NEW,"SMYRNA-F, LLC",1FD8W3HT8NEF62526,6/21/2023,33,57249.9,2022,FORD,F-350
7/24/2023,CF,CFABZJ,164961,1,NEW,"SMYRNA-F, LLC",1FD8W3HT8PEC45087,7/3/2023,21,59780.9,2023,FORD,F-350
7/24/2023,CF,CFABZJ,164961,1,NEW,"SMYRNA-F, LLC",1FD8W3HTXNEF62527,6/21/2023,33,57249.9,2022,FORD,F-350
7/24/2023,CF,CFABZJ,164961,1,NEW,"SMYRNA-F, LLC",1FDAX2C82PKA26512,6/21/2023,33,45896.12,2023,FORD,TRANSIT
7/24/2023,CF,CFABZJ,164961,1,NEW,"SMYRNA-F, LLC",1FDBF2A60NEG36932,6/21/2023,33,42590.16,2022,FORD,F-250
7/24/2023,CF,CFABZJ,164961,1,NEW,"SMYRNA-F, LLC",1FDBF2B6XNEG27914,6/21/2023,33,45241.16,2022,FORD,F-250
7/24/2023,CF,CFABZJ,164961,1,NEW,"SMYRNA-F, LLC",1FDNF7AN1RDF00774,6/21/2023,33,64060.28,2024,FORD,F-750
7/24/2023,CF,CFABZJ,164961,1,NEW,"SMYRNA-F, LLC",1FDRF3GT4PEC53595,7/4/2023,20,57295.6,2023,FORD,F-350
7/24/2023,CF,CFABZJ,164961,1,NEW,"SMYRNA-F, LLC",1FDRF3GT9PEC44214,6/21/2023,33,53699.9,2023,FORD,F-350
7/24/2023,CF,CFABZJ,164961,1,NEW,"SMYRNA-F, LLC",1FDRF3HT0NED43936,6/21/2023,33,40962.6,2022,FORD,F-350
7/24/2023,CF,CFABZJ,164961,1,NEW,"SMYRNA-F, LLC",1FDRF3HT4NEF31908,6/21/2023,33,43172.9,2022,FORD,F-350
7/24/2023,CF,CFABZJ,164961,1,NEW,"SMYRNA-F, LLC",1FDRF3HT6NEF31909,6/21/2023,33,43172.9,2022,FORD,F-350
7/24/2023,CF,CFABZJ,164961,1,NEW,"SMYRNA-F, LLC",1FDRF3HT7NEE51972,7/20/2023,4,54558.9,2022,FORD,F-350
7/24/2023,CF,CFABZJ,164961,1,NEW,"SMYRNA-F, LLC",1FDRF3HT8PEC64954,7/4/2023,20,57141.9,2023,FORD,F-350
7/24/2023,CF,CFABZJ,164961,1,NEW,"SMYRNA-F, LLC",1FDRU8PG3PKA19536,6/26/2023,28,51893.04,2023,FORD,TRANSIT
7/24/2023,CF,CFABZJ,164961,1,NEW,"SMYRNA-F, LLC",1FDRU8PG3PKA27541,6/26/2023,28,51382.04,2023,FORD,TRANSIT
7/24/2023,CF,CFABZJ,164961,1,NEW,"SMYRNA-F, LLC",1FDRU8PGXPKA20652,6/26/2023,28,51893.04,2023,FORD,TRANSIT
7/24/2023,CF,CFABZJ,164961,1,NEW,"SMYRNA-F, LLC",1FDUF4HT2NDA22387,6/21/2023,33,45742.9,2022,FORD,F-450
7/24/2023,CF,CFABZJ,164961,1,NEW,"SMYRNA-F, LLC",1FDUF5HT5NDA12815,6/21/2023,33,54605.9,2022,FORD,F-550
7/24/2023,CF,CFABZJ,164961,1,NEW,"SMYRNA-F, LLC",1FDUF5HT5NEF31910,6/21/2023,33,47380.9,2022,FORD,F-550
7/24/2023,CF,CFABZJ,164961,1,NEW,"SMYRNA-F, LLC",1FDUF5HT7PDA01611,6/25/2023,29,61140.9,2023,FORD,F-550
7/24/2023,CF,CFABZJ,164961,1,NEW,"SMYRNA-F, LLC",1FDVU4X81NKA34632,6/21/2023,33,38469,2022,FORD,TRANSIT
7/24/2023,CF,CFABZJ,164961,1,NEW,"SMYRNA-F, LLC",1FDVU4XG0PKA74209,7/20/2023,4,44569.28,2023,FORD,TRANSIT
7/24/2023,CF,CFABZJ,164961,1,NEW,"SMYRNA-F, LLC",1FDVU4XG2PKA61607,6/29/2023,25,44569.28,2023,FORD,TRANSIT
7/24/2023,CF,CFABZJ,164961,1,NEW,"SMYRNA-F, LLC",1FDVU4XG3PKA74348,7/22/2023,2,44569.28,2023,FORD,TRANSIT
7/24/2023,CF,CFABZJ,164961,1,NEW,"SMYRNA-F, LLC",1FDVU4XG4PKA74293,7/23/2023,1,44569.28,2023,FORD,TRANSIT
7/24/2023,CF,CFABZJ,164961,1,NEW,"SMYRNA-F, LLC",1FDVU4XG4PKA74326,7/23/2023,1,44569.28,2023,FORD,TRANSIT
7/24/2023,CF,CFABZJ,164961,1,NEW,"SMYRNA-F, LLC",1FDVU4XG5PKA61648,6/26/2023,28,44569.28,2023,FORD,TRANSIT
7/24/2023,CF,CFABZJ,164961,1,NEW,"SMYRNA-F, LLC",1FDVU4XG5PKA74240,7/19/2023,5,44569.28,2023,FORD,TRANSIT
7/24/2023,CF,CFABZJ,164961,1,NEW,"SMYRNA-F, LLC",1FDVU4XG6PKA74330,7/20/2023,4,44569.28,2023,FORD,TRANSIT
7/24/2023,CF,CFABZJ,164961,1,NEW,"SMYRNA-F, LLC",1FDVU4XG7PKA74319,7/20/2023,4,44569.28,2023,FORD,TRANSIT
7/24/2023,CF,CFABZJ,164961,1,NEW,"SMYRNA-F, LLC",1FDVU4XG8PKA00438,6/21/2023,33,49178.76,2023,FORD,TRANSIT
7/24/2023,CF,CFABZJ,164961,1,NEW,"SMYRNA-F, LLC",1FDVU4XG8PKA61661,6/29/2023,25,44569.28,2023,FORD,TRANSIT
7/24/2023,CF,CFABZJ,164961,1,NEW,"SMYRNA-F, LLC",1FDVU4XG9PKA62219,6/24/2023,30,44569.28,2023,FORD,TRANSIT
7/24/2023,CF,CFABZJ,164961,1,NEW,"SMYRNA-F, LLC",1FDVU4XG9PKA74242,7/19/2023,5,44569.28,2023,FORD,TRANSIT
7/24/2023,CF,CFABZJ,164961,1,NEW,"SMYRNA-F, LLC",1FDVU4XGXPKA61628,6/24/2023,30,44569.28,2023,FORD,TRANSIT
7/24/2023,CF,CFABZJ,164961,1,NEW,"SMYRNA-F, LLC",1FDVU4XGXPKA74234,7/19/2023,5,44569.28,2023,FORD,TRANSIT
7/24/2023,CF,CFABZJ,164961,1,NEW,"SMYRNA-F, LLC",1FDWE3FK0NDC35600,6/21/2023,33,25975.2,2022,FORD,E-350
7/24/2023,CF,CFABZJ,164961,1,NEW,"SMYRNA-F, LLC",1FDWE3FK4PDD09944,6/21/2023,33,33914.64,2023,FORD,E-350
7/24/2023,CF,CFABZJ,164961,1,NEW,"SMYRNA-F, LLC",1FDWE3FK6PDD09945,6/21/2023,33,33914.64,2023,FORD,E-350
7/24/2023,CF,CFABZJ,164961,1,NEW,"SMYRNA-F, LLC",1FDWE3FN5PDD23006,6/21/2023,33,32822.64,2023,FORD,E-350
7/24/2023,CF,CFABZJ,164961,1,NEW,"SMYRNA-F, LLC",1FDWE3FN8RDD11516,6/27/2023,27,39100.06,2024,FORD,E-350
7/24/2023,CF,CFABZJ,164961,1,NEW,"SMYRNA-F, LLC",1FDXE4FN1PDD22994,6/21/2023,33,35868.64,2023,FORD,E-450
7/24/2023,CF,CFABZJ,164961,1,NEW,"SMYRNA-F, LLC",1FDXE4FN1PDD23014,6/21/2023,33,35125.64,2023,FORD,E-450
7/24/2023,CF,CFABZJ,164961,1,NEW,"SMYRNA-F, LLC",1FDXE4FN1PDD23286,6/21/2023,33,39604.12,2023,FORD,E-450
7/24/2023,CF,CFABZJ,164961,1,NEW,"SMYRNA-F, LLC",1FDXE4FN3PDD21975,6/21/2023,33,39209.64,2023,FORD,E-450
7/24/2023,CF,CFABZJ,164961,1,NEW,"SMYRNA-F, LLC",1FDXE4FN3PDD23015,6/21/2023,33,35125.64,2023,FORD,E-450
7/24/2023,CF,CFABZJ,164961,1,NEW,"SMYRNA-F, LLC",1FDXE4FN4PDD23010,6/21/2023,33,35773.64,2023,FORD,E-450
7/24/2023,CF,CFABZJ,164961,1,NEW,"SMYRNA-F, LLC",1FDXE4FN5PDD23016,6/21/2023,33,35125.64,2023,FORD,E-450
7/24/2023,CF,CFABZJ,164961,1,NEW,"SMYRNA-F, LLC",1FDXE4FN5PDD26823,6/21/2023,33,39604.12,2023,FORD,E-450
7/24/2023,CF,CFABZJ,164961,1,NEW,"SMYRNA-F, LLC",1FDXE4FN6PDD22991,6/21/2023,33,35868.64,2023,FORD,E-450
7/24/2023,CF,CFABZJ,164961,1,NEW,"SMYRNA-F, LLC",1FDXE4FN6PDD23008,6/21/2023,33,35773.64,2023,FORD,E-450
7/24/2023,CF,CFABZJ,164961,1,NEW,"SMYRNA-F, LLC",1FDXE4FN8PDD21728,6/21/2023,33,39604.12,2023,FORD,E-450
7/24/2023,CF,CFABZJ,164961,1,NEW,"SMYRNA-F, LLC",1FDXE4FN8PDD22992,6/21/2023,33,35868.64,2023,FORD,E-450
7/24/2023,CF,CFABZJ,164961,1,NEW,"SMYRNA-F, LLC",1FDXE4FN8PDD23012,6/21/2023,33,35773.64,2023,FORD,E-450
7/24/2023,CF,CFABZJ,164961,1,NEW,"SMYRNA-F, LLC",1FDXE4FNXPDD22993,6/21/2023,33,35868.64,2023,FORD,E-450
7/24/2023,CF,CFABZJ,164961,1,NEW,"SMYRNA-F, LLC",1FDXE4FNXPDD23013,6/21/2023,33,35125.64,2023,FORD,E-450
7/24/2023,CF,CFABZJ,164961,1,NEW,"SMYRNA-F, LLC",1FM5K8AB0NGC43560,6/21/2023,33,35787.04,2022,FORD,EXPLORER
7/24/2023,CF,CFABZJ,164961,1,NEW,"SMYRNA-F, LLC",1FM5K8AB0PGA03492,6/21/2023,33,41818.64,2023,FORD,EXPLORER
7/24/2023,CF,CFABZJ,164961,1,NEW,"SMYRNA-F, LLC",1FM5K8AB0PGA04206,6/21/2023,33,40913.04,2023,FORD,EXPLORER
7/24/2023,CF,CFABZJ,164961,1,NEW,"SMYRNA-F, LLC",1FM5K8AB0PGA04240,6/21/2023,33,40913.04,2023,FORD,EXPLORER
7/24/2023,CF,CFABZJ,164961,1,NEW,"SMYRNA-F, LLC",1FM5K8AB0PGA19434,6/21/2023,33,42533.04,2023,FORD,EXPLORER
7/24/2023,CF,CFABZJ,164961,1,NEW,"SMYRNA-F, LLC",1FM5K8AB0PGA33253,6/21/2023,33,42465.64,2023,FORD,EXPLORER
7/24/2023,CF,CFABZJ,164961,1,NEW,"SMYRNA-F, LLC",1FM5K8AB0PGA33303,6/21/2023,33,43714.64,2023,FORD,EXPLORER
7/24/2023,CF,CFABZJ,164961,1,NEW,"SMYRNA-F, LLC",1FM5K8AB0PGA33317,6/21/2023,33,42617.04,2023,FORD,EXPLORER
7/24/2023,CF,CFABZJ,164961,1,NEW,"SMYRNA-F, LLC",1FM5K8AB0PGA33334,6/21/2023,33,42465.64,2023,FORD,EXPLORER
7/24/2023,CF,CFABZJ,164961,1,NEW,"SMYRNA-F, LLC",1FM5K8AB0PGA34029,6/21/2023,33,41640.04,2023,FORD,EXPLORER
7/24/2023,CF,CFABZJ,164961,1,NEW,"SMYRNA-F, LLC",1FM5K8AB0PGA34094,6/21/2023,33,42465.64,2023,FORD,EXPLORER
7/24/2023,CF,CFABZJ,164961,1,NEW,"SMYRNA-F, LLC",1FM5K8AB0PGA34483,6/21/2023,33,43728.64,2023,FORD,EXPLORER
7/24/2023,CF,CFABZJ,164961,1,NEW,"SMYRNA-F, LLC",1FM5K8AB0PGA34516,6/21/2023,33,43728.64,2023,FORD,EXPLORER
7/24/2023,CF,CFABZJ,164961,1,NEW,"SMYRNA-F, LLC",1FM5K8AB0PGA35083,6/21/2023,33,43728.64,2023,FORD,EXPLORER
7/24/2023,CF,CFABZJ,164961,1,NEW,"SMYRNA-F, LLC",1FM5K8AB0PGA35181,6/21/2023,33,43728.64,2023,FORD,EXPLORER
7/24/2023,CF,CFABZJ,164961,1,NEW,"SMYRNA-F, LLC",1FM5K8AB0PGA35200,6/21/2023,33,43728.64,2023,FORD,EXPLORER
7/24/2023,CF,CFABZJ,164961,1,NEW,"SMYRNA-F, LLC",1FM5K8AB0PGA35309,6/21/2023,33,43728.64,2023,FORD,EXPLORER
7/24/2023,CF,CFABZJ,164961,1,NEW,"SMYRNA-F, LLC",1FM5K8AB0PGA35455,6/21/2023,33,43728.64,2023,FORD,EXPLORER
7/24/2023,CF,CFABZJ,164961,1,NEW,"SMYRNA-F, LLC",1FM5K8AB0PGA35505,6/21/2023,33,42465.64,2023,FORD,EXPLORER
7/24/2023,CF,CFABZJ,164961,1,NEW,"SMYRNA-F, LLC",1FM5K8AB0PGA35620,6/21/2023,33,43728.64,2023,FORD,EXPLORER
7/24/2023,CF,CFABZJ,164961,1,NEW,"SMYRNA-F, LLC",1FM5K8AB0PGA35651,6/21/2023,33,42466.04,2023,FORD,EXPLORER
7/24/2023,CF,CFABZJ,164961,1,NEW,"SMYRNA-F, LLC",1FM5K8AB0PGA35696,6/21/2023,33,43728.64,2023,FORD,EXPLORER
7/24/2023,CF,CFABZJ,164961,1,NEW,"SMYRNA-F, LLC",1FM5K8AB0PGA35889,6/21/2023,33,42532.64,2023,FORD,EXPLORER
7/24/2023,CF,CFABZJ,164961,1,NEW,"SMYRNA-F, LLC",1FM5K8AB0PGA36668,6/21/2023,33,42532.64,2023,FORD,EXPLORER
7/24/2023,CF,CFABZJ,164961,1,NEW,"SMYRNA-F, LLC",1FM5K8AB1NGC42756,6/21/2023,33,32732.04,2022,FORD,EXPLORER
7/24/2023,CF,CFABZJ,164961,1,NEW,"SMYRNA-F, LLC",1FM5K8AB1PGA03680,6/21/2023,33,41818.64,2023,FORD,EXPLORER
7/24/2023,CF,CFABZJ,164961,1,NEW,"SMYRNA-F, LLC",1FM5K8AB1PGA18759,6/21/2023,33,44631.04,2023,FORD,EXPLORER
7/24/2023,CF,CFABZJ,164961,1,NEW,"SMYRNA-F, LLC",1FM5K8AB1PGA19300,6/21/2023,33,42533.04,2023,FORD,EXPLORER
7/24/2023,CF,CFABZJ,164961,1,NEW,"SMYRNA-F, LLC",1FM5K8AB1PGA33245,6/21/2023,33,41640.04,2023,FORD,EXPLORER
7/24/2023,CF,CFABZJ,164961,1,NEW,"SMYRNA-F, LLC",1FM5K8AB1PGA33312,6/21/2023,33,42465.64,2023,FORD,EXPLORER
7/24/2023,CF,CFABZJ,164961,1,NEW,"SMYRNA-F, LLC",1FM5K8AB1PGA33357,6/21/2023,33,42465.64,2023,FORD,EXPLORER
7/24/2023,CF,CFABZJ,164961,1,NEW,"SMYRNA-F, LLC",1FM5K8AB1PGA33388,6/21/2023,33,42465.64,2023,FORD,EXPLORER
7/24/2023,CF,CFABZJ,164961,1,NEW,"SMYRNA-F, LLC",1FM5K8AB1PGA33875,6/21/2023,33,42465.64,2023,FORD,EXPLORER
7/24/2023,CF,CFABZJ,164961,1,NEW,"SMYRNA-F, LLC",1FM5K8AB1PGA33892,6/21/2023,33,42465.64,2023,FORD,EXPLORER
7/24/2023,CF,CFABZJ,164961,1,NEW,"SMYRNA-F, LLC",1FM5K8AB1PGA33908,6/21/2023,33,42465.64,2023,FORD,EXPLORER
7/24/2023,CF,CFABZJ,164961,1,NEW,"SMYRNA-F, LLC",1FM5K8AB1PGA34055,6/21/2023,33,42466.04,2023,FORD,EXPLORER
7/24/2023,CF,CFABZJ,164961,1,NEW,"SMYRNA-F, LLC",1FM5K8AB1PGA34153,6/21/2023,33,42465.64,2023,FORD,EXPLORER
7/24/2023,CF,CFABZJ,164961,1,NEW,"SMYRNA-F, LLC",1FM5K8AB1PGA35139,6/21/2023,33,43728.64,2023,FORD,EXPLORER
7/24/2023,CF,CFABZJ,164961,1,NEW,"SMYRNA-F, LLC",1FM5K8AB1PGA35156,6/21/2023,33,43728.64,2023,FORD,EXPLORER
7/24/2023,CF,CFABZJ,164961,1,NEW,"SMYRNA-F, LLC",1FM5K8AB1PGA35433,6/21/2023,33,42465.64,2023,FORD,EXPLORER
7/24/2023,CF,CFABZJ,164961,1,NEW,"SMYRNA-F, LLC",1FM5K8AB1PGA35447,6/21/2023,33,43728.64,2023,FORD,EXPLORER
7/24/2023,CF,CFABZJ,164961,1,NEW,"SMYRNA-F, LLC",1FM5K8AB1PGA35478,6/21/2023,33,42465.64,2023,FORD,EXPLORER
7/24/2023,CF,CFABZJ,164961,1,NEW,"SMYRNA-F, LLC",1FM5K8AB1PGA35514,6/21/2023,33,43728.64,2023,FORD,EXPLORER
7/24/2023,CF,CFABZJ,164961,1,NEW,"SMYRNA-F, LLC",1FM5K8AB1PGA35545,6/21/2023,33,43728.64,2023,FORD,EXPLORER
7/24/2023,CF,CFABZJ,164961,1,NEW,"SMYRNA-F, LLC",1FM5K8AB1PGA35660,6/21/2023,33,42465.64,2023,FORD,EXPLORER
7/24/2023,CF,CFABZJ,164961,1,NEW,"SMYRNA-F, LLC",1FM5K8AB1PGA35707,6/21/2023,33,44036.64,2023,FORD,EXPLORER
7/24/2023,CF,CFABZJ,164961,1,NEW,"SMYRNA-F, LLC",1FM5K8AB1PGA35724,6/21/2023,33,42466.04,2023,FORD,EXPLORER
7/24/2023,CF,CFABZJ,164961,1,NEW,"SMYRNA-F, LLC",1FM5K8AB1PGA35819,6/21/2023,33,42465.64,2023,FORD,EXPLORER
7/24/2023,CF,CFABZJ,164961,1,NEW,"SMYRNA-F, LLC",1FM5K8AB1PGA36243,6/21/2023,33,44036.64,2023,FORD,EXPLORER
7/24/2023,CF,CFABZJ,164961,1,NEW,"SMYRNA-F, LLC",1FM5K8AB1PGA36551,6/21/2023,33,44036.64,2023,FORD,EXPLORER
7/24/2023,CF,CFABZJ,164961,1,NEW,"SMYRNA-F, LLC",1FM5K8AB1PGA36677,6/21/2023,33,42532.64,2023,FORD,EXPLORER
7/24/2023,CF,CFABZJ,164961,1,NEW,"SMYRNA-F, LLC",1FM5K8AB1PGA36727,6/21/2023,33,44036.64,2023,FORD,EXPLORER
7/24/2023,CF,CFABZJ,164961,1,NEW,"SMYRNA-F, LLC",1FM5K8AB2NGB60146,6/21/2023,33,33784.34,2022,FORD,EXPLORER
7/24/2023,CF,CFABZJ,164961,1,NEW,"SMYRNA-F, LLC",1FM5K8AB2NGC23682,6/21/2023,33,33577.04,2022,FORD,EXPLORER
7/24/2023,CF,CFABZJ,164961,1,NEW,"SMYRNA-F, LLC",1FM5K8AB2PGA03848,6/21/2023,33,41850.04,2023,FORD,EXPLORER
7/24/2023,CF,CFABZJ,164961,1,NEW,"SMYRNA-F, LLC",1FM5K8AB2PGA04045,6/21/2023,33,41801.04,2023,FORD,EXPLORER
7/24/2023,CF,CFABZJ,164961,1,NEW,"SMYRNA-F, LLC",1FM5K8AB2PGA04322,6/21/2023,33,41850.04,2023,FORD,EXPLORER
7/24/2023,CF,CFABZJ,164961,1,NEW,"SMYRNA-F, LLC",1FM5K8AB2PGA06264,6/21/2023,33,41818.64,2023,FORD,EXPLORER
7/24/2023,CF,CFABZJ,164961,1,NEW,"SMYRNA-F, LLC",1FM5K8AB2PGA33156,6/21/2023,33,42465.64,2023,FORD,EXPLORER
7/24/2023,CF,CFABZJ,164961,1,NEW,"SMYRNA-F, LLC",1FM5K8AB2PGA33187,6/21/2023,33,42465.64,2023,FORD,EXPLORER
7/24/2023,CF,CFABZJ,164961,1,NEW,"SMYRNA-F, LLC",1FM5K8AB2PGA33206,6/21/2023,33,42465.64,2023,FORD,EXPLORER
7/24/2023,CF,CFABZJ,164961,1,NEW,"SMYRNA-F, LLC",1FM5K8AB2PGA33237,6/21/2023,33,41639.64,2023,FORD,EXPLORER
7/24/2023,CF,CFABZJ,164961,1,NEW,"SMYRNA-F, LLC",1FM5K8AB2PGA33254,6/21/2023,33,42617.04,2023,FORD,EXPLORER
7/24/2023,CF,CFABZJ,164961,1,NEW,"SMYRNA-F, LLC",1FM5K8AB2PGA33447,6/21/2023,33,42465.64,2023,FORD,EXPLORER
7/24/2023,CF,CFABZJ,164961,1,NEW,"SMYRNA-F, LLC",1FM5K8AB2PGA33657,6/21/2023,33,42617.04,2023,FORD,EXPLORER
7/24/2023,CF,CFABZJ,164961,1,NEW,"SMYRNA-F, LLC",1FM5K8AB2PGA33903,6/21/2023,33,42465.64,2023,FORD,EXPLORER
7/24/2023,CF,CFABZJ,164961,1,NEW,"SMYRNA-F, LLC",1FM5K8AB2PGA33951,6/21/2023,33,42617.04,2023,FORD,EXPLORER
7/24/2023,CF,CFABZJ,164961,1,NEW,"SMYRNA-F, LLC",1FM5K8AB2PGA34114,6/21/2023,33,42617.04,2023,FORD,EXPLORER
7/24/2023,CF,CFABZJ,164961,1,NEW,"SMYRNA-F, LLC",1FM5K8AB2PGA34498,6/21/2023,33,42466.04,2023,FORD,EXPLORER
7/24/2023,CF,CFABZJ,164961,1,NEW,"SMYRNA-F, LLC",1FM5K8AB2PGA34551,6/21/2023,33,43728.64,2023,FORD,EXPLORER
7/24/2023,CF,CFABZJ,164961,1,NEW,"SMYRNA-F, LLC",1FM5K8AB2PGA34565,6/21/2023,33,43728.64,2023,FORD,EXPLORER
7/24/2023,CF,CFABZJ,164961,1,NEW,"SMYRNA-F, LLC",1FM5K8AB2PGA34579,6/21/2023,33,42466.04,2023,FORD,EXPLORER
7/24/2023,CF,CFABZJ,164961,1,NEW,"SMYRNA-F, LLC",1FM5K8AB2PGA35036,6/21/2023,33,43728.64,2023,FORD,EXPLORER
7/24/2023,CF,CFABZJ,164961,1,NEW,"SMYRNA-F, LLC",1FM5K8AB2PGA35134,6/21/2023,33,42465.64,2023,FORD,EXPLORER
7/24/2023,CF,CFABZJ,164961,1,NEW,"SMYRNA-F, LLC",1FM5K8AB2PGA35148,6/21/2023,33,43728.64,2023,FORD,EXPLORER
7/24/2023,CF,CFABZJ,164961,1,NEW,"SMYRNA-F, LLC",1FM5K8AB2PGA35215,6/28/2023,26,44567.64,2023,FORD,EXPLORER
7/24/2023,CF,CFABZJ,164961,1,NEW,"SMYRNA-F, LLC",1FM5K8AB2PGA35229,6/21/2023,33,43728.64,2023,FORD,EXPLORER
7/24/2023,CF,CFABZJ,164961,1,NEW,"SMYRNA-F, LLC",1FM5K8AB2PGA35294,6/21/2023,33,43728.64,2023,FORD,EXPLORER
7/24/2023,CF,CFABZJ,164961,1,NEW,"SMYRNA-F, LLC",1FM5K8AB2PGA35439,6/21/2023,33,43728.64,2023,FORD,EXPLORER
7/24/2023,CF,CFABZJ,164961,1,NEW,"SMYRNA-F, LLC",1FM5K8AB2PGA35442,6/21/2023,33,43728.64,2023,FORD,EXPLORER
7/24/2023,CF,CFABZJ,164961,1,NEW,"SMYRNA-F, LLC",1FM5K8AB2PGA35487,6/21/2023,33,42465.64,2023,FORD,EXPLORER
7/24/2023,CF,CFABZJ,164961,1,NEW,"SMYRNA-F, LLC",1FM5K8AB2PGA35506,6/21/2023,33,43728.64,2023,FORD,EXPLORER
7/24/2023,CF,CFABZJ,164961,1,NEW,"SMYRNA-F, LLC",1FM5K8AB2PGA35540,6/21/2023,33,42466.04,2023,FORD,EXPLORER
7/24/2023,CF,CFABZJ,164961,1,NEW,"SMYRNA-F, LLC",1FM5K8AB2PGA35604,6/21/2023,33,43728.64,2023,FORD,EXPLORER
7/24/2023,CF,CFABZJ,164961,1,NEW,"SMYRNA-F, LLC",1FM5K8AB2PGA35814,6/21/2023,33,42465.64,2023,FORD,EXPLORER
7/24/2023,CF,CFABZJ,164961,1,NEW,"SMYRNA-F, LLC",1FM5K8AB2PGA35828,6/21/2023,33,43728.64,2023,FORD,EXPLORER
7/24/2023,CF,CFABZJ,164961,1,NEW,"SMYRNA-F, LLC",1FM5K8AB2PGA35859,6/21/2023,33,42466.04,2023,FORD,EXPLORER
7/24/2023,CF,CFABZJ,164961,1,NEW,"SMYRNA-F, LLC",1FM5K8AB2PGA36526,6/21/2023,33,44037.04,2023,FORD,EXPLORER
7/24/2023,CF,CFABZJ,164961,1,NEW,"SMYRNA-F, LLC",1FM5K8AB2PGA36574,6/21/2023,33,44036.64,2023,FORD,EXPLORER
7/24/2023,CF,CFABZJ,164961,1,NEW,"SMYRNA-F, LLC",1FM5K8AB2PGA36719,6/21/2023,33,44036.64,2023,FORD,EXPLORER
7/24/2023,CF,CFABZJ,164961,1,NEW,"SMYRNA-F, LLC",1FM5K8AB2PGA36753,6/21/2023,33,44037.04,2023,FORD,EXPLORER
7/24/2023,CF,CFABZJ,164961,1,NEW,"SMYRNA-F, LLC",1FM5K8AB2PGA36820,6/21/2023,33,44036.64,2023,FORD,EXPLORER
7/24/2023,CF,CFABZJ,164961,1,NEW,"SMYRNA-F, LLC",1FM5K8AB2PGA36834,6/21/2023,33,44036.64,2023,FORD,EXPLORER
7/24/2023,CF,CFABZJ,164961,1,NEW,"SMYRNA-F, LLC",1FM5K8AB2PGA36851,6/21/2023,33,44037.04,2023,FORD,EXPLORER
7/24/2023,CF,CFABZJ,164961,1,NEW,"SMYRNA-F, LLC",1FM5K8AB2PGA36879,6/21/2023,33,44037.04,2023,FORD,EXPLORER
7/24/2023,CF,CFABZJ,164961,1,NEW,"SMYRNA-F, LLC",1FM5K8AB3NGB78722,6/21/2023,33,33172.88,2022,FORD,EXPLORER
7/24/2023,CF,CFABZJ,164961,1,NEW,"SMYRNA-F, LLC",1FM5K8AB3NGB79191,6/21/2023,33,33172.88,2022,FORD,EXPLORER
7/24/2023,CF,CFABZJ,164961,1,NEW,"SMYRNA-F, LLC",1FM5K8AB3NGC23416,6/21/2023,33,34514.04,2022,FORD,EXPLORER
7/24/2023,CF,CFABZJ,164961,1,NEW,"SMYRNA-F, LLC",1FM5K8AB3NGC43665,6/21/2023,33,36420.04,2022,FORD,EXPLORER
7/24/2023,CF,CFABZJ,164961,1,NEW,"SMYRNA-F, LLC",1FM5K8AB3PGA05835,6/21/2023,33,40913.04,2023,FORD,EXPLORER
7/24/2023,CF,CFABZJ,164961,1,NEW,"SMYRNA-F, LLC",1FM5K8AB3PGA33148,6/21/2023,33,42617.04,2023,FORD,EXPLORER
7/24/2023,CF,CFABZJ,164961,1,NEW,"SMYRNA-F, LLC",1FM5K8AB3PGA33408,6/21/2023,33,42465.64,2023,FORD,EXPLORER
7/24/2023,CF,CFABZJ,164961,1,NEW,"SMYRNA-F, LLC",1FM5K8AB3PGA33778,6/21/2023,33,42466.04,2023,FORD,EXPLORER
7/24/2023,CF,CFABZJ,164961,1,NEW,"SMYRNA-F, LLC",1FM5K8AB3PGA33974,6/21/2023,33,42465.64,2023,FORD,EXPLORER
7/24/2023,CF,CFABZJ,164961,1,NEW,"SMYRNA-F, LLC",1FM5K8AB3PGA34025,6/21/2023,33,42465.64,2023,FORD,EXPLORER
7/24/2023,CF,CFABZJ,164961,1,NEW,"SMYRNA-F, LLC",1FM5K8AB3PGA34509,6/21/2023,33,43728.64,2023,FORD,EXPLORER
7/24/2023,CF,CFABZJ,164961,1,NEW,"SMYRNA-F, LLC",1FM5K8AB3PGA34557,6/21/2023,33,43728.64,2023,FORD,EXPLORER
7/24/2023,CF,CFABZJ,164961,1,NEW,"SMYRNA-F, LLC",1FM5K8AB3PGA34784,6/21/2023,33,44103.64,2023,FORD,EXPLORER
7/24/2023,CF,CFABZJ,164961,1,NEW,"SMYRNA-F, LLC",1FM5K8AB3PGA34896,6/21/2023,33,44104.04,2023,FORD,EXPLORER
7/24/2023,CF,CFABZJ,164961,1,NEW,"SMYRNA-F, LLC",1FM5K8AB3PGA35028,6/21/2023,33,43728.64,2023,FORD,EXPLORER
7/24/2023,CF,CFABZJ,164961,1,NEW,"SMYRNA-F, LLC",1FM5K8AB3PGA35031,6/21/2023,33,43728.64,2023,FORD,EXPLORER
7/24/2023,CF,CFABZJ,164961,1,NEW,"SMYRNA-F, LLC",1FM5K8AB3PGA35045,6/21/2023,33,42466.04,2023,FORD,EXPLORER
7/24/2023,CF,CFABZJ,164961,1,NEW,"SMYRNA-F, LLC",1FM5K8AB3PGA35286,6/21/2023,33,43728.64,2023,FORD,EXPLORER
7/24/2023,CF,CFABZJ,164961,1,NEW,"SMYRNA-F, LLC",1FM5K8AB3PGA35448,6/21/2023,33,43728.64,2023,FORD,EXPLORER
7/24/2023,CF,CFABZJ,164961,1,NEW,"SMYRNA-F, LLC",1FM5K8AB3PGA35532,6/21/2023,33,42465.64,2023,FORD,EXPLORER
7/24/2023,CF,CFABZJ,164961,1,NEW,"SMYRNA-F, LLC",1FM5K8AB3PGA35675,7/10/2023,14,44567.64,2023,FORD,EXPLORER
7/24/2023,CF,CFABZJ,164961,1,NEW,"SMYRNA-F, LLC",1FM5K8AB3PGA35692,7/10/2023,14,44567.64,2023,FORD,EXPLORER
7/24/2023,CF,CFABZJ,164961,1,NEW,"SMYRNA-F, LLC",1FM5K8AB3PGA35854,6/21/2023,33,44036.64,2023,FORD,EXPLORER
7/24/2023,CF,CFABZJ,164961,1,NEW,"SMYRNA-F, LLC",1FM5K8AB3PGA36499,6/21/2023,33,44037.04,2023,FORD,EXPLORER
7/24/2023,CF,CFABZJ,164961,1,NEW,"SMYRNA-F, LLC",1FM5K8AB3PGA36597,6/21/2023,33,44036.64,2023,FORD,EXPLORER
7/24/2023,CF,CFABZJ,164961,1,NEW,"SMYRNA-F, LLC",1FM5K8AB3PGA36731,6/21/2023,33,44036.64,2023,FORD,EXPLORER
7/24/2023,CF,CFABZJ,164961,1,NEW,"SMYRNA-F, LLC",1FM5K8AB3PGA36860,6/21/2023,33,44037.04,2023,FORD,EXPLORER
7/24/2023,CF,CFABZJ,164961,1,NEW,"SMYRNA-F, LLC",1FM5K8AB4NGB59161,6/21/2023,33,34399.88,2022,FORD,EXPLORER
7/24/2023,CF,CFABZJ,164961,1,NEW,"SMYRNA-F, LLC",1FM5K8AB4NGB60178,6/21/2023,33,33815.34,2022,FORD,EXPLORER
7/24/2023,CF,CFABZJ,164961,1,NEW,"SMYRNA-F, LLC",1FM5K8AB4NGB74999,6/21/2023,33,33190.88,2022,FORD,EXPLORER
7/24/2023,CF,CFABZJ,164961,1,NEW,"SMYRNA-F, LLC",1FM5K8AB4NGB79006,6/21/2023,33,33172.88,2022,FORD,EXPLORER
7/24/2023,CF,CFABZJ,164961,1,NEW,"SMYRNA-F, LLC",1FM5K8AB4NGC36188,6/21/2023,33,33570.04,2022,FORD,EXPLORER
7/24/2023,CF,CFABZJ,164961,1,NEW,"SMYRNA-F, LLC",1FM5K8AB4NGC36448,6/21/2023,33,35591.04,2022,FORD,EXPLORER
7/24/2023,CF,CFABZJ,164961,1,NEW,"SMYRNA-F, LLC",1FM5K8AB4PGA20893,6/21/2023,33,42533.04,2023,FORD,EXPLORER
7/24/2023,CF,CFABZJ,164961,1,NEW,"SMYRNA-F, LLC",1FM5K8AB4PGA33336,6/21/2023,33,42465.64,2023,FORD,EXPLORER
7/24/2023,CF,CFABZJ,164961,1,NEW,"SMYRNA-F, LLC",1FM5K8AB4PGA33367,6/21/2023,33,42465.64,2023,FORD,EXPLORER
7/24/2023,CF,CFABZJ,164961,1,NEW,"SMYRNA-F, LLC",1FM5K8AB4PGA33384,6/21/2023,33,42617.04,2023,FORD,EXPLORER
7/24/2023,CF,CFABZJ,164961,1,NEW,"SMYRNA-F, LLC",1FM5K8AB4PGA33837,6/21/2023,33,42617.04,2023,FORD,EXPLORER
7/24/2023,CF,CFABZJ,164961,1,NEW,"SMYRNA-F, LLC",1FM5K8AB4PGA33918,6/21/2023,33,42617.04,2023,FORD,EXPLORER
7/24/2023,CF,CFABZJ,164961,1,NEW,"SMYRNA-F, LLC",1FM5K8AB4PGA34079,6/21/2023,33,41430.64,2023,FORD,EXPLORER
7/24/2023,CF,CFABZJ,164961,1,NEW,"SMYRNA-F, LLC",1FM5K8AB4PGA34146,6/21/2023,33,42465.64,2023,FORD,EXPLORER
7/24/2023,CF,CFABZJ,164961,1,NEW,"SMYRNA-F, LLC",1FM5K8AB4PGA35149,6/21/2023,33,43728.64,2023,FORD,EXPLORER
7/24/2023,CF,CFABZJ,164961,1,NEW,"SMYRNA-F, LLC",1FM5K8AB4PGA35202,6/21/2023,33,43728.64,2023,FORD,EXPLORER
7/24/2023,CF,CFABZJ,164961,1,NEW,"SMYRNA-F, LLC",1FM5K8AB4PGA35250,6/21/2023,33,43728.64,2023,FORD,EXPLORER
7/24/2023,CF,CFABZJ,164961,1,NEW,"SMYRNA-F, LLC",1FM5K8AB4PGA35328,6/21/2023,33,42465.64,2023,FORD,EXPLORER
7/24/2023,CF,CFABZJ,164961,1,NEW,"SMYRNA-F, LLC",1FM5K8AB4PGA35331,6/21/2023,33,42465.64,2023,FORD,EXPLORER
7/24/2023,CF,CFABZJ,164961,1,NEW,"SMYRNA-F, LLC",1FM5K8AB4PGA35474,6/21/2023,33,43728.64,2023,FORD,EXPLORER
7/24/2023,CF,CFABZJ,164961,1,NEW,"SMYRNA-F, LLC",1FM5K8AB4PGA35491,6/21/2023,33,43728.64,2023,FORD,EXPLORER
7/24/2023,CF,CFABZJ,164961,1,NEW,"SMYRNA-F, LLC",1FM5K8AB4PGA35538,6/21/2023,33,43728.64,2023,FORD,EXPLORER
7/24/2023,CF,CFABZJ,164961,1,NEW,"SMYRNA-F, LLC",1FM5K8AB4PGA35622,6/21/2023,33,43728.64,2023,FORD,EXPLORER
7/24/2023,CF,CFABZJ,164961,1,NEW,"SMYRNA-F, LLC",1FM5K8AB4PGA35698,6/21/2023,33,44037.04,2023,FORD,EXPLORER
7/24/2023,CF,CFABZJ,164961,1,NEW,"SMYRNA-F, LLC",1FM5K8AB4PGA35717,7/12/2023,12,44567.64,2023,FORD,EXPLORER
7/24/2023,CF,CFABZJ,164961,1,NEW,"SMYRNA-F, LLC",1FM5K8AB4PGA35815,6/21/2023,33,43728.64,2023,FORD,EXPLORER
7/24/2023,CF,CFABZJ,164961,1,NEW,"SMYRNA-F, LLC",1FM5K8AB4PGA35832,6/21/2023,33,42532.64,2023,FORD,EXPLORER
7/24/2023,CF,CFABZJ,164961,1,NEW,"SMYRNA-F, LLC",1FM5K8AB4PGA36477,6/21/2023,33,44036.64,2023,FORD,EXPLORER
7/24/2023,CF,CFABZJ,164961,1,NEW,"SMYRNA-F, LLC",1FM5K8AB4PGA36639,6/21/2023,33,42532.64,2023,FORD,EXPLORER
7/24/2023,CF,CFABZJ,164961,1,NEW,"SMYRNA-F, LLC",1FM5K8AB4PGA36818,6/21/2023,33,44037.04,2023,FORD,EXPLORER
7/24/2023,CF,CFABZJ,164961,1,NEW,"SMYRNA-F, LLC",1FM5K8AB4PGA36866,6/21/2023,33,44036.64,2023,FORD,EXPLORER
7/24/2023,CF,CFABZJ,164961,1,NEW,"SMYRNA-F, LLC",1FM5K8AB4PGA36950,6/21/2023,33,42532.64,2023,FORD,EXPLORER
7/24/2023,CF,CFABZJ,164961,1,NEW,"SMYRNA-F, LLC",1FM5K8AB4PGA36964,6/21/2023,33,42532.64,2023,FORD,EXPLORER
7/24/2023,CF,CFABZJ,164961,1,NEW,"SMYRNA-F, LLC",1FM5K8AB4PGB11601,7/15/2023,9,41627.64,2023,FORD,EXPLORER
7/24/2023,CF,CFABZJ,164961,1,NEW,"SMYRNA-F, LLC",1FM5K8AB5NGC23756,6/21/2023,33,33031.04,2022,FORD,EXPLORER
7/24/2023,CF,CFABZJ,164961,1,NEW,"SMYRNA-F, LLC",1FM5K8AB5NGC36166,6/21/2023,33,33811.04,2022,FORD,EXPLORER
7/24/2023,CF,CFABZJ,164961,1,NEW,"SMYRNA-F, LLC",1FM5K8AB5NGC42808,6/21/2023,33,36420.04,2022,FORD,EXPLORER
7/24/2023,CF,CFABZJ,164961,1,NEW,"SMYRNA-F, LLC",1FM5K8AB5PGA03701,6/21/2023,33,41818.64,2023,FORD,EXPLORER
7/24/2023,CF,CFABZJ,164961,1,NEW,"SMYRNA-F, LLC",1FM5K8AB5PGA04198,6/21/2023,33,41676.04,2023,FORD,EXPLORER
7/24/2023,CF,CFABZJ,164961,1,NEW,"SMYRNA-F, LLC",1FM5K8AB5PGA33295,6/21/2023,33,42465.64,2023,FORD,EXPLORER
7/24/2023,CF,CFABZJ,164961,1,NEW,"SMYRNA-F, LLC",1FM5K8AB5PGA33359,6/21/2023,33,42465.64,2023,FORD,EXPLORER
7/24/2023,CF,CFABZJ,164961,1,NEW,"SMYRNA-F, LLC",1FM5K8AB5PGA33393,6/21/2023,33,42617.04,2023,FORD,EXPLORER
7/24/2023,CF,CFABZJ,164961,1,NEW,"SMYRNA-F, LLC",1FM5K8AB5PGA33488,6/21/2023,33,42465.64,2023,FORD,EXPLORER
7/24/2023,CF,CFABZJ,164961,1,NEW,"SMYRNA-F, LLC",1FM5K8AB5PGA33958,6/21/2023,33,41639.64,2023,FORD,EXPLORER
7/24/2023,CF,CFABZJ,164961,1,NEW,"SMYRNA-F, LLC",1FM5K8AB5PGA34026,6/21/2023,33,41640.04,2023,FORD,EXPLORER
7/24/2023,CF,CFABZJ,164961,1,NEW,"SMYRNA-F, LLC",1FM5K8AB5PGA34091,6/21/2023,33,41435.64,2023,FORD,EXPLORER
7/24/2023,CF,CFABZJ,164961,1,NEW,"SMYRNA-F, LLC",1FM5K8AB5PGA34477,6/21/2023,33,42466.04,2023,FORD,EXPLORER
7/24/2023,CF,CFABZJ,164961,1,NEW,"SMYRNA-F, LLC",1FM5K8AB5PGA34768,6/21/2023,33,44104.04,2023,FORD,EXPLORER
7/24/2023,CF,CFABZJ,164961,1,NEW,"SMYRNA-F, LLC",1FM5K8AB5PGA35029,6/21/2023,33,42466.04,2023,FORD,EXPLORER
7/24/2023,CF,CFABZJ,164961,1,NEW,"SMYRNA-F, LLC",1FM5K8AB5PGA35208,6/21/2023,33,43728.64,2023,FORD,EXPLORER
7/24/2023,CF,CFABZJ,164961,1,NEW,"SMYRNA-F, LLC",1FM5K8AB5PGA35225,6/21/2023,33,42466.04,2023,FORD,EXPLORER
7/24/2023,CF,CFABZJ,164961,1,NEW,"SMYRNA-F, LLC",1FM5K8AB5PGA35242,6/21/2023,33,43728.64,2023,FORD,EXPLORER
7/24/2023,CF,CFABZJ,164961,1,NEW,"SMYRNA-F, LLC",1FM5K8AB5PGA35256,6/21/2023,33,42466.04,2023,FORD,EXPLORER
7/24/2023,CF,CFABZJ,164961,1,NEW,"SMYRNA-F, LLC",1FM5K8AB5PGA35323,6/21/2023,33,42466.04,2023,FORD,EXPLORER
7/24/2023,CF,CFABZJ,164961,1,NEW,"SMYRNA-F, LLC",1FM5K8AB5PGA35368,7/10/2023,14,44567.64,2023,FORD,EXPLORER
7/24/2023,CF,CFABZJ,164961,1,NEW,"SMYRNA-F, LLC",1FM5K8AB5PGA35421,6/21/2023,33,43728.64,2023,FORD,EXPLORER
7/24/2023,CF,CFABZJ,164961,1,NEW,"SMYRNA-F, LLC",1FM5K8AB5PGA35497,6/21/2023,33,43728.64,2023,FORD,EXPLORER
7/24/2023,CF,CFABZJ,164961,1,NEW,"SMYRNA-F, LLC",1FM5K8AB5PGA35564,6/21/2023,33,42465.64,2023,FORD,EXPLORER
7/24/2023,CF,CFABZJ,164961,1,NEW,"SMYRNA-F, LLC",1FM5K8AB5PGA35791,6/21/2023,33,42465.64,2023,FORD,EXPLORER
7/24/2023,CF,CFABZJ,164961,1,NEW,"SMYRNA-F, LLC",1FM5K8AB5PGA35872,6/21/2023,33,44037.04,2023,FORD,EXPLORER
7/24/2023,CF,CFABZJ,164961,1,NEW,"SMYRNA-F, LLC",1FM5K8AB5PGA35936,6/21/2023,33,44036.64,2023,FORD,EXPLORER
7/24/2023,CF,CFABZJ,164961,1,NEW,"SMYRNA-F, LLC",1FM5K8AB5PGA36567,6/21/2023,33,44036.64,2023,FORD,EXPLORER
7/24/2023,CF,CFABZJ,164961,1,NEW,"SMYRNA-F, LLC",1FM5K8AB5PGA36746,6/21/2023,33,44037.04,2023,FORD,EXPLORER
7/24/2023,CF,CFABZJ,164961,1,NEW,"SMYRNA-F, LLC",1FM5K8AB5PGA36763,6/21/2023,33,44036.64,2023,FORD,EXPLORER
7/24/2023,CF,CFABZJ,164961,1,NEW,"SMYRNA-F, LLC",1FM5K8AB6NGB74714,6/21/2023,33,33190.88,2022,FORD,EXPLORER
7/24/2023,CF,CFABZJ,164961,1,NEW,"SMYRNA-F, LLC",1FM5K8AB6NGB79007,6/21/2023,33,33190.88,2022,FORD,EXPLORER
7/24/2023,CF,CFABZJ,164961,1,NEW,"SMYRNA-F, LLC",1FM5K8AB6NGC29694,6/21/2023,33,33811.04,2022,FORD,EXPLORER
7/24/2023,CF,CFABZJ,164961,1,NEW,"SMYRNA-F, LLC",1FM5K8AB6PGA03464,6/21/2023,33,44631.04,2023,FORD,EXPLORER
7/24/2023,CF,CFABZJ,164961,1,NEW,"SMYRNA-F, LLC",1FM5K8AB6PGA03786,6/21/2023,33,41818.64,2023,FORD,EXPLORER
7/24/2023,CF,CFABZJ,164961,1,NEW,"SMYRNA-F, LLC",1FM5K8AB6PGA20264,6/21/2023,33,42533.04,2023,FORD,EXPLORER
7/24/2023,CF,CFABZJ,164961,1,NEW,"SMYRNA-F, LLC",1FM5K8AB6PGA33242,6/21/2023,33,42465.64,2023,FORD,EXPLORER
7/24/2023,CF,CFABZJ,164961,1,NEW,"SMYRNA-F, LLC",1FM5K8AB6PGA33273,6/21/2023,33,42742.64,2023,FORD,EXPLORER
7/24/2023,CF,CFABZJ,164961,1,NEW,"SMYRNA-F, LLC",1FM5K8AB6PGA33421,6/21/2023,33,42617.04,2023,FORD,EXPLORER
7/24/2023,CF,CFABZJ,164961,1,NEW,"SMYRNA-F, LLC",1FM5K8AB6PGA33516,6/21/2023,33,42323.64,2023,FORD,EXPLORER
7/24/2023,CF,CFABZJ,164961,1,NEW,"SMYRNA-F, LLC",1FM5K8AB6PGA33855,6/21/2023,33,42617.04,2023,FORD,EXPLORER
7/24/2023,CF,CFABZJ,164961,1,NEW,"SMYRNA-F, LLC",1FM5K8AB6PGA33872,6/21/2023,33,42465.64,2023,FORD,EXPLORER
7/24/2023,CF,CFABZJ,164961,1,NEW,"SMYRNA-F, LLC",1FM5K8AB6PGA34391,6/21/2023,33,43728.64,2023,FORD,EXPLORER
7/24/2023,CF,CFABZJ,164961,1,NEW,"SMYRNA-F, LLC",1FM5K8AB6PGA34505,6/21/2023,33,42466.04,2023,FORD,EXPLORER
7/24/2023,CF,CFABZJ,164961,1,NEW,"SMYRNA-F, LLC",1FM5K8AB6PGA35010,6/21/2023,33,43728.64,2023,FORD,EXPLORER
7/24/2023,CF,CFABZJ,164961,1,NEW,"SMYRNA-F, LLC",1FM5K8AB6PGA35069,6/21/2023,33,42465.64,2023,FORD,EXPLORER
7/24/2023,CF,CFABZJ,164961,1,NEW,"SMYRNA-F, LLC",1FM5K8AB6PGA35119,6/21/2023,33,43728.64,2023,FORD,EXPLORER
7/24/2023,CF,CFABZJ,164961,1,NEW,"SMYRNA-F, LLC",1FM5K8AB6PGA35217,6/28/2023,26,44567.64,2023,FORD,EXPLORER
7/24/2023,CF,CFABZJ,164961,1,NEW,"SMYRNA-F, LLC",1FM5K8AB6PGA35248,7/8/2023,16,44567.64,2023,FORD,EXPLORER
7/24/2023,CF,CFABZJ,164961,1,NEW,"SMYRNA-F, LLC",1FM5K8AB6PGA35329,6/28/2023,26,44567.64,2023,FORD,EXPLORER
7/24/2023,CF,CFABZJ,164961,1,NEW,"SMYRNA-F, LLC",1FM5K8AB6PGA35332,6/21/2023,33,43728.64,2023,FORD,EXPLORER
7/24/2023,CF,CFABZJ,164961,1,NEW,"SMYRNA-F, LLC",1FM5K8AB6PGA35363,6/21/2023,33,43728.64,2023,FORD,EXPLORER
7/24/2023,CF,CFABZJ,164961,1,NEW,"SMYRNA-F, LLC",1FM5K8AB6PGA35461,6/21/2023,33,41587.64,2023,FORD,EXPLORER
7/24/2023,CF,CFABZJ,164961,1,NEW,"SMYRNA-F, LLC",1FM5K8AB6PGA35640,6/21/2023,33,43728.64,2023,FORD,EXPLORER
7/24/2023,CF,CFABZJ,164961,1,NEW,"SMYRNA-F, LLC",1FM5K8AB6PGA35735,7/12/2023,12,44567.64,2023,FORD,EXPLORER
7/24/2023,CF,CFABZJ,164961,1,NEW,"SMYRNA-F, LLC",1FM5K8AB6PGA35928,6/21/2023,33,43728.64,2023,FORD,EXPLORER
7/24/2023,CF,CFABZJ,164961,1,NEW,"SMYRNA-F, LLC",1FM5K8AB6PGA36027,6/21/2023,33,42532.64,2023,FORD,EXPLORER
7/24/2023,CF,CFABZJ,164961,1,NEW,"SMYRNA-F, LLC",1FM5K8AB6PGA36545,6/21/2023,33,44036.64,2023,FORD,EXPLORER
7/24/2023,CF,CFABZJ,164961,1,NEW,"SMYRNA-F, LLC",1FM5K8AB6PGA36724,6/21/2023,33,44036.64,2023,FORD,EXPLORER
7/24/2023,CF,CFABZJ,164961,1,NEW,"SMYRNA-F, LLC",1FM5K8AB6PGA36741,6/21/2023,33,44036.64,2023,FORD,EXPLORER
7/24/2023,CF,CFABZJ,164961,1,NEW,"SMYRNA-F, LLC",1FM5K8AB6PGA36836,6/21/2023,33,44037.04,2023,FORD,EXPLORER
7/24/2023,CF,CFABZJ,164961,1,NEW,"SMYRNA-F, LLC",1FM5K8AB6PGA36853,6/21/2023,33,44037.04,2023,FORD,EXPLORER
7/24/2023,CF,CFABZJ,164961,1,NEW,"SMYRNA-F, LLC",1FM5K8AB6PGA36951,6/21/2023,33,42532.64,2023,FORD,EXPLORER
7/24/2023,CF,CFABZJ,164961,1,NEW,"SMYRNA-F, LLC",1FM5K8AB7NGB75077,6/21/2023,33,33190.88,2022,FORD,EXPLORER
7/24/2023,CF,CFABZJ,164961,1,NEW,"SMYRNA-F, LLC",1FM5K8AB7PGA03649,6/21/2023,33,41676.04,2023,FORD,EXPLORER
7/24/2023,CF,CFABZJ,164961,1,NEW,"SMYRNA-F, LLC",1FM5K8AB7PGA03960,6/21/2023,33,40980.04,2023,FORD,EXPLORER
7/24/2023,CF,CFABZJ,164961,1,NEW,"SMYRNA-F, LLC",1FM5K8AB7PGA05837,6/21/2023,33,44631.04,2023,FORD,EXPLORER
7/24/2023,CF,CFABZJ,164961,1,NEW,"SMYRNA-F, LLC",1FM5K8AB7PGA17390,6/21/2023,33,47198.04,2023,FORD,EXPLORER
7/24/2023,CF,CFABZJ,164961,1,NEW,"SMYRNA-F, LLC",1FM5K8AB7PGA33265,6/21/2023,33,42465.64,2023,FORD,EXPLORER
7/24/2023,CF,CFABZJ,164961,1,NEW,"SMYRNA-F, LLC",1FM5K8AB7PGA33329,6/21/2023,33,42617.04,2023,FORD,EXPLORER
7/24/2023,CF,CFABZJ,164961,1,NEW,"SMYRNA-F, LLC",1FM5K8AB7PGA33749,6/21/2023,33,42465.64,2023,FORD,EXPLORER
7/24/2023,CF,CFABZJ,164961,1,NEW,"SMYRNA-F, LLC",1FM5K8AB7PGA33766,6/21/2023,33,42617.04,2023,FORD,EXPLORER
7/24/2023,CF,CFABZJ,164961,1,NEW,"SMYRNA-F, LLC",1FM5K8AB7PGA33783,6/21/2023,33,42616.64,2023,FORD,EXPLORER
7/24/2023,CF,CFABZJ,164961,1,NEW,"SMYRNA-F, LLC",1FM5K8AB7PGA33864,6/21/2023,33,41640.04,2023,FORD,EXPLORER
7/24/2023,CF,CFABZJ,164961,1,NEW,"SMYRNA-F, LLC",1FM5K8AB7PGA33895,6/21/2023,33,41640.04,2023,FORD,EXPLORER
7/24/2023,CF,CFABZJ,164961,1,NEW,"SMYRNA-F, LLC",1FM5K8AB7PGA33931,6/21/2023,33,42465.64,2023,FORD,EXPLORER
7/24/2023,CF,CFABZJ,164961,1,NEW,"SMYRNA-F, LLC",1FM5K8AB7PGA33959,6/21/2023,33,42465.64,2023,FORD,EXPLORER
7/24/2023,CF,CFABZJ,164961,1,NEW,"SMYRNA-F, LLC",1FM5K8AB7PGA33976,6/21/2023,33,42743.04,2023,FORD,EXPLORER
7/24/2023,CF,CFABZJ,164961,1,NEW,"SMYRNA-F, LLC",1FM5K8AB7PGA34044,6/21/2023,33,42465.64,2023,FORD,EXPLORER
7/24/2023,CF,CFABZJ,164961,1,NEW,"SMYRNA-F, LLC",1FM5K8AB7PGA34058,6/21/2023,33,42617.04,2023,FORD,EXPLORER
7/24/2023,CF,CFABZJ,164961,1,NEW,"SMYRNA-F, LLC",1FM5K8AB7PGA34061,6/21/2023,33,42617.04,2023,FORD,EXPLORER
7/24/2023,CF,CFABZJ,164961,1,NEW,"SMYRNA-F, LLC",1FM5K8AB7PGA34075,6/21/2023,33,42465.64,2023,FORD,EXPLORER
7/24/2023,CF,CFABZJ,164961,1,NEW,"SMYRNA-F, LLC",1FM5K8AB7PGA34089,6/21/2023,33,42465.64,2023,FORD,EXPLORER
7/24/2023,CF,CFABZJ,164961,1,NEW,"SMYRNA-F, LLC",1FM5K8AB7PGA34349,6/21/2023,33,43728.64,2023,FORD,EXPLORER
7/24/2023,CF,CFABZJ,164961,1,NEW,"SMYRNA-F, LLC",1FM5K8AB7PGA35016,6/21/2023,33,43728.64,2023,FORD,EXPLORER
7/24/2023,CF,CFABZJ,164961,1,NEW,"SMYRNA-F, LLC",1FM5K8AB7PGA35064,6/21/2023,33,43728.64,2023,FORD,EXPLORER
7/24/2023,CF,CFABZJ,164961,1,NEW,"SMYRNA-F, LLC",1FM5K8AB7PGA35095,6/21/2023,33,43728.64,2023,FORD,EXPLORER
7/24/2023,CF,CFABZJ,164961,1,NEW,"SMYRNA-F, LLC",1FM5K8AB7PGA35145,6/21/2023,33,43728.64,2023,FORD,EXPLORER
7/24/2023,CF,CFABZJ,164961,1,NEW,"SMYRNA-F, LLC",1FM5K8AB7PGA35162,6/21/2023,33,43728.64,2023,FORD,EXPLORER
7/24/2023,CF,CFABZJ,164961,1,NEW,"SMYRNA-F, LLC",1FM5K8AB7PGA35176,6/21/2023,33,42466.04,2023,FORD,EXPLORER
7/24/2023,CF,CFABZJ,164961,1,NEW,"SMYRNA-F, LLC",1FM5K8AB7PGA35193,6/21/2023,33,43728.64,2023,FORD,EXPLORER
7/24/2023,CF,CFABZJ,164961,1,NEW,"SMYRNA-F, LLC",1FM5K8AB7PGA35243,6/21/2023,33,43728.64,2023,FORD,EXPLORER
7/24/2023,CF,CFABZJ,164961,1,NEW,"SMYRNA-F, LLC",1FM5K8AB7PGA35355,6/26/2023,28,43728.64,2023,FORD,EXPLORER
7/24/2023,CF,CFABZJ,164961,1,NEW,"SMYRNA-F, LLC",1FM5K8AB7PGA35470,6/21/2023,33,43728.64,2023,FORD,EXPLORER
7/24/2023,CF,CFABZJ,164961,1,NEW,"SMYRNA-F, LLC",1FM5K8AB7PGA35484,6/21/2023,33,43728.64,2023,FORD,EXPLORER
7/24/2023,CF,CFABZJ,164961,1,NEW,"SMYRNA-F, LLC",1FM5K8AB7PGA35534,6/21/2023,33,43728.64,2023,FORD,EXPLORER
7/24/2023,CF,CFABZJ,164961,1,NEW,"SMYRNA-F, LLC",1FM5K8AB7PGA35548,6/21/2023,33,43728.64,2023,FORD,EXPLORER
7/24/2023,CF,CFABZJ,164961,1,NEW,"SMYRNA-F, LLC",1FM5K8AB7PGA35596,6/21/2023,33,43728.64,2023,FORD,EXPLORER
7/24/2023,CF,CFABZJ,164961,1,NEW,"SMYRNA-F, LLC",1FM5K8AB7PGA35615,6/21/2023,33,42465.64,2023,FORD,EXPLORER
7/24/2023,CF,CFABZJ,164961,1,NEW,"SMYRNA-F, LLC",1FM5K8AB7PGA35842,6/21/2023,33,43728.64,2023,FORD,EXPLORER
7/24/2023,CF,CFABZJ,164961,1,NEW,"SMYRNA-F, LLC",1FM5K8AB7PGA36506,6/21/2023,33,44036.64,2023,FORD,EXPLORER
7/24/2023,CF,CFABZJ,164961,1,NEW,"SMYRNA-F, LLC",1FM5K8AB7PGA36537,6/21/2023,33,44037.04,2023,FORD,EXPLORER
7/24/2023,CF,CFABZJ,164961,1,NEW,"SMYRNA-F, LLC",1FM5K8AB7PGA36750,6/21/2023,33,44037.04,2023,FORD,EXPLORER
7/24/2023,CF,CFABZJ,164961,1,NEW,"SMYRNA-F, LLC",1FM5K8AB7PGA36778,6/21/2023,33,44036.64,2023,FORD,EXPLORER
7/24/2023,CF,CFABZJ,164961,1,NEW,"SMYRNA-F, LLC",1FM5K8AB7PGA36795,6/21/2023,33,42532.64,2023,FORD,EXPLORER
7/24/2023,CF,CFABZJ,164961,1,NEW,"SMYRNA-F, LLC",1FM5K8AB7PGA36800,6/21/2023,33,44037.04,2023,FORD,EXPLORER
7/24/2023,CF,CFABZJ,164961,1,NEW,"SMYRNA-F, LLC",1FM5K8AB7PGA36893,6/21/2023,33,42532.64,2023,FORD,EXPLORER
7/24/2023,CF,CFABZJ,164961,1,NEW,"SMYRNA-F, LLC",1FM5K8AB8NGB74987,6/21/2023,33,33190.88,2022,FORD,EXPLORER
7/24/2023,CF,CFABZJ,164961,1,NEW,"SMYRNA-F, LLC",1FM5K8AB8NGC42933,6/21/2023,33,35787.04,2022,FORD,EXPLORER
7/24/2023,CF,CFABZJ,164961,1,NEW,"SMYRNA-F, LLC",1FM5K8AB8PGA04101,6/21/2023,33,41850.04,2023,FORD,EXPLORER
7/24/2023,CF,CFABZJ,164961,1,NEW,"SMYRNA-F, LLC",1FM5K8AB8PGA05569,6/21/2023,33,41850.04,2023,FORD,EXPLORER
7/24/2023,CF,CFABZJ,164961,1,NEW,"SMYRNA-F, LLC",1FM5K8AB8PGA05930,6/21/2023,33,41328.04,2023,FORD,EXPLORER
7/24/2023,CF,CFABZJ,164961,1,NEW,"SMYRNA-F, LLC",1FM5K8AB8PGA33274,6/21/2023,33,42465.64,2023,FORD,EXPLORER
7/24/2023,CF,CFABZJ,164961,1,NEW,"SMYRNA-F, LLC",1FM5K8AB8PGA33288,6/21/2023,33,42465.64,2023,FORD,EXPLORER
7/24/2023,CF,CFABZJ,164961,1,NEW,"SMYRNA-F, LLC",1FM5K8AB8PGA33386,6/21/2023,33,41587.64,2023,FORD,EXPLORER
7/24/2023,CF,CFABZJ,164961,1,NEW,"SMYRNA-F, LLC",1FM5K8AB8PGA33422,6/21/2023,33,41640.04,2023,FORD,EXPLORER
7/24/2023,CF,CFABZJ,164961,1,NEW,"SMYRNA-F, LLC",1FM5K8AB8PGA33467,6/21/2023,33,42616.64,2023,FORD,EXPLORER
7/24/2023,CF,CFABZJ,164961,1,NEW,"SMYRNA-F, LLC",1FM5K8AB8PGA33632,6/21/2023,33,41944.04,2023,FORD,EXPLORER
7/24/2023,CF,CFABZJ,164961,1,NEW,"SMYRNA-F, LLC",1FM5K8AB8PGA33744,6/21/2023,33,41640.04,2023,FORD,EXPLORER
7/24/2023,CF,CFABZJ,164961,1,NEW,"SMYRNA-F, LLC",1FM5K8AB8PGA33811,6/21/2023,33,42465.64,2023,FORD,EXPLORER
7/24/2023,CF,CFABZJ,164961,1,NEW,"SMYRNA-F, LLC",1FM5K8AB8PGA33839,6/21/2023,33,41640.04,2023,FORD,EXPLORER
7/24/2023,CF,CFABZJ,164961,1,NEW,"SMYRNA-F, LLC",1FM5K8AB8PGA33887,6/21/2023,33,42465.64,2023,FORD,EXPLORER
7/24/2023,CF,CFABZJ,164961,1,NEW,"SMYRNA-F, LLC",1FM5K8AB8PGA33923,6/21/2023,33,42465.64,2023,FORD,EXPLORER
7/24/2023,CF,CFABZJ,164961,1,NEW,"SMYRNA-F, LLC",1FM5K8AB8PGA33999,6/21/2023,33,42465.64,2023,FORD,EXPLORER
7/24/2023,CF,CFABZJ,164961,1,NEW,"SMYRNA-F, LLC",1FM5K8AB8PGA34019,6/21/2023,33,42617.04,2023,FORD,EXPLORER
7/24/2023,CF,CFABZJ,164961,1,NEW,"SMYRNA-F, LLC",1FM5K8AB8PGA34490,6/21/2023,33,42465.64,2023,FORD,EXPLORER
7/24/2023,CF,CFABZJ,164961,1,NEW,"SMYRNA-F, LLC",1FM5K8AB8PGA34571,6/21/2023,33,42465.64,2023,FORD,EXPLORER
7/24/2023,CF,CFABZJ,164961,1,NEW,"SMYRNA-F, LLC",1FM5K8AB8PGA35090,6/21/2023,33,43728.64,2023,FORD,EXPLORER
7/24/2023,CF,CFABZJ,164961,1,NEW,"SMYRNA-F, LLC",1FM5K8AB8PGA35137,7/8/2023,16,44567.64,2023,FORD,EXPLORER
7/24/2023,CF,CFABZJ,164961,1,NEW,"SMYRNA-F, LLC",1FM5K8AB8PGA35235,6/21/2023,33,43728.64,2023,FORD,EXPLORER
7/24/2023,CF,CFABZJ,164961,1,NEW,"SMYRNA-F, LLC",1FM5K8AB8PGA35302,6/21/2023,33,43728.64,2023,FORD,EXPLORER
7/24/2023,CF,CFABZJ,164961,1,NEW,"SMYRNA-F, LLC",1FM5K8AB8PGA35347,6/21/2023,33,43728.64,2023,FORD,EXPLORER
7/24/2023,CF,CFABZJ,164961,1,NEW,"SMYRNA-F, LLC",1FM5K8AB8PGA35428,6/21/2023,33,42466.04,2023,FORD,EXPLORER
7/24/2023,CF,CFABZJ,164961,1,NEW,"SMYRNA-F, LLC",1FM5K8AB8PGA35607,6/21/2023,33,43728.64,2023,FORD,EXPLORER
7/24/2023,CF,CFABZJ,164961,1,NEW,"SMYRNA-F, LLC",1FM5K8AB8PGA35638,6/21/2023,33,42466.04,2023,FORD,EXPLORER
7/24/2023,CF,CFABZJ,164961,1,NEW,"SMYRNA-F, LLC",1FM5K8AB8PGA35655,6/21/2023,33,44036.64,2023,FORD,EXPLORER
7/24/2023,CF,CFABZJ,164961,1,NEW,"SMYRNA-F, LLC",1FM5K8AB8PGA35820,6/21/2023,33,43728.64,2023,FORD,EXPLORER
7/24/2023,CF,CFABZJ,164961,1,NEW,"SMYRNA-F, LLC",1FM5K8AB8PGA35865,6/21/2023,33,42466.04,2023,FORD,EXPLORER
7/24/2023,CF,CFABZJ,164961,1,NEW,"SMYRNA-F, LLC",1FM5K8AB8PGA35879,6/21/2023,33,43728.64,2023,FORD,EXPLORER
7/24/2023,CF,CFABZJ,164961,1,NEW,"SMYRNA-F, LLC",1FM5K8AB8PGA35963,6/21/2023,33,42465.64,2023,FORD,EXPLORER
7/24/2023,CF,CFABZJ,164961,1,NEW,"SMYRNA-F, LLC",1FM5K8AB8PGA36126,6/21/2023,33,42532.64,2023,FORD,EXPLORER
7/24/2023,CF,CFABZJ,164961,1,NEW,"SMYRNA-F, LLC",1FM5K8AB8PGA36711,6/21/2023,33,42532.64,2023,FORD,EXPLORER
7/24/2023,CF,CFABZJ,164961,1,NEW,"SMYRNA-F, LLC",1FM5K8AB8PGA36823,6/21/2023,33,44036.64,2023,FORD,EXPLORER
7/24/2023,CF,CFABZJ,164961,1,NEW,"SMYRNA-F, LLC",1FM5K8AB8PGA36837,6/21/2023,33,44037.04,2023,FORD,EXPLORER
7/24/2023,CF,CFABZJ,164961,1,NEW,"SMYRNA-F, LLC",1FM5K8AB8PGA36885,6/21/2023,33,44036.64,2023,FORD,EXPLORER
7/24/2023,CF,CFABZJ,164961,1,NEW,"SMYRNA-F, LLC",1FM5K8AB8PGA36904,6/21/2023,33,44037.04,2023,FORD,EXPLORER
7/24/2023,CF,CFABZJ,164961,1,NEW,"SMYRNA-F, LLC",1FM5K8AB9NGB74979,6/21/2023,33,33190.88,2022,FORD,EXPLORER
7/24/2023,CF,CFABZJ,164961,1,NEW,"SMYRNA-F, LLC",1FM5K8AB9NGC23808,6/21/2023,33,33577.04,2022,FORD,EXPLORER
7/24/2023,CF,CFABZJ,164961,1,NEW,"SMYRNA-F, LLC",1FM5K8AB9NGC36459,6/21/2023,33,33811.04,2022,FORD,EXPLORER
7/24/2023,CF,CFABZJ,164961,1,NEW,"SMYRNA-F, LLC",1FM5K8AB9PGA03572,6/21/2023,33,44631.04,2023,FORD,EXPLORER
7/24/2023,CF,CFABZJ,164961,1,NEW,"SMYRNA-F, LLC",1FM5K8AB9PGA03894,6/21/2023,33,41328.04,2023,FORD,EXPLORER
7/24/2023,CF,CFABZJ,164961,1,NEW,"SMYRNA-F, LLC",1FM5K8AB9PGA20632,6/21/2023,33,42533.04,2023,FORD,EXPLORER
7/24/2023,CF,CFABZJ,164961,1,NEW,"SMYRNA-F, LLC",1FM5K8AB9PGA33249,6/21/2023,33,42465.64,2023,FORD,EXPLORER
7/24/2023,CF,CFABZJ,164961,1,NEW,"SMYRNA-F, LLC",1FM5K8AB9PGA33395,6/21/2023,33,42465.64,2023,FORD,EXPLORER
7/24/2023,CF,CFABZJ,164961,1,NEW,"SMYRNA-F, LLC",1FM5K8AB9PGA33400,6/21/2023,33,42465.64,2023,FORD,EXPLORER
7/24/2023,CF,CFABZJ,164961,1,NEW,"SMYRNA-F, LLC",1FM5K8AB9PGA33431,6/21/2023,33,42465.64,2023,FORD,EXPLORER
7/24/2023,CF,CFABZJ,164961,1,NEW,"SMYRNA-F, LLC",1FM5K8AB9PGA33509,6/21/2023,33,42465.64,2023,FORD,EXPLORER
7/24/2023,CF,CFABZJ,164961,1,NEW,"SMYRNA-F, LLC",1FM5K8AB9PGA33994,6/21/2023,33,42465.64,2023,FORD,EXPLORER
7/24/2023,CF,CFABZJ,164961,1,NEW,"SMYRNA-F, LLC",1FM5K8AB9PGA34028,6/21/2023,33,42465.64,2023,FORD,EXPLORER
7/24/2023,CF,CFABZJ,164961,1,NEW,"SMYRNA-F, LLC",1FM5K8AB9PGA34045,6/21/2023,33,42465.64,2023,FORD,EXPLORER
7/24/2023,CF,CFABZJ,164961,1,NEW,"SMYRNA-F, LLC",1FM5K8AB9PGA34479,6/21/2023,33,43728.64,2023,FORD,EXPLORER
7/24/2023,CF,CFABZJ,164961,1,NEW,"SMYRNA-F, LLC",1FM5K8AB9PGA35051,6/21/2023,33,43728.64,2023,FORD,EXPLORER
7/24/2023,CF,CFABZJ,164961,1,NEW,"SMYRNA-F, LLC",1FM5K8AB9PGA35115,6/21/2023,33,43728.64,2023,FORD,EXPLORER
7/24/2023,CF,CFABZJ,164961,1,NEW,"SMYRNA-F, LLC",1FM5K8AB9PGA35132,6/21/2023,33,43728.64,2023,FORD,EXPLORER
7/24/2023,CF,CFABZJ,164961,1,NEW,"SMYRNA-F, LLC",1FM5K8AB9PGA35213,6/21/2023,33,43728.64,2023,FORD,EXPLORER
7/24/2023,CF,CFABZJ,164961,1,NEW,"SMYRNA-F, LLC",1FM5K8AB9PGA35227,6/21/2023,33,43728.64,2023,FORD,EXPLORER
7/24/2023,CF,CFABZJ,164961,1,NEW,"SMYRNA-F, LLC",1FM5K8AB9PGA35230,6/21/2023,33,43728.64,2023,FORD,EXPLORER
7/24/2023,CF,CFABZJ,164961,1,NEW,"SMYRNA-F, LLC",1FM5K8AB9PGA35339,6/21/2023,33,42465.64,2023,FORD,EXPLORER
7/24/2023,CF,CFABZJ,164961,1,NEW,"SMYRNA-F, LLC",1FM5K8AB9PGA35454,6/21/2023,33,42466.04,2023,FORD,EXPLORER
7/24/2023,CF,CFABZJ,164961,1,NEW,"SMYRNA-F, LLC",1FM5K8AB9PGA35468,6/21/2023,33,43728.64,2023,FORD,EXPLORER
7/24/2023,CF,CFABZJ,164961,1,NEW,"SMYRNA-F, LLC",1FM5K8AB9PGA35499,6/21/2023,33,43728.64,2023,FORD,EXPLORER
7/24/2023,CF,CFABZJ,164961,1,NEW,"SMYRNA-F, LLC",1FM5K8AB9PGA35518,7/12/2023,12,44567.64,2023,FORD,EXPLORER
7/24/2023,CF,CFABZJ,164961,1,NEW,"SMYRNA-F, LLC",1FM5K8AB9PGA35549,6/21/2023,33,43728.64,2023,FORD,EXPLORER
7/24/2023,CF,CFABZJ,164961,1,NEW,"SMYRNA-F, LLC",1FM5K8AB9PGA35602,7/10/2023,14,44567.64,2023,FORD,EXPLORER
7/24/2023,CF,CFABZJ,164961,1,NEW,"SMYRNA-F, LLC",1FM5K8AB9PGA35647,6/21/2023,33,44036.64,2023,FORD,EXPLORER
7/24/2023,CF,CFABZJ,164961,1,NEW,"SMYRNA-F, LLC",1FM5K8AB9PGA35731,6/21/2023,33,43728.64,2023,FORD,EXPLORER
7/24/2023,CF,CFABZJ,164961,1,NEW,"SMYRNA-F, LLC",1FM5K8AB9PGA35888,6/21/2023,33,42466.04,2023,FORD,EXPLORER
7/24/2023,CF,CFABZJ,164961,1,NEW,"SMYRNA-F, LLC",1FM5K8AB9PGA35891,6/28/2023,26,44567.64,2023,FORD,EXPLORER
7/24/2023,CF,CFABZJ,164961,1,NEW,"SMYRNA-F, LLC",1FM5K8AB9PGA36345,6/21/2023,33,44036.64,2023,FORD,EXPLORER
7/24/2023,CF,CFABZJ,164961,1,NEW,"SMYRNA-F, LLC",1FM5K8AB9PGA36524,6/21/2023,33,44036.64,2023,FORD,EXPLORER
7/24/2023,CF,CFABZJ,164961,1,NEW,"SMYRNA-F, LLC",1FM5K8AB9PGA36734,6/21/2023,33,44037.04,2023,FORD,EXPLORER
7/24/2023,CF,CFABZJ,164961,1,NEW,"SMYRNA-F, LLC",1FM5K8AB9PGA36829,6/21/2023,33,44037.04,2023,FORD,EXPLORER
7/24/2023,CF,CFABZJ,164961,1,NEW,"SMYRNA-F, LLC",1FM5K8AB9PGA36930,6/21/2023,33,42532.64,2023,FORD,EXPLORER
7/24/2023,CF,CFABZJ,164961,1,NEW,"SMYRNA-F, LLC",1FM5K8AB9PGA36944,6/21/2023,33,42532.64,2023,FORD,EXPLORER
7/24/2023,CF,CFABZJ,164961,1,NEW,"SMYRNA-F, LLC",1FM5K8AB9PGA36958,6/21/2023,33,42532.64,2023,FORD,EXPLORER
7/24/2023,CF,CFABZJ,164961,1,NEW,"SMYRNA-F, LLC",1FM5K8ABXNGB75073,6/21/2023,33,33172.88,2022,FORD,EXPLORER
7/24/2023,CF,CFABZJ,164961,1,NEW,"SMYRNA-F, LLC",1FM5K8ABXNGB75316,6/21/2023,33,33190.88,2022,FORD,EXPLORER
7/24/2023,CF,CFABZJ,164961,1,NEW,"SMYRNA-F, LLC",1FM5K8ABXNGC42920,6/21/2023,33,33811.04,2022,FORD,EXPLORER
7/24/2023,CF,CFABZJ,164961,1,NEW,"SMYRNA-F, LLC",1FM5K8ABXPGA03371,6/21/2023,33,44631.04,2023,FORD,EXPLORER
7/24/2023,CF,CFABZJ,164961,1,NEW,"SMYRNA-F, LLC",1FM5K8ABXPGA03466,6/21/2023,33,44631.04,2023,FORD,EXPLORER
7/24/2023,CF,CFABZJ,164961,1,NEW,"SMYRNA-F, LLC",1FM5K8ABXPGA03743,6/21/2023,33,41850.04,2023,FORD,EXPLORER
7/24/2023,CF,CFABZJ,164961,1,NEW,"SMYRNA-F, LLC",1FM5K8ABXPGA06061,6/21/2023,33,40913.04,2023,FORD,EXPLORER
7/24/2023,CF,CFABZJ,164961,1,NEW,"SMYRNA-F, LLC",1FM5K8ABXPGA33230,6/21/2023,33,42465.64,2023,FORD,EXPLORER
7/24/2023,CF,CFABZJ,164961,1,NEW,"SMYRNA-F, LLC",1FM5K8ABXPGA33275,6/21/2023,33,42465.64,2023,FORD,EXPLORER
7/24/2023,CF,CFABZJ,164961,1,NEW,"SMYRNA-F, LLC",1FM5K8ABXPGA33325,6/21/2023,33,42466.04,2023,FORD,EXPLORER
7/24/2023,CF,CFABZJ,164961,1,NEW,"SMYRNA-F, LLC",1FM5K8ABXPGA33387,6/21/2023,33,42465.64,2023,FORD,EXPLORER
7/24/2023,CF,CFABZJ,164961,1,NEW,"SMYRNA-F, LLC",1FM5K8ABXPGA33423,6/21/2023,33,42465.64,2023,FORD,EXPLORER
7/24/2023,CF,CFABZJ,164961,1,NEW,"SMYRNA-F, LLC",1FM5K8ABXPGA33888,6/21/2023,33,42465.64,2023,FORD,EXPLORER
7/24/2023,CF,CFABZJ,164961,1,NEW,"SMYRNA-F, LLC",1FM5K8ABXPGA33969,6/21/2023,33,41639.64,2023,FORD,EXPLORER
7/24/2023,CF,CFABZJ,164961,1,NEW,"SMYRNA-F, LLC",1FM5K8ABXPGA34135,6/21/2023,33,42465.64,2023,FORD,EXPLORER
7/24/2023,CF,CFABZJ,164961,1,NEW,"SMYRNA-F, LLC",1FM5K8ABXPGA35012,6/21/2023,33,43728.64,2023,FORD,EXPLORER
7/24/2023,CF,CFABZJ,164961,1,NEW,"SMYRNA-F, LLC",1FM5K8ABXPGA35057,6/21/2023,33,43728.64,2023,FORD,EXPLORER
7/24/2023,CF,CFABZJ,164961,1,NEW,"SMYRNA-F, LLC",1FM5K8ABXPGA35141,6/21/2023,33,43728.64,2023,FORD,EXPLORER
7/24/2023,CF,CFABZJ,164961,1,NEW,"SMYRNA-F, LLC",1FM5K8ABXPGA35155,6/21/2023,33,43728.64,2023,FORD,EXPLORER
7/24/2023,CF,CFABZJ,164961,1,NEW,"SMYRNA-F, LLC",1FM5K8ABXPGA35169,6/21/2023,33,42466.04,2023,FORD,EXPLORER
7/24/2023,CF,CFABZJ,164961,1,NEW,"SMYRNA-F, LLC",1FM5K8ABXPGA35236,6/21/2023,33,43728.64,2023,FORD,EXPLORER
7/24/2023,CF,CFABZJ,164961,1,NEW,"SMYRNA-F, LLC",1FM5K8ABXPGA35317,6/21/2023,33,43728.64,2023,FORD,EXPLORER
7/24/2023,CF,CFABZJ,164961,1,NEW,"SMYRNA-F, LLC",1FM5K8ABXPGA35320,6/21/2023,33,42465.64,2023,FORD,EXPLORER
7/24/2023,CF,CFABZJ,164961,1,NEW,"SMYRNA-F, LLC",1FM5K8ABXPGA35463,6/21/2023,33,43728.64,2023,FORD,EXPLORER
7/24/2023,CF,CFABZJ,164961,1,NEW,"SMYRNA-F, LLC",1FM5K8ABXPGA35530,7/10/2023,14,44567.64,2023,FORD,EXPLORER
7/24/2023,CF,CFABZJ,164961,1,NEW,"SMYRNA-F, LLC",1FM5K8ABXPGA35687,6/21/2023,33,44568.04,2023,FORD,EXPLORER
7/24/2023,CF,CFABZJ,164961,1,NEW,"SMYRNA-F, LLC",1FM5K8ABXPGA35835,6/21/2023,33,43728.64,2023,FORD,EXPLORER
7/24/2023,CF,CFABZJ,164961,1,NEW,"SMYRNA-F, LLC",1FM5K8ABXPGA35883,6/21/2023,33,42466.04,2023,FORD,EXPLORER
7/24/2023,CF,CFABZJ,164961,1,NEW,"SMYRNA-F, LLC",1FM5K8ABXPGA35950,6/21/2023,33,42466.04,2023,FORD,EXPLORER
7/24/2023,CF,CFABZJ,164961,1,NEW,"SMYRNA-F, LLC",1FM5K8ABXPGA36547,6/21/2023,33,44037.04,2023,FORD,EXPLORER
7/24/2023,CF,CFABZJ,164961,1,NEW,"SMYRNA-F, LLC",1FM5K8ABXPGA36743,6/21/2023,33,42532.64,2023,FORD,EXPLORER
7/24/2023,CF,CFABZJ,164961,1,NEW,"SMYRNA-F, LLC",1FM5K8ABXPGA36824,6/21/2023,33,44037.04,2023,FORD,EXPLORER
7/24/2023,CF,CFABZJ,164961,1,NEW,"SMYRNA-F, LLC",1FM5K8ABXPGA36855,6/21/2023,33,44036.64,2023,FORD,EXPLORER
7/24/2023,CF,CFABZJ,164961,1,NEW,"SMYRNA-F, LLC",1FM5K8ABXPGA36872,6/21/2023,33,44036.64,2023,FORD,EXPLORER
7/24/2023,CF,CFABZJ,164961,1,NEW,"SMYRNA-F, LLC",1FM5K8ABXPGA36936,6/21/2023,33,42532.64,2023,FORD,EXPLORER
7/24/2023,CF,CFABZJ,164961,1,NEW,"SMYRNA-F, LLC",1FM5K8AC0NGB03937,6/21/2023,33,37444.34,2022,FORD,EXPLORER
7/24/2023,CF,CFABZJ,164961,1,NEW,"SMYRNA-F, LLC",1FM5K8AC0PGA33536,6/21/2023,33,45839.64,2023,FORD,EXPLORER
7/24/2023,CF,CFABZJ,164961,1,NEW,"SMYRNA-F, LLC",1FM5K8AC0PGA33648,6/21/2023,33,45839.64,2023,FORD,EXPLORER
7/24/2023,CF,CFABZJ,164961,1,NEW,"SMYRNA-F, LLC",1FM5K8AC0PGA33889,6/21/2023,33,45450.64,2023,FORD,EXPLORER
7/24/2023,CF,CFABZJ,164961,1,NEW,"SMYRNA-F, LLC",1FM5K8AC0PGA34511,6/21/2023,33,45840.04,2023,FORD,EXPLORER
7/24/2023,CF,CFABZJ,164961,1,NEW,"SMYRNA-F, LLC",1FM5K8AC0PGA35643,6/21/2023,33,45840.04,2023,FORD,EXPLORER
7/24/2023,CF,CFABZJ,164961,1,NEW,"SMYRNA-F, LLC",1FM5K8AC0PGA79285,6/21/2023,33,45839.64,2023,FORD,EXPLORER
7/24/2023,CF,CFABZJ,164961,1,NEW,"SMYRNA-F, LLC",1FM5K8AC0PGA79335,6/21/2023,33,45839.64,2023,FORD,EXPLORER
7/24/2023,CF,CFABZJ,164961,1,NEW,"SMYRNA-F, LLC",1FM5K8AC0PGA79478,6/21/2023,33,45839.64,2023,FORD,EXPLORER
7/24/2023,CF,CFABZJ,164961,1,NEW,"SMYRNA-F, LLC",1FM5K8AC0PGA79707,6/21/2023,33,45839.64,2023,FORD,EXPLORER
7/24/2023,CF,CFABZJ,164961,1,NEW,"SMYRNA-F, LLC",1FM5K8AC0PGA79769,6/21/2023,33,45830.64,2023,FORD,EXPLORER
7/24/2023,CF,CFABZJ,164961,1,NEW,"SMYRNA-F, LLC",1FM5K8AC0PGA79965,6/21/2023,33,45839.64,2023,FORD,EXPLORER
7/24/2023,CF,CFABZJ,164961,1,NEW,"SMYRNA-F, LLC",1FM5K8AC0PGA81957,6/21/2023,33,47286.64,2023,FORD,EXPLORER
7/24/2023,CF,CFABZJ,164961,1,NEW,"SMYRNA-F, LLC",1FM5K8AC0PGB03679,7/24/2023,0,45839.64,2023,FORD,EXPLORER
7/24/2023,CF,CFABZJ,164961,1,NEW,"SMYRNA-F, LLC",1FM5K8AC0PGB03682,7/10/2023,14,45839.64,2023,FORD,EXPLORER
7/24/2023,CF,CFABZJ,164961,1,NEW,"SMYRNA-F, LLC",1FM5K8AC0PGB03696,7/16/2023,8,45839.64,2023,FORD,EXPLORER
7/24/2023,CF,CFABZJ,164961,1,NEW,"SMYRNA-F, LLC",1FM5K8AC0PGB03701,7/10/2023,14,45839.64,2023,FORD,EXPLORER
7/24/2023,CF,CFABZJ,164961,1,NEW,"SMYRNA-F, LLC",1FM5K8AC1PGA18429,6/21/2023,33,46602.04,2023,FORD,EXPLORER
7/24/2023,CF,CFABZJ,164961,1,NEW,"SMYRNA-F, LLC",1FM5K8AC1PGA33349,6/21/2023,33,45616.64,2023,FORD,EXPLORER
7/24/2023,CF,CFABZJ,164961,1,NEW,"SMYRNA-F, LLC",1FM5K8AC1PGA33576,6/21/2023,33,45839.64,2023,FORD,EXPLORER
7/24/2023,CF,CFABZJ,164961,1,NEW,"SMYRNA-F, LLC",1FM5K8AC1PGA33870,6/21/2023,33,45616.64,2023,FORD,EXPLORER
7/24/2023,CF,CFABZJ,164961,1,NEW,"SMYRNA-F, LLC",1FM5K8AC1PGA33934,6/21/2023,33,45839.64,2023,FORD,EXPLORER
7/24/2023,CF,CFABZJ,164961,1,NEW,"SMYRNA-F, LLC",1FM5K8AC1PGA35019,6/21/2023,33,45840.04,2023,FORD,EXPLORER
7/24/2023,CF,CFABZJ,164961,1,NEW,"SMYRNA-F, LLC",1FM5K8AC1PGA35554,6/21/2023,33,47102.64,2023,FORD,EXPLORER
7/24/2023,CF,CFABZJ,164961,1,NEW,"SMYRNA-F, LLC",1FM5K8AC1PGA79277,6/21/2023,33,46253.64,2023,FORD,EXPLORER
7/24/2023,CF,CFABZJ,164961,1,NEW,"SMYRNA-F, LLC",1FM5K8AC1PGA79294,6/21/2023,33,45839.64,2023,FORD,EXPLORER
7/24/2023,CF,CFABZJ,164961,1,NEW,"SMYRNA-F, LLC",1FM5K8AC1PGA79313,6/21/2023,33,45040.64,2023,FORD,EXPLORER
7/24/2023,CF,CFABZJ,164961,1,NEW,"SMYRNA-F, LLC",1FM5K8AC1PGA79358,6/21/2023,33,45830.64,2023,FORD,EXPLORER
7/24/2023,CF,CFABZJ,164961,1,NEW,"SMYRNA-F, LLC",1FM5K8AC1PGA79523,6/21/2023,33,46253.64,2023,FORD,EXPLORER
7/24/2023,CF,CFABZJ,164961,1,NEW,"SMYRNA-F, LLC",1FM5K8AC1PGB03688,7/16/2023,8,45839.64,2023,FORD,EXPLORER
7/24/2023,CF,CFABZJ,164961,1,NEW,"SMYRNA-F, LLC",1FM5K8AC1PGB03710,7/10/2023,14,45839.64,2023,FORD,EXPLORER
7/24/2023,CF,CFABZJ,164961,1,NEW,"SMYRNA-F, LLC",1FM5K8AC2PGA33330,6/21/2023,33,45839.64,2023,FORD,EXPLORER
7/24/2023,CF,CFABZJ,164961,1,NEW,"SMYRNA-F, LLC",1FM5K8AC2PGA33716,6/21/2023,33,45839.64,2023,FORD,EXPLORER
7/24/2023,CF,CFABZJ,164961,1,NEW,"SMYRNA-F, LLC",1FM5K8AC2PGA33800,6/21/2023,33,45839.64,2023,FORD,EXPLORER
7/24/2023,CF,CFABZJ,164961,1,NEW,"SMYRNA-F, LLC",1FM5K8AC2PGA33893,6/21/2023,33,45839.64,2023,FORD,EXPLORER
7/24/2023,CF,CFABZJ,164961,1,NEW,"SMYRNA-F, LLC",1FM5K8AC2PGA33912,6/21/2023,33,45616.64,2023,FORD,EXPLORER
7/24/2023,CF,CFABZJ,164961,1,NEW,"SMYRNA-F, LLC",1FM5K8AC2PGA33957,6/21/2023,33,45839.64,2023,FORD,EXPLORER
7/24/2023,CF,CFABZJ,164961,1,NEW,"SMYRNA-F, LLC",1FM5K8AC2PGA35014,6/21/2023,33,47102.64,2023,FORD,EXPLORER
7/24/2023,CF,CFABZJ,164961,1,NEW,"SMYRNA-F, LLC",1FM5K8AC2PGA35630,6/21/2023,33,47102.64,2023,FORD,EXPLORER
7/24/2023,CF,CFABZJ,164961,1,NEW,"SMYRNA-F, LLC",1FM5K8AC2PGA79272,6/21/2023,33,46253.64,2023,FORD,EXPLORER
7/24/2023,CF,CFABZJ,164961,1,NEW,"SMYRNA-F, LLC",1FM5K8AC2PGA79482,6/21/2023,33,46253.64,2023,FORD,EXPLORER
7/24/2023,CF,CFABZJ,164961,1,NEW,"SMYRNA-F, LLC",1FM5K8AC2PGA79658,6/21/2023,33,45839.64,2023,FORD,EXPLORER
7/24/2023,CF,CFABZJ,164961,1,NEW,"SMYRNA-F, LLC",1FM5K8AC2PGA81541,6/21/2023,33,45093.64,2023,FORD,EXPLORER
7/24/2023,CF,CFABZJ,164961,1,NEW,"SMYRNA-F, LLC",1FM5K8AC2PGB03683,7/10/2023,14,45839.64,2023,FORD,EXPLORER
7/24/2023,CF,CFABZJ,164961,1,NEW,"SMYRNA-F, LLC",1FM5K8AC2PGB03716,7/15/2023,9,45839.64,2023,FORD,EXPLORER
7/24/2023,CF,CFABZJ,164961,1,NEW,"SMYRNA-F, LLC",1FM5K8AC3PGA33689,6/21/2023,33,45839.64,2023,FORD,EXPLORER
7/24/2023,CF,CFABZJ,164961,1,NEW,"SMYRNA-F, LLC",1FM5K8AC3PGA33773,6/21/2023,33,45839.64,2023,FORD,EXPLORER
7/24/2023,CF,CFABZJ,164961,1,NEW,"SMYRNA-F, LLC",1FM5K8AC3PGA33868,6/21/2023,33,45616.64,2023,FORD,EXPLORER
7/24/2023,CF,CFABZJ,164961,1,NEW,"SMYRNA-F, LLC",1FM5K8AC3PGA79281,6/21/2023,33,45839.64,2023,FORD,EXPLORER
7/24/2023,CF,CFABZJ,164961,1,NEW,"SMYRNA-F, LLC",1FM5K8AC3PGA79300,6/21/2023,33,45839.64,2023,FORD,EXPLORER
7/24/2023,CF,CFABZJ,164961,1,NEW,"SMYRNA-F, LLC",1FM5K8AC3PGA79619,6/21/2023,33,45839.64,2023,FORD,EXPLORER
7/24/2023,CF,CFABZJ,164961,1,NEW,"SMYRNA-F, LLC",1FM5K8AC3PGA79684,6/26/2023,28,45839.64,2023,FORD,EXPLORER
7/24/2023,CF,CFABZJ,164961,1,NEW,"SMYRNA-F, LLC",1FM5K8AC3PGA79765,6/21/2023,33,45839.64,2023,FORD,EXPLORER
7/24/2023,CF,CFABZJ,164961,1,NEW,"SMYRNA-F, LLC",1FM5K8AC3PGA79863,6/21/2023,33,45839.64,2023,FORD,EXPLORER
7/24/2023,CF,CFABZJ,164961,1,NEW,"SMYRNA-F, LLC",1FM5K8AC4NGB37573,6/21/2023,33,37181.34,2022,FORD,EXPLORER
7/24/2023,CF,CFABZJ,164961,1,NEW,"SMYRNA-F, LLC",1FM5K8AC4PGA33846,6/21/2023,33,45839.64,2023,FORD,EXPLORER
7/24/2023,CF,CFABZJ,164961,1,NEW,"SMYRNA-F, LLC",1FM5K8AC4PGA33880,6/21/2023,33,45839.64,2023,FORD,EXPLORER
7/24/2023,CF,CFABZJ,164961,1,NEW,"SMYRNA-F, LLC",1FM5K8AC4PGA33913,6/21/2023,33,45839.64,2023,FORD,EXPLORER
7/24/2023,CF,CFABZJ,164961,1,NEW,"SMYRNA-F, LLC",1FM5K8AC4PGA33930,6/21/2023,33,45839.64,2023,FORD,EXPLORER
7/24/2023,CF,CFABZJ,164961,1,NEW,"SMYRNA-F, LLC",1FM5K8AC4PGA35161,6/21/2023,33,47102.64,2023,FORD,EXPLORER
7/24/2023,CF,CFABZJ,164961,1,NEW,"SMYRNA-F, LLC",1FM5K8AC4PGA79483,6/21/2023,33,45839.64,2023,FORD,EXPLORER
7/24/2023,CF,CFABZJ,164961,1,NEW,"SMYRNA-F, LLC",1FM5K8AC4PGA79564,6/21/2023,33,46190.64,2023,FORD,EXPLORER
7/24/2023,CF,CFABZJ,164961,1,NEW,"SMYRNA-F, LLC",1FM5K8AC4PGA79645,6/21/2023,33,46408.64,2023,FORD,EXPLORER
7/24/2023,CF,CFABZJ,164961,1,NEW,"SMYRNA-F, LLC",1FM5K8AC4PGA79676,6/29/2023,25,45839.64,2023,FORD,EXPLORER
7/24/2023,CF,CFABZJ,164961,1,NEW,"SMYRNA-F, LLC",1FM5K8AC4PGA80018,6/21/2023,33,45839.64,2023,FORD,EXPLORER
7/24/2023,CF,CFABZJ,164961,1,NEW,"SMYRNA-F, LLC",1FM5K8AC4PGA81069,6/22/2023,32,44286.64,2023,FORD,EXPLORER
7/24/2023,CF,CFABZJ,164961,1,NEW,"SMYRNA-F, LLC",1FM5K8AC4PGA81721,6/21/2023,33,45027.64,2023,FORD,EXPLORER
7/24/2023,CF,CFABZJ,164961,1,NEW,"SMYRNA-F, LLC",1FM5K8AC4PGA81766,6/21/2023,33,45027.64,2023,FORD,EXPLORER
7/24/2023,CF,CFABZJ,164961,1,NEW,"SMYRNA-F, LLC",1FM5K8AC4PGA81797,6/21/2023,33,47286.64,2023,FORD,EXPLORER
7/24/2023,CF,CFABZJ,164961,1,NEW,"SMYRNA-F, LLC",1FM5K8AC4PGA81931,6/21/2023,33,47286.64,2023,FORD,EXPLORER
7/24/2023,CF,CFABZJ,164961,1,NEW,"SMYRNA-F, LLC",1FM5K8AC4PGB03684,7/11/2023,13,45839.64,2023,FORD,EXPLORER
7/24/2023,CF,CFABZJ,164961,1,NEW,"SMYRNA-F, LLC",1FM5K8AC4PGB03698,7/11/2023,13,45839.64,2023,FORD,EXPLORER
7/24/2023,CF,CFABZJ,164961,1,NEW,"SMYRNA-F, LLC",1FM5K8AC4PGB03703,7/15/2023,9,45839.64,2023,FORD,EXPLORER
7/24/2023,CF,CFABZJ,164961,1,NEW,"SMYRNA-F, LLC",1FM5K8AC4PGB03720,7/11/2023,13,45839.64,2023,FORD,EXPLORER
7/24/2023,CF,CFABZJ,164961,1,NEW,"SMYRNA-F, LLC",1FM5K8AC4PGB03734,7/10/2023,14,45839.64,2023,FORD,EXPLORER
7/24/2023,CF,CFABZJ,164961,1,NEW,"SMYRNA-F, LLC",1FM5K8AC4PGB03782,7/15/2023,9,45839.64,2023,FORD,EXPLORER
7/24/2023,CF,CFABZJ,164961,1,NEW,"SMYRNA-F, LLC",1FM5K8AC4PGB03796,7/10/2023,14,45839.64,2023,FORD,EXPLORER
7/24/2023,CF,CFABZJ,164961,1,NEW,"SMYRNA-F, LLC",1FM5K8AC5PGA33211,6/21/2023,33,45830.64,2023,FORD,EXPLORER
7/24/2023,CF,CFABZJ,164961,1,NEW,"SMYRNA-F, LLC",1FM5K8AC5PGA33838,6/21/2023,33,45839.64,2023,FORD,EXPLORER
7/24/2023,CF,CFABZJ,164961,1,NEW,"SMYRNA-F, LLC",1FM5K8AC5PGA79489,6/21/2023,33,45040.64,2023,FORD,EXPLORER
7/24/2023,CF,CFABZJ,164961,1,NEW,"SMYRNA-F, LLC",1FM5K8AC5PGA79573,6/21/2023,33,45040.64,2023,FORD,EXPLORER
7/24/2023,CF,CFABZJ,164961,1,NEW,"SMYRNA-F, LLC",1FM5K8AC5PGA79671,6/21/2023,33,45678.64,2023,FORD,EXPLORER
7/24/2023,CF,CFABZJ,164961,1,NEW,"SMYRNA-F, LLC",1FM5K8AC5PGA79718,6/21/2023,33,46588.64,2023,FORD,EXPLORER
7/24/2023,CF,CFABZJ,164961,1,NEW,"SMYRNA-F, LLC",1FM5K8AC5PGA81453,7/8/2023,16,45027.64,2023,FORD,EXPLORER
7/24/2023,CF,CFABZJ,164961,1,NEW,"SMYRNA-F, LLC",1FM5K8AC5PGB03726,7/18/2023,6,45839.64,2023,FORD,EXPLORER
7/24/2023,CF,CFABZJ,164961,1,NEW,"SMYRNA-F, LLC",1FM5K8AC5PGB03743,7/18/2023,6,45839.64,2023,FORD,EXPLORER
7/24/2023,CF,CFABZJ,164961,1,NEW,"SMYRNA-F, LLC",1FM5K8AC6PGA17566,6/21/2023,33,47737.04,2023,FORD,EXPLORER
7/24/2023,CF,CFABZJ,164961,1,NEW,"SMYRNA-F, LLC",1FM5K8AC6PGA33640,6/21/2023,33,45839.64,2023,FORD,EXPLORER
7/24/2023,CF,CFABZJ,164961,1,NEW,"SMYRNA-F, LLC",1FM5K8AC6PGA35582,6/21/2023,33,47102.64,2023,FORD,EXPLORER
7/24/2023,CF,CFABZJ,164961,1,NEW,"SMYRNA-F, LLC",1FM5K8AC6PGA63382,6/21/2023,33,45093.64,2023,FORD,EXPLORER
7/24/2023,CF,CFABZJ,164961,1,NEW,"SMYRNA-F, LLC",1FM5K8AC6PGA79548,6/26/2023,28,45839.64,2023,FORD,EXPLORER
7/24/2023,CF,CFABZJ,164961,1,NEW,"SMYRNA-F, LLC",1FM5K8AC6PGA82031,6/21/2023,33,47286.64,2023,FORD,EXPLORER
7/24/2023,CF,CFABZJ,164961,1,NEW,"SMYRNA-F, LLC",1FM5K8AC6PGB03704,7/16/2023,8,45839.64,2023,FORD,EXPLORER
7/24/2023,CF,CFABZJ,164961,1,NEW,"SMYRNA-F, LLC",1FM5K8AC7PGA33324,6/21/2023,33,45616.64,2023,FORD,EXPLORER
7/24/2023,CF,CFABZJ,164961,1,NEW,"SMYRNA-F, LLC",1FM5K8AC7PGA33503,6/21/2023,33,45616.64,2023,FORD,EXPLORER
7/24/2023,CF,CFABZJ,164961,1,NEW,"SMYRNA-F, LLC",1FM5K8AC7PGA33873,6/21/2023,33,45839.64,2023,FORD,EXPLORER
7/24/2023,CF,CFABZJ,164961,1,NEW,"SMYRNA-F, LLC",1FM5K8AC7PGA34084,6/21/2023,33,45830.64,2023,FORD,EXPLORER
7/24/2023,CF,CFABZJ,164961,1,NEW,"SMYRNA-F, LLC",1FM5K8AC7PGA35106,6/21/2023,33,45840.04,2023,FORD,EXPLORER
7/24/2023,CF,CFABZJ,164961,1,NEW,"SMYRNA-F, LLC",1FM5K8AC7PGA35249,6/21/2023,33,47102.64,2023,FORD,EXPLORER
7/24/2023,CF,CFABZJ,164961,1,NEW,"SMYRNA-F, LLC",1FM5K8AC7PGA63472,6/21/2023,33,45093.64,2023,FORD,EXPLORER
7/24/2023,CF,CFABZJ,164961,1,NEW,"SMYRNA-F, LLC",1FM5K8AC7PGA79297,6/21/2023,33,45839.64,2023,FORD,EXPLORER
7/24/2023,CF,CFABZJ,164961,1,NEW,"SMYRNA-F, LLC",1FM5K8AC7PGA79378,6/21/2023,33,45040.64,2023,FORD,EXPLORER
7/24/2023,CF,CFABZJ,164961,1,NEW,"SMYRNA-F, LLC",1FM5K8AC7PGA79655,6/21/2023,33,46253.64,2023,FORD,EXPLORER
7/24/2023,CF,CFABZJ,164961,1,NEW,"SMYRNA-F, LLC",1FM5K8AC7PGA80076,6/26/2023,28,45830.64,2023,FORD,EXPLORER
7/24/2023,CF,CFABZJ,164961,1,NEW,"SMYRNA-F, LLC",1FM5K8AC7PGA81714,6/21/2023,33,44286.64,2023,FORD,EXPLORER
7/24/2023,CF,CFABZJ,164961,1,NEW,"SMYRNA-F, LLC",1FM5K8AC7PGA82166,6/21/2023,33,47286.64,2023,FORD,EXPLORER
7/24/2023,CF,CFABZJ,164961,1,NEW,"SMYRNA-F, LLC",1FM5K8AC7PGB03680,7/10/2023,14,45839.64,2023,FORD,EXPLORER
7/24/2023,CF,CFABZJ,164961,1,NEW,"SMYRNA-F, LLC",1FM5K8AC7PGB03694,7/11/2023,13,45839.64,2023,FORD,EXPLORER
7/24/2023,CF,CFABZJ,164961,1,NEW,"SMYRNA-F, LLC",1FM5K8AC8PGA33929,6/21/2023,33,45839.64,2023,FORD,EXPLORER
7/24/2023,CF,CFABZJ,164961,1,NEW,"SMYRNA-F, LLC",1FM5K8AC8PGA79308,6/21/2023,33,45678.64,2023,FORD,EXPLORER
7/24/2023,CF,CFABZJ,164961,1,NEW,"SMYRNA-F, LLC",1FM5K8AC8PGA79647,6/21/2023,33,45040.64,2023,FORD,EXPLORER
7/24/2023,CF,CFABZJ,164961,1,NEW,"SMYRNA-F, LLC",1FM5K8AC8PGA79731,6/21/2023,33,45839.64,2023,FORD,EXPLORER
7/24/2023,CF,CFABZJ,164961,1,NEW,"SMYRNA-F, LLC",1FM5K8AC8PGB03705,7/10/2023,14,45839.64,2023,FORD,EXPLORER
7/24/2023,CF,CFABZJ,164961,1,NEW,"SMYRNA-F, LLC",1FM5K8AC8PGB03736,7/11/2023,13,45839.64,2023,FORD,EXPLORER
7/24/2023,CF,CFABZJ,164961,1,NEW,"SMYRNA-F, LLC",1FM5K8AC9PGA33258,6/21/2023,33,45839.64,2023,FORD,EXPLORER
7/24/2023,CF,CFABZJ,164961,1,NEW,"SMYRNA-F, LLC",1FM5K8AC9PGA33633,6/21/2023,33,45839.64,2023,FORD,EXPLORER
7/24/2023,CF,CFABZJ,164961,1,NEW,"SMYRNA-F, LLC",1FM5K8AC9PGA33728,6/21/2023,33,45839.64,2023,FORD,EXPLORER
7/24/2023,CF,CFABZJ,164961,1,NEW,"SMYRNA-F, LLC",1FM5K8AC9PGA33745,6/21/2023,33,45830.64,2023,FORD,EXPLORER
7/24/2023,CF,CFABZJ,164961,1,NEW,"SMYRNA-F, LLC",1FM5K8AC9PGA33809,6/21/2023,33,45839.64,2023,FORD,EXPLORER
7/24/2023,CF,CFABZJ,164961,1,NEW,"SMYRNA-F, LLC",1FM5K8AC9PGA34121,6/21/2023,33,45839.64,2023,FORD,EXPLORER
7/24/2023,CF,CFABZJ,164961,1,NEW,"SMYRNA-F, LLC",1FM5K8AC9PGA34152,6/21/2023,33,45839.64,2023,FORD,EXPLORER
7/24/2023,CF,CFABZJ,164961,1,NEW,"SMYRNA-F, LLC",1FM5K8AC9PGA35219,6/21/2023,33,45840.04,2023,FORD,EXPLORER
7/24/2023,CF,CFABZJ,164961,1,NEW,"SMYRNA-F, LLC",1FM5K8AC9PGA35933,6/21/2023,33,45839.64,2023,FORD,EXPLORER
7/24/2023,CF,CFABZJ,164961,1,NEW,"SMYRNA-F, LLC",1FM5K8AC9PGA62971,6/21/2023,33,40314.04,2023,FORD,EXPLORER
7/24/2023,CF,CFABZJ,164961,1,NEW,"SMYRNA-F, LLC",1FM5K8AC9PGA79270,6/21/2023,33,45839.64,2023,FORD,EXPLORER
7/24/2023,CF,CFABZJ,164961,1,NEW,"SMYRNA-F, LLC",1FM5K8AC9PGA79317,6/21/2023,33,46253.64,2023,FORD,EXPLORER
7/24/2023,CF,CFABZJ,164961,1,NEW,"SMYRNA-F, LLC",1FM5K8AC9PGA79477,6/21/2023,33,46190.64,2023,FORD,EXPLORER
7/24/2023,CF,CFABZJ,164961,1,NEW,"SMYRNA-F, LLC",1FM5K8AC9PGA79642,6/21/2023,33,45839.64,2023,FORD,EXPLORER
7/24/2023,CF,CFABZJ,164961,1,NEW,"SMYRNA-F, LLC",1FM5K8AC9PGA79737,6/21/2023,33,46253.64,2023,FORD,EXPLORER
7/24/2023,CF,CFABZJ,164961,1,NEW,"SMYRNA-F, LLC",1FM5K8AC9PGA80015,6/21/2023,33,45839.64,2023,FORD,EXPLORER
7/24/2023,CF,CFABZJ,164961,1,NEW,"SMYRNA-F, LLC",1FM5K8AC9PGA81942,6/26/2023,28,45027.64,2023,FORD,EXPLORER
7/24/2023,CF,CFABZJ,164961,1,NEW,"SMYRNA-F, LLC",1FM5K8AC9PGB03681,7/16/2023,8,45839.64,2023,FORD,EXPLORER
7/24/2023,CF,CFABZJ,164961,1,NEW,"SMYRNA-F, LLC",1FM5K8AC9PGB03695,7/10/2023,14,45839.64,2023,FORD,EXPLORER
7/24/2023,CF,CFABZJ,164961,1,NEW,"SMYRNA-F, LLC",1FM5K8AC9PGB03700,7/15/2023,9,45839.64,2023,FORD,EXPLORER
7/24/2023,CF,CFABZJ,164961,1,NEW,"SMYRNA-F, LLC",1FM5K8AC9PGB03809,7/11/2023,13,45839.64,2023,FORD,EXPLORER
7/24/2023,CF,CFABZJ,164961,1,NEW,"SMYRNA-F, LLC",1FM5K8ACXPGA18459,6/21/2023,33,46602.04,2023,FORD,EXPLORER
7/24/2023,CF,CFABZJ,164961,1,NEW,"SMYRNA-F, LLC",1FM5K8ACXPGA33124,6/21/2023,33,45839.64,2023,FORD,EXPLORER
7/24/2023,CF,CFABZJ,164961,1,NEW,"SMYRNA-F, LLC",1FM5K8ACXPGA33429,6/21/2023,33,45616.64,2023,FORD,EXPLORER
7/24/2023,CF,CFABZJ,164961,1,NEW,"SMYRNA-F, LLC",1FM5K8ACXPGA33852,6/21/2023,33,45839.64,2023,FORD,EXPLORER
7/24/2023,CF,CFABZJ,164961,1,NEW,"SMYRNA-F, LLC",1FM5K8ACXPGA34144,6/21/2023,33,45839.64,2023,FORD,EXPLORER
7/24/2023,CF,CFABZJ,164961,1,NEW,"SMYRNA-F, LLC",1FM5K8ACXPGA35147,6/21/2023,33,47102.64,2023,FORD,EXPLORER
7/24/2023,CF,CFABZJ,164961,1,NEW,"SMYRNA-F, LLC",1FM5K8ACXPGA79584,6/21/2023,33,45839.64,2023,FORD,EXPLORER
7/24/2023,CF,CFABZJ,164961,1,NEW,"SMYRNA-F, LLC",1FM5K8ACXPGA79620,6/21/2023,33,45839.64,2023,FORD,EXPLORER
7/24/2023,CF,CFABZJ,164961,1,NEW,"SMYRNA-F, LLC",1FM5K8ACXPGA79679,6/21/2023,33,46253.64,2023,FORD,EXPLORER
7/24/2023,CF,CFABZJ,164961,1,NEW,"SMYRNA-F, LLC",1FM5K8ACXPGB03687,7/16/2023,8,45839.64,2023,FORD,EXPLORER
7/24/2023,CF,CFABZJ,164961,1,NEW,"SMYRNA-F, LLC",1FM5K8ACXPGB03690,7/10/2023,14,45839.64,2023,FORD,EXPLORER
7/24/2023,CF,CFABZJ,164961,1,NEW,"SMYRNA-F, LLC",1FM5K8ACXPGB03706,7/11/2023,13,45839.64,2023,FORD,EXPLORER
7/24/2023,CF,CFABZJ,164961,1,NEW,"SMYRNA-F, LLC",1FM5K8ACXPGB03754,7/10/2023,14,45839.64,2023,FORD,EXPLORER
7/24/2023,CF,CFABZJ,164961,1,NEW,"SMYRNA-F, LLC",1FM5K8AW0NNA14729,6/21/2023,33,35955.04,2022,FORD,EXPLORER
7/24/2023,CF,CFABZJ,164961,1,NEW,"SMYRNA-F, LLC",1FM5K8AW0PNA02325,6/21/2023,33,44849.04,2023,FORD,EXPLORER
7/24/2023,CF,CFABZJ,164961,1,NEW,"SMYRNA-F, LLC",1FM5K8AW0PNA03653,6/21/2023,33,44491.64,2023,FORD,EXPLORER
7/24/2023,CF,CFABZJ,164961,1,NEW,"SMYRNA-F, LLC",1FM5K8AW0PNA04754,7/12/2023,12,43461.64,2023,FORD,EXPLORER
7/24/2023,CF,CFABZJ,164961,1,NEW,"SMYRNA-F, LLC",1FM5K8AW1PNA02477,6/21/2023,33,44849.04,2023,FORD,EXPLORER
7/24/2023,CF,CFABZJ,164961,1,NEW,"SMYRNA-F, LLC",1FM5K8AW1PNA03726,6/21/2023,33,43461.64,2023,FORD,EXPLORER
7/24/2023,CF,CFABZJ,164961,1,NEW,"SMYRNA-F, LLC",1FM5K8AW1PNA04729,6/21/2023,33,43461.64,2023,FORD,EXPLORER
7/24/2023,CF,CFABZJ,164961,1,NEW,"SMYRNA-F, LLC",1FM5K8AW1PNA04780,6/26/2023,28,43461.64,2023,FORD,EXPLORER
7/24/2023,CF,CFABZJ,164961,1,NEW,"SMYRNA-F, LLC",1FM5K8AW2NNA14733,6/21/2023,33,35955.04,2022,FORD,EXPLORER
7/24/2023,CF,CFABZJ,164961,1,NEW,"SMYRNA-F, LLC",1FM5K8AW2PNA02472,6/21/2023,33,44849.04,2023,FORD,EXPLORER
7/24/2023,CF,CFABZJ,164961,1,NEW,"SMYRNA-F, LLC",1FM5K8AW2PNA03640,6/21/2023,33,43461.64,2023,FORD,EXPLORER
7/24/2023,CF,CFABZJ,164961,1,NEW,"SMYRNA-F, LLC",1FM5K8AW2PNA03749,6/21/2023,33,44491.64,2023,FORD,EXPLORER
7/24/2023,CF,CFABZJ,164961,1,NEW,"SMYRNA-F, LLC",1FM5K8AW2PNA04755,7/8/2023,16,43461.64,2023,FORD,EXPLORER
7/24/2023,CF,CFABZJ,164961,1,NEW,"SMYRNA-F, LLC",1FM5K8AW2PNA04853,7/23/2023,1,43635.64,2023,FORD,EXPLORER
7/24/2023,CF,CFABZJ,164961,1,NEW,"SMYRNA-F, LLC",1FM5K8AW2PNA04884,7/23/2023,1,43635.64,2023,FORD,EXPLORER
7/24/2023,CF,CFABZJ,164961,1,NEW,"SMYRNA-F, LLC",1FM5K8AW3PNA02478,6/21/2023,33,44849.04,2023,FORD,EXPLORER
7/24/2023,CF,CFABZJ,164961,1,NEW,"SMYRNA-F, LLC",1FM5K8AW3PNA03727,6/21/2023,33,43461.64,2023,FORD,EXPLORER
7/24/2023,CF,CFABZJ,164961,1,NEW,"SMYRNA-F, LLC",1FM5K8AW3PNA04750,7/8/2023,16,43461.64,2023,FORD,EXPLORER
7/24/2023,CF,CFABZJ,164961,1,NEW,"SMYRNA-F, LLC",1FM5K8AW3PNA04831,7/23/2023,1,43635.64,2023,FORD,EXPLORER
7/24/2023,CF,CFABZJ,164961,1,NEW,"SMYRNA-F, LLC",1FM5K8AW4NNA14166,6/21/2023,33,36179.88,2022,FORD,EXPLORER
7/24/2023,CF,CFABZJ,164961,1,NEW,"SMYRNA-F, LLC",1FM5K8AW4PNA03736,6/21/2023,33,43461.64,2023,FORD,EXPLORER
7/24/2023,CF,CFABZJ,164961,1,NEW,"SMYRNA-F, LLC",1FM5K8AW4PNA04711,7/8/2023,16,43461.64,2023,FORD,EXPLORER
7/24/2023,CF,CFABZJ,164961,1,NEW,"SMYRNA-F, LLC",1FM5K8AW4PNA04773,7/12/2023,12,43461.64,2023,FORD,EXPLORER
7/24/2023,CF,CFABZJ,164961,1,NEW,"SMYRNA-F, LLC",1FM5K8AW4PNA04790,7/8/2023,16,43461.64,2023,FORD,EXPLORER
7/24/2023,CF,CFABZJ,164961,1,NEW,"SMYRNA-F, LLC",1FM5K8AW4PNA04823,7/8/2023,16,43461.64,2023,FORD,EXPLORER
7/24/2023,CF,CFABZJ,164961,1,NEW,"SMYRNA-F, LLC",1FM5K8AW4PNA04840,7/23/2023,1,43635.64,2023,FORD,EXPLORER
7/24/2023,CF,CFABZJ,164961,1,NEW,"SMYRNA-F, LLC",1FM5K8AW5NNA14399,6/21/2023,33,38018.88,2022,FORD,EXPLORER
7/24/2023,CF,CFABZJ,164961,1,NEW,"SMYRNA-F, LLC",1FM5K8AW5NNA14726,6/21/2023,33,35955.04,2022,FORD,EXPLORER
7/24/2023,CF,CFABZJ,164961,1,NEW,"SMYRNA-F, LLC",1FM5K8AW5NNA14757,6/21/2023,33,35955.04,2022,FORD,EXPLORER
7/24/2023,CF,CFABZJ,164961,1,NEW,"SMYRNA-F, LLC",1FM5K8AW5PNA00165,6/21/2023,33,47740.04,2023,FORD,EXPLORER
7/24/2023,CF,CFABZJ,164961,1,NEW,"SMYRNA-F, LLC",1FM5K8AW5PNA02465,6/21/2023,33,44849.04,2023,FORD,EXPLORER
7/24/2023,CF,CFABZJ,164961,1,NEW,"SMYRNA-F, LLC",1FM5K8AW5PNA03499,6/21/2023,33,46847.64,2023,FORD,EXPLORER
7/24/2023,CF,CFABZJ,164961,1,NEW,"SMYRNA-F, LLC",1FM5K8AW5PNA04829,7/13/2023,11,43590.64,2023,FORD,EXPLORER
7/24/2023,CF,CFABZJ,164961,1,NEW,"SMYRNA-F, LLC",1FM5K8AW6PNA03463,6/21/2023,33,47739.64,2023,FORD,EXPLORER
7/24/2023,CF,CFABZJ,164961,1,NEW,"SMYRNA-F, LLC",1FM5K8AW6PNA04807,7/10/2023,14,43461.64,2023,FORD,EXPLORER
7/24/2023,CF,CFABZJ,164961,1,NEW,"SMYRNA-F, LLC",1FM5K8AW6PNA04838,7/13/2023,11,43635.64,2023,FORD,EXPLORER
7/24/2023,CF,CFABZJ,164961,1,NEW,"SMYRNA-F, LLC",1FM5K8AW7NNA14744,6/21/2023,33,35955.04,2022,FORD,EXPLORER
7/24/2023,CF,CFABZJ,164961,1,NEW,"SMYRNA-F, LLC",1FM5K8AW7PNA00183,6/21/2023,33,47597.04,2023,FORD,EXPLORER
7/24/2023,CF,CFABZJ,164961,1,NEW,"SMYRNA-F, LLC",1FM5K8AW7PNA03374,6/21/2023,33,48258.64,2023,FORD,EXPLORER
7/24/2023,CF,CFABZJ,164961,1,NEW,"SMYRNA-F, LLC",1FM5K8AW7PNA03729,6/21/2023,33,43461.64,2023,FORD,EXPLORER
7/24/2023,CF,CFABZJ,164961,1,NEW,"SMYRNA-F, LLC",1FM5K8AW7PNA04752,7/8/2023,16,43461.64,2023,FORD,EXPLORER
7/24/2023,CF,CFABZJ,164961,1,NEW,"SMYRNA-F, LLC",1FM5K8AW8NNA14753,6/21/2023,33,35955.04,2022,FORD,EXPLORER
7/24/2023,CF,CFABZJ,164961,1,NEW,"SMYRNA-F, LLC",1FM5K8AW8PNA02492,6/21/2023,33,47740.04,2023,FORD,EXPLORER
7/24/2023,CF,CFABZJ,164961,1,NEW,"SMYRNA-F, LLC",1FM5K8AW8PNA03531,6/21/2023,33,46847.64,2023,FORD,EXPLORER
7/24/2023,CF,CFABZJ,164961,1,NEW,"SMYRNA-F, LLC",1FM5K8AW8PNA03559,6/21/2023,33,46847.64,2023,FORD,EXPLORER
7/24/2023,CF,CFABZJ,164961,1,NEW,"SMYRNA-F, LLC",1FM5K8AW8PNA04789,7/8/2023,16,43461.64,2023,FORD,EXPLORER
7/24/2023,CF,CFABZJ,164961,1,NEW,"SMYRNA-F, LLC",1FM5K8AW9NNA14728,6/21/2023,33,35955.04,2022,FORD,EXPLORER
7/24/2023,CF,CFABZJ,164961,1,NEW,"SMYRNA-F, LLC",1FM5K8AW9PNA04882,7/13/2023,11,43635.64,2023,FORD,EXPLORER
7/24/2023,CF,CFABZJ,164961,1,NEW,"SMYRNA-F, LLC",1FM5K8AWXNNA14754,6/21/2023,33,35955.04,2022,FORD,EXPLORER
7/24/2023,CF,CFABZJ,164961,1,NEW,"SMYRNA-F, LLC",1FM5K8AWXPNA03448,6/21/2023,33,47739.64,2023,FORD,EXPLORER
7/24/2023,CF,CFABZJ,164961,1,NEW,"SMYRNA-F, LLC",1FM5K8GC0PGA61425,6/21/2023,33,59713.72,2023,FORD,EXPLORER
7/24/2023,CF,CFABZJ,164961,1,NEW,"SMYRNA-F, LLC",1FM5K8GC3PGA52945,6/21/2023,33,60741.92,2023,FORD,EXPLORER
7/24/2023,CF,CFABZJ,164961,1,NEW,"SMYRNA-F, LLC",1FMCU0G62NUB33138,6/21/2023,33,27794.88,2022,FORD,ESCAPE
7/24/2023,CF,CFABZJ,164961,1,NEW,"SMYRNA-F, LLC",1FMCU9F6XNUB32177,6/21/2023,33,27076.88,2022,FORD,ESCAPE
7/24/2023,CF,CFABZJ,164961,1,NEW,"SMYRNA-F, LLC",1FMCU9G63NUB54049,6/21/2023,33,28685.88,2022,FORD,ESCAPE
7/24/2023,CF,CFABZJ,164961,1,NEW,"SMYRNA-F, LLC",1FMCU9G64NUB54187,6/21/2023,33,28685.88,2022,FORD,ESCAPE
7/24/2023,CF,CFABZJ,164961,1,NEW,"SMYRNA-F, LLC",1FMCU9G64NUB76609,6/21/2023,33,28685.88,2022,FORD,ESCAPE
7/24/2023,CF,CFABZJ,164961,1,NEW,"SMYRNA-F, LLC",1FMDE5DH1PLB30034,7/11/2023,13,58276.4,2023,FORD,BRONCO
7/24/2023,CF,CFABZJ,164961,1,NEW,"SMYRNA-F, LLC",1FMEE5JR0PLB07412,7/23/2023,1,86706.4,2023,FORD,BRONCO
7/24/2023,CF,CFABZJ,164961,1,NEW,"SMYRNA-F, LLC",1FMJK1G82PEA11980,6/21/2023,33,57904.08,2023,FORD,EXPEDITION
7/24/2023,CF,CFABZJ,164961,1,NEW,"SMYRNA-F, LLC",1FMJK1G84PEA11981,6/21/2023,33,57903.28,2023,FORD,EXPEDITION
7/24/2023,CF,CFABZJ,164961,1,NEW,"SMYRNA-F, LLC",1FMJK1GT1NEA57804,6/21/2023,33,50469.76,2022,FORD,EXPEDITION
7/24/2023,CF,CFABZJ,164961,1,NEW,"SMYRNA-F, LLC",1FMJK1GT6NEA57801,6/21/2023,33,50469.76,2022,FORD,EXPEDITION
7/24/2023,CF,CFABZJ,164961,1,NEW,"SMYRNA-F, LLC",1FMJK1GT8NEA57797,6/21/2023,33,50469.76,2022,FORD,EXPEDITION
7/24/2023,CF,CFABZJ,164961,1,NEW,"SMYRNA-F, LLC",1FMJK1GTXNEA57798,6/21/2023,33,50469.76,2022,FORD,EXPEDITION
7/24/2023,CF,CFABZJ,164961,1,NEW,"SMYRNA-F, LLC",1FMJU1G8XPEA30660,6/21/2023,33,51323.28,2023,FORD,EXPEDITION
7/24/2023,CF,CFABZJ,164961,1,NEW,"SMYRNA-F, LLC",1FMJU1G81PEA30658,6/21/2023,33,51323.28,2023,FORD,EXPEDITION
7/24/2023,CF,CFABZJ,164961,1,NEW,"SMYRNA-F, LLC",1FMJU1G81PEA30661,6/21/2023,33,51323.28,2023,FORD,EXPEDITION
7/24/2023,CF,CFABZJ,164961,1,NEW,"SMYRNA-F, LLC",1FMJU1G82PEA38462,7/10/2023,14,48115.04,2023,FORD,EXPEDITION
7/24/2023,CF,CFABZJ,164961,1,NEW,"SMYRNA-F, LLC",1FMJU1G82PEA38493,7/10/2023,14,51324.04,2023,FORD,EXPEDITION
7/24/2023,CF,CFABZJ,164961,1,NEW,"SMYRNA-F, LLC",1FMJU1G83PEA30659,7/11/2023,13,51323.28,2023,FORD,EXPEDITION
7/24/2023,CF,CFABZJ,164961,1,NEW,"SMYRNA-F, LLC",1FMJU1G83PEA30662,6/21/2023,33,51323.28,2023,FORD,EXPEDITION
7/24/2023,CF,CFABZJ,164961,1,NEW,"SMYRNA-F, LLC",1FMJU1G84PEA38463,7/24/2023,0,48115.04,2023,FORD,EXPEDITION
7/24/2023,CF,CFABZJ,164961,1,NEW,"SMYRNA-F, LLC",1FMJU1G84PEA38494,7/17/2023,7,51324.04,2023,FORD,EXPEDITION
7/24/2023,CF,CFABZJ,164961,1,NEW,"SMYRNA-F, LLC",1FMJU1G85PEA11983,6/21/2023,33,55166.08,2023,FORD,EXPEDITION
7/24/2023,CF,CFABZJ,164961,1,NEW,"SMYRNA-F, LLC",1FMJU1G85PEA30663,7/11/2023,13,51323.28,2023,FORD,EXPEDITION
7/24/2023,CF,CFABZJ,164961,1,NEW,"SMYRNA-F, LLC",1FMJU1G87PEA30664,6/21/2023,33,51323.28,2023,FORD,EXPEDITION
7/24/2023,CF,CFABZJ,164961,1,NEW,"SMYRNA-F, LLC",1FMJU1G89PEA30665,6/22/2023,32,51323.28,2023,FORD,EXPEDITION
7/24/2023,CF,CFABZJ,164961,1,NEW,"SMYRNA-F, LLC",1FMJU1GT6NEA57825,6/21/2023,33,48812.76,2022,FORD,EXPEDITION
7/24/2023,CF,CFABZJ,164961,1,NEW,"SMYRNA-F, LLC",1FMJU1GT7NEA57817,6/21/2023,33,48812.76,2022,FORD,EXPEDITION
7/24/2023,CF,CFABZJ,164961,1,NEW,"SMYRNA-F, LLC",1FMJU1GT7NEA57820,6/21/2023,33,48812.76,2022,FORD,EXPEDITION
7/24/2023,CF,CFABZJ,164961,1,NEW,"SMYRNA-F, LLC",1FMJU1GT9NEA57821,6/21/2023,33,48812.76,2022,FORD,EXPEDITION
7/24/2023,CF,CFABZJ,164961,1,NEW,"SMYRNA-F, LLC",1FMJU1L80PEA32696,7/10/2023,14,81741.75,2023,FORD,EXPEDITION
7/24/2023,CF,CFABZJ,164961,1,NEW,"SMYRNA-F, LLC",1FMJU1L83PEA17626,7/12/2023,12,78817,2023,FORD,EXPEDITION
7/24/2023,CF,CFABZJ,164961,1,NEW,"SMYRNA-F, LLC",1FMJU1L89PEA32695,7/17/2023,7,81018.75,2023,FORD,EXPEDITION
7/24/2023,CF,CFABZJ,164961,1,NEW,"SMYRNA-F, LLC",1FMJU1N89PEA23007,6/21/2023,33,80311,2023,FORD,EXPEDITION
7/24/2023,CF,CFABZJ,164961,1,NEW,"SMYRNA-F, LLC",1FMJU1RG6PEA39473,7/23/2023,1,79880.75,2023,FORD,EXPEDITION
7/24/2023,CF,CFABZJ,164961,1,NEW,"SMYRNA-F, LLC",1FMJU2A86PEA36499,6/21/2023,33,77853,2023,FORD,EXPEDITION
7/24/2023,CF,CFABZJ,164961,1,NEW,"SMYRNA-F, LLC",1FMSK7BH4PGA00904,6/21/2023,33,34872.04,2023,FORD,EXPLORER
7/24/2023,CF,CFABZJ,164961,1,NEW,"SMYRNA-F, LLC",1FMSK7BH5PGA01026,6/21/2023,33,34872.04,2023,FORD,EXPLORER
7/24/2023,CF,CFABZJ,164961,1,NEW,"SMYRNA-F, LLC",1FMSK7BH8PGA00663,6/21/2023,33,34872.04,2023,FORD,EXPLORER
7/24/2023,CF,CFABZJ,164961,1,NEW,"SMYRNA-F, LLC",1FMSK7BH9PGA00526,6/21/2023,33,34872.04,2023,FORD,EXPLORER
7/24/2023,CF,CFABZJ,164961,1,NEW,"SMYRNA-F, LLC",1FMSK7BH9PGA00610,6/21/2023,33,34872.04,2023,FORD,EXPLORER
7/24/2023,CF,CFABZJ,164961,1,NEW,"SMYRNA-F, LLC",1FMSK7BH9PGA00638,6/21/2023,33,34872.04,2023,FORD,EXPLORER
7/24/2023,CF,CFABZJ,164961,1,NEW,"SMYRNA-F, LLC",1FMSK7BHXPGA00874,6/21/2023,33,34872.04,2023,FORD,EXPLORER
7/24/2023,CF,CFABZJ,164961,1,NEW,"SMYRNA-F, LLC",1FMSK7BHXPGA00910,6/21/2023,33,34872.04,2023,FORD,EXPLORER
7/24/2023,CF,CFABZJ,164961,1,NEW,"SMYRNA-F, LLC",1FMSK7DH3PGA72111,6/28/2023,26,45070.08,2023,FORD,EXPLORER
7/24/2023,CF,CFABZJ,164961,1,NEW,"SMYRNA-F, LLC",1FMSK7FH4NGB66895,6/21/2023,33,50657.36,2022,FORD,EXPLORER
7/24/2023,CF,CFABZJ,164961,1,NEW,"SMYRNA-F, LLC",1FMSK8BH3PGA00639,6/21/2023,33,36717.04,2023,FORD,EXPLORER
7/24/2023,CF,CFABZJ,164961,1,NEW,"SMYRNA-F, LLC",1FMSK8BH7PGA00790,6/21/2023,33,36717.04,2023,FORD,EXPLORER
7/24/2023,CF,CFABZJ,164961,1,NEW,"SMYRNA-F, LLC",1FMSK8BH9PGA00922,6/21/2023,33,36717.04,2023,FORD,EXPLORER
7/24/2023,CF,CFABZJ,164961,1,NEW,"SMYRNA-F, LLC",1FMSK8DH0PGA17587,6/21/2023,33,38467.04,2023,FORD,EXPLORER
7/24/2023,CF,CFABZJ,164961,1,NEW,"SMYRNA-F, LLC",1FMSK8DH1PGA17369,6/21/2023,33,41141.04,2023,FORD,EXPLORER
7/24/2023,CF,CFABZJ,164961,1,NEW,"SMYRNA-F, LLC",1FMSK8DH3PGA17423,6/21/2023,33,41141.04,2023,FORD,EXPLORER
7/24/2023,CF,CFABZJ,164961,1,NEW,"SMYRNA-F, LLC",1FMSK8DH4PGA00842,6/21/2023,33,41141.04,2023,FORD,EXPLORER
7/24/2023,CF,CFABZJ,164961,1,NEW,"SMYRNA-F, LLC",1FMSK8DH4PGA17401,6/21/2023,33,41141.04,2023,FORD,EXPLORER
7/24/2023,CF,CFABZJ,164961,1,NEW,"SMYRNA-F, LLC",1FMSK8DH5PGA17374,6/21/2023,33,41141.04,2023,FORD,EXPLORER
7/24/2023,CF,CFABZJ,164961,1,NEW,"SMYRNA-F, LLC",1FMSK8DH5PGA17472,6/21/2023,33,41141.04,2023,FORD,EXPLORER
7/24/2023,CF,CFABZJ,164961,1,NEW,"SMYRNA-F, LLC",1FMSK8DH5PGA17634,6/21/2023,33,41141.04,2023,FORD,EXPLORER
7/24/2023,CF,CFABZJ,164961,1,NEW,"SMYRNA-F, LLC",1FMSK8DH6PGA17397,6/21/2023,33,41141.04,2023,FORD,EXPLORER
7/24/2023,CF,CFABZJ,164961,1,NEW,"SMYRNA-F, LLC",1FMSK8DH8PGA17403,6/21/2023,33,41141.04,2023,FORD,EXPLORER
7/24/2023,CF,CFABZJ,164961,1,NEW,"SMYRNA-F, LLC",1FMSK8DH9PGA17426,6/21/2023,33,38467.04,2023,FORD,EXPLORER
7/24/2023,CF,CFABZJ,164961,1,NEW,"SMYRNA-F, LLC",1FT6W1EV0NWG02730,6/21/2023,33,45722.95,2022,FORD,F-150
7/24/2023,CF,CFABZJ,164961,1,NEW,"SMYRNA-F, LLC",1FT6W1EV5PWG16965,7/24/2023,0,100354,2023,FORD,F-150
7/24/2023,CF,CFABZJ,164961,1,NEW,"SMYRNA-F, LLC",1FT7W2AA0PEC08683,6/21/2023,33,46572.16,2023,FORD,F-250
7/24/2023,CF,CFABZJ,164961,1,NEW,"SMYRNA-F, LLC",1FT7W2AA1PEC08689,6/21/2023,33,46570.56,2023,FORD,F-250
7/24/2023,CF,CFABZJ,164961,1,NEW,"SMYRNA-F, LLC",1FT7W2AA2PEC08684,6/21/2023,33,46572.16,2023,FORD,F-250
7/24/2023,CF,CFABZJ,164961,1,NEW,"SMYRNA-F, LLC",1FT7W2AA4PEC08685,7/5/2023,19,46572.16,2023,FORD,F-250
7/24/2023,CF,CFABZJ,164961,1,NEW,"SMYRNA-F, LLC",1FT7W2AA4PEC44215,6/21/2023,33,45120.56,2023,FORD,F-250
7/24/2023,CF,CFABZJ,164961,1,NEW,"SMYRNA-F, LLC",1FT7W2AA6PEC08686,6/21/2023,33,46572.16,2023,FORD,F-250
7/24/2023,CF,CFABZJ,164961,1,NEW,"SMYRNA-F, LLC",1FT7W2AA6PEC44216,6/21/2023,33,45120.56,2023,FORD,F-250
7/24/2023,CF,CFABZJ,164961,1,NEW,"SMYRNA-F, LLC",1FT7W2AA8PEC08687,6/21/2023,33,46572.16,2023,FORD,F-250
7/24/2023,CF,CFABZJ,164961,1,NEW,"SMYRNA-F, LLC",1FT7W2AA8PEC08690,6/21/2023,33,46572.16,2023,FORD,F-250
7/24/2023,CF,CFABZJ,164961,1,NEW,"SMYRNA-F, LLC",1FT7W2AAXPEC08688,7/11/2023,13,46570.56,2023,FORD,F-250
7/24/2023,CF,CFABZJ,164961,1,NEW,"SMYRNA-F, LLC",1FT7W2AAXPEC08691,6/21/2023,33,46572.16,2023,FORD,F-250
7/24/2023,CF,CFABZJ,164961,1,NEW,"SMYRNA-F, LLC",1FT7W2BAXPEC44217,6/21/2023,33,47656.56,2023,FORD,F-250
7/24/2023,CF,CFABZJ,164961,1,NEW,"SMYRNA-F, LLC",1FT7W2BTXPEC26981,7/12/2023,12,59590.9,2023,FORD,F-250
7/24/2023,CF,CFABZJ,164961,1,NEW,"SMYRNA-F, LLC",1FT7X2A6XNEE90546,6/21/2023,33,37783.36,2022,FORD,F-250
7/24/2023,CF,CFABZJ,164961,1,NEW,"SMYRNA-F, LLC",1FT7X2A61NEF12076,6/21/2023,33,37781.52,2022,FORD,F-250
7/24/2023,CF,CFABZJ,164961,1,NEW,"SMYRNA-F, LLC",1FT7X2A63NEE90551,6/21/2023,33,37783.36,2022,FORD,F-250
7/24/2023,CF,CFABZJ,164961,1,NEW,"SMYRNA-F, LLC",1FT7X2A66NEF12073,6/21/2023,33,37781.52,2022,FORD,F-250
7/24/2023,CF,CFABZJ,164961,1,NEW,"SMYRNA-F, LLC",1FT7X2AA4PEC46334,6/21/2023,33,46848.56,2023,FORD,F-250
7/24/2023,CF,CFABZJ,164961,1,NEW,"SMYRNA-F, LLC",1FT7X2AA6PEC46335,6/21/2023,33,46969.88,2023,FORD,F-250
7/24/2023,CF,CFABZJ,164961,1,NEW,"SMYRNA-F, LLC",1FT7X2AA7PEC51835,6/21/2023,33,46848.56,2023,FORD,F-250
7/24/2023,CF,CFABZJ,164961,1,NEW,"SMYRNA-F, LLC",1FT7X2AA9PEC51836,6/21/2023,33,46969.88,2023,FORD,F-250
7/24/2023,CF,CFABZJ,164961,1,NEW,"SMYRNA-F, LLC",1FT7X2BA7PEC46343,6/21/2023,33,49629.88,2023,FORD,F-250
7/24/2023,CF,CFABZJ,164961,1,NEW,"SMYRNA-F, LLC",1FT7X2BA8PEC28028,6/21/2023,33,49604.88,2023,FORD,F-250
7/24/2023,CF,CFABZJ,164961,1,NEW,"SMYRNA-F, LLC",1FT7X2BA8PEC28031,6/21/2023,33,49604.88,2023,FORD,F-250
7/24/2023,CF,CFABZJ,164961,1,NEW,"SMYRNA-F, LLC",1FT7X2BA8PEC32810,6/27/2023,27,49510.08,2023,FORD,F-250
7/24/2023,CF,CFABZJ,164961,1,NEW,"SMYRNA-F, LLC",1FT7X2BA9PEC46344,6/21/2023,33,49629.88,2023,FORD,F-250
7/24/2023,CF,CFABZJ,164961,1,NEW,"SMYRNA-F, LLC",1FT7X2BAXPEC28029,6/21/2023,33,49508.56,2023,FORD,F-250
7/24/2023,CF,CFABZJ,164961,1,NEW,"SMYRNA-F, LLC",1FT7X2BAXPEC28032,6/21/2023,33,49508.56,2023,FORD,F-250
7/24/2023,CF,CFABZJ,164961,1,NEW,"SMYRNA-F, LLC",1FT8W2BN7PEC15572,6/26/2023,28,56691.68,2023,FORD,F-250
7/24/2023,CF,CFABZJ,164961,1,NEW,"SMYRNA-F, LLC",1FT8W2BT1NEG15431,6/21/2023,33,43070.6,2022,FORD,F-250
7/24/2023,CF,CFABZJ,164961,1,NEW,"SMYRNA-F, LLC",1FT8W3BT7PEC44218,7/2/2023,22,63205.9,2023,FORD,F-350
7/24/2023,CF,CFABZJ,164961,1,NEW,"SMYRNA-F, LLC",1FT8W3CA4PEC26983,7/3/2023,21,47334.56,2023,FORD,F-350
7/24/2023,CF,CFABZJ,164961,1,NEW,"SMYRNA-F, LLC",1FT8W3CA6PEC26984,6/28/2023,26,47334.56,2023,FORD,F-350
7/24/2023,CF,CFABZJ,164961,1,NEW,"SMYRNA-F, LLC",1FT8W3DN6NEG21245,6/21/2023,33,57344.96,2022,FORD,F-350
7/24/2023,CF,CFABZJ,164961,1,NEW,"SMYRNA-F, LLC",1FT8W3DT2PEC44219,6/26/2023,28,62074.9,2023,FORD,F-350
7/24/2023,CF,CFABZJ,164961,1,NEW,"SMYRNA-F, LLC",1FTBF2A64NEF12067,6/21/2023,33,35373.52,2022,FORD,F-250
7/24/2023,CF,CFABZJ,164961,1,NEW,"SMYRNA-F, LLC",1FTBF2A68NEF12069,6/21/2023,33,35373.52,2022,FORD,F-250
7/24/2023,CF,CFABZJ,164961,1,NEW,"SMYRNA-F, LLC",1FTBF2AA0PEC44206,6/21/2023,33,42910.56,2023,FORD,F-250
7/24/2023,CF,CFABZJ,164961,1,NEW,"SMYRNA-F, LLC",1FTBF2AA1PEC44201,6/21/2023,33,42910.56,2023,FORD,F-250
7/24/2023,CF,CFABZJ,164961,1,NEW,"SMYRNA-F, LLC",1FTBF2AA1PEC70992,7/5/2023,19,42859.56,2023,FORD,F-250
7/24/2023,CF,CFABZJ,164961,1,NEW,"SMYRNA-F, LLC",1FTBF2AA2PEC44207,7/17/2023,7,42910.56,2023,FORD,F-250
7/24/2023,CF,CFABZJ,164961,1,NEW,"SMYRNA-F, LLC",1FTBF2AA2PEC44210,7/1/2023,23,42910.56,2023,FORD,F-250
7/24/2023,CF,CFABZJ,164961,1,NEW,"SMYRNA-F, LLC",1FTBF2AA3PEC44197,6/21/2023,33,42910.56,2023,FORD,F-250
7/24/2023,CF,CFABZJ,164961,1,NEW,"SMYRNA-F, LLC",1FTBF2AA3PEC44202,6/21/2023,33,42910.56,2023,FORD,F-250
7/24/2023,CF,CFABZJ,164961,1,NEW,"SMYRNA-F, LLC",1FTBF2AA3PEC70993,7/5/2023,19,42859.56,2023,FORD,F-250
7/24/2023,CF,CFABZJ,164961,1,NEW,"SMYRNA-F, LLC",1FTBF2AA4PEC44208,7/11/2023,13,42910.56,2023,FORD,F-250
7/24/2023,CF,CFABZJ,164961,1,NEW,"SMYRNA-F, LLC",1FTBF2AA4PEC44211,6/21/2023,33,42910.56,2023,FORD,F-250
7/24/2023,CF,CFABZJ,164961,1,NEW,"SMYRNA-F, LLC",1FTBF2AA5PEC44198,6/21/2023,33,42910.56,2023,FORD,F-250
7/24/2023,CF,CFABZJ,164961,1,NEW,"SMYRNA-F, LLC",1FTBF2AA5PEC44203,6/21/2023,33,42910.56,2023,FORD,F-250
7/24/2023,CF,CFABZJ,164961,1,NEW,"SMYRNA-F, LLC",1FTBF2AA5PEC70994,7/17/2023,7,42859.56,2023,FORD,F-250
7/24/2023,CF,CFABZJ,164961,1,NEW,"SMYRNA-F, LLC",1FTBF2AA6PEC44209,6/21/2023,33,42910.56,2023,FORD,F-250
7/24/2023,CF,CFABZJ,164961,1,NEW,"SMYRNA-F, LLC",1FTBF2AA6PEC44212,6/26/2023,28,42910.56,2023,FORD,F-250
7/24/2023,CF,CFABZJ,164961,1,NEW,"SMYRNA-F, LLC",1FTBF2AA7PEC44199,6/21/2023,33,42910.56,2023,FORD,F-250
7/24/2023,CF,CFABZJ,164961,1,NEW,"SMYRNA-F, LLC",1FTBF2AA7PEC44204,6/21/2023,33,42910.56,2023,FORD,F-250
7/24/2023,CF,CFABZJ,164961,1,NEW,"SMYRNA-F, LLC",1FTBF2AA8PEC70990,7/20/2023,4,42859.56,2023,FORD,F-250
7/24/2023,CF,CFABZJ,164961,1,NEW,"SMYRNA-F, LLC",1FTBF2AA8PEC90401,7/18/2023,6,41913.08,2023,FORD,F-250
7/24/2023,CF,CFABZJ,164961,1,NEW,"SMYRNA-F, LLC",1FTBF2AA9PEC44205,7/3/2023,21,42910.56,2023,FORD,F-250
7/24/2023,CF,CFABZJ,164961,1,NEW,"SMYRNA-F, LLC",1FTBF2AAXPEC44200,6/21/2023,33,42910.56,2023,FORD,F-250
7/24/2023,CF,CFABZJ,164961,1,NEW,"SMYRNA-F, LLC",1FTBF2AAXPEC70991,7/17/2023,7,42859.56,2023,FORD,F-250
7/24/2023,CF,CFABZJ,164961,1,NEW,"SMYRNA-F, LLC",1FTBF2BA6PEC14576,6/21/2023,33,46990.56,2023,FORD,F-250
7/24/2023,CF,CFABZJ,164961,1,NEW,"SMYRNA-F, LLC",1FTBR1C82PKA52721,6/21/2023,33,42842.12,2023,FORD,TRANSIT
7/24/2023,CF,CFABZJ,164961,1,NEW,"SMYRNA-F, LLC",1FTBR1C84PKA52753,6/21/2023,33,42842.12,2023,FORD,TRANSIT
7/24/2023,CF,CFABZJ,164961,1,NEW,"SMYRNA-F, LLC",1FTBR1C86PKA53127,6/21/2023,33,42842.12,2023,FORD,TRANSIT
7/24/2023,CF,CFABZJ,164961,1,NEW,"SMYRNA-F, LLC",1FTBR1C87PKA52925,6/21/2023,33,42842.12,2023,FORD,TRANSIT
7/24/2023,CF,CFABZJ,164961,1,NEW,"SMYRNA-F, LLC",1FTBR1C88PKA52755,6/21/2023,33,42842.12,2023,FORD,TRANSIT
7/24/2023,CF,CFABZJ,164961,1,NEW,"SMYRNA-F, LLC",1FTBR1CG1PKA89203,6/28/2023,26,45787.28,2023,FORD,TRANSIT
7/24/2023,CF,CFABZJ,164961,1,NEW,"SMYRNA-F, LLC",1FTBR1CG1PKA89332,7/8/2023,16,45787.28,2023,FORD,TRANSIT
7/24/2023,CF,CFABZJ,164961,1,NEW,"SMYRNA-F, LLC",1FTBR1X80PKA55420,6/21/2023,33,42138.12,2023,FORD,TRANSIT
7/24/2023,CF,CFABZJ,164961,1,NEW,"SMYRNA-F, LLC",1FTBR1XGXPKA55660,6/21/2023,33,45341.28,2023,FORD,TRANSIT
7/24/2023,CF,CFABZJ,164961,1,NEW,"SMYRNA-F, LLC",1FTBR1Y80PKA56856,6/21/2023,33,40141.92,2023,FORD,TRANSIT
7/24/2023,CF,CFABZJ,164961,1,NEW,"SMYRNA-F, LLC",1FTBR1Y82PKA57331,6/21/2023,33,40141.92,2023,FORD,TRANSIT
7/24/2023,CF,CFABZJ,164961,1,NEW,"SMYRNA-F, LLC",1FTBR1Y82PKA86537,6/28/2023,26,39250.92,2023,FORD,TRANSIT
7/24/2023,CF,CFABZJ,164961,1,NEW,"SMYRNA-F, LLC",1FTBR1Y86PKA11663,6/21/2023,33,40365.64,2023,FORD,TRANSIT
7/24/2023,CF,CFABZJ,164961,1,NEW,"SMYRNA-F, LLC",1FTBR1Y87PKA86050,6/21/2023,33,42473.92,2023,FORD,TRANSIT
7/24/2023,CF,CFABZJ,164961,1,NEW,"SMYRNA-F, LLC",1FTBR1Y87PKA86095,6/21/2023,33,39250.92,2023,FORD,TRANSIT
7/24/2023,CF,CFABZJ,164961,1,NEW,"SMYRNA-F, LLC",1FTBR1Y88PKA56989,6/21/2023,33,40560.92,2023,FORD,TRANSIT
7/24/2023,CF,CFABZJ,164961,1,NEW,"SMYRNA-F, LLC",1FTBR1Y88PKA57382,6/21/2023,33,40107.92,2023,FORD,TRANSIT
7/24/2023,CF,CFABZJ,164961,1,NEW,"SMYRNA-F, LLC",1FTBR1YG1PKA01632,6/21/2023,33,43832.76,2023,FORD,TRANSIT
7/24/2023,CF,CFABZJ,164961,1,NEW,"SMYRNA-F, LLC",1FTBR1YG2PKA74315,6/21/2023,33,42652.28,2023,FORD,TRANSIT
7/24/2023,CF,CFABZJ,164961,1,NEW,"SMYRNA-F, LLC",1FTBR1YG3PKA74355,6/21/2023,33,42652.28,2023,FORD,TRANSIT
7/24/2023,CF,CFABZJ,164961,1,NEW,"SMYRNA-F, LLC",1FTBR1YG4PKA74252,6/21/2023,33,42652.28,2023,FORD,TRANSIT
7/24/2023,CF,CFABZJ,164961,1,NEW,"SMYRNA-F, LLC",1FTBR1YG5PKA74325,6/21/2023,33,42652.28,2023,FORD,TRANSIT
7/24/2023,CF,CFABZJ,164961,1,NEW,"SMYRNA-F, LLC",1FTBR1YG5PKA88905,6/26/2023,28,41486.28,2023,FORD,TRANSIT
7/24/2023,CF,CFABZJ,164961,1,NEW,"SMYRNA-F, LLC",1FTBR1YG5PKA88984,6/27/2023,27,41486.28,2023,FORD,TRANSIT
7/24/2023,CF,CFABZJ,164961,1,NEW,"SMYRNA-F, LLC",1FTBR1YG6PKA01089,6/21/2023,33,43832.76,2023,FORD,TRANSIT
7/24/2023,CF,CFABZJ,164961,1,NEW,"SMYRNA-F, LLC",1FTBR1YG6PKA88489,6/21/2023,33,41486.28,2023,FORD,TRANSIT
7/24/2023,CF,CFABZJ,164961,1,NEW,"SMYRNA-F, LLC",1FTBR1YG6PKA88640,6/21/2023,33,41486.28,2023,FORD,TRANSIT
7/24/2023,CF,CFABZJ,164961,1,NEW,"SMYRNA-F, LLC",1FTBR1YG8PKA01093,6/21/2023,33,44728.76,2023,FORD,TRANSIT
7/24/2023,CF,CFABZJ,164961,1,NEW,"SMYRNA-F, LLC",1FTBR1YG9PKA74201,6/21/2023,33,42652.28,2023,FORD,TRANSIT
7/24/2023,CF,CFABZJ,164961,1,NEW,"SMYRNA-F, LLC",1FTBR1YG9PKA74232,6/21/2023,33,42652.28,2023,FORD,TRANSIT
7/24/2023,CF,CFABZJ,164961,1,NEW,"SMYRNA-F, LLC",1FTBR1YGXPKA11642,6/21/2023,33,41510.76,2023,FORD,TRANSIT
7/24/2023,CF,CFABZJ,164961,1,NEW,"SMYRNA-F, LLC",1FTBR1YGXPKA74224,6/21/2023,33,42652.28,2023,FORD,TRANSIT
7/24/2023,CF,CFABZJ,164961,1,NEW,"SMYRNA-F, LLC",1FTBR2V86PKA61621,6/21/2023,33,50924.92,2023,FORD,TRANSIT
7/24/2023,CF,CFABZJ,164961,1,NEW,"SMYRNA-F, LLC",1FTBW1YG0NKA28973,6/21/2023,33,38468.6,2022,FORD,TRANSIT
7/24/2023,CF,CFABZJ,164961,1,NEW,"SMYRNA-F, LLC",1FTBW1YGXPKA01069,6/21/2023,33,45458.76,2023,FORD,TRANSIT
7/24/2023,CF,CFABZJ,164961,1,NEW,"SMYRNA-F, LLC",1FTBW2V8XPKA90547,7/11/2023,13,57622,2023,FORD,TRANSIT
7/24/2023,CF,CFABZJ,164961,1,NEW,"SMYRNA-F, LLC",1FTBW3U83PKA08004,6/21/2023,33,56770.92,2023,FORD,TRANSIT
7/24/2023,CF,CFABZJ,164961,1,NEW,"SMYRNA-F, LLC",1FTBW3U89PKA08301,6/21/2023,33,56770.92,2023,FORD,TRANSIT
7/24/2023,CF,CFABZJ,164961,1,NEW,"SMYRNA-F, LLC",1FTBW3X81PKA55978,6/21/2023,33,53015.92,2023,FORD,TRANSIT
7/24/2023,CF,CFABZJ,164961,1,NEW,"SMYRNA-F, LLC",1FTBW3X81PKA62252,6/21/2023,33,53015.92,2023,FORD,TRANSIT
7/24/2023,CF,CFABZJ,164961,1,NEW,"SMYRNA-F, LLC",1FTBW3X84PKA56185,6/21/2023,33,53015.92,2023,FORD,TRANSIT
7/24/2023,CF,CFABZJ,164961,1,NEW,"SMYRNA-F, LLC",1FTBW3X85PKA20070,6/21/2023,33,47092.64,2023,FORD,TRANSIT
7/24/2023,CF,CFABZJ,164961,1,NEW,"SMYRNA-F, LLC",1FTBW3X87PKA18899,6/21/2023,33,47087.12,2023,FORD,TRANSIT
7/24/2023,CF,CFABZJ,164961,1,NEW,"SMYRNA-F, LLC",1FTBW9C8XPKA88972,7/11/2023,13,43750.92,2023,FORD,TRANSIT
7/24/2023,CF,CFABZJ,164961,1,NEW,"SMYRNA-F, LLC",1FTBW9C80PKA88351,6/28/2023,26,43750.92,2023,FORD,TRANSIT
7/24/2023,CF,CFABZJ,164961,1,NEW,"SMYRNA-F, LLC",1FTBW9C81PKA88679,7/1/2023,23,43750.92,2023,FORD,TRANSIT
7/24/2023,CF,CFABZJ,164961,1,NEW,"SMYRNA-F, LLC",1FTBW9C81PKA88956,6/24/2023,30,43750.92,2023,FORD,TRANSIT
7/24/2023,CF,CFABZJ,164961,1,NEW,"SMYRNA-F, LLC",1FTBW9C82PKA89100,7/1/2023,23,43750.92,2023,FORD,TRANSIT
7/24/2023,CF,CFABZJ,164961,1,NEW,"SMYRNA-F, LLC",1FTBW9C83PKA89316,7/5/2023,19,43750.92,2023,FORD,TRANSIT
7/24/2023,CF,CFABZJ,164961,1,NEW,"SMYRNA-F, LLC",1FTBW9C87PKA88847,7/1/2023,23,43750.92,2023,FORD,TRANSIT
7/24/2023,CF,CFABZJ,164961,1,NEW,"SMYRNA-F, LLC",1FTBW9C87PKA89190,7/23/2023,1,43750.92,2023,FORD,TRANSIT
7/24/2023,CF,CFABZJ,164961,1,NEW,"SMYRNA-F, LLC",1FTBW9C89PKA88977,7/24/2023,0,43750.92,2023,FORD,TRANSIT
7/24/2023,CF,CFABZJ,164961,1,NEW,"SMYRNA-F, LLC",1FTBW9CG2PKA57335,7/8/2023,16,45009.08,2023,FORD,TRANSIT
7/24/2023,CF,CFABZJ,164961,1,NEW,"SMYRNA-F, LLC",1FTER1EH1NLD52817,6/21/2023,33,22773.76,2022,FORD,RANGER
7/24/2023,CF,CFABZJ,164961,1,NEW,"SMYRNA-F, LLC",1FTER1EH1NLD54163,6/21/2023,33,23349.08,2022,FORD,RANGER
7/24/2023,CF,CFABZJ,164961,1,NEW,"SMYRNA-F, LLC",1FTER1EH5NLD52660,6/21/2023,33,22773.76,2022,FORD,RANGER
7/24/2023,CF,CFABZJ,164961,1,NEW,"SMYRNA-F, LLC",1FTER1EH6NLD53171,6/21/2023,33,22773.76,2022,FORD,RANGER
7/24/2023,CF,CFABZJ,164961,1,NEW,"SMYRNA-F, LLC",1FTER1EH7NLD54409,6/21/2023,33,23352.76,2022,FORD,RANGER
7/24/2023,CF,CFABZJ,164961,1,NEW,"SMYRNA-F, LLC",1FTER1EH9NLD53939,6/21/2023,33,22773.76,2022,FORD,RANGER
7/24/2023,CF,CFABZJ,164961,1,NEW,"SMYRNA-F, LLC",1FTER1EHXNLD53531,6/21/2023,33,22773.76,2022,FORD,RANGER
7/24/2023,CF,CFABZJ,164961,1,NEW,"SMYRNA-F, LLC",1FTER1EHXNLD54226,6/21/2023,33,22773.76,2022,FORD,RANGER
7/24/2023,CF,CFABZJ,164961,1,NEW,"SMYRNA-F, LLC",1FTER1FH0NLD52743,6/21/2023,33,27226.76,2022,FORD,RANGER
7/24/2023,CF,CFABZJ,164961,1,NEW,"SMYRNA-F, LLC",1FTER1FH0NLD53648,6/21/2023,33,25872.76,2022,FORD,RANGER
7/24/2023,CF,CFABZJ,164961,1,NEW,"SMYRNA-F, LLC",1FTER1FH0NLD53651,6/21/2023,33,25872.76,2022,FORD,RANGER
7/24/2023,CF,CFABZJ,164961,1,NEW,"SMYRNA-F, LLC",1FTER1FH1NLD53478,6/21/2023,33,25872.76,2022,FORD,RANGER
7/24/2023,CF,CFABZJ,164961,1,NEW,"SMYRNA-F, LLC",1FTER1FH2NLD41484,6/21/2023,33,27794.68,2022,FORD,RANGER
7/24/2023,CF,CFABZJ,164961,1,NEW,"SMYRNA-F, LLC",1FTER1FH3NLD51909,6/21/2023,33,26892.76,2022,FORD,RANGER
7/24/2023,CF,CFABZJ,164961,1,NEW,"SMYRNA-F, LLC",1FTER1FH3NLD54003,6/21/2023,33,25872.76,2022,FORD,RANGER
7/24/2023,CF,CFABZJ,164961,1,NEW,"SMYRNA-F, LLC",1FTER1FH7NLD51881,6/21/2023,33,25756.76,2022,FORD,RANGER
7/24/2023,CF,CFABZJ,164961,1,NEW,"SMYRNA-F, LLC",1FTER1FH8NLD52327,6/21/2023,33,25872.76,2022,FORD,RANGER
7/24/2023,CF,CFABZJ,164961,1,NEW,"SMYRNA-F, LLC",1FTER1FH9NLD51526,6/21/2023,33,25756.76,2022,FORD,RANGER
7/24/2023,CF,CFABZJ,164961,1,NEW,"SMYRNA-F, LLC",1FTER1FHXNLD53835,6/21/2023,33,25872.76,2022,FORD,RANGER
7/24/2023,CF,CFABZJ,164961,1,NEW,"SMYRNA-F, LLC",1FTER4EH0NLD53944,6/21/2023,33,25551.76,2022,FORD,RANGER
7/24/2023,CF,CFABZJ,164961,1,NEW,"SMYRNA-F, LLC",1FTER4FH6NLD52621,6/21/2023,33,28419.76,2022,FORD,RANGER
7/24/2023,CF,CFABZJ,164961,1,NEW,"SMYRNA-F, LLC",1FTER4FH8NLD54225,6/21/2023,33,28050.76,2022,FORD,RANGER
7/24/2023,CF,CFABZJ,164961,1,NEW,"SMYRNA-F, LLC",1FTEW1C51PFA46400,6/21/2023,33,42510.08,2023,FORD,F-150
7/24/2023,CF,CFABZJ,164961,1,NEW,"SMYRNA-F, LLC",1FTEW1C53PKD92732,6/21/2023,33,58047.32,2023,FORD,F-150
7/24/2023,CF,CFABZJ,164961,1,NEW,"SMYRNA-F, LLC",1FTEW1C54PFA45970,6/21/2023,33,42510.08,2023,FORD,F-150
7/24/2023,CF,CFABZJ,164961,1,NEW,"SMYRNA-F, LLC",1FTEX1C50PFA31710,6/21/2023,33,36237.08,2023,FORD,F-150
7/24/2023,CF,CFABZJ,164961,1,NEW,"SMYRNA-F, LLC",1FTEX1C54PFA32407,6/21/2023,33,36237.08,2023,FORD,F-150
7/24/2023,CF,CFABZJ,164961,1,NEW,"SMYRNA-F, LLC",1FTEX1C56PFA31744,6/21/2023,33,36237.08,2023,FORD,F-150
7/24/2023,CF,CFABZJ,164961,1,NEW,"SMYRNA-F, LLC",1FTEX1C58PFA32586,6/21/2023,33,36237.08,2023,FORD,F-150
7/24/2023,CF,CFABZJ,164961,1,NEW,"SMYRNA-F, LLC",1FTFW1CD8NFB25474,6/21/2023,33,36065.68,2022,FORD,F-150
7/24/2023,CF,CFABZJ,164961,1,NEW,"SMYRNA-F, LLC",1FTFW1E8XPKD11401,6/21/2023,33,44886.08,2023,FORD,F-150
7/24/2023,CF,CFABZJ,164961,1,NEW,"SMYRNA-F, LLC",1FTFW1E50PFB37224,6/29/2023,25,47652.28,2023,FORD,F-150
7/24/2023,CF,CFABZJ,164961,1,NEW,"SMYRNA-F, LLC",1FTFW1E54PFB37291,7/8/2023,16,47664.28,2023,FORD,F-150
7/24/2023,CF,CFABZJ,164961,1,NEW,"SMYRNA-F, LLC",1FTFW1E54PKD84348,6/26/2023,28,50738.52,2023,FORD,F-150
7/24/2023,CF,CFABZJ,164961,1,NEW,"SMYRNA-F, LLC",1FTFW1E54PKE10186,7/6/2023,18,47664.28,2023,FORD,F-150
7/24/2023,CF,CFABZJ,164961,1,NEW,"SMYRNA-F, LLC",1FTFW1E55PKD10758,6/21/2023,33,45247.08,2023,FORD,F-150
7/24/2023,CF,CFABZJ,164961,1,NEW,"SMYRNA-F, LLC",1FTFW1E55PKE17728,7/6/2023,18,47652.28,2023,FORD,F-150
7/24/2023,CF,CFABZJ,164961,1,NEW,"SMYRNA-F, LLC",1FTFW1E56PKE05085,7/1/2023,23,59585.52,2023,FORD,F-150
7/24/2023,CF,CFABZJ,164961,1,NEW,"SMYRNA-F, LLC",1FTFW1E57NKD58548,6/21/2023,33,33248.68,2022,FORD,F-150
7/24/2023,CF,CFABZJ,164961,1,NEW,"SMYRNA-F, LLC",1FTFW1E57PFB36829,6/21/2023,33,47664.28,2023,FORD,F-150
7/24/2023,CF,CFABZJ,164961,1,NEW,"SMYRNA-F, LLC",1FTFW1E57PFB37141,6/21/2023,33,47664.28,2023,FORD,F-150
7/24/2023,CF,CFABZJ,164961,1,NEW,"SMYRNA-F, LLC",1FTFW1E58PFB37214,6/28/2023,26,47652.28,2023,FORD,F-150
7/24/2023,CF,CFABZJ,164961,1,NEW,"SMYRNA-F, LLC",1FTFW1E58PKE10529,7/6/2023,18,47664.28,2023,FORD,F-150
7/24/2023,CF,CFABZJ,164961,1,NEW,"SMYRNA-F, LLC",1FTFW1E58PKE10532,7/6/2023,18,47664.28,2023,FORD,F-150
7/24/2023,CF,CFABZJ,164961,1,NEW,"SMYRNA-F, LLC",1FTFW1E59PKD10889,6/21/2023,33,41424.08,2023,FORD,F-150
7/24/2023,CF,CFABZJ,164961,1,NEW,"SMYRNA-F, LLC",1FTFW1E82PKD11490,6/21/2023,33,44886.08,2023,FORD,F-150
7/24/2023,CF,CFABZJ,164961,1,NEW,"SMYRNA-F, LLC",1FTFW1E83PFA03639,6/21/2023,33,59360.08,2023,FORD,F-150
7/24/2023,CF,CFABZJ,164961,1,NEW,"SMYRNA-F, LLC",1FTFW1ED1PFA38208,6/21/2023,33,44664.08,2023,FORD,F-150
7/24/2023,CF,CFABZJ,164961,1,NEW,"SMYRNA-F, LLC",1FTFW1ED1PFA38273,6/21/2023,33,44664.08,2023,FORD,F-150
7/24/2023,CF,CFABZJ,164961,1,NEW,"SMYRNA-F, LLC",1FTFW1ED2PFA38251,6/21/2023,33,44664.08,2023,FORD,F-150
7/24/2023,CF,CFABZJ,164961,1,NEW,"SMYRNA-F, LLC",1FTFW1ED4PFA38266,6/21/2023,33,44664.08,2023,FORD,F-150
7/24/2023,CF,CFABZJ,164961,1,NEW,"SMYRNA-F, LLC",1FTFW1ED8PFA38223,6/21/2023,33,44664.08,2023,FORD,F-150
7/24/2023,CF,CFABZJ,164961,1,NEW,"SMYRNA-F, LLC",1FTFW1EDXPFA38269,6/21/2023,33,44664.08,2023,FORD,F-150
7/24/2023,CF,CFABZJ,164961,1,NEW,"SMYRNA-F, LLC",1FTFW1EDXPFA44699,6/21/2023,33,75610.12,2023,FORD,F-150
7/24/2023,CF,CFABZJ,164961,1,NEW,"SMYRNA-F, LLC",1FTFW1P80PKD03868,6/21/2023,33,42890.08,2023,FORD,F-150
7/24/2023,CF,CFABZJ,164961,1,NEW,"SMYRNA-F, LLC",1FTFW1P80PKD03885,6/21/2023,33,42890.08,2023,FORD,F-150
7/24/2023,CF,CFABZJ,164961,1,NEW,"SMYRNA-F, LLC",1FTFW1P81NKE40928,6/21/2023,33,37511.76,2022,FORD,F-150
7/24/2023,CF,CFABZJ,164961,1,NEW,"SMYRNA-F, LLC",1FTFW1P81NKE41013,6/21/2023,33,35282.76,2022,FORD,F-150
7/24/2023,CF,CFABZJ,164961,1,NEW,"SMYRNA-F, LLC",1FTFW1P81PKD03863,6/21/2023,33,43917.08,2023,FORD,F-150
7/24/2023,CF,CFABZJ,164961,1,NEW,"SMYRNA-F, LLC",1FTFW1P82NKE40937,6/21/2023,33,36321.28,2022,FORD,F-150
7/24/2023,CF,CFABZJ,164961,1,NEW,"SMYRNA-F, LLC",1FTFW1P82PKD03869,6/21/2023,33,42890.08,2023,FORD,F-150
7/24/2023,CF,CFABZJ,164961,1,NEW,"SMYRNA-F, LLC",1FTFW1P83PKD03864,6/21/2023,33,43917.08,2023,FORD,F-150
7/24/2023,CF,CFABZJ,164961,1,NEW,"SMYRNA-F, LLC",1FTFW1P83PKD03881,6/21/2023,33,43015.08,2023,FORD,F-150
7/24/2023,CF,CFABZJ,164961,1,NEW,"SMYRNA-F, LLC",1FTFW1P84PKD04103,6/21/2023,33,47015.08,2023,FORD,F-150
7/24/2023,CF,CFABZJ,164961,1,NEW,"SMYRNA-F, LLC",1FTFW1P85PKD03865,6/21/2023,33,45258.08,2023,FORD,F-150
7/24/2023,CF,CFABZJ,164961,1,NEW,"SMYRNA-F, LLC",1FTFW1P87PKD03866,6/21/2023,33,43917.08,2023,FORD,F-150
7/24/2023,CF,CFABZJ,164961,1,NEW,"SMYRNA-F, LLC",1FTFW1P89PKD03867,6/21/2023,33,42890.08,2023,FORD,F-150
7/24/2023,CF,CFABZJ,164961,1,NEW,"SMYRNA-F, LLC",1FTFW1P89PKD03870,6/21/2023,33,42890.08,2023,FORD,F-150
7/24/2023,CF,CFABZJ,164961,1,NEW,"SMYRNA-F, LLC",1FTFW1T50NKE98217,6/21/2023,33,34247.76,2022,FORD,F-150
7/24/2023,CF,CFABZJ,164961,1,NEW,"SMYRNA-F, LLC",1FTFW1T51PKD11571,6/21/2023,33,41870.08,2023,FORD,F-150
7/24/2023,CF,CFABZJ,164961,1,NEW,"SMYRNA-F, LLC",1FTFW1T56NKE98190,6/21/2023,33,34247.76,2022,FORD,F-150
7/24/2023,CF,CFABZJ,164961,1,NEW,"SMYRNA-F, LLC",1FTFW1T56NKE98223,6/21/2023,33,35550.76,2022,FORD,F-150
7/24/2023,CF,CFABZJ,164961,1,NEW,"SMYRNA-F, LLC",1FTFW1TD2PFA38415,6/21/2023,33,46550.08,2023,FORD,F-150
7/24/2023,CF,CFABZJ,164961,1,NEW,"SMYRNA-F, LLC",1FTFW1TD2PFA38429,6/21/2023,33,46550.08,2023,FORD,F-150
7/24/2023,CF,CFABZJ,164961,1,NEW,"SMYRNA-F, LLC",1FTFW1TD2PFA38513,6/21/2023,33,46550.08,2023,FORD,F-150
7/24/2023,CF,CFABZJ,164961,1,NEW,"SMYRNA-F, LLC",1FTFW1TD2PFA38818,6/21/2023,33,46550.08,2023,FORD,F-150
7/24/2023,CF,CFABZJ,164961,1,NEW,"SMYRNA-F, LLC",1FTFW1TDXPFA38453,6/21/2023,33,46550.08,2023,FORD,F-150
7/24/2023,CF,CFABZJ,164961,1,NEW,"SMYRNA-F, LLC",1FTFX1E5XPFB48857,6/28/2023,26,45439.28,2023,FORD,F-150
7/24/2023,CF,CFABZJ,164961,1,NEW,"SMYRNA-F, LLC",1FTFX1E50PFB48849,7/3/2023,21,45439.28,2023,FORD,F-150
7/24/2023,CF,CFABZJ,164961,1,NEW,"SMYRNA-F, LLC",1FTFX1E51PFB49024,7/3/2023,21,45439.28,2023,FORD,F-150
7/24/2023,CF,CFABZJ,164961,1,NEW,"SMYRNA-F, LLC",1FTFX1E51PFB49105,7/3/2023,21,45439.28,2023,FORD,F-150
7/24/2023,CF,CFABZJ,164961,1,NEW,"SMYRNA-F, LLC",1FTFX1E52PKD11542,6/21/2023,33,43629.08,2023,FORD,F-150
7/24/2023,CF,CFABZJ,164961,1,NEW,"SMYRNA-F, LLC",1FTFX1E53PFA05524,6/21/2023,33,45113.08,2023,FORD,F-150
7/24/2023,CF,CFABZJ,164961,1,NEW,"SMYRNA-F, LLC",1FTFX1E53PFA05913,6/21/2023,33,45113.08,2023,FORD,F-150
7/24/2023,CF,CFABZJ,164961,1,NEW,"SMYRNA-F, LLC",1FTFX1E53PFB49008,6/29/2023,25,45439.28,2023,FORD,F-150
7/24/2023,CF,CFABZJ,164961,1,NEW,"SMYRNA-F, LLC",1FTFX1E53PFB49025,7/3/2023,21,45439.28,2023,FORD,F-150
7/24/2023,CF,CFABZJ,164961,1,NEW,"SMYRNA-F, LLC",1FTFX1E53PFB49056,7/3/2023,21,45439.28,2023,FORD,F-150
7/24/2023,CF,CFABZJ,164961,1,NEW,"SMYRNA-F, LLC",1FTFX1E53PFB49235,6/28/2023,26,45439.28,2023,FORD,F-150
7/24/2023,CF,CFABZJ,164961,1,NEW,"SMYRNA-F, LLC",1FTFX1E53PFB49431,7/3/2023,21,45439.28,2023,FORD,F-150
7/24/2023,CF,CFABZJ,164961,1,NEW,"SMYRNA-F, LLC",1FTFX1E54PFB49387,7/11/2023,13,45439.28,2023,FORD,F-150
7/24/2023,CF,CFABZJ,164961,1,NEW,"SMYRNA-F, LLC",1FTFX1E55NKE55101,6/21/2023,33,29343.76,2022,FORD,F-150
7/24/2023,CF,CFABZJ,164961,1,NEW,"SMYRNA-F, LLC",1FTFX1E55NKE57141,6/21/2023,33,29857.76,2022,FORD,F-150
7/24/2023,CF,CFABZJ,164961,1,NEW,"SMYRNA-F, LLC",1FTFX1E56PFA32409,6/21/2023,33,37752.08,2023,FORD,F-150
7/24/2023,CF,CFABZJ,164961,1,NEW,"SMYRNA-F, LLC",1FTFX1E56PFB48872,7/3/2023,21,45439.28,2023,FORD,F-150
7/24/2023,CF,CFABZJ,164961,1,NEW,"SMYRNA-F, LLC",1FTFX1E57PKD10919,6/21/2023,33,37123.08,2023,FORD,F-150
7/24/2023,CF,CFABZJ,164961,1,NEW,"SMYRNA-F, LLC",1FTFX1E58PFB49358,7/24/2023,0,45439.28,2023,FORD,F-150
7/24/2023,CF,CFABZJ,164961,1,NEW,"SMYRNA-F, LLC",1FTFX1E58PKD11500,6/21/2023,33,43629.08,2023,FORD,F-150
7/24/2023,CF,CFABZJ,164961,1,NEW,"SMYRNA-F, LLC",1FTFX1E58PKD11562,6/21/2023,33,43629.08,2023,FORD,F-150
7/24/2023,CF,CFABZJ,164961,1,NEW,"SMYRNA-F, LLC",1FTFX1E59PFB49045,6/28/2023,26,45439.28,2023,FORD,F-150
7/24/2023,CF,CFABZJ,164961,1,NEW,"SMYRNA-F, LLC",1FTFX1E59PFB49093,7/3/2023,21,45439.28,2023,FORD,F-150
7/24/2023,CF,CFABZJ,164961,1,NEW,"SMYRNA-F, LLC",1FTMF1C50NKF28274,6/21/2023,33,6825,2022,FORD,F-150
7/24/2023,CF,CFABZJ,164961,1,NEW,"SMYRNA-F, LLC",1FTMF1CB5PKE01478,7/12/2023,12,34592.36,2023,FORD,F-150
7/24/2023,CF,CFABZJ,164961,1,NEW,"SMYRNA-F, LLC",1FTMF1E5XPKD75547,7/5/2023,19,42512.36,2023,FORD,F-150
7/24/2023,CF,CFABZJ,164961,1,NEW,"SMYRNA-F, LLC",1FTMF1E50NKE26891,6/21/2023,33,29156.28,2022,FORD,F-150
7/24/2023,CF,CFABZJ,164961,1,NEW,"SMYRNA-F, LLC",1FTMF1EB4MKE44329,6/21/2023,33,25520.76,2021,FORD,F-150
7/24/2023,CF,CFABZJ,164961,1,NEW,"SMYRNA-F, LLC",1FTRS4UG0PKA61637,6/21/2023,33,52971.28,2023,FORD,TRANSIT
7/24/2023,CF,CFABZJ,164961,1,NEW,"SMYRNA-F, LLC",1FTRS4XG0PKA90499,7/5/2023,19,49857.28,2023,FORD,TRANSIT
7/24/2023,CF,CFABZJ,164961,1,NEW,"SMYRNA-F, LLC",1FTRS4XG3PKA89279,6/27/2023,27,47276.28,2023,FORD,TRANSIT
7/24/2023,CF,CFABZJ,164961,1,NEW,"SMYRNA-F, LLC",1FTRS4XG9PKA57694,6/21/2023,33,48520.28,2023,FORD,TRANSIT
7/24/2023,CF,CFABZJ,164961,1,NEW,"SMYRNA-F, LLC",1FTRS4XGXPKA90414,7/24/2023,0,49857.28,2023,FORD,TRANSIT
7/24/2023,CF,CFABZJ,164961,1,NEW,"SMYRNA-F, LLC",1FTVW1EL3PWG05747,6/21/2023,33,79619,2023,FORD,F-150
7/24/2023,CF,CFABZJ,164961,1,NEW,"SMYRNA-F, LLC",1FTVW1EL5PWG02767,6/21/2023,33,46601.92,2023,FORD,F-150
7/24/2023,CF,CFABZJ,164961,1,NEW,"SMYRNA-F, LLC",1FTVW1EV2PWG13419,7/3/2023,21,88359,2023,FORD,F-150
7/24/2023,CF,CFABZJ,164961,1,NEW,"SMYRNA-F, LLC",1FTYE1C83PKA55844,6/21/2023,33,41759.92,2023,FORD,TRANSIT
7/24/2023,CF,CFABZJ,164961,1,NEW,"SMYRNA-F, LLC",1FTYE1C83PKA87869,7/10/2023,14,41258.92,2023,FORD,TRANSIT
7/24/2023,CF,CFABZJ,164961,1,NEW,"SMYRNA-F, LLC",1FTYE1C88PKA90248,7/1/2023,23,41929.92,2023,FORD,TRANSIT
7/24/2023,CF,CFABZJ,164961,1,NEW,"SMYRNA-F, LLC",1FTYE1C89NKA50774,6/21/2023,33,31523.12,2022,FORD,TRANSIT
7/24/2023,CF,CFABZJ,164961,1,NEW,"SMYRNA-F, LLC",1FTYE1Y8XPKA74299,6/21/2023,33,40509.92,2023,FORD,TRANSIT
7/24/2023,CF,CFABZJ,164961,1,NEW,"SMYRNA-F, LLC",1FTYE1Y80PKA55406,6/21/2023,33,38596.12,2023,FORD,TRANSIT
7/24/2023,CF,CFABZJ,164961,1,NEW,"SMYRNA-F, LLC",1FTYE1Y80PKA55860,6/21/2023,33,40532.12,2023,FORD,TRANSIT
7/24/2023,CF,CFABZJ,164961,1,NEW,"SMYRNA-F, LLC",1FTYE1Y81PKA06943,6/21/2023,33,38967.64,2023,FORD,TRANSIT
7/24/2023,CF,CFABZJ,164961,1,NEW,"SMYRNA-F, LLC",1FTYE1Y81PKA55396,6/21/2023,33,38596.12,2023,FORD,TRANSIT
7/24/2023,CF,CFABZJ,164961,1,NEW,"SMYRNA-F, LLC",1FTYE1Y81PKA55429,6/21/2023,33,38596.12,2023,FORD,TRANSIT
7/24/2023,CF,CFABZJ,164961,1,NEW,"SMYRNA-F, LLC",1FTYE1Y81PKA55673,6/21/2023,33,40530.92,2023,FORD,TRANSIT
7/24/2023,CF,CFABZJ,164961,1,NEW,"SMYRNA-F, LLC",1FTYE1Y81PKA55947,6/21/2023,33,37811.12,2023,FORD,TRANSIT
7/24/2023,CF,CFABZJ,164961,1,NEW,"SMYRNA-F, LLC",1FTYE1Y82PKA55956,6/21/2023,33,40532.12,2023,FORD,TRANSIT
7/24/2023,CF,CFABZJ,164961,1,NEW,"SMYRNA-F, LLC",1FTYE1Y85PKA55451,6/21/2023,33,38596.12,2023,FORD,TRANSIT
7/24/2023,CF,CFABZJ,164961,1,NEW,"SMYRNA-F, LLC",1FTYE1Y85PKA74338,6/21/2023,33,40509.92,2023,FORD,TRANSIT
7/24/2023,CF,CFABZJ,164961,1,NEW,"SMYRNA-F, LLC",1FTYE1Y86PKA57385,6/21/2023,33,39707.92,2023,FORD,TRANSIT
7/24/2023,CF,CFABZJ,164961,1,NEW,"SMYRNA-F, LLC",1FTYE1Y87PKA46251,6/21/2023,33,40017.12,2023,FORD,TRANSIT
7/24/2023,CF,CFABZJ,164961,1,NEW,"SMYRNA-F, LLC",1FTYE1Y88PKA55413,6/21/2023,33,38596.12,2023,FORD,TRANSIT
7/24/2023,CF,CFABZJ,164961,1,NEW,"SMYRNA-F, LLC",1FTYE1Y88PKA55430,6/21/2023,33,38596.12,2023,FORD,TRANSIT
7/24/2023,CF,CFABZJ,164961,1,NEW,"SMYRNA-F, LLC",1FTYE1Y88PKA55766,6/21/2023,33,40532.12,2023,FORD,TRANSIT
7/24/2023,CF,CFABZJ,164961,1,NEW,"SMYRNA-F, LLC",1FTYE1Y89PKA55386,6/21/2023,33,38596.12,2023,FORD,TRANSIT
7/24/2023,CF,CFABZJ,164961,1,NEW,"SMYRNA-F, LLC",1FTYE1YG0PKA55882,6/21/2023,33,41640.28,2023,FORD,TRANSIT
7/24/2023,CF,CFABZJ,164961,1,NEW,"SMYRNA-F, LLC",1FTYE1YG9PKA55895,6/21/2023,33,41640.28,2023,FORD,TRANSIT
7/24/2023,CF,CFABZJ,164961,1,NEW,"SMYRNA-F, LLC",1FTYE1Z81PKA02762,6/21/2023,33,44014.64,2023,FORD,TRANSIT
7/24/2023,CF,CFABZJ,164961,1,NEW,"SMYRNA-F, LLC",1FTYE1Z83PKA11821,6/21/2023,33,40843.64,2023,FORD,TRANSIT
7/24/2023,CF,CFABZJ,164961,1,NEW,"SMYRNA-F, LLC",2FMPK4G9XPBA19003,6/21/2023,33,36732.64,2023,FORD,EDGE
7/24/2023,CF,CFABZJ,164961,1,NEW,"SMYRNA-F, LLC",2FMPK4G90PBA00282,6/21/2023,33,36733.04,2023,FORD,EDGE
7/24/2023,CF,CFABZJ,164961,1,NEW,"SMYRNA-F, LLC",2FMPK4G90PBA18829,6/21/2023,33,36732.64,2023,FORD,EDGE
7/24/2023,CF,CFABZJ,164961,1,NEW,"SMYRNA-F, LLC",2FMPK4G90PBA18832,6/21/2023,33,36732.64,2023,FORD,EDGE
7/24/2023,CF,CFABZJ,164961,1,NEW,"SMYRNA-F, LLC",2FMPK4G91PBA18824,6/21/2023,33,36732.64,2023,FORD,EDGE
7/24/2023,CF,CFABZJ,164961,1,NEW,"SMYRNA-F, LLC",2FMPK4G92PBA00347,6/21/2023,33,36733.04,2023,FORD,EDGE
7/24/2023,CF,CFABZJ,164961,1,NEW,"SMYRNA-F, LLC",2FMPK4G95PBA18938,6/21/2023,33,36732.64,2023,FORD,EDGE
7/24/2023,CF,CFABZJ,164961,1,NEW,"SMYRNA-F, LLC",2FMPK4G97PBA00263,6/21/2023,33,36733.04,2023,FORD,EDGE
7/24/2023,CF,CFABZJ,164961,1,NEW,"SMYRNA-F, LLC",2FMPK4G98NBA85840,6/21/2023,33,38660.36,2022,FORD,EDGE
7/24/2023,CF,CFABZJ,164961,1,NEW,"SMYRNA-F, LLC",2FMPK4G98PBA00465,6/21/2023,33,36733.04,2023,FORD,EDGE
7/24/2023,CF,CFABZJ,164961,1,NEW,"SMYRNA-F, LLC",2FMPK4G98PBA00787,6/21/2023,33,36733.04,2023,FORD,EDGE
7/24/2023,CF,CFABZJ,164961,1,NEW,"SMYRNA-F, LLC",2FMPK4G98PBA18982,6/21/2023,33,36732.64,2023,FORD,EDGE
7/24/2023,CF,CFABZJ,164961,1,NEW,"SMYRNA-F, LLC",2FMPK4G98PBA18996,6/21/2023,33,36732.64,2023,FORD,EDGE
7/24/2023,CF,CFABZJ,164961,1,NEW,"SMYRNA-F, LLC",2FMPK4G99PBA00734,6/21/2023,33,36733.04,2023,FORD,EDGE
7/24/2023,CF,CFABZJ,164961,1,NEW,"SMYRNA-F, LLC",2FMPK4G99PBA18828,6/21/2023,33,36732.64,2023,FORD,EDGE
7/24/2023,CF,CFABZJ,164961,1,NEW,"SMYRNA-F, LLC",2FMPK4G99PBA18831,6/21/2023,33,36732.64,2023,FORD,EDGE
7/24/2023,CF,CFABZJ,164961,1,NEW,"SMYRNA-F, LLC",2FMPK4G99PBA18845,6/21/2023,33,36732.64,2023,FORD,EDGE
7/24/2023,CF,CFABZJ,164961,1,NEW,"SMYRNA-F, LLC",3FMCR9G64PRD07484,6/25/2023,29,33643.44,2023,FORD,BRONCO SPORT
7/24/2023,CF,CFABZJ,164961,1,NEW,"SMYRNA-F, LLC",3FMTK3R77PMA13436,7/3/2023,21,59570,2023,FORD,MUSTANG MACH-E
7/24/2023,CF,CFABZJ,164961,1,NEW,"SMYRNA-F, LLC",3FTTW8E3XPRA12437,6/21/2023,33,22155.64,2023,FORD,MAVERICK
7/24/2023,CF,CFABZJ,164961,1,NEW,"SMYRNA-F, LLC",3FTTW8E30PRA30445,7/3/2023,21,22137.64,2023,FORD,MAVERICK
7/24/2023,CF,CFABZJ,164961,1,NEW,"SMYRNA-F, LLC",3FTTW8E31PRA30566,7/15/2023,9,22137.64,2023,FORD,MAVERICK
7/24/2023,CF,CFABZJ,164961,1,NEW,"SMYRNA-F, LLC",3FTTW8E34PRA00655,6/21/2023,33,22138.04,2023,FORD,MAVERICK
7/24/2023,CF,CFABZJ,164961,1,NEW,"SMYRNA-F, LLC",3FTTW8E34PRA30528,7/3/2023,21,22137.64,2023,FORD,MAVERICK
7/24/2023,CF,CFABZJ,164961,1,NEW,"SMYRNA-F, LLC",3FTTW8E35PRA30487,7/17/2023,7,22137.64,2023,FORD,MAVERICK
7/24/2023,CF,CFABZJ,164961,1,NEW,"SMYRNA-F, LLC",3FTTW8E35PRA30554,7/3/2023,21,22137.64,2023,FORD,MAVERICK
7/24/2023,CF,CFABZJ,164961,1,NEW,"SMYRNA-F, LLC",3FTTW8E35PRA30568,7/3/2023,21,22137.64,2023,FORD,MAVERICK
7/24/2023,CF,CFABZJ,164961,1,NEW,"SMYRNA-F, LLC",3FTTW8E37PRA12587,6/21/2023,33,22155.64,2023,FORD,MAVERICK
7/24/2023,CF,CFABZJ,164961,1,NEW,"SMYRNA-F, LLC",3FTTW8E38PRA12498,6/21/2023,33,22155.64,2023,FORD,MAVERICK
7/24/2023,CF,CFABZJ,164961,1,NEW,"SMYRNA-F, LLC",3FTTW8E39PRA30721,7/3/2023,21,22137.64,2023,FORD,MAVERICK
7/24/2023,CF,CFABZJ,164961,1,NEW,"SMYRNA-F, LLC",3FTTW8F9XPRA30679,7/24/2023,0,24621.64,2023,FORD,MAVERICK
7/24/2023,CF,CFABZJ,164961,1,NEW,"SMYRNA-F, LLC",3FTTW8F90NRA71013,6/21/2023,33,21784.34,2022,FORD,MAVERICK
7/24/2023,CF,CFABZJ,164961,1,NEW,"SMYRNA-F, LLC",3FTTW8F90NRA88717,6/21/2023,33,25196.88,2022,FORD,MAVERICK
7/24/2023,CF,CFABZJ,164961,1,NEW,"SMYRNA-F, LLC",3FTTW8F90PRA00607,6/21/2023,33,24622.04,2023,FORD,MAVERICK
7/24/2023,CF,CFABZJ,164961,1,NEW,"SMYRNA-F, LLC",3FTTW8F91NRA88824,6/21/2023,33,25196.88,2022,FORD,MAVERICK
7/24/2023,CF,CFABZJ,164961,1,NEW,"SMYRNA-F, LLC",3FTTW8F93PRA00472,6/21/2023,33,24622.04,2023,FORD,MAVERICK
7/24/2023,CF,CFABZJ,164961,1,NEW,"SMYRNA-F, LLC",3FTTW8F93PRA00603,6/21/2023,33,24622.04,2023,FORD,MAVERICK
7/24/2023,CF,CFABZJ,164961,1,NEW,"SMYRNA-F, LLC",3FTTW8F94NRA88851,6/21/2023,33,25196.88,2022,FORD,MAVERICK
7/24/2023,CF,CFABZJ,164961,1,NEW,"SMYRNA-F, LLC",3FTTW8F94NRA88896,6/21/2023,33,25196.88,2022,FORD,MAVERICK
7/24/2023,CF,CFABZJ,164961,1,NEW,"SMYRNA-F, LLC",3FTTW8F94PRA00450,6/21/2023,33,24622.04,2023,FORD,MAVERICK
7/24/2023,CF,CFABZJ,164961,1,NEW,"SMYRNA-F, LLC",3FTTW8F95NRA88969,6/21/2023,33,24715.88,2022,FORD,MAVERICK
7/24/2023,CF,CFABZJ,164961,1,NEW,"SMYRNA-F, LLC",3FTTW8F95PRA00537,6/21/2023,33,24622.04,2023,FORD,MAVERICK
7/24/2023,CF,CFABZJ,164961,1,NEW,"SMYRNA-F, LLC",3FTTW8F95PRA00599,6/21/2023,33,24622.04,2023,FORD,MAVERICK
7/24/2023,CF,CFABZJ,164961,1,NEW,"SMYRNA-F, LLC",3FTTW8F96PRA12390,7/3/2023,21,24621.64,2023,FORD,MAVERICK
7/24/2023,CF,CFABZJ,164961,1,NEW,"SMYRNA-F, LLC",3FTTW8F98PRA30521,7/24/2023,0,24621.64,2023,FORD,MAVERICK
7/24/2023,CF,CFABZJ,164961,1,NEW,"SMYRNA-F, LLC",3FTTW8F99NRA89056,6/21/2023,33,28108.88,2022,FORD,MAVERICK
7/24/2023,CF,CFABZJ,164961,1,NEW,"SMYRNA-F, LLC",3FTTW8F99PRA12383,7/3/2023,21,24621.64,2023,FORD,MAVERICK
7/24/2023,CF,CFABZJ,164961,1,NEW,"SMYRNA-F, LLC",NM0GE9E2XP1546725,6/21/2023,33,31250.64,2023,FORD,TRANSIT CONNECT
7/24/2023,CF,CFABZJ,164961,1,NEW,"SMYRNA-F, LLC",NM0LS7T2XP1550854,7/18/2023,6,41297.8,2023,FORD,TRANSIT CONNECT
7/24/2023,CF,CFABZJ,164961,1,PAMH,"SMYRNA-F, LLC",1FDFF6LT0PDA05196,7/20/2023,4,62555.7,2023,FORD,F600
7/24/2023,CF,CFABZJ,164961,1,PAMH,"SMYRNA-F, LLC",1FDFF6LT1PDA06308,7/20/2023,4,63219.7,2023,FORD,F600
7/24/2023,CF,CFABZJ,164961,1,PAMH,"SMYRNA-F, LLC",1FDFF6LT2PDA05197,6/21/2023,33,62560.5,2023,FORD,F600
7/24/2023,CF,CFABZJ,164961,1,PAMH,"SMYRNA-F, LLC",1FDFF6LT4PDA05198,6/21/2023,33,62560.5,2023,FORD,F600
7/24/2023,CF,CFABZJ,164961,1,PAMH,"SMYRNA-F, LLC",1FDFF6LT9PDA05195,7/20/2023,4,62555.7,2023,FORD,F600
7/24/2023,CF,CFABZJ,164961,1,PANW,"SMYRNA-F, LLC",1FBAX2C84PKB24157,7/10/2023,14,48300.06,2023,FORD,TRANSIT
7/24/2023,CF,CFABZJ,164961,1,PANW,"SMYRNA-F, LLC",1FBAX2X82PKB03303,6/21/2023,33,54780.06,2023,FORD,TRANSIT
7/24/2023,CF,CFABZJ,164961,1,PANW,"SMYRNA-F, LLC",1FBAX2X83PKB03598,6/21/2023,33,54780.06,2023,FORD,TRANSIT
7/24/2023,CF,CFABZJ,164961,1,PANW,"SMYRNA-F, LLC",1FBAX2X87PKB03006,6/21/2023,33,54780.06,2023,FORD,TRANSIT
7/24/2023,CF,CFABZJ,164961,1,PANW,"SMYRNA-F, LLC",1FBAX2X87PKB05029,6/21/2023,33,54780.06,2023,FORD,TRANSIT
7/24/2023,CF,CFABZJ,164961,1,PANW,"SMYRNA-F, LLC",1FBAX2Y80PKB24133,7/14/2023,10,47506.06,2023,FORD,TRANSIT
7/24/2023,CF,CFABZJ,164961,1,PANW,"SMYRNA-F, LLC",1FBAX2Y80PKB32149,7/20/2023,4,45082.48,2023,FORD,TRANSIT
7/24/2023,CF,CFABZJ,164961,1,PANW,"SMYRNA-F, LLC",1FBAX2Y81PKB32340,7/18/2023,6,45082.06,2023,FORD,TRANSIT
7/24/2023,CF,CFABZJ,164961,1,PANW,"SMYRNA-F, LLC",1FBAX2Y84PKB33515,7/14/2023,10,47432.06,2023,FORD,TRANSIT
7/24/2023,CF,CFABZJ,164961,1,PANW,"SMYRNA-F, LLC",1FBAX2Y89PKB31761,7/20/2023,4,43470.48,2023,FORD,TRANSIT
7/24/2023,CF,CFABZJ,164961,1,PANW,"SMYRNA-F, LLC",1FBAX2Y89PKB31842,7/20/2023,4,44008.48,2023,FORD,TRANSIT
7/24/2023,CF,CFABZJ,164961,1,PANW,"SMYRNA-F, LLC",1FBAX2YG5PKB32011,7/15/2023,9,41665.04,2023,FORD,TRANSIT
7/24/2023,CF,CFABZJ,164961,1,PANW,"SMYRNA-F, LLC",1FBAX2YG6PKB31997,7/17/2023,7,41665.04,2023,FORD,TRANSIT
7/24/2023,CF,CFABZJ,164961,1,PANW,"SMYRNA-F, LLC",1FBAX2YG9PKB31945,7/12/2023,12,41665.04,2023,FORD,TRANSIT
7/24/2023,CF,CFABZJ,164961,1,PANW,"SMYRNA-F, LLC",1FBAX2YG9PKB32089,7/17/2023,7,41665.04,2023,FORD,TRANSIT
7/24/2023,CF,CFABZJ,164961,1,PANW,"SMYRNA-F, LLC",1FBVU4X8XPKB43750,7/24/2023,0,59666.81,2023,FORD,TRANSIT
7/24/2023,CF,CFABZJ,164961,1,PANW,"SMYRNA-F, LLC",1FBVU4X81PKB24150,7/20/2023,4,47626.48,2023,FORD,TRANSIT
7/24/2023,CF,CFABZJ,164961,1,PANW,"SMYRNA-F, LLC",1FD0W4HN0PED17842,6/21/2023,33,52598.08,2023,FORD,F-450
7/24/2023,CF,CFABZJ,164961,1,PANW,"SMYRNA-F, LLC",1FD0W4HT6PEC84229,6/21/2023,33,66111,2023,FORD,F-450
7/24/2023,CF,CFABZJ,164961,1,PANW,"SMYRNA-F, LLC",1FD0W4HT9PEC92633,6/23/2023,31,66019.5,2023,FORD,F-450
7/24/2023,CF,CFABZJ,164961,1,PANW,"SMYRNA-F, LLC",1FD0W4HTXPEC73170,6/23/2023,31,66019.5,2023,FORD,F-450
7/24/2023,CF,CFABZJ,164961,1,PANW,"SMYRNA-F, LLC",1FD0W5HN5PED17843,6/21/2023,33,56154.08,2023,FORD,F-550
7/24/2023,CF,CFABZJ,164961,1,PANW,"SMYRNA-F, LLC",1FD0W5HT0PED03069,6/21/2023,33,64451.5,2023,FORD,F-550
7/24/2023,CF,CFABZJ,164961,1,PANW,"SMYRNA-F, LLC",1FD0W5HT2PED02912,6/21/2023,33,63404.5,2023,FORD,F-550
7/24/2023,CF,CFABZJ,164961,1,PANW,"SMYRNA-F, LLC",1FD0W5HT3PEC71847,7/20/2023,4,63278.7,2023,FORD,F-550
7/24/2023,CF,CFABZJ,164961,1,PANW,"SMYRNA-F, LLC",1FD0W5HT4PEC82100,6/21/2023,33,65158.5,2023,FORD,F-550
7/24/2023,CF,CFABZJ,164961,1,PANW,"SMYRNA-F, LLC",1FD0W5HT4PED02913,6/21/2023,33,63404.5,2023,FORD,F-550
7/24/2023,CF,CFABZJ,164961,1,PANW,"SMYRNA-F, LLC",1FD0W5HT4PED31151,6/21/2023,33,69261,2023,FORD,F-550
7/24/2023,CF,CFABZJ,164961,1,PANW,"SMYRNA-F, LLC",1FD0W5HT5PED18148,6/21/2023,33,63404.5,2023,FORD,F-550
7/24/2023,CF,CFABZJ,164961,1,PANW,"SMYRNA-F, LLC",1FD0W5HT7PEC71771,6/21/2023,33,63404.5,2023,FORD,F-550
7/24/2023,CF,CFABZJ,164961,1,PANW,"SMYRNA-F, LLC",1FD0W5HT7PED03070,6/21/2023,33,64451.5,2023,FORD,F-550
7/24/2023,CF,CFABZJ,164961,1,PANW,"SMYRNA-F, LLC",1FD0W5HT7PED18149,6/21/2023,33,63404.5,2023,FORD,F-550
7/24/2023,CF,CFABZJ,164961,1,PANW,"SMYRNA-F, LLC",1FD0W5HT9PEC90757,6/21/2023,33,65517.5,2023,FORD,F-550
7/24/2023,CF,CFABZJ,164961,1,PANW,"SMYRNA-F, LLC",1FD0X5HN2PEC45223,6/21/2023,33,52721.56,2023,FORD,F-550
7/24/2023,CF,CFABZJ,164961,1,PANW,"SMYRNA-F, LLC",1FD0X5HT1PED02915,6/21/2023,33,62854.5,2023,FORD,F-550
7/24/2023,CF,CFABZJ,164961,1,PANW,"SMYRNA-F, LLC",1FD0X5HT1PED03076,6/21/2023,33,63490.5,2023,FORD,F-550
7/24/2023,CF,CFABZJ,164961,1,PANW,"SMYRNA-F, LLC",1FD0X5HT2PED03071,6/21/2023,33,63490.5,2023,FORD,F-550
7/24/2023,CF,CFABZJ,164961,1,PANW,"SMYRNA-F, LLC",1FD0X5HT2PED17908,7/20/2023,4,63804.7,2023,FORD,F-550
7/24/2023,CF,CFABZJ,164961,1,PANW,"SMYRNA-F, LLC",1FD0X5HT3PED03077,6/21/2023,33,63490.5,2023,FORD,F-550
7/24/2023,CF,CFABZJ,164961,1,PANW,"SMYRNA-F, LLC",1FD0X5HT3PED03080,6/21/2023,33,62854.5,2023,FORD,F-550
7/24/2023,CF,CFABZJ,164961,1,PANW,"SMYRNA-F, LLC",1FD0X5HT4PED03072,6/21/2023,33,63490.5,2023,FORD,F-550
7/24/2023,CF,CFABZJ,164961,1,PANW,"SMYRNA-F, LLC",1FD0X5HT5PED03078,6/21/2023,33,63490.5,2023,FORD,F-550
7/24/2023,CF,CFABZJ,164961,1,PANW,"SMYRNA-F, LLC",1FD0X5HT6PED03073,6/21/2023,33,63490.5,2023,FORD,F-550
7/24/2023,CF,CFABZJ,164961,1,PANW,"SMYRNA-F, LLC",1FD0X5HT7PED03079,6/21/2023,33,63490.5,2023,FORD,F-550
7/24/2023,CF,CFABZJ,164961,1,PANW,"SMYRNA-F, LLC",1FD0X5HT8PED03074,6/21/2023,33,63490.5,2023,FORD,F-550
7/24/2023,CF,CFABZJ,164961,1,PANW,"SMYRNA-F, LLC",1FD0X5HTXPED02914,6/21/2023,33,62854.5,2023,FORD,F-550
7/24/2023,CF,CFABZJ,164961,1,PANW,"SMYRNA-F, LLC",1FD0X5HTXPED03075,6/21/2023,33,63490.5,2023,FORD,F-550
7/24/2023,CF,CFABZJ,164961,1,PANW,"SMYRNA-F, LLC",1FD8W3HN2PED17841,6/21/2023,33,51282.08,2023,FORD,F-350
7/24/2023,CF,CFABZJ,164961,1,PANW,"SMYRNA-F, LLC",1FD8W3HT6PEC92621,7/14/2023,10,64060.7,2023,FORD,F-350
7/24/2023,CF,CFABZJ,164961,1,PANW,"SMYRNA-F, LLC",1FD8W3HT8PEC92619,6/23/2023,31,64065.5,2023,FORD,F-350
7/24/2023,CF,CFABZJ,164961,1,PANW,"SMYRNA-F, LLC",1FDUF4HN9PEC84227,6/21/2023,33,53585.4,2023,FORD,F-450
7/24/2023,CF,CFABZJ,164961,1,PANW,"SMYRNA-F, LLC",1FDUF5GT8PED04733,6/21/2023,33,55727.5,2023,FORD,F-550
7/24/2023,CF,CFABZJ,164961,1,PANW,"SMYRNA-F, LLC",1FDUF5HN4PED21528,7/20/2023,4,50266.64,2023,FORD,F-550
7/24/2023,CF,CFABZJ,164961,1,PANW,"SMYRNA-F, LLC",1FDUF5HT4PDA08743,7/13/2023,11,65124.8,2023,FORD,F-550
7/24/2023,CF,CFABZJ,164961,1,PANW,"SMYRNA-F, LLC",1FDUF5HT7PDA02760,6/21/2023,33,61223.9,2023,FORD,F-550
7/24/2023,CF,CFABZJ,164961,1,PANW,"SMYRNA-F, LLC",1FDVU4XG2PKA74387,6/21/2023,33,44569.28,2023,FORD,TRANSIT
7/24/2023,CF,CFABZJ,164961,1,PANW,"SMYRNA-F, LLC",1FDVU4XG4PKA74388,6/21/2023,33,44569.28,2023,FORD,TRANSIT
7/24/2023,CF,CFABZJ,164961,1,PANW,"SMYRNA-F, LLC",1FDVU4XG6PKA83738,6/21/2023,33,44569.28,2023,FORD,TRANSIT
7/24/2023,CF,CFABZJ,164961,1,PANW,"SMYRNA-F, LLC",1FDVU4XG6PKA83867,6/21/2023,33,44569.28,2023,FORD,TRANSIT
7/24/2023,CF,CFABZJ,164961,1,PANW,"SMYRNA-F, LLC",1FDVU4XG7PKA83702,6/21/2023,33,44569.28,2023,FORD,TRANSIT
7/24/2023,CF,CFABZJ,164961,1,PANW,"SMYRNA-F, LLC",1FDVU4XG9PKA74354,6/21/2023,33,44569.28,2023,FORD,TRANSIT
7/24/2023,CF,CFABZJ,164961,1,PANW,"SMYRNA-F, LLC",1FDVU4XGXPKA74332,6/21/2023,33,44569.28,2023,FORD,TRANSIT
7/24/2023,CF,CFABZJ,164961,1,PANW,"SMYRNA-F, LLC",1FDWE3FN0RDD15883,7/14/2023,10,39338.48,2024,FORD,E-350
7/24/2023,CF,CFABZJ,164961,1,PANW,"SMYRNA-F, LLC",1FM5K8AB0PGB10879,6/21/2023,33,43533.02,2023,FORD,EXPLORER
7/24/2023,CF,CFABZJ,164961,1,PANW,"SMYRNA-F, LLC",1FM5K8AB0PGB10882,6/21/2023,33,43533.02,2023,FORD,EXPLORER
7/24/2023,CF,CFABZJ,164961,1,PANW,"SMYRNA-F, LLC",1FM5K8AB2PGB10883,6/21/2023,33,43533.02,2023,FORD,EXPLORER
7/24/2023,CF,CFABZJ,164961,1,PANW,"SMYRNA-F, LLC",1FM5K8AB3PGA35482,7/20/2023,4,44568.16,2023,FORD,EXPLORER
7/24/2023,CF,CFABZJ,164961,1,PANW,"SMYRNA-F, LLC",1FM5K8AB3PGB36926,7/20/2023,4,42618.16,2023,FORD,EXPLORER
7/24/2023,CF,CFABZJ,164961,1,PANW,"SMYRNA-F, LLC",1FM5K8AB4PGB10884,6/21/2023,33,43533.02,2023,FORD,EXPLORER
7/24/2023,CF,CFABZJ,164961,1,PANW,"SMYRNA-F, LLC",1FM5K8AB7PGB10880,6/21/2023,33,43533.02,2023,FORD,EXPLORER
7/24/2023,CF,CFABZJ,164961,1,PANW,"SMYRNA-F, LLC",1FM5K8AB8PGB36923,7/20/2023,4,42618.16,2023,FORD,EXPLORER
7/24/2023,CF,CFABZJ,164961,1,PANW,"SMYRNA-F, LLC",1FM5K8AB9PGB10881,6/21/2023,33,43533.02,2023,FORD,EXPLORER
7/24/2023,CF,CFABZJ,164961,1,PANW,"SMYRNA-F, LLC",1FM5K8AB9PGB10959,6/21/2023,33,42618.02,2023,FORD,EXPLORER
7/24/2023,CF,CFABZJ,164961,1,PANW,"SMYRNA-F, LLC",1FM5K8AC1PGB03707,6/21/2023,33,45839.64,2023,FORD,EXPLORER
7/24/2023,CF,CFABZJ,164961,1,PANW,"SMYRNA-F, LLC",1FM5K8AC3PGB03739,6/21/2023,33,45839.64,2023,FORD,EXPLORER
7/24/2023,CF,CFABZJ,164961,1,PANW,"SMYRNA-F, LLC",1FM5K8AC5PGB03712,6/21/2023,33,45839.64,2023,FORD,EXPLORER
7/24/2023,CF,CFABZJ,164961,1,PANW,"SMYRNA-F, LLC",1FMCU0FN3PUA47526,7/10/2023,14,28750.86,2023,FORD,ESCAPE
7/24/2023,CF,CFABZJ,164961,1,PANW,"SMYRNA-F, LLC",1FMCU0FN3PUA47624,6/21/2023,33,28749.67,2023,FORD,ESCAPE
7/24/2023,CF,CFABZJ,164961,1,PANW,"SMYRNA-F, LLC",1FMCU0FN6PUA50744,6/21/2023,33,28749.67,2023,FORD,ESCAPE
7/24/2023,CF,CFABZJ,164961,1,PANW,"SMYRNA-F, LLC",1FMCU0FN7PUA47447,6/21/2023,33,28749.67,2023,FORD,ESCAPE
7/24/2023,CF,CFABZJ,164961,1,PANW,"SMYRNA-F, LLC",1FMCU0FN7PUA47495,6/21/2023,33,28749.67,2023,FORD,ESCAPE
7/24/2023,CF,CFABZJ,164961,1,PANW,"SMYRNA-F, LLC",1FMCU0FN9PUA46770,6/21/2023,33,28749.67,2023,FORD,ESCAPE
7/24/2023,CF,CFABZJ,164961,1,PANW,"SMYRNA-F, LLC",1FMCU0FN9PUA50737,6/21/2023,33,28749.67,2023,FORD,ESCAPE
7/24/2023,CF,CFABZJ,164961,1,PANW,"SMYRNA-F, LLC",1FMCU0GN1PUA12692,6/21/2023,33,29760.67,2023,FORD,ESCAPE
7/24/2023,CF,CFABZJ,164961,1,PANW,"SMYRNA-F, LLC",1FMCU0GN2PUA63716,7/14/2023,10,31287.67,2023,FORD,ESCAPE
7/24/2023,CF,CFABZJ,164961,1,PANW,"SMYRNA-F, LLC",1FMCU0GN8PUA38593,6/21/2023,33,31828.67,2023,FORD,ESCAPE
7/24/2023,CF,CFABZJ,164961,1,PANW,"SMYRNA-F, LLC",1FMCU9JA0PUA67256,7/11/2023,13,37212.67,2023,FORD,ESCAPE
7/24/2023,CF,CFABZJ,164961,1,PANW,"SMYRNA-F, LLC",1FMCU9PA1PUA66432,7/5/2023,19,42368.67,2023,FORD,ESCAPE
7/24/2023,CF,CFABZJ,164961,1,PANW,"SMYRNA-F, LLC",1FMDE5AH8PLB40872,7/10/2023,14,46688.44,2023,FORD,BRONCO
7/24/2023,CF,CFABZJ,164961,1,PANW,"SMYRNA-F, LLC",1FMDE5BH0PLB40900,7/10/2023,14,44184.76,2023,FORD,BRONCO
7/24/2023,CF,CFABZJ,164961,1,PANW,"SMYRNA-F, LLC",1FMDE5BH2PLB24424,7/18/2023,6,43179.4,2023,FORD,BRONCO
7/24/2023,CF,CFABZJ,164961,1,PANW,"SMYRNA-F, LLC",1FMDE5CP1PLB37171,6/21/2023,33,58093.4,2023,FORD,BRONCO
7/24/2023,CF,CFABZJ,164961,1,PANW,"SMYRNA-F, LLC",1FMEE5BP3PLB40899,7/17/2023,7,56020.2,2023,FORD,BRONCO
7/24/2023,CF,CFABZJ,164961,1,PANW,"SMYRNA-F, LLC",1FMEE5DP0PLB40906,7/17/2023,7,63388.2,2023,FORD,BRONCO
7/24/2023,CF,CFABZJ,164961,1,PANW,"SMYRNA-F, LLC",1FMEE5DP0PLB40940,7/11/2023,13,63955.76,2023,FORD,BRONCO
7/24/2023,CF,CFABZJ,164961,1,PANW,"SMYRNA-F, LLC",1FMEE5DP5PLB43512,6/21/2023,33,62369.2,2023,FORD,BRONCO
7/24/2023,CF,CFABZJ,164961,1,PANW,"SMYRNA-F, LLC",1FMEE5DP5PLB51349,7/17/2023,7,62942.2,2023,FORD,BRONCO
7/24/2023,CF,CFABZJ,164961,1,PANW,"SMYRNA-F, LLC",1FMEE5DP6PLB40926,7/17/2023,7,57638.2,2023,FORD,BRONCO
7/24/2023,CF,CFABZJ,164961,1,PANW,"SMYRNA-F, LLC",1FMEE5DP7PLB43334,7/18/2023,6,68158.2,2023,FORD,BRONCO
7/24/2023,CF,CFABZJ,164961,1,PANW,"SMYRNA-F, LLC",1FMEE5DP9PLB29452,7/18/2023,6,57890.4,2023,FORD,BRONCO
7/24/2023,CF,CFABZJ,164961,1,PANW,"SMYRNA-F, LLC",1FMJK1KG2PEA39471,6/21/2023,33,82566.3,2023,FORD,EXPEDITION
7/24/2023,CF,CFABZJ,164961,1,PANW,"SMYRNA-F, LLC",1FMJK1L85PEA39472,6/21/2023,33,83112.3,2023,FORD,EXPEDITION
7/24/2023,CF,CFABZJ,164961,1,PANW,"SMYRNA-F, LLC",1FMJK1M89PEA43524,7/12/2023,12,89072.3,2023,FORD,EXPEDITION
7/24/2023,CF,CFABZJ,164961,1,PANW,"SMYRNA-F, LLC",1FT6W1EV4PWG21557,7/20/2023,4,57927.9,2023,FORD,F-150
7/24/2023,CF,CFABZJ,164961,1,PANW,"SMYRNA-F, LLC",1FT6W1EV4PWG21588,7/20/2023,4,57927.9,2023,FORD,F-150
7/24/2023,CF,CFABZJ,164961,1,PANW,"SMYRNA-F, LLC",1FT6W1EV5PWG16965,7/20/2023,4,94375,2023,FORD,F-150
7/24/2023,CF,CFABZJ,164961,1,PANW,"SMYRNA-F, LLC",1FT6W1EV6PWG21592,7/20/2023,4,57927.9,2023,FORD,F-150
7/24/2023,CF,CFABZJ,164961,1,PANW,"SMYRNA-F, LLC",1FT6W1EV7PWG21472,7/20/2023,4,57927.9,2023,FORD,F-150
7/24/2023,CF,CFABZJ,164961,1,PANW,"SMYRNA-F, LLC",1FT6W1EV7PWG21553,7/20/2023,4,57927.9,2023,FORD,F-150
7/24/2023,CF,CFABZJ,164961,1,PANW,"SMYRNA-F, LLC",1FT6W1EV7PWG21567,7/21/2023,3,57927.9,2023,FORD,F-150
7/24/2023,CF,CFABZJ,164961,1,PANW,"SMYRNA-F, LLC",1FT6W1EVXPWG21613,7/20/2023,4,57927.9,2023,FORD,F-150
7/24/2023,CF,CFABZJ,164961,1,PANW,"SMYRNA-F, LLC",1FT7W2AA3PED42362,7/7/2023,17,50428.08,2023,FORD,F-250
7/24/2023,CF,CFABZJ,164961,1,PANW,"SMYRNA-F, LLC",1FT7W2AAXPEC70995,6/21/2023,33,46672.08,2023,FORD,F-250
7/24/2023,CF,CFABZJ,164961,1,PANW,"SMYRNA-F, LLC",1FT7W2BA0PED24271,7/20/2023,4,49227.64,2023,FORD,F-250
7/24/2023,CF,CFABZJ,164961,1,PANW,"SMYRNA-F, LLC",1FT7W2BA1PED24229,7/20/2023,4,47718.64,2023,FORD,F-250
7/24/2023,CF,CFABZJ,164961,1,PANW,"SMYRNA-F, LLC",1FT7W2BA1PED25459,7/20/2023,4,50298.64,2023,FORD,F-250
7/24/2023,CF,CFABZJ,164961,1,PANW,"SMYRNA-F, LLC",1FT7W2BA2PED03065,6/21/2023,33,49336.08,2023,FORD,F-250
7/24/2023,CF,CFABZJ,164961,1,PANW,"SMYRNA-F, LLC",1FT7W2BA3PED24491,7/20/2023,4,49227.64,2023,FORD,F-250
7/24/2023,CF,CFABZJ,164961,1,PANW,"SMYRNA-F, LLC",1FT7W2BA4PED03066,6/21/2023,33,49336.08,2023,FORD,F-250
7/24/2023,CF,CFABZJ,164961,1,PANW,"SMYRNA-F, LLC",1FT7W2BA4PED26105,7/20/2023,4,49024.64,2023,FORD,F-250
7/24/2023,CF,CFABZJ,164961,1,PANW,"SMYRNA-F, LLC",1FT7W2BA5PED24976,7/20/2023,4,48578.64,2023,FORD,F-250
7/24/2023,CF,CFABZJ,164961,1,PANW,"SMYRNA-F, LLC",1FT7W2BA7PED23795,7/20/2023,4,50298.64,2023,FORD,F-250
7/24/2023,CF,CFABZJ,164961,1,PANW,"SMYRNA-F, LLC",1FT7W2BA8PED23367,7/20/2023,4,47285.64,2023,FORD,F-250
7/24/2023,CF,CFABZJ,164961,1,PANW,"SMYRNA-F, LLC",1FT7W2BA8PED23983,7/20/2023,4,47454.64,2023,FORD,F-250
7/24/2023,CF,CFABZJ,164961,1,PANW,"SMYRNA-F, LLC",1FT7W2BA8PED25488,7/20/2023,4,49290.64,2023,FORD,F-250
7/24/2023,CF,CFABZJ,164961,1,PANW,"SMYRNA-F, LLC",1FT7W2BA8PED25605,7/20/2023,4,47454.64,2023,FORD,F-250
7/24/2023,CF,CFABZJ,164961,1,PANW,"SMYRNA-F, LLC",1FT7W2BA8PED26009,7/20/2023,4,49227.64,2023,FORD,F-250
7/24/2023,CF,CFABZJ,164961,1,PANW,"SMYRNA-F, LLC",1FT7W2BA9PED03063,6/21/2023,33,50622.08,2023,FORD,F-250
7/24/2023,CF,CFABZJ,164961,1,PANW,"SMYRNA-F, LLC",1FT7W2BA9PED25242,7/20/2023,4,47996.64,2023,FORD,F-250
7/24/2023,CF,CFABZJ,164961,1,PANW,"SMYRNA-F, LLC",1FT7W2BN4PED24891,7/22/2023,2,50333.08,2023,FORD,F-250
7/24/2023,CF,CFABZJ,164961,1,PANW,"SMYRNA-F, LLC",1FT7W2BN6PED25203,7/20/2023,4,51922.64,2023,FORD,F-250
7/24/2023,CF,CFABZJ,164961,1,PANW,"SMYRNA-F, LLC",1FT7W2BT6PED23501,7/20/2023,4,57288.7,2023,FORD,F-250
7/24/2023,CF,CFABZJ,164961,1,PANW,"SMYRNA-F, LLC",1FT7W2BTXPED25378,7/20/2023,4,57288.7,2023,FORD,F-250
7/24/2023,CF,CFABZJ,164961,1,PANW,"SMYRNA-F, LLC",1FT7X2AA0PED42302,7/13/2023,11,48661.08,2023,FORD,F-250
7/24/2023,CF,CFABZJ,164961,1,PANW,"SMYRNA-F, LLC",1FT7X2AA0PED42980,7/13/2023,11,48661.08,2023,FORD,F-250
7/24/2023,CF,CFABZJ,164961,1,PANW,"SMYRNA-F, LLC",1FT7X2AA1PED42079,7/20/2023,4,48661.08,2023,FORD,F-250
7/24/2023,CF,CFABZJ,164961,1,PANW,"SMYRNA-F, LLC",1FT7X2AA1PED42213,7/20/2023,4,48661.08,2023,FORD,F-250
7/24/2023,CF,CFABZJ,164961,1,PANW,"SMYRNA-F, LLC",1FT7X2AA2PED37070,7/20/2023,4,45303.64,2023,FORD,F-250
7/24/2023,CF,CFABZJ,164961,1,PANW,"SMYRNA-F, LLC",1FT7X2AA2PED42110,7/13/2023,11,48661.08,2023,FORD,F-250
7/24/2023,CF,CFABZJ,164961,1,PANW,"SMYRNA-F, LLC",1FT7X2AA4PED42500,7/13/2023,11,48661.08,2023,FORD,F-250
7/24/2023,CF,CFABZJ,164961,1,PANW,"SMYRNA-F, LLC",1FT7X2AA5PED42506,7/22/2023,2,48661.08,2023,FORD,F-250
7/24/2023,CF,CFABZJ,164961,1,PANW,"SMYRNA-F, LLC",1FT7X2AA6PED42563,7/13/2023,11,48661.08,2023,FORD,F-250
7/24/2023,CF,CFABZJ,164961,1,PANW,"SMYRNA-F, LLC",1FT7X2AA7PEC70997,7/20/2023,4,45319.64,2023,FORD,F-250
7/24/2023,CF,CFABZJ,164961,1,PANW,"SMYRNA-F, LLC",1FT7X2AA7PED43012,7/13/2023,11,48661.08,2023,FORD,F-250
7/24/2023,CF,CFABZJ,164961,1,PANW,"SMYRNA-F, LLC",1FT7X2AA9PEC70998,7/20/2023,4,45319.64,2023,FORD,F-250
7/24/2023,CF,CFABZJ,164961,1,PANW,"SMYRNA-F, LLC",1FT7X2AA9PED42685,7/13/2023,11,48661.08,2023,FORD,F-250
7/24/2023,CF,CFABZJ,164961,1,PANW,"SMYRNA-F, LLC",1FT7X2BA0PED25563,7/20/2023,4,47558.64,2023,FORD,F-250
7/24/2023,CF,CFABZJ,164961,1,PANW,"SMYRNA-F, LLC",1FT7X2BA0PED25871,7/20/2023,4,46138.64,2023,FORD,F-250
7/24/2023,CF,CFABZJ,164961,1,PANW,"SMYRNA-F, LLC",1FT7X2BA0PED36658,7/22/2023,2,48343.08,2023,FORD,F-250
7/24/2023,CF,CFABZJ,164961,1,PANW,"SMYRNA-F, LLC",1FT7X2BA1PED26012,7/20/2023,4,44752.64,2023,FORD,F-250
7/24/2023,CF,CFABZJ,164961,1,PANW,"SMYRNA-F, LLC",1FT7X2BA1PED43070,7/1/2023,23,49870.08,2023,FORD,F-250
7/24/2023,CF,CFABZJ,164961,1,PANW,"SMYRNA-F, LLC",1FT7X2BA1PED43201,7/1/2023,23,49870.08,2023,FORD,F-250
7/24/2023,CF,CFABZJ,164961,1,PANW,"SMYRNA-F, LLC",1FT7X2BA1PED53257,7/21/2023,3,49001.08,2023,FORD,F-250
7/24/2023,CF,CFABZJ,164961,1,PANW,"SMYRNA-F, LLC",1FT7X2BA2PED24379,7/20/2023,4,44752.64,2023,FORD,F-250
7/24/2023,CF,CFABZJ,164961,1,PANW,"SMYRNA-F, LLC",1FT7X2BA2PED24737,7/20/2023,4,46733.64,2023,FORD,F-250
7/24/2023,CF,CFABZJ,164961,1,PANW,"SMYRNA-F, LLC",1FT7X2BA2PED25287,7/20/2023,4,46733.64,2023,FORD,F-250
7/24/2023,CF,CFABZJ,164961,1,PANW,"SMYRNA-F, LLC",1FT7X2BA2PED25645,7/20/2023,4,44752.64,2023,FORD,F-250
7/24/2023,CF,CFABZJ,164961,1,PANW,"SMYRNA-F, LLC",1FT7X2BA2PED42848,7/22/2023,2,49870.64,2023,FORD,F-250
7/24/2023,CF,CFABZJ,164961,1,PANW,"SMYRNA-F, LLC",1FT7X2BA2PED43398,7/13/2023,11,49870.08,2023,FORD,F-250
7/24/2023,CF,CFABZJ,164961,1,PANW,"SMYRNA-F, LLC",1FT7X2BA2PED43465,7/13/2023,11,49870.08,2023,FORD,F-250
7/24/2023,CF,CFABZJ,164961,1,PANW,"SMYRNA-F, LLC",1FT7X2BA3PED25718,7/20/2023,4,46306.64,2023,FORD,F-250
7/24/2023,CF,CFABZJ,164961,1,PANW,"SMYRNA-F, LLC",1FT7X2BA3PED26612,7/20/2023,4,45320.64,2023,FORD,F-250
7/24/2023,CF,CFABZJ,164961,1,PANW,"SMYRNA-F, LLC",1FT7X2BA3PED42907,7/13/2023,11,49870.08,2023,FORD,F-250
7/24/2023,CF,CFABZJ,164961,1,PANW,"SMYRNA-F, LLC",1FT7X2BA3PED42941,7/19/2023,5,49870.64,2023,FORD,F-250
7/24/2023,CF,CFABZJ,164961,1,PANW,"SMYRNA-F, LLC",1FT7X2BA3PED43135,7/13/2023,11,49870.08,2023,FORD,F-250
7/24/2023,CF,CFABZJ,164961,1,PANW,"SMYRNA-F, LLC",1FT7X2BA3PED43202,7/13/2023,11,49870.08,2023,FORD,F-250
7/24/2023,CF,CFABZJ,164961,1,PANW,"SMYRNA-F, LLC",1FT7X2BA4PED25906,7/20/2023,4,45213.64,2023,FORD,F-250
7/24/2023,CF,CFABZJ,164961,1,PANW,"SMYRNA-F, LLC",1FT7X2BA4PED42835,7/13/2023,11,49870.08,2023,FORD,F-250
7/24/2023,CF,CFABZJ,164961,1,PANW,"SMYRNA-F, LLC",1FT7X2BA4PED42964,7/19/2023,5,49870.64,2023,FORD,F-250
7/24/2023,CF,CFABZJ,164961,1,PANW,"SMYRNA-F, LLC",1FT7X2BA4PED43001,7/13/2023,11,49870.08,2023,FORD,F-250
7/24/2023,CF,CFABZJ,164961,1,PANW,"SMYRNA-F, LLC",1FT7X2BA4PED43287,7/13/2023,11,49870.08,2023,FORD,F-250
7/24/2023,CF,CFABZJ,164961,1,PANW,"SMYRNA-F, LLC",1FT7X2BA4PED43614,7/22/2023,2,49870.64,2023,FORD,F-250
7/24/2023,CF,CFABZJ,164961,1,PANW,"SMYRNA-F, LLC",1FT7X2BA5PED23663,7/20/2023,4,46919.64,2023,FORD,F-250
7/24/2023,CF,CFABZJ,164961,1,PANW,"SMYRNA-F, LLC",1FT7X2BA5PED24005,7/20/2023,4,45041.64,2023,FORD,F-250
7/24/2023,CF,CFABZJ,164961,1,PANW,"SMYRNA-F, LLC",1FT7X2BA5PED25980,7/20/2023,4,44752.64,2023,FORD,F-250
7/24/2023,CF,CFABZJ,164961,1,PANW,"SMYRNA-F, LLC",1FT7X2BA5PED26224,7/20/2023,4,46306.64,2023,FORD,F-250
7/24/2023,CF,CFABZJ,164961,1,PANW,"SMYRNA-F, LLC",1FT7X2BA5PED43055,7/13/2023,11,49870.08,2023,FORD,F-250
7/24/2023,CF,CFABZJ,164961,1,PANW,"SMYRNA-F, LLC",1FT7X2BA5PED43136,7/13/2023,11,49870.08,2023,FORD,F-250
7/24/2023,CF,CFABZJ,164961,1,PANW,"SMYRNA-F, LLC",1FT7X2BA6PED43470,7/13/2023,11,49870.08,2023,FORD,F-250
7/24/2023,CF,CFABZJ,164961,1,PANW,"SMYRNA-F, LLC",1FT7X2BA7PED24281,7/20/2023,4,44752.64,2023,FORD,F-250
7/24/2023,CF,CFABZJ,164961,1,PANW,"SMYRNA-F, LLC",1FT7X2BA7PED26001,7/20/2023,4,45762.64,2023,FORD,F-250
7/24/2023,CF,CFABZJ,164961,1,PANW,"SMYRNA-F, LLC",1FT7X2BA7PED43011,7/13/2023,11,49870.08,2023,FORD,F-250
7/24/2023,CF,CFABZJ,164961,1,PANW,"SMYRNA-F, LLC",1FT7X2BA7PED43199,7/19/2023,5,49870.64,2023,FORD,F-250
7/24/2023,CF,CFABZJ,164961,1,PANW,"SMYRNA-F, LLC",1FT7X2BA8PED25617,7/20/2023,4,44752.64,2023,FORD,F-250
7/24/2023,CF,CFABZJ,164961,1,PANW,"SMYRNA-F, LLC",1FT7X2BA8PED26007,7/20/2023,4,44752.64,2023,FORD,F-250
7/24/2023,CF,CFABZJ,164961,1,PANW,"SMYRNA-F, LLC",1FT7X2BA8PED43213,7/13/2023,11,49870.08,2023,FORD,F-250
7/24/2023,CF,CFABZJ,164961,1,PANW,"SMYRNA-F, LLC",1FT7X2BA9PEC14672,6/21/2023,33,50488.08,2023,FORD,F-250
7/24/2023,CF,CFABZJ,164961,1,PANW,"SMYRNA-F, LLC",1FT7X2BA9PED26114,7/20/2023,4,45320.64,2023,FORD,F-250
7/24/2023,CF,CFABZJ,164961,1,PANW,"SMYRNA-F, LLC",1FT7X2BA9PED37159,7/7/2023,17,48343.08,2023,FORD,F-250
7/24/2023,CF,CFABZJ,164961,1,PANW,"SMYRNA-F, LLC",1FT7X2BA9PED43351,7/13/2023,11,49870.08,2023,FORD,F-250
7/24/2023,CF,CFABZJ,164961,1,PANW,"SMYRNA-F, LLC",1FT7X2BAXPED24159,7/20/2023,4,47656.64,2023,FORD,F-250
7/24/2023,CF,CFABZJ,164961,1,PANW,"SMYRNA-F, LLC",1FT7X2BAXPED24310,7/20/2023,4,47462.64,2023,FORD,F-250
7/24/2023,CF,CFABZJ,164961,1,PANW,"SMYRNA-F, LLC",1FT7X2BAXPED26008,7/20/2023,4,44752.64,2023,FORD,F-250
7/24/2023,CF,CFABZJ,164961,1,PANW,"SMYRNA-F, LLC",1FT7X2BAXPED26073,7/20/2023,4,44752.64,2023,FORD,F-250
7/24/2023,CF,CFABZJ,164961,1,PANW,"SMYRNA-F, LLC",1FT7X2BAXPED42841,7/13/2023,11,49870.08,2023,FORD,F-250
7/24/2023,CF,CFABZJ,164961,1,PANW,"SMYRNA-F, LLC",1FT7X2BAXPED42970,7/19/2023,5,49870.08,2023,FORD,F-250
7/24/2023,CF,CFABZJ,164961,1,PANW,"SMYRNA-F, LLC",1FT7X2BAXPED43147,7/13/2023,11,49870.08,2023,FORD,F-250
7/24/2023,CF,CFABZJ,164961,1,PANW,"SMYRNA-F, LLC",1FT7X2BAXPED43181,7/13/2023,11,49870.08,2023,FORD,F-250
7/24/2023,CF,CFABZJ,164961,1,PANW,"SMYRNA-F, LLC",1FT7X2BAXPED43293,7/1/2023,23,49870.08,2023,FORD,F-250
7/24/2023,CF,CFABZJ,164961,1,PANW,"SMYRNA-F, LLC",1FT7X2BAXPED43620,7/1/2023,23,49870.08,2023,FORD,F-250
7/24/2023,CF,CFABZJ,164961,1,PANW,"SMYRNA-F, LLC",1FT7X2BN0PED25033,7/20/2023,4,50960.64,2023,FORD,F-250
7/24/2023,CF,CFABZJ,164961,1,PANW,"SMYRNA-F, LLC",1FT7X2BT5PEC95963,6/21/2023,33,61468.3,2023,FORD,F-250
7/24/2023,CF,CFABZJ,164961,1,PANW,"SMYRNA-F, LLC",1FT8W2BM2PED24416,7/24/2023,0,57993.7,2023,FORD,F-250
7/24/2023,CF,CFABZJ,164961,1,PANW,"SMYRNA-F, LLC",1FT8W2BM7PED25433,7/20/2023,4,57640.7,2023,FORD,F-250
7/24/2023,CF,CFABZJ,164961,1,PANW,"SMYRNA-F, LLC",1FT8W2BM7PED25531,7/20/2023,4,57640.7,2023,FORD,F-250
7/24/2023,CF,CFABZJ,164961,1,PANW,"SMYRNA-F, LLC",1FT8W2BN2PED31682,7/21/2023,3,54066.64,2023,FORD,F-250
7/24/2023,CF,CFABZJ,164961,1,PANW,"SMYRNA-F, LLC",1FT8W2BN7PEC90403,6/21/2023,33,54645.08,2023,FORD,F-250
7/24/2023,CF,CFABZJ,164961,1,PANW,"SMYRNA-F, LLC",1FT8W2BN7PEC90756,6/21/2023,33,53415.08,2023,FORD,F-250
7/24/2023,CF,CFABZJ,164961,1,PANW,"SMYRNA-F, LLC",1FT8W2BNXPED25838,6/21/2023,33,55154.08,2023,FORD,F-250
7/24/2023,CF,CFABZJ,164961,1,PANW,"SMYRNA-F, LLC",1FT8W2BT2PED25282,7/20/2023,4,59610.7,2023,FORD,F-250
7/24/2023,CF,CFABZJ,164961,1,PANW,"SMYRNA-F, LLC",1FT8W2BT3PED25596,7/20/2023,4,61724.7,2023,FORD,F-250
7/24/2023,CF,CFABZJ,164961,1,PANW,"SMYRNA-F, LLC",1FT8W3BA2PED25321,7/20/2023,4,48801.64,2023,FORD,F-350
7/24/2023,CF,CFABZJ,164961,1,PANW,"SMYRNA-F, LLC",1FT8W3BA3PED25327,7/20/2023,4,50553.64,2023,FORD,F-350
7/24/2023,CF,CFABZJ,164961,1,PANW,"SMYRNA-F, LLC",1FT8W3BA4PED23358,7/20/2023,4,50553.64,2023,FORD,F-350
7/24/2023,CF,CFABZJ,164961,1,PANW,"SMYRNA-F, LLC",1FT8W3BA5PED24793,7/20/2023,4,50553.64,2023,FORD,F-350
7/24/2023,CF,CFABZJ,164961,1,PANW,"SMYRNA-F, LLC",1FT8W3BA6PED23281,7/20/2023,4,52058.64,2023,FORD,F-350
7/24/2023,CF,CFABZJ,164961,1,PANW,"SMYRNA-F, LLC",1FT8W3BA8PED25923,7/20/2023,4,47389.64,2023,FORD,F-350
7/24/2023,CF,CFABZJ,164961,1,PANW,"SMYRNA-F, LLC",1FT8W3BA9PED25350,7/20/2023,4,50553.64,2023,FORD,F-350
7/24/2023,CF,CFABZJ,164961,1,PANW,"SMYRNA-F, LLC",1FT8W3BAXPED23588,7/20/2023,4,48952.64,2023,FORD,F-350
7/24/2023,CF,CFABZJ,164961,1,PANW,"SMYRNA-F, LLC",1FT8W3BT4PED25239,7/20/2023,4,58231.7,2023,FORD,F-350
7/24/2023,CF,CFABZJ,164961,1,PANW,"SMYRNA-F, LLC",1FT8W3BT5PED24732,7/20/2023,4,55704.7,2023,FORD,F-350
7/24/2023,CF,CFABZJ,164961,1,PANW,"SMYRNA-F, LLC",1FT8W3BT6PED36503,7/20/2023,4,60916.7,2023,FORD,F-350
7/24/2023,CF,CFABZJ,164961,1,PANW,"SMYRNA-F, LLC",1FT8W3CT1PED25097,6/21/2023,33,56477.5,2023,FORD,F-350
7/24/2023,CF,CFABZJ,164961,1,PANW,"SMYRNA-F, LLC",1FT8W3DA0PED41059,7/20/2023,4,46105.64,2023,FORD,F-350
7/24/2023,CF,CFABZJ,164961,1,PANW,"SMYRNA-F, LLC",1FT8W3DM2PED26167,6/21/2023,33,62712.5,2023,FORD,F-350
7/24/2023,CF,CFABZJ,164961,1,PANW,"SMYRNA-F, LLC",1FT8W3DM5PED25689,6/21/2023,33,62712.5,2023,FORD,F-350
7/24/2023,CF,CFABZJ,164961,1,PANW,"SMYRNA-F, LLC",1FT8W3DM5PED26647,7/20/2023,4,62707.7,2023,FORD,F-350
7/24/2023,CF,CFABZJ,164961,1,PANW,"SMYRNA-F, LLC",1FT8W3DM5PED26874,6/21/2023,33,62712.5,2023,FORD,F-350
7/24/2023,CF,CFABZJ,164961,1,PANW,"SMYRNA-F, LLC",1FT8X3AA5PEC61628,6/21/2023,33,49685.34,2023,FORD,F-350
7/24/2023,CF,CFABZJ,164961,1,PANW,"SMYRNA-F, LLC",1FT8X3BA0PED25735,7/20/2023,4,46991.64,2023,FORD,F-350
7/24/2023,CF,CFABZJ,164961,1,PANW,"SMYRNA-F, LLC",1FT8X3BA1PED26070,7/20/2023,4,47834.64,2023,FORD,F-350
7/24/2023,CF,CFABZJ,164961,1,PANW,"SMYRNA-F, LLC",1FT8X3BA4PED35426,7/22/2023,2,49181.08,2023,FORD,F-350
7/24/2023,CF,CFABZJ,164961,1,PANW,"SMYRNA-F, LLC",1FT8X3BA7PED25831,7/20/2023,4,46991.64,2023,FORD,F-350
7/24/2023,CF,CFABZJ,164961,1,PANW,"SMYRNA-F, LLC",1FT8X3BA8PED35414,7/22/2023,2,49181.08,2023,FORD,F-350
7/24/2023,CF,CFABZJ,164961,1,PANW,"SMYRNA-F, LLC",1FT8X3BAXPED23667,7/20/2023,4,46985.64,2023,FORD,F-350
7/24/2023,CF,CFABZJ,164961,1,PANW,"SMYRNA-F, LLC",1FT8X3BAXPED24298,7/20/2023,4,46991.64,2023,FORD,F-350
7/24/2023,CF,CFABZJ,164961,1,PANW,"SMYRNA-F, LLC",1FT8X3DT7PED25679,7/20/2023,4,59452.7,2023,FORD,F-350
7/24/2023,CF,CFABZJ,164961,1,PANW,"SMYRNA-F, LLC",1FT8X3DT9PED25411,7/20/2023,4,57756.7,2023,FORD,F-350
7/24/2023,CF,CFABZJ,164961,1,PANW,"SMYRNA-F, LLC",1FTBF2AA0PED25626,7/20/2023,4,40386.64,2023,FORD,F-250
7/24/2023,CF,CFABZJ,164961,1,PANW,"SMYRNA-F, LLC",1FTBF2AA4PED26083,7/20/2023,4,40131.64,2023,FORD,F-250
7/24/2023,CF,CFABZJ,164961,1,PANW,"SMYRNA-F, LLC",1FTBF2AA6PED26635,7/20/2023,4,40131.64,2023,FORD,F-250
7/24/2023,CF,CFABZJ,164961,1,PANW,"SMYRNA-F, LLC",1FTBF2AA6PED39336,7/20/2023,4,43932.64,2023,FORD,F-250
7/24/2023,CF,CFABZJ,164961,1,PANW,"SMYRNA-F, LLC",1FTBF2AA7PED25610,7/20/2023,4,40131.64,2023,FORD,F-250
7/24/2023,CF,CFABZJ,164961,1,PANW,"SMYRNA-F, LLC",1FTBF2AA8PEC44213,6/21/2023,33,42910.56,2023,FORD,F-250
7/24/2023,CF,CFABZJ,164961,1,PANW,"SMYRNA-F, LLC",1FTBF2AAXPEC90402,6/21/2023,33,41913.08,2023,FORD,F-250
7/24/2023,CF,CFABZJ,164961,1,PANW,"SMYRNA-F, LLC",1FTBF2AAXPED26752,7/20/2023,4,40343.64,2023,FORD,F-250
7/24/2023,CF,CFABZJ,164961,1,PANW,"SMYRNA-F, LLC",1FTBF2BA0PED25902,7/20/2023,4,43866.64,2023,FORD,F-250
7/24/2023,CF,CFABZJ,164961,1,PANW,"SMYRNA-F, LLC",1FTBF2BA0PED26208,7/22/2023,2,43887.64,2023,FORD,F-250
7/24/2023,CF,CFABZJ,164961,1,PANW,"SMYRNA-F, LLC",1FTBF2BA0PED26323,7/20/2023,4,42649.64,2023,FORD,F-250
7/24/2023,CF,CFABZJ,164961,1,PANW,"SMYRNA-F, LLC",1FTBF2BA1PED23933,7/20/2023,4,44093.64,2023,FORD,F-250
7/24/2023,CF,CFABZJ,164961,1,PANW,"SMYRNA-F, LLC",1FTBF2BA1PED24158,7/20/2023,4,42881.64,2023,FORD,F-250
7/24/2023,CF,CFABZJ,164961,1,PANW,"SMYRNA-F, LLC",1FTBF2BA1PED25293,7/20/2023,4,44540.64,2023,FORD,F-250
7/24/2023,CF,CFABZJ,164961,1,PANW,"SMYRNA-F, LLC",1FTBF2BA1PED25648,7/20/2023,4,42753.64,2023,FORD,F-250
7/24/2023,CF,CFABZJ,164961,1,PANW,"SMYRNA-F, LLC",1FTBF2BA1PED26430,7/20/2023,4,43255.64,2023,FORD,F-250
7/24/2023,CF,CFABZJ,164961,1,PANW,"SMYRNA-F, LLC",1FTBF2BA3PED23903,7/20/2023,4,42685.64,2023,FORD,F-250
7/24/2023,CF,CFABZJ,164961,1,PANW,"SMYRNA-F, LLC",1FTBF2BA3PED24484,7/20/2023,4,42649.64,2023,FORD,F-250
7/24/2023,CF,CFABZJ,164961,1,PANW,"SMYRNA-F, LLC",1FTBF2BA3PED25182,7/20/2023,4,44093.64,2023,FORD,F-250
7/24/2023,CF,CFABZJ,164961,1,PANW,"SMYRNA-F, LLC",1FTBF2BA3PED25313,7/20/2023,4,44093.64,2023,FORD,F-250
7/24/2023,CF,CFABZJ,164961,1,PANW,"SMYRNA-F, LLC",1FTBF2BA4PED24333,7/20/2023,4,45190.64,2023,FORD,F-250
7/24/2023,CF,CFABZJ,164961,1,PANW,"SMYRNA-F, LLC",1FTBF2BA4PED25109,7/20/2023,4,43813.64,2023,FORD,F-250
7/24/2023,CF,CFABZJ,164961,1,PANW,"SMYRNA-F, LLC",1FTBF2BA4PED25188,7/20/2023,4,44458.64,2023,FORD,F-250
7/24/2023,CF,CFABZJ,164961,1,PANW,"SMYRNA-F, LLC",1FTBF2BA4PED25546,7/20/2023,4,43465.64,2023,FORD,F-250
7/24/2023,CF,CFABZJ,164961,1,PANW,"SMYRNA-F, LLC",1FTBF2BA4PED25708,7/20/2023,4,42649.64,2023,FORD,F-250
7/24/2023,CF,CFABZJ,164961,1,PANW,"SMYRNA-F, LLC",1FTBF2BA4PED40208,7/20/2023,4,46583.64,2023,FORD,F-250
7/24/2023,CF,CFABZJ,164961,1,PANW,"SMYRNA-F, LLC",1FTBF2BA5PED24504,7/20/2023,4,43651.64,2023,FORD,F-250
7/24/2023,CF,CFABZJ,164961,1,PANW,"SMYRNA-F, LLC",1FTBF2BA5PED24602,7/20/2023,4,42955.64,2023,FORD,F-250
7/24/2023,CF,CFABZJ,164961,1,PANW,"SMYRNA-F, LLC",1FTBF2BA5PED25457,7/20/2023,4,44138.64,2023,FORD,F-250
7/24/2023,CF,CFABZJ,164961,1,PANW,"SMYRNA-F, LLC",1FTBF2BA5PED25572,7/20/2023,4,44093.64,2023,FORD,F-250
7/24/2023,CF,CFABZJ,164961,1,PANW,"SMYRNA-F, LLC",1FTBF2BA6PED25502,7/20/2023,4,44138.64,2023,FORD,F-250
7/24/2023,CF,CFABZJ,164961,1,PANW,"SMYRNA-F, LLC",1FTBF2BA7PED25184,7/20/2023,4,44093.64,2023,FORD,F-250
7/24/2023,CF,CFABZJ,164961,1,PANW,"SMYRNA-F, LLC",1FTBF2BA7PED25363,7/20/2023,4,44138.64,2023,FORD,F-250
7/24/2023,CF,CFABZJ,164961,1,PANW,"SMYRNA-F, LLC",1FTBF2BA7PED26366,7/20/2023,4,42649.64,2023,FORD,F-250
7/24/2023,CF,CFABZJ,164961,1,PANW,"SMYRNA-F, LLC",1FTBF2BA8PED25520,7/20/2023,4,43465.64,2023,FORD,F-250
7/24/2023,CF,CFABZJ,164961,1,PANW,"SMYRNA-F, LLC",1FTBF2BA9PED23999,7/20/2023,4,44302.64,2023,FORD,F-250
7/24/2023,CF,CFABZJ,164961,1,PANW,"SMYRNA-F, LLC",1FTBF2BA9PED25316,7/20/2023,4,42753.64,2023,FORD,F-250
7/24/2023,CF,CFABZJ,164961,1,PANW,"SMYRNA-F, LLC",1FTBF2BA9PED25400,7/20/2023,4,44093.64,2023,FORD,F-250
7/24/2023,CF,CFABZJ,164961,1,PANW,"SMYRNA-F, LLC",1FTBF2BA9PED25574,7/20/2023,4,44093.64,2023,FORD,F-250
7/24/2023,CF,CFABZJ,164961,1,PANW,"SMYRNA-F, LLC",1FTBF2BA9PED25591,7/20/2023,4,42753.64,2023,FORD,F-250
7/24/2023,CF,CFABZJ,164961,1,PANW,"SMYRNA-F, LLC",1FTBF2BAXPED25471,7/20/2023,4,43465.64,2023,FORD,F-250
7/24/2023,CF,CFABZJ,164961,1,PANW,"SMYRNA-F, LLC",1FTBF2BN4PED25775,7/20/2023,4,46645.64,2023,FORD,F-250
7/24/2023,CF,CFABZJ,164961,1,PANW,"SMYRNA-F, LLC",1FTBF4XG5PKB10137,7/12/2023,12,54988.81,2023,FORD,TRANSIT
7/24/2023,CF,CFABZJ,164961,1,PANW,"SMYRNA-F, LLC",1FTBR1C8XPKB25513,7/22/2023,2,44302.48,2023,FORD,TRANSIT
7/24/2023,CF,CFABZJ,164961,1,PANW,"SMYRNA-F, LLC",1FTBR3X86PKB23988,7/10/2023,14,53727.98,2023,FORD,TRANSIT
7/24/2023,CF,CFABZJ,164961,1,PANW,"SMYRNA-F, LLC",1FTBR3XG0PKB32760,7/20/2023,4,46018.04,2023,FORD,TRANSIT
7/24/2023,CF,CFABZJ,164961,1,PANW,"SMYRNA-F, LLC",1FTBW1Y8XPKB27358,7/20/2023,4,45958.06,2023,FORD,TRANSIT
7/24/2023,CF,CFABZJ,164961,1,PANW,"SMYRNA-F, LLC",1FTBW1Y80PKB29362,7/11/2023,13,45958.06,2023,FORD,TRANSIT
7/24/2023,CF,CFABZJ,164961,1,PANW,"SMYRNA-F, LLC",1FTBW1Y81PKB35736,7/15/2023,9,38263.06,2023,FORD,TRANSIT
7/24/2023,CF,CFABZJ,164961,1,PANW,"SMYRNA-F, LLC",1FTBW1Y82PKB27371,7/20/2023,4,45958.06,2023,FORD,TRANSIT
7/24/2023,CF,CFABZJ,164961,1,PANW,"SMYRNA-F, LLC",1FTBW1Y82PKB29248,7/8/2023,16,45958.06,2023,FORD,TRANSIT
7/24/2023,CF,CFABZJ,164961,1,PANW,"SMYRNA-F, LLC",1FTBW1Y88PKB35765,7/18/2023,6,38263.06,2023,FORD,TRANSIT
7/24/2023,CF,CFABZJ,164961,1,PANW,"SMYRNA-F, LLC",1FTBW1Y89PKB27318,7/11/2023,13,45958.06,2023,FORD,TRANSIT
7/24/2023,CF,CFABZJ,164961,1,PANW,"SMYRNA-F, LLC",1FTBW1YK9PKB33390,7/20/2023,4,47829.96,2023,FORD,TRANSIT
7/24/2023,CF,CFABZJ,164961,1,PANW,"SMYRNA-F, LLC",1FTBW1YKXPKB32975,7/20/2023,4,47829.96,2023,FORD,TRANSIT
7/24/2023,CF,CFABZJ,164961,1,PANW,"SMYRNA-F, LLC",1FTBW3X82PKA82722,6/21/2023,33,48471.06,2023,FORD,TRANSIT
7/24/2023,CF,CFABZJ,164961,1,PANW,"SMYRNA-F, LLC",1FTBW3X84PKB24226,7/10/2023,14,49326.06,2023,FORD,TRANSIT
7/24/2023,CF,CFABZJ,164961,1,PANW,"SMYRNA-F, LLC",1FTBW3X88PKA67402,6/21/2023,33,52899.06,2023,FORD,TRANSIT
7/24/2023,CF,CFABZJ,164961,1,PANW,"SMYRNA-F, LLC",1FTBW3XG0PKA98876,6/21/2023,33,47132.04,2023,FORD,TRANSIT
7/24/2023,CF,CFABZJ,164961,1,PANW,"SMYRNA-F, LLC",1FTBW3XG5PKA98971,6/21/2023,33,47132.04,2023,FORD,TRANSIT
7/24/2023,CF,CFABZJ,164961,1,PANW,"SMYRNA-F, LLC",1FTBW3XG8PKB11874,7/10/2023,14,59088.98,2023,FORD,TRANSIT
7/24/2023,CF,CFABZJ,164961,1,PANW,"SMYRNA-F, LLC",1FTBW3XK5PKA87070,6/21/2023,33,57925,2023,FORD,TRANSIT
7/24/2023,CF,CFABZJ,164961,1,PANW,"SMYRNA-F, LLC",1FTBW9C89PKA88672,6/21/2023,33,43750.92,2023,FORD,TRANSIT
7/24/2023,CF,CFABZJ,164961,1,PANW,"SMYRNA-F, LLC",1FTBW9CK1PKA97538,6/21/2023,33,51437.9,2023,FORD,TRANSIT
7/24/2023,CF,CFABZJ,164961,1,PANW,"SMYRNA-F, LLC",1FTER4FH5PLE32561,7/5/2023,19,33534.2,2023,FORD,RANGER
7/24/2023,CF,CFABZJ,164961,1,PANW,"SMYRNA-F, LLC",1FTEW1C5XPFB63179,6/21/2023,33,54793.26,2023,FORD,F-150
7/24/2023,CF,CFABZJ,164961,1,PANW,"SMYRNA-F, LLC",1FTEW1C8XPKE58638,7/20/2023,4,44256.32,2023,FORD,F-150
7/24/2023,CF,CFABZJ,164961,1,PANW,"SMYRNA-F, LLC",1FTEW1C52PKE74905,7/13/2023,11,53941.08,2023,FORD,F-150
7/24/2023,CF,CFABZJ,164961,1,PANW,"SMYRNA-F, LLC",1FTEW1C54PKE34020,7/20/2023,4,38739.32,2023,FORD,F-150
7/24/2023,CF,CFABZJ,164961,1,PANW,"SMYRNA-F, LLC",1FTEW1C54PKE34194,6/21/2023,33,38739.04,2023,FORD,F-150
7/24/2023,CF,CFABZJ,164961,1,PANW,"SMYRNA-F, LLC",1FTEW1C57PKE91747,7/19/2023,5,53240.26,2023,FORD,F-150
7/24/2023,CF,CFABZJ,164961,1,PANW,"SMYRNA-F, LLC",1FTEW1C59PFB69216,6/21/2023,33,51908.36,2023,FORD,F-150
7/24/2023,CF,CFABZJ,164961,1,PANW,"SMYRNA-F, LLC",1FTEW1CB5PKE63662,7/10/2023,14,42673.08,2023,FORD,F-150
7/24/2023,CF,CFABZJ,164961,1,PANW,"SMYRNA-F, LLC",1FTEW1CP2PKE81418,7/10/2023,14,52460.08,2023,FORD,F-150
7/24/2023,CF,CFABZJ,164961,1,PANW,"SMYRNA-F, LLC",1FTEW1CP7PKE76943,7/11/2023,13,45075.26,2023,FORD,F-150
7/24/2023,CF,CFABZJ,164961,1,PANW,"SMYRNA-F, LLC",1FTEW1CP8PFC17046,7/10/2023,14,52516.08,2023,FORD,F-150
7/24/2023,CF,CFABZJ,164961,1,PANW,"SMYRNA-F, LLC",1FTEW1CP9PKE70934,7/11/2023,13,45075.26,2023,FORD,F-150
7/24/2023,CF,CFABZJ,164961,1,PANW,"SMYRNA-F, LLC",1FTEW1CP9PKE72277,7/11/2023,13,44621.76,2023,FORD,F-150
7/24/2023,CF,CFABZJ,164961,1,PANW,"SMYRNA-F, LLC",1FTEW1CPXPFC17338,7/13/2023,11,53145.26,2023,FORD,F-150
7/24/2023,CF,CFABZJ,164961,1,PANW,"SMYRNA-F, LLC",1FTEW1CPXPKE72322,7/11/2023,13,44621.76,2023,FORD,F-150
7/24/2023,CF,CFABZJ,164961,1,PANW,"SMYRNA-F, LLC",1FTEW1E80PFB21952,7/11/2023,13,69932.02,2023,FORD,F-150
7/24/2023,CF,CFABZJ,164961,1,PANW,"SMYRNA-F, LLC",1FTEW1E80PFB86039,7/11/2023,13,69268.36,2023,FORD,F-150
7/24/2023,CF,CFABZJ,164961,1,PANW,"SMYRNA-F, LLC",1FTEW1E82PFB87497,7/11/2023,13,69268.36,2023,FORD,F-150
7/24/2023,CF,CFABZJ,164961,1,PANW,"SMYRNA-F, LLC",1FTEW1E87PFB35475,7/12/2023,12,68592.86,2023,FORD,F-150
7/24/2023,CF,CFABZJ,164961,1,PANW,"SMYRNA-F, LLC",1FTEW1E87PFB87513,7/11/2023,13,69268.36,2023,FORD,F-150
7/24/2023,CF,CFABZJ,164961,1,PANW,"SMYRNA-F, LLC",1FTEW1E87PFB87642,7/12/2023,12,69268.36,2023,FORD,F-150
7/24/2023,CF,CFABZJ,164961,1,PANW,"SMYRNA-F, LLC",1FTEW1E89PFB86721,7/12/2023,12,69984.36,2023,FORD,F-150
7/24/2023,CF,CFABZJ,164961,1,PANW,"SMYRNA-F, LLC",1FTEW1EB5PKD76986,6/21/2023,33,46247.32,2023,FORD,F-150
7/24/2023,CF,CFABZJ,164961,1,PANW,"SMYRNA-F, LLC",1FTEX1C51PKE33940,6/21/2023,33,43478.04,2023,FORD,F-150
7/24/2023,CF,CFABZJ,164961,1,PANW,"SMYRNA-F, LLC",1FTEX1C52PKE33820,6/21/2023,33,43478.04,2023,FORD,F-150
7/24/2023,CF,CFABZJ,164961,1,PANW,"SMYRNA-F, LLC",1FTEX1C57PKE38317,6/21/2023,33,43195.73,2023,FORD,F-150
7/24/2023,CF,CFABZJ,164961,1,PANW,"SMYRNA-F, LLC",1FTEX1CB0PKE29626,6/21/2023,33,35543.04,2023,FORD,F-150
7/24/2023,CF,CFABZJ,164961,1,PANW,"SMYRNA-F, LLC",1FTEX1CB0PKE29660,6/21/2023,33,37892.04,2023,FORD,F-150
7/24/2023,CF,CFABZJ,164961,1,PANW,"SMYRNA-F, LLC",1FTEX1CB0PKE29853,6/21/2023,33,37892.04,2023,FORD,F-150
7/24/2023,CF,CFABZJ,164961,1,PANW,"SMYRNA-F, LLC",1FTEX1CB0PKE29867,6/21/2023,33,35543.04,2023,FORD,F-150
7/24/2023,CF,CFABZJ,164961,1,PANW,"SMYRNA-F, LLC",1FTEX1CB0PKE29898,6/21/2023,33,37892.04,2023,FORD,F-150
7/24/2023,CF,CFABZJ,164961,1,PANW,"SMYRNA-F, LLC",1FTEX1CB1PKE29540,7/20/2023,4,35543.32,2023,FORD,F-150
7/24/2023,CF,CFABZJ,164961,1,PANW,"SMYRNA-F, LLC",1FTEX1CB1PKE29697,6/21/2023,33,35543.04,2023,FORD,F-150
7/24/2023,CF,CFABZJ,164961,1,PANW,"SMYRNA-F, LLC",1FTEX1CB2PKE29563,6/21/2023,33,35543.04,2023,FORD,F-150
7/24/2023,CF,CFABZJ,164961,1,PANW,"SMYRNA-F, LLC",1FTEX1CB2PKE29594,6/21/2023,33,35543.04,2023,FORD,F-150
7/24/2023,CF,CFABZJ,164961,1,PANW,"SMYRNA-F, LLC",1FTEX1CB2PKE29658,6/21/2023,33,35543.04,2023,FORD,F-150
7/24/2023,CF,CFABZJ,164961,1,PANW,"SMYRNA-F, LLC",1FTEX1CB2PKE29725,6/21/2023,33,35543.04,2023,FORD,F-150
7/24/2023,CF,CFABZJ,164961,1,PANW,"SMYRNA-F, LLC",1FTEX1CB3PKE29555,6/21/2023,33,35543.04,2023,FORD,F-150
7/24/2023,CF,CFABZJ,164961,1,PANW,"SMYRNA-F, LLC",1FTEX1CB3PKE29751,7/20/2023,4,37892.32,2023,FORD,F-150
7/24/2023,CF,CFABZJ,164961,1,PANW,"SMYRNA-F, LLC",1FTEX1CB3PKE29832,6/21/2023,33,35543.04,2023,FORD,F-150
7/24/2023,CF,CFABZJ,164961,1,PANW,"SMYRNA-F, LLC",1FTEX1CB4PKE29550,6/21/2023,33,35543.04,2023,FORD,F-150
7/24/2023,CF,CFABZJ,164961,1,PANW,"SMYRNA-F, LLC",1FTEX1CB4PKE29693,6/21/2023,33,35543.04,2023,FORD,F-150
7/24/2023,CF,CFABZJ,164961,1,PANW,"SMYRNA-F, LLC",1FTEX1CB4PKE29709,6/21/2023,33,37892.04,2023,FORD,F-150
7/24/2023,CF,CFABZJ,164961,1,PANW,"SMYRNA-F, LLC",1FTEX1CB4PKE29760,6/21/2023,33,37892.04,2023,FORD,F-150
7/24/2023,CF,CFABZJ,164961,1,PANW,"SMYRNA-F, LLC",1FTEX1CB5PKE29721,6/21/2023,33,37892.04,2023,FORD,F-150
7/24/2023,CF,CFABZJ,164961,1,PANW,"SMYRNA-F, LLC",1FTEX1CB6PKE29615,6/21/2023,33,37892.04,2023,FORD,F-150
7/24/2023,CF,CFABZJ,164961,1,PANW,"SMYRNA-F, LLC",1FTEX1CB6PKE29663,6/21/2023,33,35543.04,2023,FORD,F-150
7/24/2023,CF,CFABZJ,164961,1,PANW,"SMYRNA-F, LLC",1FTEX1CB8PKE29499,6/21/2023,33,37892.04,2023,FORD,F-150
7/24/2023,CF,CFABZJ,164961,1,PANW,"SMYRNA-F, LLC",1FTEX1CB9PKE29818,6/21/2023,33,37892.04,2023,FORD,F-150
7/24/2023,CF,CFABZJ,164961,1,PANW,"SMYRNA-F, LLC",1FTEX1CBXPKE29892,6/21/2023,33,35543.04,2023,FORD,F-150
7/24/2023,CF,CFABZJ,164961,1,PANW,"SMYRNA-F, LLC",1FTEX1CBXPKE29973,6/21/2023,33,35543.04,2023,FORD,F-150
7/24/2023,CF,CFABZJ,164961,1,PANW,"SMYRNA-F, LLC",1FTEX1CP2PKE38257,6/21/2023,33,40331.73,2023,FORD,F-150
7/24/2023,CF,CFABZJ,164961,1,PANW,"SMYRNA-F, LLC",1FTFW1CDXPFB81161,7/10/2023,14,50128.98,2023,FORD,F-150
7/24/2023,CF,CFABZJ,164961,1,PANW,"SMYRNA-F, LLC",1FTFW1E5XPKE79853,7/13/2023,11,56075.36,2023,FORD,F-150
7/24/2023,CF,CFABZJ,164961,1,PANW,"SMYRNA-F, LLC",1FTFW1E8XPFC11890,7/12/2023,12,72700.36,2023,FORD,F-150
7/24/2023,CF,CFABZJ,164961,1,PANW,"SMYRNA-F, LLC",1FTFW1E8XPFC18161,7/10/2023,14,69154.88,2023,FORD,F-150
7/24/2023,CF,CFABZJ,164961,1,PANW,"SMYRNA-F, LLC",1FTFW1E50PFB37417,6/21/2023,33,48680.04,2023,FORD,F-150
7/24/2023,CF,CFABZJ,164961,1,PANW,"SMYRNA-F, LLC",1FTFW1E50PKE75049,7/13/2023,11,48713.32,2023,FORD,F-150
7/24/2023,CF,CFABZJ,164961,1,PANW,"SMYRNA-F, LLC",1FTFW1E50PKE75083,7/5/2023,19,47698.04,2023,FORD,F-150
7/24/2023,CF,CFABZJ,164961,1,PANW,"SMYRNA-F, LLC",1FTFW1E50PKE75343,7/19/2023,5,48725.32,2023,FORD,F-150
7/24/2023,CF,CFABZJ,164961,1,PANW,"SMYRNA-F, LLC",1FTFW1E51PKE68868,7/10/2023,14,70539.88,2023,FORD,F-150
7/24/2023,CF,CFABZJ,164961,1,PANW,"SMYRNA-F, LLC",1FTFW1E52PKE75280,7/13/2023,11,48725.32,2023,FORD,F-150
7/24/2023,CF,CFABZJ,164961,1,PANW,"SMYRNA-F, LLC",1FTFW1E55PFB58375,7/14/2023,10,54387.52,2023,FORD,F-150
7/24/2023,CF,CFABZJ,164961,1,PANW,"SMYRNA-F, LLC",1FTFW1E56PKE79915,7/19/2023,5,53945.36,2023,FORD,F-150
7/24/2023,CF,CFABZJ,164961,1,PANW,"SMYRNA-F, LLC",1FTFW1E57PKE75114,7/5/2023,19,47698.04,2023,FORD,F-150
7/24/2023,CF,CFABZJ,164961,1,PANW,"SMYRNA-F, LLC",1FTFW1E58PKE76112,7/14/2023,10,48713.32,2023,FORD,F-150
7/24/2023,CF,CFABZJ,164961,1,PANW,"SMYRNA-F, LLC",1FTFW1E59PKE75566,7/14/2023,10,48713.32,2023,FORD,F-150
7/24/2023,CF,CFABZJ,164961,1,PANW,"SMYRNA-F, LLC",1FTFW1E80PFC08920,7/12/2023,12,71221.86,2023,FORD,F-150
7/24/2023,CF,CFABZJ,164961,1,PANW,"SMYRNA-F, LLC",1FTFW1E81PFC19411,7/13/2023,11,69129.36,2023,FORD,F-150
7/24/2023,CF,CFABZJ,164961,1,PANW,"SMYRNA-F, LLC",1FTFW1E82PFB91795,7/12/2023,12,73288.36,2023,FORD,F-150
7/24/2023,CF,CFABZJ,164961,1,PANW,"SMYRNA-F, LLC",1FTFW1E83PFB36773,6/21/2023,33,58729.04,2023,FORD,F-150
7/24/2023,CF,CFABZJ,164961,1,PANW,"SMYRNA-F, LLC",1FTFW1E83PFC16834,7/10/2023,14,68876.88,2023,FORD,F-150
7/24/2023,CF,CFABZJ,164961,1,PANW,"SMYRNA-F, LLC",1FTFW1E85PFC05009,7/12/2023,12,67309.36,2023,FORD,F-150
7/24/2023,CF,CFABZJ,164961,1,PANW,"SMYRNA-F, LLC",1FTFW1E85PFC21923,7/14/2023,10,69489.36,2023,FORD,F-150
7/24/2023,CF,CFABZJ,164961,1,PANW,"SMYRNA-F, LLC",1FTFW1E86PFC01339,7/12/2023,12,73337.36,2023,FORD,F-150
7/24/2023,CF,CFABZJ,164961,1,PANW,"SMYRNA-F, LLC",1FTFW1E86PFC04886,7/12/2023,12,65986.36,2023,FORD,F-150
7/24/2023,CF,CFABZJ,164961,1,PANW,"SMYRNA-F, LLC",1FTFW1E88PFC22175,7/20/2023,4,67327.36,2023,FORD,F-150
7/24/2023,CF,CFABZJ,164961,1,PANW,"SMYRNA-F, LLC",1FTFW1E89PFC16353,7/10/2023,14,68004.88,2023,FORD,F-150
7/24/2023,CF,CFABZJ,164961,1,PANW,"SMYRNA-F, LLC",1FTFW1ED3PFB91494,7/12/2023,12,72143.31,2023,FORD,F-150
7/24/2023,CF,CFABZJ,164961,1,PANW,"SMYRNA-F, LLC",1FTFW1RG7PFB77649,6/21/2023,33,79351.36,2023,FORD,F-150
7/24/2023,CF,CFABZJ,164961,1,PANW,"SMYRNA-F, LLC",1FTFX1E50PFB49192,6/21/2023,33,45439.28,2023,FORD,F-150
7/24/2023,CF,CFABZJ,164961,1,PANW,"SMYRNA-F, LLC",1FTFX1E50PFB49208,6/21/2023,33,46455.04,2023,FORD,F-150
7/24/2023,CF,CFABZJ,164961,1,PANW,"SMYRNA-F, LLC",1FTFX1E56PFB49214,6/21/2023,33,46455.04,2023,FORD,F-150
7/24/2023,CF,CFABZJ,164961,1,PANW,"SMYRNA-F, LLC",1FTFX1E57PFB49108,6/21/2023,33,46455.04,2023,FORD,F-150
7/24/2023,CF,CFABZJ,164961,1,PANW,"SMYRNA-F, LLC",1FTMF1C52PKE38420,6/21/2023,33,39161.73,2023,FORD,F-150
7/24/2023,CF,CFABZJ,164961,1,PANW,"SMYRNA-F, LLC",1FTMF1CB0PKE51575,6/21/2023,33,34596.73,2023,FORD,F-150
7/24/2023,CF,CFABZJ,164961,1,PANW,"SMYRNA-F, LLC",1FTMF1CB1PKE29925,6/21/2023,33,34776.04,2023,FORD,F-150
7/24/2023,CF,CFABZJ,164961,1,PANW,"SMYRNA-F, LLC",1FTMF1CB2PKE29884,7/20/2023,4,34776.32,2023,FORD,F-150
7/24/2023,CF,CFABZJ,164961,1,PANW,"SMYRNA-F, LLC",1FTMF1CB3PKE29568,6/21/2023,33,34776.04,2023,FORD,F-150
7/24/2023,CF,CFABZJ,164961,1,PANW,"SMYRNA-F, LLC",1FTMF1CB4PKE51532,6/21/2023,33,36029.73,2023,FORD,F-150
7/24/2023,CF,CFABZJ,164961,1,PANW,"SMYRNA-F, LLC",1FTMF1CB6PKE50558,6/21/2023,33,34596.73,2023,FORD,F-150
7/24/2023,CF,CFABZJ,164961,1,PANW,"SMYRNA-F, LLC",1FTMF1CB6PKE58031,6/21/2023,33,34882.73,2023,FORD,F-150
7/24/2023,CF,CFABZJ,164961,1,PANW,"SMYRNA-F, LLC",1FTMF1CB8PKE29548,6/21/2023,33,34776.04,2023,FORD,F-150
7/24/2023,CF,CFABZJ,164961,1,PANW,"SMYRNA-F, LLC",1FTMF1CB8PKE29873,6/21/2023,33,34776.04,2023,FORD,F-150
7/24/2023,CF,CFABZJ,164961,1,PANW,"SMYRNA-F, LLC",1FTMF1CBXPKE16333,7/13/2023,11,34884.34,2023,FORD,F-150
7/24/2023,CF,CFABZJ,164961,1,PANW,"SMYRNA-F, LLC",1FTMF1EP6PKE28911,7/20/2023,4,35962.32,2023,FORD,F-150
7/24/2023,CF,CFABZJ,164961,1,PANW,"SMYRNA-F, LLC",1FTRF2BN4PED26374,7/20/2023,4,50786.64,2023,FORD,F-250
7/24/2023,CF,CFABZJ,164961,1,PANW,"SMYRNA-F, LLC",1FTRF3AA2PED26202,7/20/2023,4,41320.64,2023,FORD,F-350
7/24/2023,CF,CFABZJ,164961,1,PANW,"SMYRNA-F, LLC",1FTRF3BA3PED25493,7/20/2023,4,44082.64,2023,FORD,F-350
7/24/2023,CF,CFABZJ,164961,1,PANW,"SMYRNA-F, LLC",1FTRF3BA4PED24370,7/22/2023,2,44337.64,2023,FORD,F-350
7/24/2023,CF,CFABZJ,164961,1,PANW,"SMYRNA-F, LLC",1FTRF3BA4PED25213,7/20/2023,4,44337.64,2023,FORD,F-350
7/24/2023,CF,CFABZJ,164961,1,PANW,"SMYRNA-F, LLC",1FTRF3BA8PED23481,7/20/2023,4,44765.64,2023,FORD,F-350
7/24/2023,CF,CFABZJ,164961,1,PANW,"SMYRNA-F, LLC",1FTRF3BA8PED24419,7/20/2023,4,44485.64,2023,FORD,F-350
7/24/2023,CF,CFABZJ,164961,1,PANW,"SMYRNA-F, LLC",1FTRF3BA9PED24140,7/20/2023,4,44809.64,2023,FORD,F-350
7/24/2023,CF,CFABZJ,164961,1,PANW,"SMYRNA-F, LLC",1FTRF3BN4PED25618,7/20/2023,4,53078.64,2023,FORD,F-350
7/24/2023,CF,CFABZJ,164961,1,PANW,"SMYRNA-F, LLC",1FTRS4XG5PKA84181,6/21/2023,33,55225.81,2023,FORD,TRANSIT
7/24/2023,CF,CFABZJ,164961,1,PANW,"SMYRNA-F, LLC",1FTRU8XG3PKA95102,6/21/2023,33,44413.04,2023,FORD,TRANSIT
7/24/2023,CF,CFABZJ,164961,1,PANW,"SMYRNA-F, LLC",1FTVW1EL0PWG21372,7/20/2023,4,50422.91,2023,FORD,F-150
7/24/2023,CF,CFABZJ,164961,1,PANW,"SMYRNA-F, LLC",1FTVW1EL2PWG12866,7/20/2023,4,58550,2023,FORD,F-150
7/24/2023,CF,CFABZJ,164961,1,PANW,"SMYRNA-F, LLC",1FTVW1EL2PWG21597,7/20/2023,4,50422.91,2023,FORD,F-150
7/24/2023,CF,CFABZJ,164961,1,PANW,"SMYRNA-F, LLC",1FTVW1EL3PWG02766,7/20/2023,4,49922.92,2023,FORD,F-150
7/24/2023,CF,CFABZJ,164961,1,PANW,"SMYRNA-F, LLC",1FTVW1EL3PWG05747,7/20/2023,4,75440,2023,FORD,F-150
7/24/2023,CF,CFABZJ,164961,1,PANW,"SMYRNA-F, LLC",1FTVW1EL3PWG18000,7/20/2023,4,43907.61,2023,FORD,F-150
7/24/2023,CF,CFABZJ,164961,1,PANW,"SMYRNA-F, LLC",1FTVW1EL5PWG02767,7/20/2023,4,49922.92,2023,FORD,F-150
7/24/2023,CF,CFABZJ,164961,1,PANW,"SMYRNA-F, LLC",1FTVW1EL5PWG18404,7/20/2023,4,43907.61,2023,FORD,F-150
7/24/2023,CF,CFABZJ,164961,1,PANW,"SMYRNA-F, LLC",1FTVW1EL5PWG21562,7/20/2023,4,50422.91,2023,FORD,F-150
7/24/2023,CF,CFABZJ,164961,1,PANW,"SMYRNA-F, LLC",1FTVW1EL7PWG21515,7/20/2023,4,50422.91,2023,FORD,F-150
7/24/2023,CF,CFABZJ,164961,1,PANW,"SMYRNA-F, LLC",1FTVW1ELXPWG21380,7/20/2023,4,50422.91,2023,FORD,F-150
7/24/2023,CF,CFABZJ,164961,1,PANW,"SMYRNA-F, LLC",1FTVW1EV2PWG13419,7/20/2023,4,79980,2023,FORD,F-150
7/24/2023,CF,CFABZJ,164961,1,PANW,"SMYRNA-F, LLC",1FTVW1EV3PWG16488,7/20/2023,4,84500,2023,FORD,F-150
7/24/2023,CF,CFABZJ,164961,1,PANW,"SMYRNA-F, LLC",1FTVW1EV4PWG17312,7/20/2023,4,81670,2023,FORD,F-150
7/24/2023,CF,CFABZJ,164961,1,PANW,"SMYRNA-F, LLC",1FTVW1EV4PWG17312,6/21/2023,33,90049,2023,FORD,F-150
7/24/2023,CF,CFABZJ,164961,1,PANW,"SMYRNA-F, LLC",1FTVW1EV7PWG20687,7/20/2023,4,81780,2023,FORD,F-150
7/24/2023,CF,CFABZJ,164961,1,PANW,"SMYRNA-F, LLC",1FTVW1EV9PWG21727,7/20/2023,4,80520,2023,FORD,F-150
7/24/2023,CF,CFABZJ,164961,1,PANW,"SMYRNA-F, LLC",1FTVW1EVXPWG17444,7/20/2023,4,82220,2023,FORD,F-150
7/24/2023,CF,CFABZJ,164961,1,PANW,"SMYRNA-F, LLC",1FTYE1Y86PKB36331,7/15/2023,9,43103.06,2023,FORD,TRANSIT
7/24/2023,CF,CFABZJ,164961,1,PANW,"SMYRNA-F, LLC",2FMPK4AP7PBA52466,6/21/2023,33,46824.69,2023,FORD,EDGE
7/24/2023,CF,CFABZJ,164961,1,PANW,"SMYRNA-F, LLC",2FMPK4G93PBA44180,7/20/2023,4,34874.16,2023,FORD,EDGE
7/24/2023,CF,CFABZJ,164961,1,PANW,"SMYRNA-F, LLC",2FMPK4K90PBA48467,7/12/2023,12,45422.19,2023,FORD,EDGE
7/24/2023,CF,CFABZJ,164961,1,PANW,"SMYRNA-F, LLC",2FMPK4K91PBA47893,7/12/2023,12,42763.19,2023,FORD,EDGE
7/24/2023,CF,CFABZJ,164961,1,PANW,"SMYRNA-F, LLC",2FMPK4K91PBA53743,7/12/2023,12,42763.19,2023,FORD,EDGE
7/24/2023,CF,CFABZJ,164961,1,PANW,"SMYRNA-F, LLC",2FMPK4K95PBA53888,7/12/2023,12,42763.19,2023,FORD,EDGE
7/24/2023,CF,CFABZJ,164961,1,PANW,"SMYRNA-F, LLC",2FMPK4K97PBA53827,7/12/2023,12,42763.19,2023,FORD,EDGE
7/24/2023,CF,CFABZJ,164961,1,PANW,"SMYRNA-F, LLC",2FMPK4K98PBA47793,7/12/2023,12,42763.19,2023,FORD,EDGE
7/24/2023,CF,CFABZJ,164961,1,PANW,"SMYRNA-F, LLC",2FMPK4K98PBA47857,7/12/2023,12,42763.19,2023,FORD,EDGE
7/24/2023,CF,CFABZJ,164961,1,PANW,"SMYRNA-F, LLC",2FMPK4K98PBA48359,7/12/2023,12,43223.19,2023,FORD,EDGE
7/24/2023,CF,CFABZJ,164961,1,PANW,"SMYRNA-F, LLC",3FMCR9A6XPRD57363,7/20/2023,4,28330.16,2023,FORD,BRONCO SPORT
7/24/2023,CF,CFABZJ,164961,1,PANW,"SMYRNA-F, LLC",3FMCR9B63PRD66937,6/21/2023,33,35743.67,2023,FORD,BRONCO SPORT
7/24/2023,CF,CFABZJ,164961,1,PANW,"SMYRNA-F, LLC",3FMCR9B66PRD67385,6/21/2023,33,32736.67,2023,FORD,BRONCO SPORT
7/24/2023,CF,CFABZJ,164961,1,PANW,"SMYRNA-F, LLC",3FMCR9B67PRD69033,6/21/2023,33,35866.67,2023,FORD,BRONCO SPORT
7/24/2023,CF,CFABZJ,164961,1,PANW,"SMYRNA-F, LLC",3FMCR9B67PRD84048,7/10/2023,14,32272.86,2023,FORD,BRONCO SPORT
7/24/2023,CF,CFABZJ,164961,1,PANW,"SMYRNA-F, LLC",3FMCR9B68PRD56064,6/21/2023,33,29628.02,2023,FORD,BRONCO SPORT
7/24/2023,CF,CFABZJ,164961,1,PANW,"SMYRNA-F, LLC",3FMCR9C62PRD69973,6/21/2023,33,38764.67,2023,FORD,BRONCO SPORT
7/24/2023,CF,CFABZJ,164961,1,PANW,"SMYRNA-F, LLC",3FMCR9C64PRD86046,7/12/2023,12,39186.67,2023,FORD,BRONCO SPORT
7/24/2023,CF,CFABZJ,164961,1,PANW,"SMYRNA-F, LLC",3FMCR9C65PRD64704,6/21/2023,33,36697.67,2023,FORD,BRONCO SPORT
7/24/2023,CF,CFABZJ,164961,1,PANW,"SMYRNA-F, LLC",3FMCR9C65PRD87268,7/10/2023,14,36783.86,2023,FORD,BRONCO SPORT
7/24/2023,CF,CFABZJ,164961,1,PANW,"SMYRNA-F, LLC",3FMCR9C68PRD62803,6/21/2023,33,40122.67,2023,FORD,BRONCO SPORT
7/24/2023,CF,CFABZJ,164961,1,PANW,"SMYRNA-F, LLC",3FMCR9D92PRD78021,7/13/2023,11,43847.67,2023,FORD,BRONCO SPORT
7/24/2023,CF,CFABZJ,164961,1,PANW,"SMYRNA-F, LLC",3FMCR9D92PRD78150,6/21/2023,33,44402.67,2023,FORD,BRONCO SPORT
7/24/2023,CF,CFABZJ,164961,1,PANW,"SMYRNA-F, LLC",3FMCR9D94PRD74942,6/21/2023,33,40134.67,2023,FORD,BRONCO SPORT
7/24/2023,CF,CFABZJ,164961,1,PANW,"SMYRNA-F, LLC",3FMCR9D99PRD75214,7/10/2023,14,39294.86,2023,FORD,BRONCO SPORT
7/24/2023,CF,CFABZJ,164961,1,PANW,"SMYRNA-F, LLC",3FMCR9G60PRD63566,6/21/2023,33,36012.67,2023,FORD,BRONCO SPORT
7/24/2023,CF,CFABZJ,164961,1,PANW,"SMYRNA-F, LLC",3FMCR9G62PRD85925,7/13/2023,11,36234.86,2023,FORD,BRONCO SPORT
7/24/2023,CF,CFABZJ,164961,1,PANW,"SMYRNA-F, LLC",3FMCR9G63PRD69961,6/21/2023,33,36741.67,2023,FORD,BRONCO SPORT
7/24/2023,CF,CFABZJ,164961,1,PANW,"SMYRNA-F, LLC",3FMCR9G68PRD83046,7/17/2023,7,35974.67,2023,FORD,BRONCO SPORT
7/24/2023,CF,CFABZJ,164961,1,PANW,"SMYRNA-F, LLC",3FMCR9G69PRD84609,7/13/2023,11,35974.67,2023,FORD,BRONCO SPORT
7/24/2023,CF,CFABZJ,164961,1,PANW,"SMYRNA-F, LLC",3FMTK3R74PMA30727,6/21/2023,33,59830,2023,FORD,MUSTANG MACH-E
7/24/2023,CF,CFABZJ,164961,1,PANW,"SMYRNA-F, LLC",3FMTK3RM1PMA41190,7/13/2023,11,53140,2023,FORD,MUSTANG MACH-E
7/24/2023,CF,CFABZJ,164961,1,PANW,"SMYRNA-F, LLC",3FMTK3RM2PMA31901,7/13/2023,11,52830,2023,FORD,MUSTANG MACH-E
7/24/2023,CF,CFABZJ,164961,1,PANW,"SMYRNA-F, LLC",3FMTK3SS5PMA48913,6/21/2023,33,56070,2023,FORD,MUSTANG MACH-E
7/24/2023,CF,CFABZJ,164961,1,PANW,"SMYRNA-F, LLC",3FMTK3SS6PMA34020,6/21/2023,33,56865,2023,FORD,MUSTANG MACH-E
7/24/2023,CF,CFABZJ,164961,1,PANW,"SMYRNA-F, LLC",3FTTW8E3XPRA30498,6/21/2023,33,22137.64,2023,FORD,MAVERICK
7/24/2023,CF,CFABZJ,164961,1,PANW,"SMYRNA-F, LLC",3FTTW8E32PRA58182,7/13/2023,11,29583.7,2023,FORD,MAVERICK
7/24/2023,CF,CFABZJ,164961,1,PANW,"SMYRNA-F, LLC",3FTTW8E37PRA57870,7/13/2023,11,23808.7,2023,FORD,MAVERICK
7/24/2023,CF,CFABZJ,164961,1,PANW,"SMYRNA-F, LLC",3FTTW8E91PRA45055,6/21/2023,33,25083.18,2023,FORD,MAVERICK
7/24/2023,CF,CFABZJ,164961,1,PANW,"SMYRNA-F, LLC",3FTTW8E94PRA44871,6/21/2023,33,25083.18,2023,FORD,MAVERICK
7/24/2023,CF,CFABZJ,164961,1,PANW,"SMYRNA-F, LLC",3FTTW8E99PRA45286,6/21/2023,33,25083.18,2023,FORD,MAVERICK
7/24/2023,CF,CFABZJ,164961,1,PANW,"SMYRNA-F, LLC",3FTTW8F9XPRA30441,6/21/2023,33,24621.64,2023,FORD,MAVERICK
7/24/2023,CF,CFABZJ,164961,1,PANW,"SMYRNA-F, LLC",3FTTW8F9XPRA30469,6/21/2023,33,24622.02,2023,FORD,MAVERICK
7/24/2023,CF,CFABZJ,164961,1,PANW,"SMYRNA-F, LLC",3FTTW8F9XPRA30777,6/21/2023,33,24622.02,2023,FORD,MAVERICK
7/24/2023,CF,CFABZJ,164961,1,PANW,"SMYRNA-F, LLC",3FTTW8F95PRA30489,6/21/2023,33,24621.64,2023,FORD,MAVERICK
7/24/2023,CF,CFABZJ,164961,1,PANW,"SMYRNA-F, LLC",3FTTW8F95PRA30556,6/21/2023,33,24621.64,2023,FORD,MAVERICK
7/24/2023,CF,CFABZJ,164961,1,PANW,"SMYRNA-F, LLC",3FTTW8F97PRA30736,7/20/2023,4,24622.16,2023,FORD,MAVERICK
7/24/2023,CF,CFABZJ,164961,1,PANW,"SMYRNA-F, LLC",3FTTW8F98PRA30468,6/21/2023,33,24621.64,2023,FORD,MAVERICK
7/24/2023,CF,CFABZJ,164961,1,PANW,"SMYRNA-F, LLC",3FTTW8F99PRA30785,6/21/2023,33,24622.02,2023,FORD,MAVERICK
7/24/2023,CF,CFABZJ,164961,1,PANW,"SMYRNA-F, LLC",NM0LS7S2XP1554372,7/24/2023,0,37551.7,2023,FORD,TRANSIT CONNECT
7/24/2023,CF,CFAC0E,164961,4,EFLT,"SMYRNA-F, LLC",1FDWE3FN0RDD17097,7/24/2023,0,36036.06,2024,FORD,E-350
7/24/2023,CF,CFAC0E,164961,4,EFLT,"SMYRNA-F, LLC",1FDWE3FN2RDD17098,7/24/2023,0,35804.06,2024,FORD,E-350
7/24/2023,CF,CFAC0E,164961,4,EFLT,"SMYRNA-F, LLC",1FDWE3FN9RDD17096,7/24/2023,0,36036.06,2024,FORD,E-350
7/24/2023,CF,CFAC0E,164961,4,EFLT,"SMYRNA-F, LLC",1FTBR3X84PKA83507,7/3/2023,21,49722.06,2023,FORD,TRANSIT
7/24/2023,CF,CFAC0E,164961,4,PAEF,"SMYRNA-F, LLC",1FBAX2C84PKB19489,7/20/2023,4,48974.48,2023,FORD,TRANSIT
7/24/2023,CF,CFAC0E,164961,4,PAEF,"SMYRNA-F, LLC",1FBAX2C89PKB19732,7/20/2023,4,48974.48,2023,FORD,TRANSIT
7/24/2023,CF,CFAC0E,164961,4,PAEF,"SMYRNA-F, LLC",1FBAX2Y82PKB27051,7/13/2023,11,48156.06,2023,FORD,TRANSIT
7/24/2023,CF,CFAC0E,164961,4,PAEF,"SMYRNA-F, LLC",1FBAX2Y82PKB30273,7/21/2023,3,49958.48,2023,FORD,TRANSIT
7/24/2023,CF,CFAC0E,164961,4,PAEF,"SMYRNA-F, LLC",1FBAX2Y84PKB27049,7/13/2023,11,48721.06,2023,FORD,TRANSIT
7/24/2023,CF,CFAC0E,164961,4,PAEF,"SMYRNA-F, LLC",1FBAX2Y84PKB33174,7/20/2023,4,51165.48,2023,FORD,TRANSIT
7/24/2023,CF,CFAC0E,164961,4,PAEF,"SMYRNA-F, LLC",1FBAX2Y85PKB32891,7/20/2023,4,50621.48,2023,FORD,TRANSIT
7/24/2023,CF,CFAC0E,164961,4,PAEF,"SMYRNA-F, LLC",1FBAX2Y87PKB29068,7/24/2023,0,48156.31,2023,FORD,TRANSIT
7/24/2023,CF,CFAC0E,164961,4,PAEF,"SMYRNA-F, LLC",1FBAX2Y88PKB32982,7/13/2023,11,51165.06,2023,FORD,TRANSIT
7/24/2023,CF,CFAC0E,164961,4,PAEF,"SMYRNA-F, LLC",1FBAX9C88PKB21383,7/20/2023,4,54852.48,2023,FORD,TRANSIT
7/24/2023,CF,CFAC0E,164961,4,PAEF,"SMYRNA-F, LLC",1FD0W4HN4PED52075,7/21/2023,3,53581.08,2023,FORD,F-450
7/24/2023,CF,CFAC0E,164961,4,PAEF,"SMYRNA-F, LLC",1FD0W4HN6PED37562,7/20/2023,4,53581.64,2023,FORD,F-450
7/24/2023,CF,CFAC0E,164961,4,PAEF,"SMYRNA-F, LLC",1FD0W4HN8PED37563,7/20/2023,4,53581.64,2023,FORD,F-450
7/24/2023,CF,CFAC0E,164961,4,PAEF,"SMYRNA-F, LLC",1FD0W5HT0PEC70817,7/20/2023,4,64321.7,2023,FORD,F-550
7/24/2023,CF,CFAC0E,164961,4,PAEF,"SMYRNA-F, LLC",1FDAX2X80PKB27963,7/20/2023,4,50671.13,2023,FORD,TRANSIT
7/24/2023,CF,CFAC0E,164961,4,PAEF,"SMYRNA-F, LLC",1FDAX2X82PKB27818,7/20/2023,4,50671.13,2023,FORD,TRANSIT
7/24/2023,CF,CFAC0E,164961,4,PAEF,"SMYRNA-F, LLC",1FDAX2X82PKB29018,7/20/2023,4,50671.13,2023,FORD,TRANSIT
7/24/2023,CF,CFAC0E,164961,4,PAEF,"SMYRNA-F, LLC",1FDUF4GN0PDA04024,7/20/2023,4,46422.64,2023,FORD,F-450
7/24/2023,CF,CFAC0E,164961,4,PAEF,"SMYRNA-F, LLC",1FDUF4GN2PDA04025,7/20/2023,4,46422.64,2023,FORD,F-450
7/24/2023,CF,CFAC0E,164961,4,PAEF,"SMYRNA-F, LLC",1FDWE3FN0RDD23546,7/20/2023,4,37143.48,2024,FORD,E-350
7/24/2023,CF,CFAC0E,164961,4,PAEF,"SMYRNA-F, LLC",1FDWE3FN4RDD23548,7/20/2023,4,37143.48,2024,FORD,E-350
7/24/2023,CF,CFAC0E,164961,4,PAEF,"SMYRNA-F, LLC",1FDWE3FN5RDD23560,7/21/2023,3,36841.13,2024,FORD,E-350
7/24/2023,CF,CFAC0E,164961,4,PAEF,"SMYRNA-F, LLC",1FDWE3FN6RDD21820,7/20/2023,4,36137.48,2024,FORD,E-350
7/24/2023,CF,CFAC0E,164961,4,PAEF,"SMYRNA-F, LLC",1FDWE3FN6RDD23549,7/20/2023,4,37143.48,2024,FORD,E-350
7/24/2023,CF,CFAC0E,164961,4,PAEF,"SMYRNA-F, LLC",1FDWE3FN7RDD23558,7/21/2023,3,36840.48,2024,FORD,E-350
7/24/2023,CF,CFAC0E,164961,4,PAEF,"SMYRNA-F, LLC",1FDWE3FNXRDD21819,7/20/2023,4,36137.48,2024,FORD,E-350
7/24/2023,CF,CFAC0E,164961,4,PAEF,"SMYRNA-F, LLC",1FDWE3FNXRDD21822,7/20/2023,4,37798.48,2024,FORD,E-350
7/24/2023,CF,CFAC0E,164961,4,PAEF,"SMYRNA-F, LLC",1FDXE4FN1RDD23565,7/20/2023,4,39677.13,2024,FORD,E-450
7/24/2023,CF,CFAC0E,164961,4,PAEF,"SMYRNA-F, LLC",1FDXE4FN3RDD21347,7/22/2023,2,38560.48,2024,FORD,E-450
7/24/2023,CF,CFAC0E,164961,4,PAEF,"SMYRNA-F, LLC",1FDXE4FN4RDD23561,7/20/2023,4,39677.13,2024,FORD,E-450
7/24/2023,CF,CFAC0E,164961,4,PAEF,"SMYRNA-F, LLC",1FDXE4FN6RDD23562,7/21/2023,3,39677.13,2024,FORD,E-450
7/24/2023,CF,CFAC0E,164961,4,PAEF,"SMYRNA-F, LLC",1FDXE4FN9RDD23555,7/20/2023,4,38945.48,2024,FORD,E-450
7/24/2023,CF,CFAC0E,164961,4,PAEF,"SMYRNA-F, LLC",1FMCU0GN0PUA41715,7/20/2023,4,0.14,2023,FORD,ESCAPE
7/24/2023,CF,CFAC0E,164961,4,PAEF,"SMYRNA-F, LLC",1FMCU0GN0PUA41732,7/20/2023,4,28432.16,2023,FORD,ESCAPE
7/24/2023,CF,CFAC0E,164961,4,PAEF,"SMYRNA-F, LLC",1FMCU0GN1PUA41738,7/20/2023,4,28432.16,2023,FORD,ESCAPE
7/24/2023,CF,CFAC0E,164961,4,PAEF,"SMYRNA-F, LLC",1FMCU0GN2PUA41733,7/20/2023,4,28432.16,2023,FORD,ESCAPE
7/24/2023,CF,CFAC0E,164961,4,PAEF,"SMYRNA-F, LLC",1FMCU0GN3PUA45225,7/20/2023,4,0.14,2023,FORD,ESCAPE
7/24/2023,CF,CFAC0E,164961,4,PAEF,"SMYRNA-F, LLC",1FMCU0GN3PUA45449,7/20/2023,4,26778.16,2023,FORD,ESCAPE
7/24/2023,CF,CFAC0E,164961,4,PAEF,"SMYRNA-F, LLC",1FMCU0GN4PUA41734,7/20/2023,4,0.14,2023,FORD,ESCAPE
7/24/2023,CF,CFAC0E,164961,4,PAEF,"SMYRNA-F, LLC",1FMCU0GN5PUA45548,7/20/2023,4,0.14,2023,FORD,ESCAPE
7/24/2023,CF,CFAC0E,164961,4,PAEF,"SMYRNA-F, LLC",1FMCU0GN7PUA41730,7/20/2023,4,0.14,2023,FORD,ESCAPE
7/24/2023,CF,CFAC0E,164961,4,PAEF,"SMYRNA-F, LLC",1FMCU0GN7PUA41744,7/20/2023,4,28432.16,2023,FORD,ESCAPE
7/24/2023,CF,CFAC0E,164961,4,PAEF,"SMYRNA-F, LLC",1FMCU0GN7PUA46152,7/20/2023,4,0.14,2023,FORD,ESCAPE
7/24/2023,CF,CFAC0E,164961,4,PAEF,"SMYRNA-F, LLC",1FMCU0GNXPUA45948,7/20/2023,4,26778.16,2023,FORD,ESCAPE
7/24/2023,CF,CFAC0E,164961,4,PAEF,"SMYRNA-F, LLC",1FMCU9JA8PUA35414,7/20/2023,4,38645.16,2023,FORD,ESCAPE
7/24/2023,CF,CFAC0E,164961,4,PAEF,"SMYRNA-F, LLC",1FMJK1J84PEA51051,7/20/2023,4,63593.32,2023,FORD,EXPEDITION
7/24/2023,CF,CFAC0E,164961,4,PAEF,"SMYRNA-F, LLC",1FMJK1P80PEA51054,7/20/2023,4,82352.32,2023,FORD,EXPEDITION
7/24/2023,CF,CFAC0E,164961,4,PAEF,"SMYRNA-F, LLC",1FMJU1J83PEA51052,7/20/2023,4,67745.32,2023,FORD,EXPEDITION
7/24/2023,CF,CFAC0E,164961,4,PAEF,"SMYRNA-F, LLC",1FMJU1J89PEA51055,7/20/2023,4,59669.32,2023,FORD,EXPEDITION
7/24/2023,CF,CFAC0E,164961,4,PAEF,"SMYRNA-F, LLC",1FMJU1L89PEA51053,7/20/2023,4,78315.97,2023,FORD,EXPEDITION
7/24/2023,CF,CFAC0E,164961,4,PAEF,"SMYRNA-F, LLC",1FMSK8BH0PGB27039,7/20/2023,4,37060.16,2023,FORD,EXPLORER
7/24/2023,CF,CFAC0E,164961,4,PAEF,"SMYRNA-F, LLC",1FMSK8BH0PGB27106,7/20/2023,4,37144.16,2023,FORD,EXPLORER
7/24/2023,CF,CFAC0E,164961,4,PAEF,"SMYRNA-F, LLC",1FMSK8BH0PGB27171,7/20/2023,4,37244.16,2023,FORD,EXPLORER
7/24/2023,CF,CFAC0E,164961,4,PAEF,"SMYRNA-F, LLC",1FMSK8BH1PGB27308,7/20/2023,4,37060.16,2023,FORD,EXPLORER
7/24/2023,CF,CFAC0E,164961,4,PAEF,"SMYRNA-F, LLC",1FMSK8BH5PGB26937,7/20/2023,4,37144.16,2023,FORD,EXPLORER
7/24/2023,CF,CFAC0E,164961,4,PAEF,"SMYRNA-F, LLC",1FMSK8BH8PGB27175,7/20/2023,4,37060.16,2023,FORD,EXPLORER
7/24/2023,CF,CFAC0E,164961,4,PAEF,"SMYRNA-F, LLC",1FT7X2BA5PED01775,7/20/2023,4,46277.64,2023,FORD,F-250
7/24/2023,CF,CFAC0E,164961,4,PAEF,"SMYRNA-F, LLC",1FT7X2BA5PED43167,7/22/2023,2,47571.64,2023,FORD,F-250
7/24/2023,CF,CFAC0E,164961,4,PAEF,"SMYRNA-F, LLC",1FT7X2BA7PED01762,7/20/2023,4,48303.64,2023,FORD,F-250
7/24/2023,CF,CFAC0E,164961,4,PAEF,"SMYRNA-F, LLC",1FT7X2BAXPED43178,7/13/2023,11,47471.08,2023,FORD,F-250
7/24/2023,CF,CFAC0E,164961,4,PAEF,"SMYRNA-F, LLC",1FT7X2BN3PED42988,7/15/2023,9,50462.64,2023,FORD,F-250
7/24/2023,CF,CFAC0E,164961,4,PAEF,"SMYRNA-F, LLC",1FT7X2BN3PED43106,7/14/2023,10,50362.08,2023,FORD,F-250
7/24/2023,CF,CFAC0E,164961,4,PAEF,"SMYRNA-F, LLC",1FT7X2BN4PED43132,7/13/2023,11,50362.08,2023,FORD,F-250
7/24/2023,CF,CFAC0E,164961,4,PAEF,"SMYRNA-F, LLC",1FT7X2BN5PED43107,7/14/2023,10,50362.08,2023,FORD,F-250
7/24/2023,CF,CFAC0E,164961,4,PAEF,"SMYRNA-F, LLC",1FT7X2BN7PED42993,7/13/2023,11,50362.08,2023,FORD,F-250
7/24/2023,CF,CFAC0E,164961,4,PAEF,"SMYRNA-F, LLC",1FT8W2BT7PEC64639,7/20/2023,4,77080.7,2023,FORD,F-250
7/24/2023,CF,CFAC0E,164961,4,PAEF,"SMYRNA-F, LLC",1FT8W3BA1PED10728,7/20/2023,4,52428.64,2023,FORD,F-350
7/24/2023,CF,CFAC0E,164961,4,PAEF,"SMYRNA-F, LLC",1FT8W3BMXPED42586,7/13/2023,11,60794.5,2023,FORD,F-350
7/24/2023,CF,CFAC0E,164961,4,PAEF,"SMYRNA-F, LLC",1FT8X3DA0PED42192,7/13/2023,11,50223.08,2023,FORD,F-350
7/24/2023,CF,CFAC0E,164961,4,PAEF,"SMYRNA-F, LLC",1FT8X3DA6PED42326,7/13/2023,11,50223.08,2023,FORD,F-350
7/24/2023,CF,CFAC0E,164961,4,PAEF,"SMYRNA-F, LLC",1FT8X3DA7PED42514,7/22/2023,2,50323.64,2023,FORD,F-350
7/24/2023,CF,CFAC0E,164961,4,PAEF,"SMYRNA-F, LLC",1FTBF2AA2PED42394,7/14/2023,10,41571.64,2023,FORD,F-250
7/24/2023,CF,CFAC0E,164961,4,PAEF,"SMYRNA-F, LLC",1FTBF2AA4PED42249,7/14/2023,10,41571.64,2023,FORD,F-250
7/24/2023,CF,CFAC0E,164961,4,PAEF,"SMYRNA-F, LLC",1FTBF2AA5PED17246,7/20/2023,4,43687.64,2023,FORD,F-250
7/24/2023,CF,CFAC0E,164961,4,PAEF,"SMYRNA-F, LLC",1FTBF2AA6PED42656,7/14/2023,10,41471.08,2023,FORD,F-250
7/24/2023,CF,CFAC0E,164961,4,PAEF,"SMYRNA-F, LLC",1FTBF2AA7PED42343,7/13/2023,11,41471.08,2023,FORD,F-250
7/24/2023,CF,CFAC0E,164961,4,PAEF,"SMYRNA-F, LLC",1FTBF2BA7PED17232,7/20/2023,4,43684.64,2023,FORD,F-250
7/24/2023,CF,CFAC0E,164961,4,PAEF,"SMYRNA-F, LLC",1FTBF4X8XPKB22518,7/20/2023,4,50471.13,2023,FORD,TRANSIT
7/24/2023,CF,CFAC0E,164961,4,PAEF,"SMYRNA-F, LLC",1FTBF4X8XPKB22602,7/20/2023,4,50470.71,2023,FORD,TRANSIT
7/24/2023,CF,CFAC0E,164961,4,PAEF,"SMYRNA-F, LLC",1FTBF4X85PKB21485,7/20/2023,4,50471.13,2023,FORD,TRANSIT
7/24/2023,CF,CFAC0E,164961,4,PAEF,"SMYRNA-F, LLC",1FTBF4X86PKB21477,7/20/2023,4,50471.13,2023,FORD,TRANSIT
7/24/2023,CF,CFAC0E,164961,4,PAEF,"SMYRNA-F, LLC",1FTBR1C8XPKB20571,7/13/2023,11,45340.06,2023,FORD,TRANSIT
7/24/2023,CF,CFAC0E,164961,4,PAEF,"SMYRNA-F, LLC",1FTBR1C8XPKB29559,7/20/2023,4,45880.13,2023,FORD,TRANSIT
7/24/2023,CF,CFAC0E,164961,4,PAEF,"SMYRNA-F, LLC",1FTBR1C80PKB20093,7/20/2023,4,43655.48,2023,FORD,TRANSIT
7/24/2023,CF,CFAC0E,164961,4,PAEF,"SMYRNA-F, LLC",1FTBR1C80PKB22619,7/20/2023,4,43651.48,2023,FORD,TRANSIT
7/24/2023,CF,CFAC0E,164961,4,PAEF,"SMYRNA-F, LLC",1FTBR1C80PKB27223,7/20/2023,4,46003.48,2023,FORD,TRANSIT
7/24/2023,CF,CFAC0E,164961,4,PAEF,"SMYRNA-F, LLC",1FTBR1C80PKB27741,7/20/2023,4,46328.48,2023,FORD,TRANSIT
7/24/2023,CF,CFAC0E,164961,4,PAEF,"SMYRNA-F, LLC",1FTBR1C81PKB20524,7/20/2023,4,0.42,2023,FORD,TRANSIT
7/24/2023,CF,CFAC0E,164961,4,PAEF,"SMYRNA-F, LLC",1FTBR1C81PKB20569,7/20/2023,4,0.42,2023,FORD,TRANSIT
7/24/2023,CF,CFAC0E,164961,4,PAEF,"SMYRNA-F, LLC",1FTBR1C81PKB26551,7/20/2023,4,45880.13,2023,FORD,TRANSIT
7/24/2023,CF,CFAC0E,164961,4,PAEF,"SMYRNA-F, LLC",1FTBR1C81PKB26999,7/24/2023,0,43629.48,2023,FORD,TRANSIT
7/24/2023,CF,CFAC0E,164961,4,PAEF,"SMYRNA-F, LLC",1FTBR1C81PKB30034,7/20/2023,4,44631.13,2023,FORD,TRANSIT
7/24/2023,CF,CFAC0E,164961,4,PAEF,"SMYRNA-F, LLC",1FTBR1C82PKB27496,7/20/2023,4,46377.48,2023,FORD,TRANSIT
7/24/2023,CF,CFAC0E,164961,4,PAEF,"SMYRNA-F, LLC",1FTBR1C82PKB27708,7/20/2023,4,44529.13,2023,FORD,TRANSIT
7/24/2023,CF,CFAC0E,164961,4,PAEF,"SMYRNA-F, LLC",1FTBR1C82PKB29572,7/20/2023,4,45705.48,2023,FORD,TRANSIT
7/24/2023,CF,CFAC0E,164961,4,PAEF,"SMYRNA-F, LLC",1FTBR1C83PKB17141,7/13/2023,11,46150.06,2023,FORD,TRANSIT
7/24/2023,CF,CFAC0E,164961,4,PAEF,"SMYRNA-F, LLC",1FTBR1C83PKB21870,7/20/2023,4,0.42,2023,FORD,TRANSIT
7/24/2023,CF,CFAC0E,164961,4,PAEF,"SMYRNA-F, LLC",1FTBR1C83PKB28866,7/20/2023,4,44529.13,2023,FORD,TRANSIT
7/24/2023,CF,CFAC0E,164961,4,PAEF,"SMYRNA-F, LLC",1FTBR1C83PKB29130,7/20/2023,4,44529.13,2023,FORD,TRANSIT
7/24/2023,CF,CFAC0E,164961,4,PAEF,"SMYRNA-F, LLC",1FTBR1C84PKB03247,7/20/2023,4,44801.48,2023,FORD,TRANSIT
7/24/2023,CF,CFAC0E,164961,4,PAEF,"SMYRNA-F, LLC",1FTBR1C84PKB15382,7/20/2023,4,44815.48,2023,FORD,TRANSIT
7/24/2023,CF,CFAC0E,164961,4,PAEF,"SMYRNA-F, LLC",1FTBR1C85PKB03631,7/20/2023,4,44801.48,2023,FORD,TRANSIT
7/24/2023,CF,CFAC0E,164961,4,PAEF,"SMYRNA-F, LLC",1FTBR1C85PKB26780,7/20/2023,4,45034.13,2023,FORD,TRANSIT
7/24/2023,CF,CFAC0E,164961,4,PAEF,"SMYRNA-F, LLC",1FTBR1C85PKB27119,7/20/2023,4,45880.13,2023,FORD,TRANSIT
7/24/2023,CF,CFAC0E,164961,4,PAEF,"SMYRNA-F, LLC",1FTBR1C85PKB27380,7/20/2023,4,44529.13,2023,FORD,TRANSIT
7/24/2023,CF,CFAC0E,164961,4,PAEF,"SMYRNA-F, LLC",1FTBR1C85PKB29310,7/20/2023,4,45034.13,2023,FORD,TRANSIT
7/24/2023,CF,CFAC0E,164961,4,PAEF,"SMYRNA-F, LLC",1FTBR1C85PKB29405,7/20/2023,4,46003.48,2023,FORD,TRANSIT
7/24/2023,CF,CFAC0E,164961,4,PAEF,"SMYRNA-F, LLC",1FTBR1C86PKB27372,7/19/2023,5,46328.06,2023,FORD,TRANSIT
7/24/2023,CF,CFAC0E,164961,4,PAEF,"SMYRNA-F, LLC",1FTBR1C87PKB20138,7/20/2023,4,45340.48,2023,FORD,TRANSIT
7/24/2023,CF,CFAC0E,164961,4,PAEF,"SMYRNA-F, LLC",1FTBR1C87PKB20320,7/20/2023,4,44686.48,2023,FORD,TRANSIT
7/24/2023,CF,CFAC0E,164961,4,PAEF,"SMYRNA-F, LLC",1FTBR1C87PKB26750,7/13/2023,11,44528.71,2023,FORD,TRANSIT
7/24/2023,CF,CFAC0E,164961,4,PAEF,"SMYRNA-F, LLC",1FTBR1C87PKB26814,7/20/2023,4,46328.48,2023,FORD,TRANSIT
7/24/2023,CF,CFAC0E,164961,4,PAEF,"SMYRNA-F, LLC",1FTBR1C87PKB28868,7/20/2023,4,45034.13,2023,FORD,TRANSIT
7/24/2023,CF,CFAC0E,164961,4,PAEF,"SMYRNA-F, LLC",1FTBR1C88PKB15255,6/21/2023,33,44815.06,2023,FORD,TRANSIT
7/24/2023,CF,CFAC0E,164961,4,PAEF,"SMYRNA-F, LLC",1FTBR1C88PKB22156,7/20/2023,4,43651.48,2023,FORD,TRANSIT
7/24/2023,CF,CFAC0E,164961,4,PAEF,"SMYRNA-F, LLC",1FTBR1C88PKB22741,7/20/2023,4,46291.48,2023,FORD,TRANSIT
7/24/2023,CF,CFAC0E,164961,4,PAEF,"SMYRNA-F, LLC",1FTBR1C89PKB20884,7/21/2023,3,44686.48,2023,FORD,TRANSIT
7/24/2023,CF,CFAC0E,164961,4,PAEF,"SMYRNA-F, LLC",1FTBR1C89PKB22814,7/20/2023,4,46291.48,2023,FORD,TRANSIT
7/24/2023,CF,CFAC0E,164961,4,PAEF,"SMYRNA-F, LLC",1FTBR1C89PKB28824,7/20/2023,4,45705.48,2023,FORD,TRANSIT
7/24/2023,CF,CFAC0E,164961,4,PAEF,"SMYRNA-F, LLC",1FTBR1C89PKB28953,7/20/2023,4,45034.13,2023,FORD,TRANSIT
7/24/2023,CF,CFAC0E,164961,4,PAEF,"SMYRNA-F, LLC",1FTBR1C89PKB30119,7/20/2023,4,44631.13,2023,FORD,TRANSIT
7/24/2023,CF,CFAC0E,164961,4,PAEF,"SMYRNA-F, LLC",1FTBR1CG0PKB28945,7/20/2023,4,47224.97,2023,FORD,TRANSIT
7/24/2023,CF,CFAC0E,164961,4,PAEF,"SMYRNA-F, LLC",1FTBR1CG0PKB30114,7/20/2023,4,47394.32,2023,FORD,TRANSIT
7/24/2023,CF,CFAC0E,164961,4,PAEF,"SMYRNA-F, LLC",1FTBR1CG1PKB31496,7/20/2023,4,47394.32,2023,FORD,TRANSIT
7/24/2023,CF,CFAC0E,164961,4,PAEF,"SMYRNA-F, LLC",1FTBR1CG3PKB22654,6/21/2023,33,47229.04,2023,FORD,TRANSIT
7/24/2023,CF,CFAC0E,164961,4,PAEF,"SMYRNA-F, LLC",1FTBR1CG5PKB20579,7/20/2023,4,47531.32,2023,FORD,TRANSIT
7/24/2023,CF,CFAC0E,164961,4,PAEF,"SMYRNA-F, LLC",1FTBR1CG5PKB27127,7/20/2023,4,47224.97,2023,FORD,TRANSIT
7/24/2023,CF,CFAC0E,164961,4,PAEF,"SMYRNA-F, LLC",1FTBR1CG5PKB27497,7/20/2023,4,47394.32,2023,FORD,TRANSIT
7/24/2023,CF,CFAC0E,164961,4,PAEF,"SMYRNA-F, LLC",1FTBR1CG5PKB30903,7/24/2023,0,43476.32,2023,FORD,TRANSIT
7/24/2023,CF,CFAC0E,164961,4,PAEF,"SMYRNA-F, LLC",1FTBR1CG7PKB21667,6/21/2023,33,47229.04,2023,FORD,TRANSIT
7/24/2023,CF,CFAC0E,164961,4,PAEF,"SMYRNA-F, LLC",1FTBR1CG7PKB26271,7/20/2023,4,47224.97,2023,FORD,TRANSIT
7/24/2023,CF,CFAC0E,164961,4,PAEF,"SMYRNA-F, LLC",1FTBR1X8XPKB27949,7/22/2023,2,46689.48,2023,FORD,TRANSIT
7/24/2023,CF,CFAC0E,164961,4,PAEF,"SMYRNA-F, LLC",1FTBR1X8XPKB39096,7/13/2023,11,43359.06,2023,FORD,TRANSIT
7/24/2023,CF,CFAC0E,164961,4,PAEF,"SMYRNA-F, LLC",1FTBR1X80PKB46056,7/19/2023,5,48762.06,2023,FORD,TRANSIT
7/24/2023,CF,CFAC0E,164961,4,PAEF,"SMYRNA-F, LLC",1FTBR1X81PKB29976,7/20/2023,4,46319.48,2023,FORD,TRANSIT
7/24/2023,CF,CFAC0E,164961,4,PAEF,"SMYRNA-F, LLC",1FTBR1X81PKB30738,7/20/2023,4,46689.48,2023,FORD,TRANSIT
7/24/2023,CF,CFAC0E,164961,4,PAEF,"SMYRNA-F, LLC",1FTBR1X82PKB28402,7/20/2023,4,44628.48,2023,FORD,TRANSIT
7/24/2023,CF,CFAC0E,164961,4,PAEF,"SMYRNA-F, LLC",1FTBR1X82PKB30960,7/20/2023,4,0.42,2023,FORD,TRANSIT
7/24/2023,CF,CFAC0E,164961,4,PAEF,"SMYRNA-F, LLC",1FTBR1X85PKB25820,7/20/2023,4,47930.48,2023,FORD,TRANSIT
7/24/2023,CF,CFAC0E,164961,4,PAEF,"SMYRNA-F, LLC",1FTBR1X85PKB29141,7/20/2023,4,46319.48,2023,FORD,TRANSIT
7/24/2023,CF,CFAC0E,164961,4,PAEF,"SMYRNA-F, LLC",1FTBR1X85PKB29818,7/21/2023,3,46689.48,2023,FORD,TRANSIT
7/24/2023,CF,CFAC0E,164961,4,PAEF,"SMYRNA-F, LLC",1FTBR1X86PKB27088,7/20/2023,4,47338.48,2023,FORD,TRANSIT
7/24/2023,CF,CFAC0E,164961,4,PAEF,"SMYRNA-F, LLC",1FTBR1X86PKB27799,7/20/2023,4,44628.48,2023,FORD,TRANSIT
7/24/2023,CF,CFAC0E,164961,4,PAEF,"SMYRNA-F, LLC",1FTBR1X87PKB29075,7/21/2023,3,46319.06,2023,FORD,TRANSIT
7/24/2023,CF,CFAC0E,164961,4,PAEF,"SMYRNA-F, LLC",1FTBR1X88PKB29327,7/13/2023,11,46319.06,2023,FORD,TRANSIT
7/24/2023,CF,CFAC0E,164961,4,PAEF,"SMYRNA-F, LLC",1FTBR1X88PKB29764,7/20/2023,4,46319.48,2023,FORD,TRANSIT
7/24/2023,CF,CFAC0E,164961,4,PAEF,"SMYRNA-F, LLC",1FTBR1X89PKB27165,7/20/2023,4,44628.48,2023,FORD,TRANSIT
7/24/2023,CF,CFAC0E,164961,4,PAEF,"SMYRNA-F, LLC",1FTBR1X89PKB27201,7/20/2023,4,47338.48,2023,FORD,TRANSIT
7/24/2023,CF,CFAC0E,164961,4,PAEF,"SMYRNA-F, LLC",1FTBR1X89PKB30745,7/20/2023,4,46319.48,2023,FORD,TRANSIT
7/24/2023,CF,CFAC0E,164961,4,PAEF,"SMYRNA-F, LLC",1FTBR1X89PKB30941,7/20/2023,4,46319.48,2023,FORD,TRANSIT
7/24/2023,CF,CFAC0E,164961,4,PAEF,"SMYRNA-F, LLC",1FTBR1X89PKB31491,7/20/2023,4,46702.13,2023,FORD,TRANSIT
7/24/2023,CF,CFAC0E,164961,4,PAEF,"SMYRNA-F, LLC",1FTBR1Y8XPKB21986,7/20/2023,4,40784.13,2023,FORD,TRANSIT
7/24/2023,CF,CFAC0E,164961,4,PAEF,"SMYRNA-F, LLC",1FTBR1Y80PKB22712,7/20/2023,4,44030.13,2023,FORD,TRANSIT
7/24/2023,CF,CFAC0E,164961,4,PAEF,"SMYRNA-F, LLC",1FTBR1Y81PKB21732,7/20/2023,4,43957.48,2023,FORD,TRANSIT
7/24/2023,CF,CFAC0E,164961,4,PAEF,"SMYRNA-F, LLC",1FTBR1Y81PKB22797,7/20/2023,4,43121.48,2023,FORD,TRANSIT
7/24/2023,CF,CFAC0E,164961,4,PAEF,"SMYRNA-F, LLC",1FTBR1Y82PKB21707,7/20/2023,4,43121.48,2023,FORD,TRANSIT
7/24/2023,CF,CFAC0E,164961,4,PAEF,"SMYRNA-F, LLC",1FTBR1Y82PKB27488,7/20/2023,4,42707.13,2023,FORD,TRANSIT
7/24/2023,CF,CFAC0E,164961,4,PAEF,"SMYRNA-F, LLC",1FTBR1Y84PKB19571,7/20/2023,4,44122.48,2023,FORD,TRANSIT
7/24/2023,CF,CFAC0E,164961,4,PAEF,"SMYRNA-F, LLC",1FTBR1Y84PKB21546,7/20/2023,4,43957.48,2023,FORD,TRANSIT
7/24/2023,CF,CFAC0E,164961,4,PAEF,"SMYRNA-F, LLC",1FTBR1Y84PKB21577,7/20/2023,4,43957.48,2023,FORD,TRANSIT
7/24/2023,CF,CFAC0E,164961,4,PAEF,"SMYRNA-F, LLC",1FTBR1Y84PKB21787,7/20/2023,4,43121.48,2023,FORD,TRANSIT
7/24/2023,CF,CFAC0E,164961,4,PAEF,"SMYRNA-F, LLC",1FTBR1Y84PKB22535,7/20/2023,4,0.42,2023,FORD,TRANSIT
7/24/2023,CF,CFAC0E,164961,4,PAEF,"SMYRNA-F, LLC",1FTBR1Y85PKB20020,7/20/2023,4,42899.48,2023,FORD,TRANSIT
7/24/2023,CF,CFAC0E,164961,4,PAEF,"SMYRNA-F, LLC",1FTBR1Y85PKB21362,7/20/2023,4,40784.13,2023,FORD,TRANSIT
7/24/2023,CF,CFAC0E,164961,4,PAEF,"SMYRNA-F, LLC",1FTBR1Y85PKB22432,7/20/2023,4,40784.13,2023,FORD,TRANSIT
7/24/2023,CF,CFAC0E,164961,4,PAEF,"SMYRNA-F, LLC",1FTBR1Y85PKB29669,7/20/2023,4,42707.13,2023,FORD,TRANSIT
7/24/2023,CF,CFAC0E,164961,4,PAEF,"SMYRNA-F, LLC",1FTBR1Y86PKB20124,7/20/2023,4,44692.48,2023,FORD,TRANSIT
7/24/2023,CF,CFAC0E,164961,4,PAEF,"SMYRNA-F, LLC",1FTBR1Y86PKB22701,7/20/2023,4,44191.48,2023,FORD,TRANSIT
7/24/2023,CF,CFAC0E,164961,4,PAEF,"SMYRNA-F, LLC",1FTBR1Y87PKB19905,7/20/2023,4,43354.13,2023,FORD,TRANSIT
7/24/2023,CF,CFAC0E,164961,4,PAEF,"SMYRNA-F, LLC",1FTBR1Y87PKB22254,7/20/2023,4,40427.48,2023,FORD,TRANSIT
7/24/2023,CF,CFAC0E,164961,4,PAEF,"SMYRNA-F, LLC",1FTBR1Y87PKB27454,7/20/2023,4,44013.48,2023,FORD,TRANSIT
7/24/2023,CF,CFAC0E,164961,4,PAEF,"SMYRNA-F, LLC",1FTBR1Y88PKB19590,7/20/2023,4,43767.48,2023,FORD,TRANSIT
7/24/2023,CF,CFAC0E,164961,4,PAEF,"SMYRNA-F, LLC",1FTBR1Y88PKB19878,7/20/2023,4,44122.48,2023,FORD,TRANSIT
7/24/2023,CF,CFAC0E,164961,4,PAEF,"SMYRNA-F, LLC",1FTBR1Y88PKB20688,7/20/2023,4,0.42,2023,FORD,TRANSIT
7/24/2023,CF,CFAC0E,164961,4,PAEF,"SMYRNA-F, LLC",1FTBR1Y88PKB22974,7/20/2023,4,0.42,2023,FORD,TRANSIT
7/24/2023,CF,CFAC0E,164961,4,PAEF,"SMYRNA-F, LLC",1FTBR1Y88PKB28077,7/20/2023,4,44013.48,2023,FORD,TRANSIT
7/24/2023,CF,CFAC0E,164961,4,PAEF,"SMYRNA-F, LLC",1FTBR1Y89PKB20070,7/20/2023,4,44692.48,2023,FORD,TRANSIT
7/24/2023,CF,CFAC0E,164961,4,PAEF,"SMYRNA-F, LLC",1FTBR1Y89PKB20277,7/20/2023,4,44314.48,2023,FORD,TRANSIT
7/24/2023,CF,CFAC0E,164961,4,PAEF,"SMYRNA-F, LLC",1FTBR1Y89PKB22403,7/13/2023,11,42832.06,2023,FORD,TRANSIT
7/24/2023,CF,CFAC0E,164961,4,PAEF,"SMYRNA-F, LLC",1FTBR1Y89PKB22692,7/20/2023,4,44030.13,2023,FORD,TRANSIT
7/24/2023,CF,CFAC0E,164961,4,PAEF,"SMYRNA-F, LLC",1FTBR1Y89PKB30047,7/20/2023,4,41212.13,2023,FORD,TRANSIT
7/24/2023,CF,CFAC0E,164961,4,PAEF,"SMYRNA-F, LLC",1FTBR1YG0PKB21728,7/20/2023,4,44694.32,2023,FORD,TRANSIT
7/24/2023,CF,CFAC0E,164961,4,PAEF,"SMYRNA-F, LLC",1FTBR1YG0PKB22328,7/20/2023,4,44864.97,2023,FORD,TRANSIT
7/24/2023,CF,CFAC0E,164961,4,PAEF,"SMYRNA-F, LLC",1FTBR1YG0PKB28467,7/20/2023,4,46007.32,2023,FORD,TRANSIT
7/24/2023,CF,CFAC0E,164961,4,PAEF,"SMYRNA-F, LLC",1FTBR1YG1PKB21219,7/20/2023,4,45688.32,2023,FORD,TRANSIT
7/24/2023,CF,CFAC0E,164961,4,PAEF,"SMYRNA-F, LLC",1FTBR1YG2PKB26929,7/20/2023,4,46007.32,2023,FORD,TRANSIT
7/24/2023,CF,CFAC0E,164961,4,PAEF,"SMYRNA-F, LLC",1FTBR1YG3PKB20833,7/20/2023,4,44864.97,2023,FORD,TRANSIT
7/24/2023,CF,CFAC0E,164961,4,PAEF,"SMYRNA-F, LLC",1FTBR1YG7PKB19538,7/20/2023,4,45688.32,2023,FORD,TRANSIT
7/24/2023,CF,CFAC0E,164961,4,PAEF,"SMYRNA-F, LLC",1FTBR1YG7PKB29664,7/20/2023,4,46007.32,2023,FORD,TRANSIT
7/24/2023,CF,CFAC0E,164961,4,PAEF,"SMYRNA-F, LLC",1FTBR1YG7PKB30085,7/20/2023,4,46007.32,2023,FORD,TRANSIT
7/24/2023,CF,CFAC0E,164961,4,PAEF,"SMYRNA-F, LLC",1FTBR1YG9PKB20772,7/20/2023,4,44864.97,2023,FORD,TRANSIT
7/24/2023,CF,CFAC0E,164961,4,PAEF,"SMYRNA-F, LLC",1FTBR1YG9PKB27382,7/20/2023,4,46007.32,2023,FORD,TRANSIT
7/24/2023,CF,CFAC0E,164961,4,PAEF,"SMYRNA-F, LLC",1FTBR1YGXPKB20456,7/20/2023,4,45688.32,2023,FORD,TRANSIT
7/24/2023,CF,CFAC0E,164961,4,PAEF,"SMYRNA-F, LLC",1FTBR2C80PKB04157,7/21/2023,3,48717.48,2023,FORD,TRANSIT
7/24/2023,CF,CFAC0E,164961,4,PAEF,"SMYRNA-F, LLC",1FTBR2C80PKB21220,7/20/2023,4,48973.48,2023,FORD,TRANSIT
7/24/2023,CF,CFAC0E,164961,4,PAEF,"SMYRNA-F, LLC",1FTBR2C80PKB22058,7/20/2023,4,47918.48,2023,FORD,TRANSIT
7/24/2023,CF,CFAC0E,164961,4,PAEF,"SMYRNA-F, LLC",1FTBR2C83PKB21888,7/20/2023,4,47918.48,2023,FORD,TRANSIT
7/24/2023,CF,CFAC0E,164961,4,PAEF,"SMYRNA-F, LLC",1FTBR2C84PKB03870,7/20/2023,4,48717.48,2023,FORD,TRANSIT
7/24/2023,CF,CFAC0E,164961,4,PAEF,"SMYRNA-F, LLC",1FTBR2C84PKB47075,7/24/2023,0,49381.48,2023,FORD,TRANSIT
7/24/2023,CF,CFAC0E,164961,4,PAEF,"SMYRNA-F, LLC",1FTBR2C87PKB19819,7/20/2023,4,48087.48,2023,FORD,TRANSIT
7/24/2023,CF,CFAC0E,164961,4,PAEF,"SMYRNA-F, LLC",1FTBR2C88PKB19490,7/20/2023,4,0.42,2023,FORD,TRANSIT
7/24/2023,CF,CFAC0E,164961,4,PAEF,"SMYRNA-F, LLC",1FTBR2C88PKB20557,7/20/2023,4,0.42,2023,FORD,TRANSIT
7/24/2023,CF,CFAC0E,164961,4,PAEF,"SMYRNA-F, LLC",1FTBR2C89PKB19448,7/20/2023,4,48087.48,2023,FORD,TRANSIT
7/24/2023,CF,CFAC0E,164961,4,PAEF,"SMYRNA-F, LLC",1FTBR2C89PKB19658,7/20/2023,4,48087.48,2023,FORD,TRANSIT
7/24/2023,CF,CFAC0E,164961,4,PAEF,"SMYRNA-F, LLC",1FTBR2CG0PKB21001,7/20/2023,4,50172.32,2023,FORD,TRANSIT
7/24/2023,CF,CFAC0E,164961,4,PAEF,"SMYRNA-F, LLC",1FTBR2CG6PKB21875,7/20/2023,4,50172.32,2023,FORD,TRANSIT
7/24/2023,CF,CFAC0E,164961,4,PAEF,"SMYRNA-F, LLC",1FTBR2X8XPKB26936,7/20/2023,4,53086.48,2023,FORD,TRANSIT
7/24/2023,CF,CFAC0E,164961,4,PAEF,"SMYRNA-F, LLC",1FTBR2X8XPKB28931,7/20/2023,4,53086.48,2023,FORD,TRANSIT
7/24/2023,CF,CFAC0E,164961,4,PAEF,"SMYRNA-F, LLC",1FTBR2X82PKB28048,7/13/2023,11,53086.06,2023,FORD,TRANSIT
7/24/2023,CF,CFAC0E,164961,4,PAEF,"SMYRNA-F, LLC",1FTBR2X86PKB27873,7/20/2023,4,53086.48,2023,FORD,TRANSIT
7/24/2023,CF,CFAC0E,164961,4,PAEF,"SMYRNA-F, LLC",1FTBR2Y8XPKB21704,7/20/2023,4,47063.48,2023,FORD,TRANSIT
7/24/2023,CF,CFAC0E,164961,4,PAEF,"SMYRNA-F, LLC",1FTBR2Y81PKB22336,6/21/2023,33,47919.06,2023,FORD,TRANSIT
7/24/2023,CF,CFAC0E,164961,4,PAEF,"SMYRNA-F, LLC",1FTBR2Y82PKB21129,7/20/2023,4,47534.48,2023,FORD,TRANSIT
7/24/2023,CF,CFAC0E,164961,4,PAEF,"SMYRNA-F, LLC",1FTBR2Y83PKB21155,7/20/2023,4,47919.48,2023,FORD,TRANSIT
7/24/2023,CF,CFAC0E,164961,4,PAEF,"SMYRNA-F, LLC",1FTBR2Y83PKB22953,7/20/2023,4,47534.48,2023,FORD,TRANSIT
7/24/2023,CF,CFAC0E,164961,4,PAEF,"SMYRNA-F, LLC",1FTBR2Y84PKB30222,7/20/2023,4,49605.48,2023,FORD,TRANSIT
7/24/2023,CF,CFAC0E,164961,4,PAEF,"SMYRNA-F, LLC",1FTBR2Y87PKB22289,7/20/2023,4,47063.48,2023,FORD,TRANSIT
7/24/2023,CF,CFAC0E,164961,4,PAEF,"SMYRNA-F, LLC",1FTBR2Y88PKB22656,7/20/2023,4,0.42,2023,FORD,TRANSIT
7/24/2023,CF,CFAC0E,164961,4,PAEF,"SMYRNA-F, LLC",1FTBR2Y89PKB22908,7/13/2023,11,47919.06,2023,FORD,TRANSIT
7/24/2023,CF,CFAC0E,164961,4,PAEF,"SMYRNA-F, LLC",1FTBR3U85PKB19628,7/18/2023,6,52731.06,2023,FORD,TRANSIT
7/24/2023,CF,CFAC0E,164961,4,PAEF,"SMYRNA-F, LLC",1FTBR3U87PKB19498,7/22/2023,2,52731.06,2023,FORD,TRANSIT
7/24/2023,CF,CFAC0E,164961,4,PAEF,"SMYRNA-F, LLC",1FTBR3U89PKB22323,7/20/2023,4,51573.48,2023,FORD,TRANSIT
7/24/2023,CF,CFAC0E,164961,4,PAEF,"SMYRNA-F, LLC",1FTBR3UGXPKB19745,7/20/2023,4,56106.32,2023,FORD,TRANSIT
7/24/2023,CF,CFAC0E,164961,4,PAEF,"SMYRNA-F, LLC",1FTBR3X8XPKB22164,7/20/2023,4,49193.48,2023,FORD,TRANSIT
7/24/2023,CF,CFAC0E,164961,4,PAEF,"SMYRNA-F, LLC",1FTBR3X80PKB20875,7/20/2023,4,48473.48,2023,FORD,TRANSIT
7/24/2023,CF,CFAC0E,164961,4,PAEF,"SMYRNA-F, LLC",1FTBR3X80PKB22528,7/20/2023,4,49193.48,2023,FORD,TRANSIT
7/24/2023,CF,CFAC0E,164961,4,PAEF,"SMYRNA-F, LLC",1FTBR3X85PKB21150,7/20/2023,4,47743.48,2023,FORD,TRANSIT
7/24/2023,CF,CFAC0E,164961,4,PAEF,"SMYRNA-F, LLC",1FTBR3XG2PKB21226,7/20/2023,4,49579.97,2023,FORD,TRANSIT
7/24/2023,CF,CFAC0E,164961,4,PAEF,"SMYRNA-F, LLC",1FTBR3XG3PKB20702,7/20/2023,4,0.28,2023,FORD,TRANSIT
7/24/2023,CF,CFAC0E,164961,4,PAEF,"SMYRNA-F, LLC",1FTBR3XG5PKB22726,7/20/2023,4,49646.97,2023,FORD,TRANSIT
7/24/2023,CF,CFAC0E,164961,4,PAEF,"SMYRNA-F, LLC",1FTBR3XG7PKB22906,7/20/2023,4,0.28,2023,FORD,TRANSIT
7/24/2023,CF,CFAC0E,164961,4,PAEF,"SMYRNA-F, LLC",1FTBW1Y81PKB19620,7/20/2023,4,45955.48,2023,FORD,TRANSIT
7/24/2023,CF,CFAC0E,164961,4,PAEF,"SMYRNA-F, LLC",1FTBW1Y83PKB44986,7/13/2023,11,45955.06,2023,FORD,TRANSIT
7/24/2023,CF,CFAC0E,164961,4,PAEF,"SMYRNA-F, LLC",1FTBW1YG2PKB22811,7/20/2023,4,47947.32,2023,FORD,TRANSIT
7/24/2023,CF,CFAC0E,164961,4,PAEF,"SMYRNA-F, LLC",1FTBW1YG3PKB22316,7/20/2023,4,47947.32,2023,FORD,TRANSIT
7/24/2023,CF,CFAC0E,164961,4,PAEF,"SMYRNA-F, LLC",1FTBW1YG8PKB22943,7/20/2023,4,47947.32,2023,FORD,TRANSIT
7/24/2023,CF,CFAC0E,164961,4,PAEF,"SMYRNA-F, LLC",1FTBW3U80PKB04205,7/21/2023,3,52781.48,2023,FORD,TRANSIT
7/24/2023,CF,CFAC0E,164961,4,PAEF,"SMYRNA-F, LLC",1FTBW3U80PKB21750,7/20/2023,4,0.42,2023,FORD,TRANSIT
7/24/2023,CF,CFAC0E,164961,4,PAEF,"SMYRNA-F, LLC",1FTBW3U86PKB21882,7/20/2023,4,54165.48,2023,FORD,TRANSIT
7/24/2023,CF,CFAC0E,164961,4,PAEF,"SMYRNA-F, LLC",1FTBW3U88PKB03853,7/20/2023,4,52781.48,2023,FORD,TRANSIT
7/24/2023,CF,CFAC0E,164961,4,PAEF,"SMYRNA-F, LLC",1FTBW3X81PKB03396,7/20/2023,4,48879.48,2023,FORD,TRANSIT
7/24/2023,CF,CFAC0E,164961,4,PAEF,"SMYRNA-F, LLC",1FTBW3X82PKB03570,7/20/2023,4,48879.48,2023,FORD,TRANSIT
7/24/2023,CF,CFAC0E,164961,4,PAEF,"SMYRNA-F, LLC",1FTBW3X88PKB03492,7/20/2023,4,48879.48,2023,FORD,TRANSIT
7/24/2023,CF,CFAC0E,164961,4,PAEF,"SMYRNA-F, LLC",1FTBW9C84PKB22047,7/20/2023,4,0.42,2023,FORD,TRANSIT
7/24/2023,CF,CFAC0E,164961,4,PAEF,"SMYRNA-F, LLC",1FTBW9C87PKB20910,7/20/2023,4,45817.48,2023,FORD,TRANSIT
7/24/2023,CF,CFAC0E,164961,4,PAEF,"SMYRNA-F, LLC",1FTBW9C89PKB28359,7/20/2023,4,47686.48,2023,FORD,TRANSIT
7/24/2023,CF,CFAC0E,164961,4,PAEF,"SMYRNA-F, LLC",1FTBW9CG0PKB29178,7/20/2023,4,48979.32,2023,FORD,TRANSIT
7/24/2023,CF,CFAC0E,164961,4,PAEF,"SMYRNA-F, LLC",1FTBW9CG1PKB30615,7/20/2023,4,46606.97,2023,FORD,TRANSIT
7/24/2023,CF,CFAC0E,164961,4,PAEF,"SMYRNA-F, LLC",1FTBW9CG2PKB28937,7/20/2023,4,48979.32,2023,FORD,TRANSIT
7/24/2023,CF,CFAC0E,164961,4,PAEF,"SMYRNA-F, LLC",1FTBW9CG3PKB30079,7/20/2023,4,46606.97,2023,FORD,TRANSIT
7/24/2023,CF,CFAC0E,164961,4,PAEF,"SMYRNA-F, LLC",1FTBW9CG3PKB31054,7/20/2023,4,45111.97,2023,FORD,TRANSIT
7/24/2023,CF,CFAC0E,164961,4,PAEF,"SMYRNA-F, LLC",1FTBW9CG4PKB31516,7/20/2023,4,46606.97,2023,FORD,TRANSIT
7/24/2023,CF,CFAC0E,164961,4,PAEF,"SMYRNA-F, LLC",1FTBW9CG9PKB26165,7/20/2023,4,45111.97,2023,FORD,TRANSIT
7/24/2023,CF,CFAC0E,164961,4,PAEF,"SMYRNA-F, LLC",1FTBW9CGXPKB30659,7/20/2023,4,46606.97,2023,FORD,TRANSIT
7/24/2023,CF,CFAC0E,164961,4,PAEF,"SMYRNA-F, LLC",1FTER4EH0PLE33134,7/20/2023,4,32237.97,2023,FORD,RANGER
7/24/2023,CF,CFAC0E,164961,4,PAEF,"SMYRNA-F, LLC",1FTER4EH5PLE32562,7/20/2023,4,34211.97,2023,FORD,RANGER
7/24/2023,CF,CFAC0E,164961,4,PAEF,"SMYRNA-F, LLC",1FTER4EH7PLE32983,7/20/2023,4,32136.97,2023,FORD,RANGER
7/24/2023,CF,CFAC0E,164961,4,PAEF,"SMYRNA-F, LLC",1FTER4EH8PLE31986,7/20/2023,4,34211.97,2023,FORD,RANGER
7/24/2023,CF,CFAC0E,164961,4,PAEF,"SMYRNA-F, LLC",1FTER4FH0PLE32354,7/20/2023,4,41261.32,2023,FORD,RANGER
7/24/2023,CF,CFAC0E,164961,4,PAEF,"SMYRNA-F, LLC",1FTER4FH3PLE32655,7/20/2023,4,35412.32,2023,FORD,RANGER
7/24/2023,CF,CFAC0E,164961,4,PAEF,"SMYRNA-F, LLC",1FTER4FH5PLE32768,7/13/2023,11,34387.04,2023,FORD,RANGER
7/24/2023,CF,CFAC0E,164961,4,PAEF,"SMYRNA-F, LLC",1FTER4FH8PLE32389,7/13/2023,11,42700.69,2023,FORD,RANGER
7/24/2023,CF,CFAC0E,164961,4,PAEF,"SMYRNA-F, LLC",1FTER4FH9PLE31767,7/20/2023,4,35412.32,2023,FORD,RANGER
7/24/2023,CF,CFAC0E,164961,4,PAEF,"SMYRNA-F, LLC",1FTEW1CP4PKE61235,7/20/2023,4,41607.97,2023,FORD,F-150
7/24/2023,CF,CFAC0E,164961,4,PAEF,"SMYRNA-F, LLC",1FTEW1CP5PKE69389,7/20/2023,4,42092.97,2023,FORD,F-150
7/24/2023,CF,CFAC0E,164961,4,PAEF,"SMYRNA-F, LLC",1FTEW1CP5PKE69909,7/20/2023,4,42092.97,2023,FORD,F-150
7/24/2023,CF,CFAC0E,164961,4,PAEF,"SMYRNA-F, LLC",1FTEW1CP6PKE69465,7/20/2023,4,42092.97,2023,FORD,F-150
7/24/2023,CF,CFAC0E,164961,4,PAEF,"SMYRNA-F, LLC",1FTEW1CP7PKE69250,7/20/2023,4,42092.97,2023,FORD,F-150
7/24/2023,CF,CFAC0E,164961,4,PAEF,"SMYRNA-F, LLC",1FTEW1CPXPKE62440,7/20/2023,4,41696.97,2023,FORD,F-150
7/24/2023,CF,CFAC0E,164961,4,PAEF,"SMYRNA-F, LLC",1FTEW1EB0PKE65820,7/20/2023,4,46058.97,2023,FORD,F-150
7/24/2023,CF,CFAC0E,164961,4,PAEF,"SMYRNA-F, LLC",1FTEW1EB0PKE88692,7/13/2023,11,43610.04,2023,FORD,F-150
7/24/2023,CF,CFAC0E,164961,4,PAEF,"SMYRNA-F, LLC",1FTEW1EB4PKE66372,7/20/2023,4,47512.32,2023,FORD,F-150
7/24/2023,CF,CFAC0E,164961,4,PAEF,"SMYRNA-F, LLC",1FTEW1EB5PKE65747,7/20/2023,4,0.28,2023,FORD,F-150
7/24/2023,CF,CFAC0E,164961,4,PAEF,"SMYRNA-F, LLC",1FTEW1EB5PKE65845,7/20/2023,4,46058.32,2023,FORD,F-150
7/24/2023,CF,CFAC0E,164961,4,PAEF,"SMYRNA-F, LLC",1FTEW1EB7PKE65765,7/20/2023,4,0.28,2023,FORD,F-150
7/24/2023,CF,CFAC0E,164961,4,PAEF,"SMYRNA-F, LLC",1FTEW1EB8PKE65743,7/20/2023,4,46058.32,2023,FORD,F-150
7/24/2023,CF,CFAC0E,164961,4,PAEF,"SMYRNA-F, LLC",1FTEW1EB9PKE52001,7/20/2023,4,39568.32,2023,FORD,F-150
7/24/2023,CF,CFAC0E,164961,4,PAEF,"SMYRNA-F, LLC",1FTEW1EB9PKE65685,7/20/2023,4,46058.32,2023,FORD,F-150
7/24/2023,CF,CFAC0E,164961,4,PAEF,"SMYRNA-F, LLC",1FTEW1EBXPKE65761,7/20/2023,4,0.28,2023,FORD,F-150
7/24/2023,CF,CFAC0E,164961,4,PAEF,"SMYRNA-F, LLC",1FTEW1EP1PFB89474,7/20/2023,4,49755.32,2023,FORD,F-150
7/24/2023,CF,CFAC0E,164961,4,PAEF,"SMYRNA-F, LLC",1FTEW1EP2PFC13538,7/13/2023,11,44076.04,2023,FORD,F-150
7/24/2023,CF,CFAC0E,164961,4,PAEF,"SMYRNA-F, LLC",1FTEW1EP4PFB90103,7/20/2023,4,50320.97,2023,FORD,F-150
7/24/2023,CF,CFAC0E,164961,4,PAEF,"SMYRNA-F, LLC",1FTEW1EP8PKE88743,7/17/2023,7,45099.04,2023,FORD,F-150
7/24/2023,CF,CFAC0E,164961,4,PAEF,"SMYRNA-F, LLC",1FTEW1EP9PFB89299,7/20/2023,4,49755.32,2023,FORD,F-150
7/24/2023,CF,CFAC0E,164961,4,PAEF,"SMYRNA-F, LLC",1FTEW1EPXPFC23976,7/13/2023,11,49719.04,2023,FORD,F-150
7/24/2023,CF,CFAC0E,164961,4,PAEF,"SMYRNA-F, LLC",1FTEW1EPXPKE88470,7/13/2023,11,49189.04,2023,FORD,F-150
7/24/2023,CF,CFAC0E,164961,4,PAEF,"SMYRNA-F, LLC",1FTEX1CB2PKE51059,7/20/2023,4,34645.97,2023,FORD,F-150
7/24/2023,CF,CFAC0E,164961,4,PAEF,"SMYRNA-F, LLC",1FTEX1CB7PKE51090,7/20/2023,4,34645.97,2023,FORD,F-150
7/24/2023,CF,CFAC0E,164961,4,PAEF,"SMYRNA-F, LLC",1FTEX1CB8PKE51082,7/20/2023,4,34645.32,2023,FORD,F-150
7/24/2023,CF,CFAC0E,164961,4,PAEF,"SMYRNA-F, LLC",1FTEX1CP8PKE57718,6/21/2023,33,45124.04,2023,FORD,F-150
7/24/2023,CF,CFAC0E,164961,4,PAEF,"SMYRNA-F, LLC",1FTEX1EB0PKE66558,7/20/2023,4,40869.32,2023,FORD,F-150
7/24/2023,CF,CFAC0E,164961,4,PAEF,"SMYRNA-F, LLC",1FTEX1EB1PKE71235,7/20/2023,4,40342.32,2023,FORD,F-150
7/24/2023,CF,CFAC0E,164961,4,PAEF,"SMYRNA-F, LLC",1FTEX1EB1PKE71400,7/20/2023,4,40909.32,2023,FORD,F-150
7/24/2023,CF,CFAC0E,164961,4,PAEF,"SMYRNA-F, LLC",1FTEX1EB2PKE66741,7/20/2023,4,42650.32,2023,FORD,F-150
7/24/2023,CF,CFAC0E,164961,4,PAEF,"SMYRNA-F, LLC",1FTEX1EB2PKE71468,7/20/2023,4,40909.32,2023,FORD,F-150
7/24/2023,CF,CFAC0E,164961,4,PAEF,"SMYRNA-F, LLC",1FTEX1EB3PKE51973,7/20/2023,4,37743.32,2023,FORD,F-150
7/24/2023,CF,CFAC0E,164961,4,PAEF,"SMYRNA-F, LLC",1FTEX1EB4PKE71231,7/20/2023,4,40909.32,2023,FORD,F-150
7/24/2023,CF,CFAC0E,164961,4,PAEF,"SMYRNA-F, LLC",1FTEX1EB4PKE71407,7/20/2023,4,40909.32,2023,FORD,F-150
7/24/2023,CF,CFAC0E,164961,4,PAEF,"SMYRNA-F, LLC",1FTEX1EB5PKE51831,7/20/2023,4,37743.32,2023,FORD,F-150
7/24/2023,CF,CFAC0E,164961,4,PAEF,"SMYRNA-F, LLC",1FTEX1EB5PKE71593,7/13/2023,11,40342.04,2023,FORD,F-150
7/24/2023,CF,CFAC0E,164961,4,PAEF,"SMYRNA-F, LLC",1FTEX1EB6PKE70937,7/20/2023,4,44710.32,2023,FORD,F-150
7/24/2023,CF,CFAC0E,164961,4,PAEF,"SMYRNA-F, LLC",1FTEX1EB6PKE71487,7/20/2023,4,40342.32,2023,FORD,F-150
7/24/2023,CF,CFAC0E,164961,4,PAEF,"SMYRNA-F, LLC",1FTEX1EB7PKE66816,7/20/2023,4,42083.32,2023,FORD,F-150
7/24/2023,CF,CFAC0E,164961,4,PAEF,"SMYRNA-F, LLC",1FTEX1EBXPKE71556,7/20/2023,4,40909.32,2023,FORD,F-150
7/24/2023,CF,CFAC0E,164961,4,PAEF,"SMYRNA-F, LLC",1FTEX1EBXPKE71928,7/20/2023,4,40909.32,2023,FORD,F-150
7/24/2023,CF,CFAC0E,164961,4,PAEF,"SMYRNA-F, LLC",1FTEX1EBXPKE71959,7/20/2023,4,40909.32,2023,FORD,F-150
7/24/2023,CF,CFAC0E,164961,4,PAEF,"SMYRNA-F, LLC",1FTEX1EP0PKE51845,7/20/2023,4,43786.32,2023,FORD,F-150
7/24/2023,CF,CFAC0E,164961,4,PAEF,"SMYRNA-F, LLC",1FTEX1EP1PKE51451,7/20/2023,4,50479.32,2023,FORD,F-150
7/24/2023,CF,CFAC0E,164961,4,PAEF,"SMYRNA-F, LLC",1FTEX1EP1PKE51675,7/20/2023,4,41627.32,2023,FORD,F-150
7/24/2023,CF,CFAC0E,164961,4,PAEF,"SMYRNA-F, LLC",1FTEX1EP1PKE62837,7/20/2023,4,38855.32,2023,FORD,F-150
7/24/2023,CF,CFAC0E,164961,4,PAEF,"SMYRNA-F, LLC",1FTEX1EP3PKE51466,7/20/2023,4,42944.32,2023,FORD,F-150
7/24/2023,CF,CFAC0E,164961,4,PAEF,"SMYRNA-F, LLC",1FTEX1EP3PKE62435,7/20/2023,4,39422.32,2023,FORD,F-150
7/24/2023,CF,CFAC0E,164961,4,PAEF,"SMYRNA-F, LLC",1FTEX1EP5PKE63439,7/20/2023,4,38855.32,2023,FORD,F-150
7/24/2023,CF,CFAC0E,164961,4,PAEF,"SMYRNA-F, LLC",1FTEX1EP6PKE51526,7/20/2023,4,42192.32,2023,FORD,F-150
7/24/2023,CF,CFAC0E,164961,4,PAEF,"SMYRNA-F, LLC",1FTFW1CD3PFC11309,7/20/2023,4,0.28,2023,FORD,F-150
7/24/2023,CF,CFAC0E,164961,4,PAEF,"SMYRNA-F, LLC",1FTFW1E5XPKE81960,7/13/2023,11,48358.04,2023,FORD,F-150
7/24/2023,CF,CFAC0E,164961,4,PAEF,"SMYRNA-F, LLC",1FTFW1E8XPKE52436,7/20/2023,4,43463.32,2023,FORD,F-150
7/24/2023,CF,CFAC0E,164961,4,PAEF,"SMYRNA-F, LLC",1FTFW1E51PKE75142,7/13/2023,11,48358.04,2023,FORD,F-150
7/24/2023,CF,CFAC0E,164961,4,PAEF,"SMYRNA-F, LLC",1FTFW1E51PKE75190,7/13/2023,11,48358.04,2023,FORD,F-150
7/24/2023,CF,CFAC0E,164961,4,PAEF,"SMYRNA-F, LLC",1FTFW1E51PKE83614,7/22/2023,2,47136.32,2023,FORD,F-150
7/24/2023,CF,CFAC0E,164961,4,PAEF,"SMYRNA-F, LLC",1FTFW1E52PKE75084,7/13/2023,11,48358.04,2023,FORD,F-150
7/24/2023,CF,CFAC0E,164961,4,PAEF,"SMYRNA-F, LLC",1FTFW1E52PKE75232,7/13/2023,11,48358.04,2023,FORD,F-150
7/24/2023,CF,CFAC0E,164961,4,PAEF,"SMYRNA-F, LLC",1FTFW1E52PKE81905,7/13/2023,11,48358.04,2023,FORD,F-150
7/24/2023,CF,CFAC0E,164961,4,PAEF,"SMYRNA-F, LLC",1FTFW1E52PKE82455,7/18/2023,6,47136.32,2023,FORD,F-150
7/24/2023,CF,CFAC0E,164961,4,PAEF,"SMYRNA-F, LLC",1FTFW1E53PKE79953,7/13/2023,11,47216.04,2023,FORD,F-150
7/24/2023,CF,CFAC0E,164961,4,PAEF,"SMYRNA-F, LLC",1FTFW1E53PKE82416,7/13/2023,11,46021.04,2023,FORD,F-150
7/24/2023,CF,CFAC0E,164961,4,PAEF,"SMYRNA-F, LLC",1FTFW1E53PKE88829,7/22/2023,2,50059.32,2023,FORD,F-150
7/24/2023,CF,CFAC0E,164961,4,PAEF,"SMYRNA-F, LLC",1FTFW1E53PKE89043,7/24/2023,0,50059.32,2023,FORD,F-150
7/24/2023,CF,CFAC0E,164961,4,PAEF,"SMYRNA-F, LLC",1FTFW1E57PKE76750,7/13/2023,11,48358.04,2023,FORD,F-150
7/24/2023,CF,CFAC0E,164961,4,PAEF,"SMYRNA-F, LLC",1FTFW1E57PKE82774,7/13/2023,11,46021.04,2023,FORD,F-150
7/24/2023,CF,CFAC0E,164961,4,PAEF,"SMYRNA-F, LLC",1FTFW1E58PKE81763,7/13/2023,11,48358.04,2023,FORD,F-150
7/24/2023,CF,CFAC0E,164961,4,PAEF,"SMYRNA-F, LLC",1FTFW1E80PFB89902,7/20/2023,4,52959.32,2023,FORD,F-150
7/24/2023,CF,CFAC0E,164961,4,PAEF,"SMYRNA-F, LLC",1FTFW1E80PFC18864,7/20/2023,4,55070.32,2023,FORD,F-150
7/24/2023,CF,CFAC0E,164961,4,PAEF,"SMYRNA-F, LLC",1FTFW1E81PFC14421,7/20/2023,4,47709.32,2023,FORD,F-150
7/24/2023,CF,CFAC0E,164961,4,PAEF,"SMYRNA-F, LLC",1FTFW1E81PFC18825,7/13/2023,11,53955.04,2023,FORD,F-150
7/24/2023,CF,CFAC0E,164961,4,PAEF,"SMYRNA-F, LLC",1FTFW1E82PFC18672,7/13/2023,11,53955.04,2023,FORD,F-150
7/24/2023,CF,CFAC0E,164961,4,PAEF,"SMYRNA-F, LLC",1FTFW1E83PFC18793,7/20/2023,4,53955.32,2023,FORD,F-150
7/24/2023,CF,CFAC0E,164961,4,PAEF,"SMYRNA-F, LLC",1FTFW1E84PFC18723,7/20/2023,4,53955.32,2023,FORD,F-150
7/24/2023,CF,CFAC0E,164961,4,PAEF,"SMYRNA-F, LLC",1FTFW1E84PFC18754,7/13/2023,11,53955.04,2023,FORD,F-150
7/24/2023,CF,CFAC0E,164961,4,PAEF,"SMYRNA-F, LLC",1FTFW1E85PFC18827,7/13/2023,11,53955.04,2023,FORD,F-150
7/24/2023,CF,CFAC0E,164961,4,PAEF,"SMYRNA-F, LLC",1FTFW1E85PFC18830,7/20/2023,4,53955.32,2023,FORD,F-150
7/24/2023,CF,CFAC0E,164961,4,PAEF,"SMYRNA-F, LLC",1FTFW1E86PFC18626,7/13/2023,11,53955.04,2023,FORD,F-150
7/24/2023,CF,CFAC0E,164961,4,PAEF,"SMYRNA-F, LLC",1FTFW1E86PFC18755,7/13/2023,11,60239.04,2023,FORD,F-150
7/24/2023,CF,CFAC0E,164961,4,PAEF,"SMYRNA-F, LLC",1FTFW1E86PFC18870,7/13/2023,11,53955.04,2023,FORD,F-150
7/24/2023,CF,CFAC0E,164961,4,PAEF,"SMYRNA-F, LLC",1FTFW1E87PFC18831,7/13/2023,11,53955.04,2023,FORD,F-150
7/24/2023,CF,CFAC0E,164961,4,PAEF,"SMYRNA-F, LLC",1FTFW1E88PKE76301,7/13/2023,11,46694.04,2023,FORD,F-150
7/24/2023,CF,CFAC0E,164961,4,PAEF,"SMYRNA-F, LLC",1FTFW1ED0PFC07621,7/20/2023,4,0.28,2023,FORD,F-150
7/24/2023,CF,CFAC0E,164961,4,PAEF,"SMYRNA-F, LLC",1FTFW1ED0PFC16142,7/13/2023,11,50993.04,2023,FORD,F-150
7/24/2023,CF,CFAC0E,164961,4,PAEF,"SMYRNA-F, LLC",1FTFW1ED1PFC06364,7/20/2023,4,0.28,2023,FORD,F-150
7/24/2023,CF,CFAC0E,164961,4,PAEF,"SMYRNA-F, LLC",1FTFW1ED1PFC07224,7/20/2023,4,0.28,2023,FORD,F-150
7/24/2023,CF,CFAC0E,164961,4,PAEF,"SMYRNA-F, LLC",1FTFW1ED2PFC06339,7/20/2023,4,48941.97,2023,FORD,F-150
7/24/2023,CF,CFAC0E,164961,4,PAEF,"SMYRNA-F, LLC",1FTFW1ED3PFB89678,7/20/2023,4,50993.32,2023,FORD,F-150
7/24/2023,CF,CFAC0E,164961,4,PAEF,"SMYRNA-F, LLC",1FTFW1ED3PFB89826,7/20/2023,4,50993.32,2023,FORD,F-150
7/24/2023,CF,CFAC0E,164961,4,PAEF,"SMYRNA-F, LLC",1FTFW1ED3PFB90054,7/20/2023,4,50993.32,2023,FORD,F-150
7/24/2023,CF,CFAC0E,164961,4,PAEF,"SMYRNA-F, LLC",1FTFW1ED3PFB90247,7/20/2023,4,50993.97,2023,FORD,F-150
7/24/2023,CF,CFAC0E,164961,4,PAEF,"SMYRNA-F, LLC",1FTFW1ED3PFC07337,7/20/2023,4,0.28,2023,FORD,F-150
7/24/2023,CF,CFAC0E,164961,4,PAEF,"SMYRNA-F, LLC",1FTFW1ED3PFC09217,7/20/2023,4,0.28,2023,FORD,F-150
7/24/2023,CF,CFAC0E,164961,4,PAEF,"SMYRNA-F, LLC",1FTFW1ED4PFC05743,7/20/2023,4,78519.32,2023,FORD,F-150
7/24/2023,CF,CFAC0E,164961,4,PAEF,"SMYRNA-F, LLC",1FTFW1ED5PFB89844,7/20/2023,4,50993.32,2023,FORD,F-150
7/24/2023,CF,CFAC0E,164961,4,PAEF,"SMYRNA-F, LLC",1FTFW1ED5PFB90198,7/20/2023,4,50993.32,2023,FORD,F-150
7/24/2023,CF,CFAC0E,164961,4,PAEF,"SMYRNA-F, LLC",1FTFW1ED5PFC07551,7/20/2023,4,64665.32,2023,FORD,F-150
7/24/2023,CF,CFAC0E,164961,4,PAEF,"SMYRNA-F, LLC",1FTFW1ED6PFC07137,7/20/2023,4,0.28,2023,FORD,F-150
7/24/2023,CF,CFAC0E,164961,4,PAEF,"SMYRNA-F, LLC",1FTFW1ED7PFB89702,7/20/2023,4,50993.32,2023,FORD,F-150
7/24/2023,CF,CFAC0E,164961,4,PAEF,"SMYRNA-F, LLC",1FTFW1ED7PFB89747,7/20/2023,4,50993.97,2023,FORD,F-150
7/24/2023,CF,CFAC0E,164961,4,PAEF,"SMYRNA-F, LLC",1FTFW1ED7PFC05638,7/20/2023,4,46257.32,2023,FORD,F-150
7/24/2023,CF,CFAC0E,164961,4,PAEF,"SMYRNA-F, LLC",1FTFW1ED9PFB89619,7/20/2023,4,50993.32,2023,FORD,F-150
7/24/2023,CF,CFAC0E,164961,4,PAEF,"SMYRNA-F, LLC",1FTFW1ED9PFB89622,7/20/2023,4,50993.97,2023,FORD,F-150
7/24/2023,CF,CFAC0E,164961,4,PAEF,"SMYRNA-F, LLC",1FTFW1ED9PFB89796,7/20/2023,4,52008.32,2023,FORD,F-150
7/24/2023,CF,CFAC0E,164961,4,PAEF,"SMYRNA-F, LLC",1FTFW1EDXPFB89614,7/20/2023,4,50993.32,2023,FORD,F-150
7/24/2023,CF,CFAC0E,164961,4,PAEF,"SMYRNA-F, LLC",1FTFW1EDXPFC09649,7/21/2023,3,49218.32,2023,FORD,F-150
7/24/2023,CF,CFAC0E,164961,4,PAEF,"SMYRNA-F, LLC",1FTFX1C85PKE66311,7/20/2023,4,38401.97,2023,FORD,F-150
7/24/2023,CF,CFAC0E,164961,4,PAEF,"SMYRNA-F, LLC",1FTFX1C88PKE66206,7/20/2023,4,37833.97,2023,FORD,F-150
7/24/2023,CF,CFAC0E,164961,4,PAEF,"SMYRNA-F, LLC",1FTFX1E51PKE69886,7/20/2023,4,42561.32,2023,FORD,F-150
7/24/2023,CF,CFAC0E,164961,4,PAEF,"SMYRNA-F, LLC",1FTFX1E51PKE70214,7/20/2023,4,42561.32,2023,FORD,F-150
7/24/2023,CF,CFAC0E,164961,4,PAEF,"SMYRNA-F, LLC",1FTFX1E52PKE69685,7/20/2023,4,42561.32,2023,FORD,F-150
7/24/2023,CF,CFAC0E,164961,4,PAEF,"SMYRNA-F, LLC",1FTFX1E53PKE70022,7/20/2023,4,42561.32,2023,FORD,F-150
7/24/2023,CF,CFAC0E,164961,4,PAEF,"SMYRNA-F, LLC",1FTFX1E54PKE69784,7/20/2023,4,42561.32,2023,FORD,F-150
7/24/2023,CF,CFAC0E,164961,4,PAEF,"SMYRNA-F, LLC",1FTFX1E56PKE69723,7/20/2023,4,42561.32,2023,FORD,F-150
7/24/2023,CF,CFAC0E,164961,4,PAEF,"SMYRNA-F, LLC",1FTFX1E58PKE70050,7/20/2023,4,42561.32,2023,FORD,F-150
7/24/2023,CF,CFAC0E,164961,4,PAEF,"SMYRNA-F, LLC",1FTLR1Y86PKB27529,7/20/2023,4,44984.48,2023,FORD,TRANSIT
7/24/2023,CF,CFAC0E,164961,4,PAEF,"SMYRNA-F, LLC",1FTMF1CPXPKE34276,7/20/2023,4,34193.32,2023,FORD,F-150
7/24/2023,CF,CFAC0E,164961,4,PAEF,"SMYRNA-F, LLC",1FTVW1EL3PWG17977,7/20/2023,4,52937.93,2023,FORD,F-150
7/24/2023,CF,CFAC0E,164961,4,PAEF,"SMYRNA-F, LLC",1FTVW1EL9PWG19541,7/13/2023,11,58426.95,2023,FORD,F-150
7/24/2023,CF,CFAC0E,164961,4,PAEF,"SMYRNA-F, LLC",1FTYE1C80PKB22075,7/20/2023,4,40364.13,2023,FORD,TRANSIT
7/24/2023,CF,CFAC0E,164961,4,PAEF,"SMYRNA-F, LLC",1FTYE1C80PKB22710,7/20/2023,4,0.42,2023,FORD,TRANSIT
7/24/2023,CF,CFAC0E,164961,4,PAEF,"SMYRNA-F, LLC",1FTYE1C80PKB29785,7/20/2023,4,43472.13,2023,FORD,TRANSIT
7/24/2023,CF,CFAC0E,164961,4,PAEF,"SMYRNA-F, LLC",1FTYE1C81PKB29522,7/20/2023,4,43472.13,2023,FORD,TRANSIT
7/24/2023,CF,CFAC0E,164961,4,PAEF,"SMYRNA-F, LLC",1FTYE1C83PKB21017,7/20/2023,4,41483.13,2023,FORD,TRANSIT
7/24/2023,CF,CFAC0E,164961,4,PAEF,"SMYRNA-F, LLC",1FTYE1C84PKB31071,7/24/2023,0,43293.48,2023,FORD,TRANSIT
7/24/2023,CF,CFAC0E,164961,4,PAEF,"SMYRNA-F, LLC",1FTYE1C85PKB20600,7/20/2023,4,0.42,2023,FORD,TRANSIT
7/24/2023,CF,CFAC0E,164961,4,PAEF,"SMYRNA-F, LLC",1FTYE1C85PKB29619,7/20/2023,4,43472.13,2023,FORD,TRANSIT
7/24/2023,CF,CFAC0E,164961,4,PAEF,"SMYRNA-F, LLC",1FTYE1C85PKB30785,7/20/2023,4,43294.13,2023,FORD,TRANSIT
7/24/2023,CF,CFAC0E,164961,4,PAEF,"SMYRNA-F, LLC",1FTYE1C86PKB20055,7/20/2023,4,42925.13,2023,FORD,TRANSIT
7/24/2023,CF,CFAC0E,164961,4,PAEF,"SMYRNA-F, LLC",1FTYE1C86PKB20704,7/20/2023,4,40363.48,2023,FORD,TRANSIT
7/24/2023,CF,CFAC0E,164961,4,PAEF,"SMYRNA-F, LLC",1FTYE1C86PKB20783,7/20/2023,4,44154.13,2023,FORD,TRANSIT
7/24/2023,CF,CFAC0E,164961,4,PAEF,"SMYRNA-F, LLC",1FTYE1C86PKB20962,7/20/2023,4,41483.13,2023,FORD,TRANSIT
7/24/2023,CF,CFAC0E,164961,4,PAEF,"SMYRNA-F, LLC",1FTYE1C86PKB27524,7/20/2023,4,43097.48,2023,FORD,TRANSIT
7/24/2023,CF,CFAC0E,164961,4,PAEF,"SMYRNA-F, LLC",1FTYE1C87PKB29217,7/20/2023,4,43472.13,2023,FORD,TRANSIT
7/24/2023,CF,CFAC0E,164961,4,PAEF,"SMYRNA-F, LLC",1FTYE1C87PKB30786,7/20/2023,4,45556.48,2023,FORD,TRANSIT
7/24/2023,CF,CFAC0E,164961,4,PAEF,"SMYRNA-F, LLC",1FTYE1C88PKB20140,7/20/2023,4,42925.13,2023,FORD,TRANSIT
7/24/2023,CF,CFAC0E,164961,4,PAEF,"SMYRNA-F, LLC",1FTYE1C88PKB21269,7/24/2023,0,42946.48,2023,FORD,TRANSIT
7/24/2023,CF,CFAC0E,164961,4,PAEF,"SMYRNA-F, LLC",1FTYE1C89PKB20602,7/13/2023,11,44514.71,2023,FORD,TRANSIT
7/24/2023,CF,CFAC0E,164961,4,PAEF,"SMYRNA-F, LLC",1FTYE1C89PKB20759,7/20/2023,4,0.42,2023,FORD,TRANSIT
7/24/2023,CF,CFAC0E,164961,4,PAEF,"SMYRNA-F, LLC",1FTYE1C89PKB26965,7/20/2023,4,44728.48,2023,FORD,TRANSIT
7/24/2023,CF,CFAC0E,164961,4,PAEF,"SMYRNA-F, LLC",1FTYE1Y8XPKB21394,7/20/2023,4,43385.48,2023,FORD,TRANSIT
7/24/2023,CF,CFAC0E,164961,4,PAEF,"SMYRNA-F, LLC",1FTYE1Y8XPKB21783,7/20/2023,4,39143.48,2023,FORD,TRANSIT
7/24/2023,CF,CFAC0E,164961,4,PAEF,"SMYRNA-F, LLC",1FTYE1Y80PKB19864,7/20/2023,4,42697.13,2023,FORD,TRANSIT
7/24/2023,CF,CFAC0E,164961,4,PAEF,"SMYRNA-F, LLC",1FTYE1Y80PKB21579,7/20/2023,4,43481.48,2023,FORD,TRANSIT
7/24/2023,CF,CFAC0E,164961,4,PAEF,"SMYRNA-F, LLC",1FTYE1Y80PKB26183,7/20/2023,4,44027.13,2023,FORD,TRANSIT
7/24/2023,CF,CFAC0E,164961,4,PAEF,"SMYRNA-F, LLC",1FTYE1Y81PKB19520,7/20/2023,4,43633.13,2023,FORD,TRANSIT
7/24/2023,CF,CFAC0E,164961,4,PAEF,"SMYRNA-F, LLC",1FTYE1Y81PKB20490,7/20/2023,4,43737.48,2023,FORD,TRANSIT
7/24/2023,CF,CFAC0E,164961,4,PAEF,"SMYRNA-F, LLC",1FTYE1Y81PKB21879,7/20/2023,4,42790.13,2023,FORD,TRANSIT
7/24/2023,CF,CFAC0E,164961,4,PAEF,"SMYRNA-F, LLC",1FTYE1Y81PKB28587,7/20/2023,4,42804.13,2023,FORD,TRANSIT
7/24/2023,CF,CFAC0E,164961,4,PAEF,"SMYRNA-F, LLC",1FTYE1Y82PKB20529,7/20/2023,4,42994.48,2023,FORD,TRANSIT
7/24/2023,CF,CFAC0E,164961,4,PAEF,"SMYRNA-F, LLC",1FTYE1Y82PKB20532,7/20/2023,4,42906.48,2023,FORD,TRANSIT
7/24/2023,CF,CFAC0E,164961,4,PAEF,"SMYRNA-F, LLC",1FTYE1Y82PKB21664,7/20/2023,4,42758.73,2023,FORD,TRANSIT
7/24/2023,CF,CFAC0E,164961,4,PAEF,"SMYRNA-F, LLC",1FTYE1Y83PKB22256,7/20/2023,4,0.42,2023,FORD,TRANSIT
7/24/2023,CF,CFAC0E,164961,4,PAEF,"SMYRNA-F, LLC",1FTYE1Y83PKB27103,7/20/2023,4,44027.13,2023,FORD,TRANSIT
7/24/2023,CF,CFAC0E,164961,4,PAEF,"SMYRNA-F, LLC",1FTYE1Y83PKB27702,7/20/2023,4,44027.13,2023,FORD,TRANSIT
7/24/2023,CF,CFAC0E,164961,4,PAEF,"SMYRNA-F, LLC",1FTYE1Y84PKB20628,7/20/2023,4,43474.48,2023,FORD,TRANSIT
7/24/2023,CF,CFAC0E,164961,4,PAEF,"SMYRNA-F, LLC",1FTYE1Y84PKB21035,7/20/2023,4,42790.13,2023,FORD,TRANSIT
7/24/2023,CF,CFAC0E,164961,4,PAEF,"SMYRNA-F, LLC",1FTYE1Y84PKB22413,7/20/2023,4,0.42,2023,FORD,TRANSIT
7/24/2023,CF,CFAC0E,164961,4,PAEF,"SMYRNA-F, LLC",1FTYE1Y84PKB26591,7/20/2023,4,44027.13,2023,FORD,TRANSIT
7/24/2023,CF,CFAC0E,164961,4,PAEF,"SMYRNA-F, LLC",1FTYE1Y84PKB30494,7/20/2023,4,42804.13,2023,FORD,TRANSIT
7/24/2023,CF,CFAC0E,164961,4,PAEF,"SMYRNA-F, LLC",1FTYE1Y85PKB19844,7/20/2023,4,42857.13,2023,FORD,TRANSIT
7/24/2023,CF,CFAC0E,164961,4,PAEF,"SMYRNA-F, LLC",1FTYE1Y85PKB20315,7/13/2023,11,42486.06,2023,FORD,TRANSIT
7/24/2023,CF,CFAC0E,164961,4,PAEF,"SMYRNA-F, LLC",1FTYE1Y85PKB21559,7/20/2023,4,39143.48,2023,FORD,TRANSIT
7/24/2023,CF,CFAC0E,164961,4,PAEF,"SMYRNA-F, LLC",1FTYE1Y86PKB19853,7/20/2023,4,42486.48,2023,FORD,TRANSIT
7/24/2023,CF,CFAC0E,164961,4,PAEF,"SMYRNA-F, LLC",1FTYE1Y87PKB19876,7/20/2023,4,44676.48,2023,FORD,TRANSIT
7/24/2023,CF,CFAC0E,164961,4,PAEF,"SMYRNA-F, LLC",1FTYE1Y87PKB19960,7/20/2023,4,44676.48,2023,FORD,TRANSIT
7/24/2023,CF,CFAC0E,164961,4,PAEF,"SMYRNA-F, LLC",1FTYE1Y87PKB21630,7/20/2023,4,0.42,2023,FORD,TRANSIT
7/24/2023,CF,CFAC0E,164961,4,PAEF,"SMYRNA-F, LLC",1FTYE1Y87PKB29419,7/20/2023,4,44370.13,2023,FORD,TRANSIT
7/24/2023,CF,CFAC0E,164961,4,PAEF,"SMYRNA-F, LLC",1FTYE1Y88PKB20521,7/20/2023,4,43474.48,2023,FORD,TRANSIT
7/24/2023,CF,CFAC0E,164961,4,PAEF,"SMYRNA-F, LLC",1FTYE1Y88PKB20874,7/20/2023,4,0.42,2023,FORD,TRANSIT
7/24/2023,CF,CFAC0E,164961,4,PAEF,"SMYRNA-F, LLC",1FTYE1Y88PKB21152,7/20/2023,4,42794.48,2023,FORD,TRANSIT
7/24/2023,CF,CFAC0E,164961,4,PAEF,"SMYRNA-F, LLC",1FTYE1Y88PKB21877,7/20/2023,4,43385.48,2023,FORD,TRANSIT
7/24/2023,CF,CFAC0E,164961,4,PAEF,"SMYRNA-F, LLC",1FTYE1Y88PKB22849,7/20/2023,4,42166.06,2023,FORD,TRANSIT
7/24/2023,CF,CFAC0E,164961,4,PAEF,"SMYRNA-F, LLC",1FTYE1Y88PKB28232,7/20/2023,4,44370.13,2023,FORD,TRANSIT
7/24/2023,CF,CFAC0E,164961,4,PAEF,"SMYRNA-F, LLC",1FTYE1Y89PKB20396,7/20/2023,4,42795.13,2023,FORD,TRANSIT
7/24/2023,CF,CFAC0E,164961,4,PAEF,"SMYRNA-F, LLC",1FTYE1Y89PKB20625,7/20/2023,4,0.42,2023,FORD,TRANSIT
7/24/2023,CF,CFAC0E,164961,4,PAEF,"SMYRNA-F, LLC",1FTYE1Y89PKB20978,7/20/2023,4,43474.48,2023,FORD,TRANSIT
7/24/2023,CF,CFAC0E,164961,4,PAEF,"SMYRNA-F, LLC",1FTYE1Y89PKB21449,7/20/2023,4,43385.48,2023,FORD,TRANSIT
7/24/2023,CF,CFAC0E,164961,4,PAEF,"SMYRNA-F, LLC",1FTYE1Y89PKB21743,7/20/2023,4,0.42,2023,FORD,TRANSIT
7/24/2023,CF,CFAC0E,164961,4,PAEF,"SMYRNA-F, LLC",1FTYE1YG8PKB28822,7/20/2023,4,44794.97,2023,FORD,TRANSIT
7/24/2023,CF,CFAC0E,164961,4,PAEF,"SMYRNA-F, LLC",1FTYE2C85PKB20358,7/20/2023,4,48315.48,2023,FORD,TRANSIT
7/24/2023,CF,CFAC0E,164961,4,PAEF,"SMYRNA-F, LLC",1FTYE2Y8XPKB22664,7/20/2023,4,47279.48,2023,FORD,TRANSIT
7/24/2023,CF,CFAC0E,164961,4,PAEF,"SMYRNA-F, LLC",1FTYE2Y80PKB20969,7/20/2023,4,47279.48,2023,FORD,TRANSIT
7/24/2023,CF,CFAC0E,164961,4,PAEF,"SMYRNA-F, LLC",1FTYE2Y85PKB22975,7/20/2023,4,47279.48,2023,FORD,TRANSIT
7/24/2023,CF,CFAC0E,164961,4,PAEF,"SMYRNA-F, LLC",1FTYE2Y86PKB22581,7/20/2023,4,47279.48,2023,FORD,TRANSIT
7/24/2023,CF,CFAC0E,164961,4,PAEF,"SMYRNA-F, LLC",2FMPK4AP5PBA61280,7/13/2023,11,49900.02,2023,FORD,EDGE
7/24/2023,CF,CFAC0E,164961,4,PAEF,"SMYRNA-F, LLC",2FMPK4G95PBA61286,7/13/2023,11,37363.02,2023,FORD,EDGE
7/24/2023,CF,CFAC0E,164961,4,PAEF,"SMYRNA-F, LLC",2FMPK4J90PBA45134,7/20/2023,4,38851.81,2023,FORD,EDGE
7/24/2023,CF,CFAC0E,164961,4,PAEF,"SMYRNA-F, LLC",2FMPK4J90PBA61317,7/13/2023,11,37577.02,2023,FORD,EDGE
7/24/2023,CF,CFAC0E,164961,4,PAEF,"SMYRNA-F, LLC",2FMPK4J91PBA61357,7/13/2023,11,38584.02,2023,FORD,EDGE
7/24/2023,CF,CFAC0E,164961,4,PAEF,"SMYRNA-F, LLC",2FMPK4J92PBA44938,7/20/2023,4,37618.16,2023,FORD,EDGE
7/24/2023,CF,CFAC0E,164961,4,PAEF,"SMYRNA-F, LLC",2FMPK4J96PBA61399,7/13/2023,11,39959.02,2023,FORD,EDGE
7/24/2023,CF,CFAC0E,164961,4,PAEF,"SMYRNA-F, LLC",3FMCR9A63PRD75638,7/13/2023,11,28908.02,2023,FORD,BRONCO SPORT
7/24/2023,CF,CFAC0E,164961,4,PAEF,"SMYRNA-F, LLC",3FMCR9A68PRD75652,7/20/2023,4,29092.16,2023,FORD,BRONCO SPORT
7/24/2023,CF,CFAC0E,164961,4,PAEF,"SMYRNA-F, LLC",3FMCR9B62PRD75564,7/20/2023,4,30541.16,2023,FORD,BRONCO SPORT
7/24/2023,CF,CFAC0E,164961,4,PAEF,"SMYRNA-F, LLC",3FTTW8E92PRA46957,7/20/2023,4,25434.16,2023,FORD,MAVERICK
7/24/2023,CF,CFAC0E,164961,4,PAEF,"SMYRNA-F, LLC",3FTTW8F9XPRA49197,7/20/2023,4,23930.16,2023,FORD,MAVERICK
7/24/2023,CF,CFAC0E,164961,4,PAEF,"SMYRNA-F, LLC",NM0LS7S21P1549366,7/20/2023,4,31715.81,2023,FORD,TRANSIT CONNECT
7/24/2023,CF,CFAC0E,164961,4,PAEF,"SMYRNA-F, LLC",NM0LS7S22P1550946,7/20/2023,4,35055.81,2023,FORD,TRANSIT CONNECT
7/24/2023,CF,CFAC0E,164961,4,PAEF,"SMYRNA-F, LLC",NM0LS7T27P1556000,7/20/2023,4,33358.16,2023,FORD,TRANSIT CONNECT
